,PC1,PC2,PC3,PC4,PC5,PC6,PC7,PC8,PC9,PC10,PC11,PC12,PC13,PC14,PC15,PC16,PC17,PC18,PC19,PC20,PC21,PC22,PC23,PC24,PC25,PC26,PC27,PC28,PC29,PC30,PC31,PC32,PC33,PC34,PC35,PC36,PC37,PC38,PC39,PC40,PC41,PC42,PC43,PC44,PC45,PC46,PC47,PC48,PC49,PC50,PC51,PC52,PC53,PC54,PC55,PC56,PC57,PC58,PC59,PC60,PC61,PC62,PC63,PC64,PC65,PC66,PC67,PC68,PC69,PC70,PC71,PC72,PC73,PC74,PC75,PC76,PC77,PC78,PC79,PC80,PC81,PC82,PC83,PC84,PC85,PC86,PC87,PC88,PC89,PC90,PC91,PC92,PC93,PC94,PC95,PC96,PC97,PC98,PC99,PC100,PC101,PC102,PC103,PC104,PC105,PC106,PC107,PC108,PC109,PC110,PC111,PC112,PC113,PC114,PC115,PC116,PC117,PC118,PC119,PC120,PC121,ret_Materials,ret_Communication Services,ret_Energy,ret_Financials,ret_Industrials,ret_Technology,ret_Consumer Staples,ret_Real Estate,ret_Utilities,ret_Health Care,ret_Consumer Discretionary,excess_Materials_excess,excess_Communication Services_excess,excess_Energy_excess,excess_Financials_excess,excess_Industrials_excess,excess_Technology_excess,excess_Consumer Staples_excess,excess_Real Estate_excess,excess_Utilities_excess,excess_Health Care_excess,excess_Consumer Discretionary_excess,SPY
2016-06-01,1.7115603334799017,6.787313825168821,1.80502665350753,-2.0833830765219683,3.336154234541883,1.3016029303779404,-0.6792203647685187,-1.0320933156784478,1.956375473591653,0.0813255832077543,1.772260404544814,-0.974575408054188,0.6001902140766467,-0.4526052069462383,0.0729254071895457,-0.0531820037854815,0.0332225643474529,-0.5942897376280936,-0.1045724351358915,0.5279509390315479,-0.4266303886237609,0.7329636421524398,0.0858092563227424,-0.0125579360329784,0.1534236216338306,-0.1946666405643086,-0.969187065477734,-0.0364419539596711,-0.6813022098444986,0.4440304138815743,0.102941560040096,0.0074679551907549,-0.5119211292341115,-0.3134134678586907,0.0741054551899708,-0.9233506494331234,0.2351291108626107,-0.1221766569077497,0.3584506886978882,0.1559723648756257,0.6930453156373625,-0.182914213976054,0.0493329606722314,0.0044655287274301,0.0322804397445752,0.1491370101215093,-0.7381185616866577,-0.0860304467867227,-0.1753861889287082,-0.5758542406740966,-0.171674136620824,-0.679308682002091,0.2775360631450004,0.294438822119103,-0.015542181843578,0.2126982606510583,-0.206319706122718,-0.2223105112212482,-0.1061158727689678,-0.0470154036177684,0.3338559861503443,-0.5380266437831999,-0.0225731658356117,-0.3136931634171839,-0.2802714817150209,-0.1750491592499188,0.0327757279028939,-0.1021913883132447,0.5763183426463014,-0.1887262178729891,-0.2978179061589541,0.1964294149907838,0.061740283648929,0.1373786342461887,-0.4203036852158879,-0.1466892242200758,-0.1656634817598352,0.0896007728907075,-0.2365204170356439,-0.0277725992365327,0.1641900823006036,0.0512710515394631,-0.3474197179889925,0.3485491902147838,0.1108632344318372,0.1749219428712121,-0.0613821570824481,-0.1574906929851753,0.1830396702612378,-0.2257308400730034,-0.0520340841393805,-0.0806761715695572,0.008015962140257,-0.2160982803928315,0.0978623221698746,0.1427439668581011,0.0651505436969418,0.0872570949883869,-0.0221755974133761,0.025421985679399,0.0512968530427924,-0.0225462671987451,-0.066907103334307,-0.009524709060811,-0.0094433566827997,0.0424830091294167,0.0655091627886647,-0.0471239640570901,0.0668592948199129,0.0112155512468387,-0.0183819081041792,-0.0392471311902555,-0.0805467087509135,-0.0787834447271857,0.0142849425957204,-0.0661878076092522,0.010624845019607,0.004989988963073,-0.0177405543100926,0.0026773453794724,5.095184829904451e-16,-0.012782221354956547,,0.020487603333367854,-0.03747350302994479,0.0016094908924466633,-0.018555857809711918,0.04728405218204701,0.05231844201718361,0.06754824627056366,0.0050450474357286446,-0.014891229600434208,-0.011066742321366174,,0.022203082366958227,-0.035758023996354416,0.003324969926037036,-0.016840378776121545,0.04899953121563738,0.05403392105077398,0.06926372530415403,0.006760526469319017,-0.013175750566843836,-0.0017154790335903725
2016-07-01,17.449748717802766,7.474902913885075,-0.1904808837250733,-4.443894348005863,2.81204564832097,1.4330259286485394,-0.9024578735860724,-1.8168405585748468,2.0323504839008795,-0.2951008765260107,2.505587504633238,-1.0366554263488978,0.4890878873830984,-0.336671706207377,0.8429158243290822,0.1392582553411747,-0.6755336039187139,-0.1470344029185269,1.038488913263126,-0.0069105408161626,-0.1046157953509181,-0.3005841638959284,1.7885607867804454,0.0076382182134624,-0.0389961289044072,0.2912131303095318,-0.0371671730085736,-0.466191882266998,-0.606941543089185,-0.562215083579699,-0.7279334859387933,0.2588932771969572,0.1417583208493744,-1.0920200620433926,-0.8665937639932322,-0.8969219876117305,-1.0625077246863304,0.2976973191074741,0.1017733734734957,0.3558625322481579,0.3707745170951702,-0.7960747580077038,0.0873875919788781,-0.6090105952219869,-0.1178028085291033,0.2359236849357424,0.7420694654215071,0.1048659789509419,-0.1129481469875244,-0.3541547642384444,-0.4623461665462489,-0.932517182661217,0.3093350438371212,-0.5158203805261379,-0.1893463832551852,-0.0750812145853834,0.2779241233629095,0.2222614317083054,0.4298551284054904,0.2455674713658108,0.0775649806286963,0.4009317537978304,0.3007461321459847,0.0450914897355441,-0.1064668755368933,-0.2116840621872712,0.1409465819690649,-0.2227100843041586,-0.1879367533874317,-0.0523928261436493,-0.208590638160909,-0.2032311345347306,-0.17148012779846,-0.0177663715583645,-0.0112363186253828,0.3939728060897374,0.118976265075267,-0.02270392674574,0.1512800803573185,-0.000712453629186,-0.1296526017897738,0.2565759471599366,0.1716346373731965,-0.2811662861733596,-0.074343830064148,-0.0155562485628135,0.076542185496449,-0.018215660577576,-0.0639607261564087,0.0903276340305433,0.0457176654351856,0.0775721592454947,0.0628587207399183,0.040162066407315,-0.0431975849597533,-0.0226579271352037,-0.0460480435018139,-0.0504557111044045,-0.012257063897704,0.01569352860406,-0.0133276968215937,-0.0401444462822632,-0.0006337755280762,0.0226112476293959,0.0202762711274192,0.0021784576477342,0.0144072357624302,0.0535540676012161,-0.0072095464806808,0.0277488407350491,-0.0067545973256682,0.0262739380560442,0.0450098953058981,0.0099610640617362,0.0018385314484109,0.0419184918086018,-0.0192930734277308,-0.0146158298937367,-0.0170777192877164,-0.0144961405598624,2.3217082153869287e-15,0.05596613107561965,,-0.006100917385031712,0.04008979517796685,0.041956811233986535,0.07623134473631787,-0.0021920042820549046,0.040914048067711484,0.0014549396941587744,0.052890246050588674,0.049316602797194076,0.014104948559865882,,-0.04796209990078548,-0.0017713873377869227,9.562871823276531e-05,0.034370162220564104,-0.044053186797808674,-0.0009471344480422861,-0.040406242821594995,0.011029063534834904,0.007455420281440306,0.04186118251575377
2016-08-01,22.880847500940668,7.531968251460719,1.0818168720371972,-3.988856972312016,2.0213279846390813,1.2212056955315562,-1.1231804231056983,-2.542898623896565,2.682309146150983,0.9005771516143822,1.7478724878329894,-1.4832481670734718,0.4050270518342445,-0.5321647791690178,0.5043018736125837,0.6908847966533406,-1.543804376385973,0.9060439775416456,1.0577815005190725,0.4631982043562387,-1.119225886886999,-0.0793150994636486,0.0067390719947962,0.9993558998612796,-1.0055782524115302,-0.091509470143862,-1.0368243876197454,0.9610681725280024,0.7754806186725242,-0.71368910354194,-0.6329011871655685,-0.7041474235821498,0.4283547474817179,1.1961235553618672,0.0980243668890551,-0.0073039014309891,0.7432800485443688,0.2705658022997241,-0.8030571263354366,-0.60897809054534,-0.0736116534441414,-0.2585106902630169,0.0333547387788447,0.3469894154930866,0.6657762583407876,-0.1099327355255558,-0.6861949780927536,0.0324903725738589,-0.1112356198383608,0.1183677609931404,0.3970570812650814,0.3241919125932828,0.461812258111531,0.3379211225192522,-0.1166511837805739,0.1927833334825345,0.5148745615473258,0.4007197253294868,-0.6027915408507227,-0.3178358350113622,-0.005367137703894,-0.1740032864885578,-0.1147848799494113,-0.0944023674360007,-0.2356209785755951,0.1685632650684734,0.0678151928178436,0.3649744170113525,-0.1470703883086058,-0.0362183674313764,0.2239881614285775,-0.2939851610239357,-0.0060819215568576,-0.0181027199843102,0.2327032718476218,-0.0619631325282327,0.0539731326428453,0.044542938021106,0.0210823773694268,-0.1204304895297574,-0.1061966548022773,-0.2162069109301962,0.170870288605772,0.056451936255503,-0.2373211945306697,-0.0202771293741469,-0.0981240374332415,0.0365679889188453,-0.1751825819791547,0.0057159001772846,-0.1151388065434306,-0.004558656561839,0.0013933055479577,0.0518845976950274,0.0717979759005913,-0.0072998837318649,0.0915395880204268,-0.0548599949655304,0.0418542147839975,-0.0057515901781751,-0.0356285856387821,0.0230463489413414,-0.0023805202672852,0.033729634117311,0.0404421251027517,-0.0171473588701998,-0.0634873464779435,-0.0064165240808306,0.0238767914926074,-0.0049352923380448,0.0077981562988849,-0.026350513524868,-0.0015682666470143,0.0100748920916705,0.0240939429748646,0.0165967503160265,0.0028011213335491,0.0003709914822706,0.0233070344447512,0.0126935021860489,2.1275150577949938e-15,-0.0026698682593045975,,0.01677065463652916,0.03847806332648762,0.009476299517070075,0.011625217805396382,-0.005850395779917639,-0.03743004437188291,-0.055449289758934484,-0.03244695517453566,-0.012986957870977367,-0.0038673015666473853,,0.01557322132918637,0.037280630019144834,0.008278866209727287,0.010427784498053594,-0.0070478290872604266,-0.0386274776792257,-0.05664672306627727,-0.03364438848187845,-0.014184391178320155,0.0011974333073427879
2016-09-01,18.340890038782884,6.591766309012068,4.402957782871253,0.5548951482667273,-0.4001350905736749,-0.6146989019660961,0.6155300384640404,-2.719610098706005,2.966654781808553,1.4354318261053756,0.0851777045379694,0.1528764313917674,0.1999844594424521,0.3796337417546909,-0.4788837692196379,0.3891355370767447,-0.516588392821557,0.5800330123751366,1.1133895510699632,-0.17662817475567,-1.369471140237625,-0.3479616802065406,-1.371964756796635,-0.052978092889006,1.158659987287581,0.0417932468083239,1.0839559782155157,-0.8539012183365067,0.1321066293921846,0.4303623889655331,-0.1401749014224123,-0.2594578557351835,0.0167693724273339,-0.7386795789018046,-0.7401029051279262,0.0152902209047089,-0.2298134601683694,0.2604114438374766,1.0191532878834133,0.4226081081905689,0.0052723448077992,0.5196920043542661,0.8828691921141328,0.0435993102196225,0.0372150670631164,-0.399843043276069,-0.0290728594100477,-0.92059010879154,-0.2776798160723502,0.1722574197462044,-0.3539742382474248,1.0307004589620186,-0.185139174922782,-0.0632989210016834,0.6774723702006287,0.1738781318314021,-0.1856088087287556,-0.4217870906373537,0.0854884203379925,-0.5274785090071106,-0.1506224945872423,-0.2086260041121177,-0.1941422260738075,0.1239132667268993,0.1358372907121935,-0.2186605159340041,-0.1972038550797817,0.3637618291698281,-0.2865737359967897,-0.078550541651661,-0.1726380679772204,-0.0452374216508001,0.0324008227978207,-0.085855223009272,0.0958427088696047,0.2872575976327526,0.0224273856762218,0.0403134671689828,-0.1577539586809803,-0.0996833523675893,0.1856287658941049,-0.1766214916342933,-0.0093670367508508,0.0415118192822362,0.1494460735908439,-0.0022015146615028,0.0180487342006809,-0.0808118599271715,-0.0816420623116518,0.0225945793029219,0.150875232344346,0.0450640045672974,0.1035331777893818,-0.0196285772612719,-0.1574531140616236,-0.0089082357592522,-0.107337759381601,0.042436194039308,-0.015862622532439,-0.0583449691241739,-0.0708713509153166,0.0061163483852061,-0.0970826868228985,0.059314202949855,-0.0256791219162251,0.0180623605016958,0.0733722972342279,-0.0513768927676129,0.0292432426344857,0.0201817532182137,0.0010248367424139,0.0043778500491292,0.0048780568437527,-0.0261682536630429,-0.0302622592252913,0.0087671123693539,-0.0089250897041479,-0.0031105022572779,-0.0043725964401689,0.0021862484811266,5.659887848291166e-16,-0.016680101278016224,,0.03065246077888073,-0.03264259598204411,-0.003584329481835069,0.016812012152237266,-0.021515062083320435,-0.018274651159713717,-0.004874777109350914,-0.008933320859776939,-0.006454697510251517,-0.011712311362596872,,0.03562025069430008,-0.027674806066624758,0.0013834604335842826,0.021779802067656617,-0.016547272167901084,-0.013306861244294366,9.301280606843765e-05,-0.003965530944357587,-0.0014869075948321653,-0.004967789915419352
2016-10-01,18.12251871469805,4.587010146870865,5.5308161724942595,1.697402398020273,-2.598623149585704,-1.663041730386916,0.8007459216471488,-2.9632242756077125,1.6656175671005224,1.989763310858568,-0.3911719180500404,-0.5806034308016269,-0.2689762982269802,0.682614320720718,-0.2324351805018764,0.5299066572361832,-0.5967518330700529,1.7056347358833115,1.239285160775284,1.2593398236476965,0.925125339802227,0.6282907209445799,1.5234119434753437,0.0360618600661365,1.9276686409465709,-0.1129529142115924,0.5294553267159202,-0.1866915747795476,-0.293815179463235,1.0920148572187247,0.2456706362229133,0.5448263838732821,0.4215081044547609,0.2779478850963417,0.9127950310357266,0.8873000520993923,-0.0749760599084738,-0.0588208557741227,0.2599455553342725,-0.8234813731543362,-0.6399128150090821,0.5738723584824476,-0.1824993902726097,0.3356707636238165,0.4547812135081526,-0.2090421134158682,0.0098522334158927,0.3912064446949019,0.3251832606324573,-0.0316022685907885,-0.3808868243450071,0.0780817225632609,-0.4300049816177613,0.406031037270093,-0.7234106524741555,-0.1706163977234539,-0.4528880262598886,-0.0440910729318401,-0.1115396840168269,0.4904969686711299,0.3559356310262445,0.3054673788028186,0.1023646627019677,-0.1642681116144788,-0.2257008148556142,0.050129479489658,-0.1275163661723786,-0.186769429554962,0.1079966263430973,-0.2953512758646678,0.0658039155807753,0.068269636808719,0.0412922423355456,0.1240646528374106,0.0049665478152355,0.1039890718095348,-0.1730260511975161,-0.275695003185664,-0.038417180009929,0.1110176889278787,-0.0077544543189127,0.2336725296189444,-0.0889473433350639,-0.0864348564347153,-0.1518652291512681,0.0690135533401906,0.1240947353178505,-0.0476685709061962,-0.0094525820769439,-0.0784551982731357,-0.0493535218732292,-0.0172355946179673,0.002289299923824,-0.0586471493580942,0.0630794452430119,0.0101292253412993,-0.0363462978180587,0.1139551724293639,0.1238944761328331,0.0501285662102143,0.0468047149682932,-0.0467520843634218,0.0642102501328846,0.0147507914329022,0.0323932710054611,0.0008102194744108,-0.0535067432785633,0.0465000877136529,0.0063669421465223,-0.0304644196548866,-0.0052197868751245,0.0495128553449861,0.0292944915455203,0.0014407602997727,0.000417975269245,0.0201301685959912,-0.0056996409518579,-0.0021946927939389,0.0240589687173625,-0.0034737412181293,2.2425444037206403e-15,-0.01589615655236487,,-0.02230904519457233,0.027687726435213555,-0.014685409429549323,-0.003429074698178658,-0.0015598459467052184,-0.05054904978133079,0.01758532808760105,-0.06225520205746082,-0.020517249987412667,-0.003522639956869855,,-0.009935528599077315,0.04006124303070857,-0.0023118928340543077,0.008944441897316358,0.010813670648789797,-0.038175533185835775,0.029958844683096064,-0.04988168546196581,-0.008143733391917651,-0.012373516595495015
2016-11-01,-10.729063583845456,5.602746412523153,4.6920105191603385,2.427638561859754,-0.0111546674089665,-0.1181412036789306,-3.166503345999149,-0.7363738338548774,1.057061812941162,-1.4388231033768584,-0.014837515559886,-1.536830995792762,2.019063123271432,-0.708123185530159,0.4719441417140082,-0.1507569433276384,-0.5332031815187499,-0.2819604023658328,0.979434410726504,-0.4116170271380943,0.1100805675914807,0.1650408507058788,0.1145212324476234,-0.2987807272638077,-0.2111962972848395,-0.0927488718021069,0.1775119816912729,-0.1349044201127978,-0.2627200097461761,0.2015093690797587,0.4590616468177636,-0.3009815769965728,0.2108616803192028,0.2608951567284454,0.0174800376846306,0.0348271440485823,0.2530484402777712,-0.4100920747928635,0.4523383887168202,-0.0942867759925594,-0.3456971848367946,0.061424812379567,-0.1716087479413212,-0.3045735624740761,0.1425387417016611,-0.1899419032905124,-0.0431257185683616,0.3298798862812447,0.1089260092239207,-0.1350351149357276,-0.0201539017837596,0.1339858684318133,0.1420233822666121,0.2353197561950531,-0.0928406398479247,-0.0178704141363631,0.0122109147671006,0.0768985905902299,0.1833847756233753,-0.247947791666287,-0.0064905152966872,-0.0539538051227689,-0.1288334422278274,-0.1444389855491551,0.2419364476335777,0.0982230820999337,-0.0161201225176252,0.1330023344397622,0.0293203817948395,0.4219865253939673,-0.0860273652734505,6.702612168484354e-05,0.2297909782602323,0.2015322837707202,-0.0401197016845556,-0.3407148075240964,0.2515577956734101,-0.4037470785303015,-0.3468118662322607,-0.0303621310316354,-0.3795393412729988,0.3900738167439364,0.140133941537189,0.0339024170901137,0.0648937036267444,0.0238263687294723,-0.2269842791923771,0.1073882511164318,0.1948316391877124,0.0956044287439648,0.1050494459384083,-0.1988965733818555,0.0684010037698533,0.1199081608770526,-0.1556813336658627,-0.0137216707240609,-0.0915802434690456,-0.1204824935682271,-0.0684310352117954,-0.2150893169629656,0.2257185327219351,0.0606233275510295,-0.0194988401653103,-0.0483624692350592,-0.065872056650851,-0.1112015402086759,-0.0176534782144464,-0.0250291806073997,-0.1270954049387087,0.1174330544734688,0.032458270000406,-0.041899581820883,0.0436333129566825,0.0118680915004635,-0.0394022185230815,-0.0240752413422921,-0.070287873334504,0.05751989846028,-0.0175767179584291,-0.0436649653575227,-6.476433050234649e-16,0.06823568634603872,,0.08466886742591373,0.14032425603399257,0.09089314764015621,0.001686969471968336,-0.0420453771778555,-0.03037147542660179,-0.054217741762991434,0.02063523872015227,0.04801499139604726,0.031397384897151825,,0.04783056597702684,0.10348595458510568,0.05405484619126932,-0.035151331976918554,-0.07888367862674239,-0.06720977687548868,-0.09105604321187832,-0.01620306272873462,0.011176689947160368,0.03683830144888689
2016-12-01,7.130150014314588,5.252341916450184,4.172504008761274,0.7717948656715831,0.1091904357647677,-0.3892859228713672,-1.4461369081899853,-0.5162746123270622,2.1161654265676493,-0.5464355412289744,2.1969585851689644,1.154252003218095,-0.970917030858052,0.8351666432715125,-0.5507062464328337,1.278867369089576,-1.0617923675036895,-0.005084559547685,-0.6935365474574521,0.1902441878873582,1.1505644327394495,-0.4265821105028047,-0.0140075518136089,-0.318349734916661,0.3597226837345127,-0.2481889976505275,1.0324058454096463,0.6726538328398297,1.2602030619786369,-0.8868579528918784,0.1685936174998049,-0.1727460134988,0.2310714707419613,-2.0159200196704066,0.2061409019828645,-0.8462176692270718,0.0134928335632909,-0.3317027172470866,0.2681091435115338,0.2407981122312725,-0.4098560524094453,0.4038380336099744,-0.0494176806540462,0.144451931124377,-0.4185913098547322,-0.3332753135520134,0.6747047952354093,0.2213259542659851,0.8174436552041586,-0.2013554991132821,0.5753652358087693,-0.2429910488511976,-0.1822061591143146,0.6592687090252257,0.3633734176940922,-0.0933533551335232,-0.1080069947195141,0.1414287529022311,-0.0766125886225153,-0.2545445251210947,0.0047682118868448,-0.0837724811104156,0.5804227323091383,0.0260142163156699,0.1585087352788596,0.2426126142209335,-0.1048058583666483,-0.0683783004518099,0.3166478417031457,0.189879161207586,0.3416443769437295,-0.0511214979224078,0.265870179148477,0.0405964485943429,-0.1438508017822072,-0.3266633906292085,0.0529716618247822,0.1552485520213097,0.0686392534362597,-0.0224863086162195,0.0945137120908419,-0.257563162214196,-0.0339355001124179,-0.1821209964230419,-0.0039435854946311,-0.0638379008915873,-0.1359297783068177,0.103499448989092,-0.0699025340765122,0.0465481610156161,-0.0500838736898066,0.040055603140868,-0.1295257260697222,-0.0016519006847248,0.0426463359535871,-0.0474808701234713,0.0402847604827705,-0.0081962212214496,-0.0739062626347029,0.0941051680982327,0.0111807901308083,0.0182448695176391,0.0157402560028869,-0.1339466591883214,-0.0625070073595984,0.0373814914439229,-0.0535482673255953,0.0252182988535626,-0.0035021735380888,-0.0531301568782502,0.0145564475350537,-0.0385853099970342,-0.0289814399604313,0.0138006322344567,-0.0141043544616869,-0.0143503018085188,0.0300103489232999,0.0225801304206338,0.0136384402233871,-0.0099192756914394,1.0397447494842206e-15,-0.004805993611237347,,0.011957811358899617,0.03287442639160365,-0.003044497532940671,0.01810513458606766,0.02234086115953615,0.024658402369546195,0.03893005103095604,0.002764143269121222,-0.00549768128749295,-0.01909960523191978,,-0.0023358002617828166,0.018580814770921217,-0.017338109153623105,0.003811522965385228,0.008047249538853718,0.010364790748863761,0.024636439410273603,-0.011529468351561212,-0.019791292908175384,0.014293611620682434
2017-01-01,9.373822429900017,4.983689296309687,3.906431676606771,0.8917369843954681,0.513639870904289,0.6860701168355268,0.5587741159410836,0.0289779656221599,1.2750283333094168,0.2401286292114895,0.6065124979433256,-0.6758427887933464,-1.225368524616653,-0.4493468448718944,1.3456772385016866,0.8923229890804847,-1.304710216112317,-0.5532953523187127,0.0556234766900663,-1.1750893171192978,0.4409590000986805,0.4289772804795076,0.0605186673109886,1.0617827378272062,-0.9475851019370652,-0.102567218374037,0.5676888270864517,-0.5803297141385203,-0.1381967646467226,0.8797693246329422,1.6108898311921451,1.2095699896138292,0.3128302239186147,-0.0696929433722783,1.1858638181787746,0.5081333306121241,0.8237766143999529,-1.3814482135256008,-0.3165355084420251,0.0037086845599692,1.060126725156646,0.3063925290637754,0.0095459410516728,-0.8547160296395306,-0.9962824216255652,-0.3448224231694827,-0.1537220779135364,0.4626899244431688,-0.1486201366026193,0.5431899926263566,-0.1478058436567998,-0.0341143341461433,0.3063424456810988,-0.0653431790300307,0.1111881881970711,-0.3829630653482077,0.0269503545814249,0.10420854248627,0.432286459443703,0.0211668585357452,-0.3792409203189911,-0.0405052188663825,-0.3590256665982226,-0.2535166827266281,-0.0151986316892094,-0.0803161632360425,0.2371499311618868,0.0751075827709731,-0.2526988115377291,0.2052588610697448,0.0485637867088441,-0.0854532108566461,-0.0777473568592253,-0.1144252233879501,0.025457639305309,0.0473613463201812,0.0752310950582085,-0.0193540836126206,0.1960663622329053,-0.0717767536626901,0.0875825143155473,-0.0384111359802672,-0.0293401463324871,-0.0757006941070878,0.0682315800834088,-0.2003176585448098,0.136045540594192,0.1015309892310313,0.0626775935834447,0.0338753615516617,-0.0052646954117489,-0.1184279138763043,-0.0556429781304959,0.0281778815804505,0.1281856031163068,-0.0019526901067613,0.051506611255973,0.0602177972422468,-0.0082365359883444,0.0249016842119163,-0.0467822647815594,0.0173354370030564,-0.0281246801164295,0.0809194049965097,0.0203565808178891,0.0377053936627381,0.0727253085432847,-0.0230195475518148,-0.0171225390029726,-0.001418945271251,-0.0567898766186676,-0.0312294409457192,-0.0781795395274926,0.0202807346692355,-0.0117625794799679,0.0038949767372379,0.0235898491494195,-0.0427551475994027,0.0006064721365528,0.0221374044763859,7.511750239147837e-16,0.05237725393216297,,-0.02701249227045177,0.007133230324653628,0.02488182791607274,0.04013681451863493,0.024603210579324353,0.017030207443523793,0.022361257660272305,0.027405769029149374,0.04830769523459755,0.028483164494134794,,-0.05090658170847995,-0.01676085911337455,0.0009877384780445642,0.016242725080606757,0.0007091211412961762,-0.006863881994504384,-0.001532831777755872,0.0035116795911211973,0.02441360579656937,0.023894089438028177
2017-02-01,9.802916723492269,4.3769909909130655,4.770190218269055,1.8736463100939904,-0.7496954801252778,-0.0893178418331351,3.245470763787382,0.4271924096335174,0.5446999198540716,-0.0654306738182327,-0.7573163177128301,0.4458542612182288,-1.1913604463127638,-1.7385980926157878,0.6963829812138417,0.5455341834655179,-1.213633971736468,-0.6977152638399868,-0.1069728613822854,-0.1879103470729571,0.7186786691416577,-0.9303952863068996,0.4468186741050872,-0.3339998811053106,0.2969510497779868,0.5592175121874203,0.4408715211200662,-0.1174042702105837,0.6415760634123906,-0.3404034504081189,0.5033880126362891,-1.395160565534823,-0.4500394064600025,0.284285551399786,0.6586282921015574,-0.3182200078328308,0.6395195922493632,0.5434414295081588,-0.508757752659854,-0.138037763549341,-0.660223576982049,0.6976180438222591,0.1056647614166357,0.5425349407578645,-0.0708335947053877,0.0111333238768534,0.297060933682176,0.3510738420615156,-0.0791869271992875,-0.2464534389747997,0.148140229105724,-0.2578841445424011,0.7610627659710067,-0.8877750232105087,0.3035501841395377,0.4896977454286925,0.2246426643059181,-0.4194130070621274,-0.4212509857234124,0.5608627826395631,-0.0199881442994591,0.1335191366444502,-0.4127893666960247,0.3954002293055809,0.2596483302129373,-0.2552338377523567,0.1598422874766953,-0.2084275011486664,0.036696085394549,0.2818082456963876,-0.1847625132337603,0.4955592987725207,0.1254842320221897,0.3710116240427247,-0.0832497555115345,0.1705408448695031,-0.0161231135872991,0.1194303263473215,-0.0240582485667395,0.0879623742602534,-0.1661021683769613,0.0268386851514174,0.2734827906327168,0.1085915171409932,0.0968701943104751,-0.0378677818698373,-0.0498808687143466,-0.0490760422026573,0.0562254030094467,-0.0800851921443183,0.1024888033326755,0.1871828989079322,0.0392999573924127,0.0042658499060271,0.0037785648725314,0.1130063011155814,0.0679112966538463,0.0778707114993242,-0.0277960388080283,0.0047153658086521,0.011186735976767,-0.0892003101464927,0.0023029610150059,0.0395325892795603,0.0123487587577766,-0.0013007188699268,0.0408222149149401,0.0189038093556447,-0.0567948374214403,-0.0180504443098334,-0.0019609497592824,-0.0035587458719121,0.0106311904927148,0.001117743172769,0.0117386443187452,-0.0329684333065251,0.0259386906643902,-0.0140132450776391,-0.0013498986864062,0.0031681900186345,9.258333381621376e-16,0.005580997193127546,,-0.020850849893743972,0.05276689687888991,0.039129012056223766,0.04532742535366974,0.04772743390106471,0.04656487735658099,0.052663579337801636,0.06338630912605803,0.01815420316934402,-0.033710865038815374,,-0.06014271212568689,0.013475034646946993,-0.0001628501757191536,0.006035563121726817,0.008435571669121789,0.007273015124638071,0.013371717105858716,0.024094446894115107,-0.0211376590625989,0.03929186223194292
2017-03-01,8.73032526534482,4.42479610360958,4.425557400284313,1.864164762578182,-0.1930759389649242,0.0733491638964695,2.8291897095436065,0.238062663539165,0.6227680164350234,-0.1845972077854742,-1.0272102334453312,-0.1511402136927433,0.1561153012688078,-1.4172312849163826,-0.5561553665299283,-0.8330632884274243,-1.2103636475446389,-1.455830578519835,-1.5761109077483546,0.6331509432286906,0.9970489074161724,0.0483556735319965,0.918847508743056,-0.006705321846032,-0.2838875222621305,-0.7442387555383931,-0.3142789032536273,-0.7007206761028696,0.7681918118700216,-0.9237124148443244,0.7863748873253609,-0.8075386101396729,0.0379643467749084,0.9662641481270556,-0.1444871514679433,0.36920913146742,-0.6573325880598245,-0.2581892963162067,-0.1557224089397301,-0.4440798159983741,-0.3501370316672535,-0.5933972316835271,0.6060002673757928,-0.1874982375771556,-0.2655304742473651,0.8892245630583162,-0.1512797115041126,-0.5545709457774477,0.1825384078473964,0.3055214570011519,0.472912093396808,-0.0981360850784749,0.0928507092240683,-0.0955448717397817,-0.2057333565146258,-0.1568065216332715,-0.4460002711552057,0.4204420450703079,0.4886769905516925,0.3866023182208282,-0.1495061449021874,-0.2153309582125943,0.1315210405901132,-0.0821187283131819,-0.6250910633506583,0.2702289614824493,-0.7569411709533553,0.0225807514089151,0.0003775604829541,0.0185102108091427,0.0918285727681114,-0.0181719413895253,-0.0502782600352923,-0.3763787506859949,0.1847536725254396,0.1681289510959892,0.1151428631537423,0.1248000985047392,-0.0538156398343994,0.0377190547383298,0.3832176218784765,0.0788972887532322,-0.0922561568276686,0.0856685123482185,0.0559526190658742,0.0720425227489875,-0.0559866312645396,-0.0481261100059201,0.0156926957004126,-0.0486382385169721,0.0558017861451358,0.062611438216805,-0.0181503088580226,-0.0103796216997853,-0.1741596976637322,-0.0560170164688516,0.0211540161291746,-0.0515885210221384,-0.0956101197374424,-0.0331559215970119,0.0573211502542095,0.0102964554009913,-0.0277310825882085,-0.0075420077710278,-0.0846534518164656,0.0149379347766826,0.0140208334663436,0.0362094347460796,0.0120761908798902,0.0442847044603132,0.0187187324590801,-0.0173584559707801,-0.011212466923229,-0.0233646900197199,-0.0339011152099107,0.0126943547044717,-0.0153500865197553,0.013112344992692,0.0212449948224046,-0.020348296502525,6.982049638392896e-16,0.0030620935049805453,,-0.020733923481872196,-0.033007309903181015,-0.012147319978831783,0.01833833541417107,-0.00943718345378275,-0.016801166400190026,-0.008885347006568955,-0.008401215071937251,0.01829316906289602,0.006149297084632965,,-0.017646719902219776,-0.029920106323528595,-0.009060116399179363,0.02142553899382349,-0.006349979874130329,-0.013713962820537606,-0.0057981434269165355,-0.005314011492284831,0.02138037264254844,-0.00308720357965242
2017-04-01,12.132875648554256,4.477473132313028,3.676449057802621,1.6732430143918755,0.9368920551327764,-0.1966028081519788,3.007004620923503,0.4138070035599455,0.1327883802805675,-0.5841529138014337,0.4889883429719801,-0.2617600184613856,0.8445938849531669,-0.6162774616122004,-0.3298336103656922,0.1625605048780129,1.4630129881962095,-0.737628777283737,-0.3956767737456148,0.4843014962913414,1.2197468682798416,0.1846519182947107,0.0093789433913307,-0.762945703033826,-1.0807330941171327,1.8015784439891591,-0.6668564958296502,0.5514769896424742,-0.02778567245447,0.0401152454281401,0.0540502349093758,0.8852583471964436,0.3068224999437338,-0.4133692435834343,0.4249542860747848,-0.0927567477279108,-0.5102036592547309,0.3145207026107071,0.2226373258727489,0.3720237274593607,-0.6321221144877406,0.1729055181188186,-0.3900789653920944,-0.842323351283564,0.9281653777722114,0.527347835483773,-0.4396814907529906,-0.1842155424796552,-0.7238925101737923,0.3862823217210807,-0.4365031441938731,-0.2704620259674144,-0.2613403851392337,0.666346196771682,0.8455173743221307,0.5231174440723834,-0.5014056062994088,0.0894339103514992,-0.0422666792045389,0.2962182412439934,0.106136391188654,0.0682347535928099,-0.1929726320822279,0.0675973193905111,0.5489558254418844,0.4524073633495971,-0.1495376351221807,-0.0632344260404719,-0.2231233767523165,0.1090126598929081,-0.0675673930965432,0.0215347876252738,-0.1804074690468275,0.1077489292836592,0.1792669982938139,0.0315851318099141,-0.1927845347942164,0.0369945417043901,0.0735211848660315,-0.1185225916636241,0.0461447821425789,0.0342465205409184,0.1418486696096876,0.200494367495077,-0.0929547217895506,-0.019630911624125,0.0738318567812503,0.0664445749737625,0.060654248259559,0.1693100616482446,0.0134688186231633,-0.0603514776539914,-0.0906353200940567,0.0272225524801795,0.0849777033927975,-0.0513263150047021,-0.0088382061422911,-0.0292667317617052,-0.0287450325946938,0.0006354956638252,-0.02760924520822,-0.0009067263036848,0.0030090220973122,-0.0521053536160126,0.0687103565161825,0.0111415133536357,-0.1272368800944067,-0.0465647154420972,0.049899208775095,0.013122992392428,0.0671905242199334,-0.0267109043308334,-0.0076746179053808,-0.0057921465120669,0.0043463589963877,-0.001580607366581,0.0024646939585819,-0.0303875740591149,-0.0101843476270748,0.0202841862617053,2.0439731863613564e-15,0.015779957977052783,,-0.023648918973538158,-0.00489408514879297,0.02431072792504052,0.024000194601278668,0.01631110001817082,0.007970451906217146,0.015258575488660275,0.01901187728057696,0.027054072946859353,0.00146003940589301,,-0.03796883754469793,-0.019214003719952744,0.009990809353880747,0.009680276030118895,0.001991181447011048,-0.006349466664942627,0.0009386569175005022,0.004691958709417188,0.01273415437569958,0.014319918571159773
2017-05-01,14.478890259188548,4.851216253513894,2.7311679477819046,-0.031640643822052,1.122653705729654,0.6452992525356861,2.2675718119048964,1.769426019076946,0.9222927114881864,-1.4800446747543077,-0.4572690302488083,0.3826794670951656,1.1337920192340567,-1.043313760117988,0.2808120257217073,-1.047289035854362,1.0589888717749971,-0.6905071755070114,-1.4505586103557644,-0.0772287991084641,0.2214279233626702,-1.1429071832820084,-0.4224658690426432,-0.5479786120229778,-0.1671009949804613,-0.0156250112329468,0.1998295688467888,-0.8679430888399737,0.9686294640810604,0.1045282822677759,-0.5113418684569215,1.172598921658545,-0.092260129577706,0.5532416628367358,-0.0621703929208138,-0.038609594726554,0.3208607728605452,-0.0267463679444727,0.6193694889409413,1.3847844704515144,-0.6546002758574044,-1.0198802221202257,0.5270618803228839,0.7493729175599136,0.2390500831808344,-0.081457772947078,0.5701757744204438,-0.4925096873654569,0.3711565936638474,0.8585376051136184,-0.2286359206077415,0.0800453593331752,0.1254291845323986,-0.0608086918776333,-0.3766640031919156,-0.4132050265005606,-0.0318717916906959,-0.0430155544327983,-0.1217937755982403,-0.0728534575271927,-0.1794571365814042,-0.1567835562757631,-0.2203935744800841,-0.4099523634500594,-0.3127005232901677,-0.2203886806804847,0.3368885605035452,0.1129450864413429,0.2926427723361414,-0.1404257642722463,0.0028821246714508,-0.0074654077310329,-0.1135523339860619,0.2020867815996284,-0.0138059397964519,-0.2479826282672474,-0.1288317884600962,-0.3952165798369104,-0.1911234988056313,0.169908383950055,-0.2889107449136061,-0.1143265656902863,-0.0176206422393994,-0.1294844568139659,-0.1006302304306919,0.0290264190607401,-0.0439119987577419,-0.0858989006524041,-0.0255881908346623,0.0830662323487196,-0.0706214473152199,-0.0313063832198462,-0.0321955897946352,0.1068365368613947,0.1422933790480358,-0.0033724546152411,-0.0268824707934445,0.0546065697755927,0.0086193734581287,0.0094827212897322,-0.0367883935901649,-0.0308563342170907,-0.0160015509333079,-0.048134497778474,0.0814598643460569,0.0093468211298351,0.0255306331377089,0.0309343083372932,-0.0432038431561164,-0.0289691670208805,-0.0125969319966006,0.016432899315963,-0.0086042714009879,0.0160590600120461,0.0533059203345595,0.0109288056913726,0.0430946485261047,0.0035061910822877,-0.0164131731540929,0.0125936022569089,2.720968414934542e-16,0.0001882418376055739,,-0.03537715820877718,-0.01189974341187261,0.017786597303520724,0.03953667996410459,0.026458807611120294,0.0066350774318104655,0.04139267884538489,0.0076822636443336645,0.010992461584276025,-0.0139243378782552,,-0.049489737924637955,-0.026012323127733383,0.00367401758765995,0.02542410024824382,0.01234622789525952,-0.007477502284050308,0.027280099129524116,-0.006430316071527109,-0.003120118131584748,0.014112579715860774
2017-06-01,16.365779198036382,6.062650899905121,-1.281976513374438,-2.6888635469121795,1.127648045808139,1.3986096921184628,-0.2639307747996661,2.381545562143186,0.6237661074850993,-0.4625579069925777,-0.4870374942436593,0.4340596037880927,1.4073134516542452,-0.6117721808236386,0.8250218708660528,-0.6713055687454619,0.1169846396738082,1.0885608271241425,-1.945411938706629,0.7230654757304905,-0.8245415154382177,-0.5338283503550805,0.2656046942198342,-1.8107399746894908,1.2771537718720014,-1.613369976030744,-0.3057845307199561,-0.8245225728858375,-0.6586398916914317,0.2131772069062863,0.5888893784220054,0.6426121218276193,-0.909786279400447,0.0120671183920643,0.5736834518496186,0.0142415536582964,1.3600491049659846,-0.1266178662189052,-0.6256722328537901,-0.2858363847160158,0.3489739285113807,-1.335771229244617,-0.1826431544877151,-0.4240720097833722,0.5934795996268648,0.0786263968718099,0.2376723684680931,0.4144361501132788,0.3052485806738357,-0.4102560757525385,0.2156594479742348,0.2408806345287525,-0.8960830285936621,0.115814353335163,0.3278599080565413,0.2131271597763919,0.2280575188986786,-0.0855404584721937,-0.309277533229765,-0.1328201080510107,0.1586432268437524,0.0954493050527346,-0.0080360313667988,0.2678674097505831,0.2706381351462918,0.1633103191484337,-0.2990217981720937,0.073277570311042,-0.2248793727553062,0.0522436733389061,-0.091299930326061,0.0257129863667642,0.1215623714019617,-0.0962011410874812,-0.10169823126604,0.0314247840073989,-0.0903793569134928,0.1550487234506512,0.2203599690176375,-0.1124027466960282,-0.0261780068322681,-0.0399698605548477,0.015156111197833,-0.0980997945622151,0.0919639637003555,-0.1778042857122257,0.0838925861343285,-0.059054736326189,0.0922274170380999,-0.0278432034028642,-0.0159228640177042,0.040939168544459,0.0085286817361344,0.0487537995397728,-0.0913255076612406,0.0319329451653204,-0.0007178032664526,0.016336175440946,-0.0647205608941375,-0.048301748756928,-0.0205916393633449,0.0318057142699952,0.0491777195562776,0.0316884122826231,0.0177369251934973,-0.0263204663455017,0.0222171043423345,-0.0171085647378617,-0.0068918044177365,-0.0287250202393095,-0.013147639603691,0.0282072342424054,0.0496388901834607,0.0202690858244966,-0.0379346508520895,-0.0338233626274634,-0.0255797682379073,-0.0032532689396021,-0.001442788988562,-0.0011069182523111,2.3997042431840264e-15,0.013752763447197225,,-0.00794652937368212,0.06107541885606382,0.008738441375867767,-0.03201851079861906,-0.030013924348380017,0.010672026847809102,-0.03491840893540066,0.0415356149445445,-0.015595741893279835,0.012261587296220178,,-0.009437705524659168,0.059584242705086776,0.00724726522489072,-0.03350968694959611,-0.031505100499357064,0.009180850696832055,-0.036409585086377705,0.04004443879356745,-0.017086918044256882,0.0014911761509770471
2017-07-01,21.035215660595306,5.617194937541709,-2.839044923968145,-3.508025901663586,1.202205061872446,1.979600462704296,-1.9391849070683944,2.3599245950886525,-0.9868947054004676,-0.8410126677242573,-0.8822022804542217,0.2843735473547784,-0.9416270890217722,0.0753997885764912,2.414999756485185,-1.1871202912972862,0.2526612334509933,1.5820580732001115,-2.190705224171865,-0.550096540354406,-0.5643009822384552,-0.2262366905530178,0.6117627002122369,-1.0839847385651578,-0.0520462757536446,0.0805679434443401,0.6017416787045691,0.1103990270920325,-0.799420597769,-1.2675313908240924,-0.095652883373103,-0.5969154233754285,-0.8165482327083453,0.3278839606915409,-0.3326925024703225,0.1864686286025873,-1.457696239702585,-1.370913700676647,0.0488579714705381,0.3243967650895831,-0.5083653086979313,1.2197452405966145,0.0014073252729623,-0.2804351690953628,-0.5219372836261119,-0.3160175394162315,-0.6478148996654401,-0.1911484526765369,0.231242105005327,-0.381032896269301,-0.2117626206365334,0.4550895228080467,-0.0226228882746165,-0.0373853328240664,-0.0450538535386052,-0.2591618503415993,-0.1269121027085305,0.1151303922707544,0.0109044709687706,0.1862465519393804,0.3955228143453214,0.1190405122474556,-0.0015366899477394,-0.0175767755020586,0.0630016199415489,-0.084652838036292,0.3730735042274232,0.1303345814148474,-0.2317055688776143,0.0016606623893681,0.3611992734903807,0.1202794474441903,-0.1218940824454812,0.1554942563062853,0.1051632418013877,-0.0777351267616508,0.0112314361269726,-0.1409103507679796,-0.04012367506265,-0.115044898078903,0.0438485415104311,0.0038046272755646,0.0196044187578527,0.2046549879556356,-0.0315286321707614,0.1492466725475132,-0.0379769519015035,0.0521608216929455,-0.0782329429151452,-0.04002836137902,0.0400354101466792,-0.0613033883123564,0.015142842280549,-0.060834229974381,0.0643447245231006,0.026199809745031,0.0608980252179818,0.0331327854784155,0.0877383541269189,0.0183596324604692,0.0058386073094574,-0.0083117076338256,-0.0145065478355935,0.0128538918959721,-0.0013622147121071,0.0404445924147987,-0.0541500592432437,-0.0048628950058506,-0.0031818378106504,0.017129385455237,1.156553817345464e-05,-0.0146723880587549,0.0136267733726966,-0.0081472734157566,0.0024191917244816,-0.0110940234377367,-0.0121553696571911,0.019258412392449,0.0116703318376913,0.0068267824092735,4.075447120977622e-15,0.020182070951286768,,0.03325054179440645,0.020914040131921885,0.007683302776041234,0.04879954667613817,0.01468080733952748,0.020593053573649822,0.03255928715411427,0.012206243109112558,0.022410469666909183,-0.005348791661388352,,0.0077196791817313315,-0.004616822480753235,-0.017847559836633886,0.023268684063463052,-0.01085005527314764,-0.004937809039025298,0.007028424541439149,-0.013324619503562563,-0.0031203929457659374,0.02553086261267512
2017-08-01,12.522449006080846,5.932175711136259,-1.2042096131814424,-2.497402712235809,0.5916356486868374,1.1050811255083035,-1.9807447930875777,1.381840363943884,-0.3370492475098009,1.3005969077966295,-1.0062546030608714,0.9832743487968028,0.9682036953996896,0.4132245425801724,1.3979843259873903,-0.3157607996962158,-0.1444240840910919,0.443548036569183,-0.6830896386816037,-1.2613397862681492,-0.4016994663567688,0.8738063206199465,-1.0944784992229026,0.3658444650971352,0.2591958074692368,0.1102885854712251,-0.4263011907950824,2.0737111442699345,-0.1562226755958054,0.4660463056322322,0.1875983136062951,-0.0371594947569115,1.8160993529345473,0.4552074258091573,-0.0776003113411015,0.52387892329689,0.5843169641294529,0.7992359663390017,0.3411658492050651,-0.0446392603871756,-0.5226307503686407,-0.8592464865301808,0.0231076440610155,-0.112965665721167,-0.8387283767838559,0.4737992457815821,0.0151371569919695,0.7292670125914625,0.5662790064957345,-0.2241134699064856,-0.5321062760440274,0.1988843690524063,0.3048833053961853,0.0681917120704548,0.2578321543415331,-0.0943585050331161,-0.4630072181821478,-0.3454620866501846,0.4854756662407359,0.2179635001840389,-0.5004492097279578,-0.1688696215648636,0.2009093924249539,0.6659088615234172,0.2041282888284584,-0.1039694234666621,0.1180685593961432,0.0071421404233515,0.2187722340303461,-0.1458804072523674,-0.2416612120361407,0.1880947922512872,-0.0360448252975345,-0.0162039880931394,0.1218546447244973,-0.0709848878647607,0.1248870501343022,-0.1654563002591325,-0.0596106698778818,0.0773694248406365,0.1349818288222117,-0.0264236993161328,-0.0790137215820137,0.0129861846617513,-0.0267884313597069,0.0977291775520274,0.059401255520515,0.0068841734254742,-0.0732760594511171,0.0251846190330873,0.0030049025650357,0.1488460227907359,-0.0245001886990579,-0.0479813723482085,-0.0632499468007637,0.0088729800408418,-0.0079105483478579,-0.0962357023237976,-0.0149287231176496,0.055149232360748,-0.00306308152926,-0.1113207597674723,0.0012398286262563,-0.0546118991375451,-0.0091216795882321,-0.0208055030671934,-0.063865887616168,-0.0020458466478773,0.0349791268241552,0.0185519992160406,-0.04007234901003,0.0077411558814092,-0.0108150214196318,-0.0360541873736379,-0.0041687969133429,0.0119692465597322,-0.0048480292592074,0.0173223402989207,-0.0169367023656833,0.0048120566793097,1.743142349121787e-15,0.007869799628310137,,-0.05478817255275936,-0.015543683775955053,0.00219608984676678,0.029216106045532708,-0.011026944198549327,0.010125543824825556,0.03288245041294169,0.017523534969124288,-0.018607543406283122,0.004951973290424849,,-0.05770599889064465,-0.01846151011384034,-0.0007217364911185076,0.02629827970764742,-0.013944770536434614,0.007207717486940268,0.0299646240750564,0.014605708631239,-0.02152536974416841,0.0029178263378852876
2017-09-01,21.360934769080675,5.030946537700226,1.7480797578580158,-0.2682457512974662,-3.3293520887531507,-0.7627981788018626,-0.2368076645357836,-0.1745585572988107,0.2150165880938817,3.1692726047793287,-2.0427161148915385,2.287191508947193,1.6576485702079646,3.4445550914781267,1.3748062842159956,-0.4976882825771269,1.462526491742241,-3.524791308764496,-0.5313788165858913,-2.4506040767421227,1.0457107427341454,1.0862345805960407,0.0527503755097151,0.3452037237265214,-0.116082568625384,0.0687016240905811,-0.1954468715454264,0.1232876022746773,-0.8608925388649666,0.0688010899926672,0.2554832718932551,-0.8413842912263649,0.0405267243199416,-0.1523560689846233,-0.6870822899156661,-0.2205056588436176,0.3221943770648408,0.3230536013710013,-0.1019250502864865,-0.1164630390760929,0.5362710323107478,0.2049489565874024,0.1685369790059599,0.0303242784247622,0.1611733598222678,-0.141941746434516,-0.1718458317160214,-0.3653074259428283,0.0942193679102433,0.1836481197363874,-0.0769203056565406,-0.2906801071268964,-0.2117687149284852,-0.0381799720597418,-0.3863483952196554,-0.1866453338352418,0.4868765402046377,-0.0461536794362618,-0.3546809197618911,-0.1391557247389571,0.5636098993037447,0.2302676891841602,-0.2042066481725142,0.072377230013938,-0.0076863136496384,0.2670457988880558,-0.1038257011269583,-0.0454419629810946,0.0463114995494568,0.0749005372642527,-0.026041551818197,-0.3248668206232803,0.1467607462386934,0.1528663618824908,-0.0360196512319236,-0.0954270589459823,0.1425002757171876,0.1194685591918169,-0.0309489951490696,-0.0190847484439126,-0.0173987740013329,0.0437338665403404,-0.0912327849189918,-0.0571647020027438,-0.0368853686232895,-0.0501985894980937,0.0070250265175439,0.0608841933451131,0.0322063175805892,-0.119995641596889,-0.0058585975518836,0.0230784905981695,-0.0724815396471257,0.16940160711194,-0.0042132515678854,-0.0223285228203623,-0.0416095228411765,0.0821751140351869,0.0210633813992039,-0.0158529530261026,-0.0609389937707962,0.030797751114679,0.0354954101269902,0.0131881807414796,0.0055807680675797,0.0194727776619071,0.0034125337250851,0.0042023515268965,0.0060772403556344,0.0131455733393241,0.0458555977231624,-0.0172017652715038,0.0064635906841692,0.0097015102290975,0.0203861427523172,0.0046014935604705,0.0098508083033159,0.0094449556215615,0.0131716034596142,-0.0038900105083089,2.1731554646815676e-15,0.03141437056601548,,0.08750191681634001,0.046963251947228724,0.037101836375854846,0.004589241932482668,-0.013343306439109082,-0.0206558057288192,-0.03492806592198472,0.005413112011502408,0.0046841316194699,0.01630269843994836,,0.07239024469027289,0.0318515798211616,0.021990164249787725,-0.010522430193584453,-0.028454978565176203,-0.03576747785488632,-0.05003973804805184,-0.009698560114564714,-0.010427540506597222,0.015111672126067122
2017-10-01,11.214301167552463,3.706110294472867,3.1785906853727175,1.532266816030933,-2.8519498281998157,-0.5114765929245454,-0.1853827045306419,0.4319746820541882,-0.4157848479684202,1.7649274795919083,-2.084913894184528,0.7936272681138092,0.2136302687669323,0.6626214287171623,0.3313125506504655,-0.5494782754841178,0.708666017693315,0.5219672903913644,-0.5243383731976151,-1.1566551873987418,0.6450487729603398,0.6002148671568234,0.2126793393964235,1.230531594024484,1.0953562242512995,0.4366450730576467,-0.1904897021957262,-0.0838918968491202,0.376002649420711,-0.6755128453650673,-0.1012432541348794,-0.0785978710614011,-0.0171972036225886,0.4967354128698821,0.216017008126462,-0.0628032100896067,-0.7234183431949462,0.3999776747467475,-0.1745948924100008,0.6002620141610306,0.8794505967720259,-0.4125522066654747,-1.2325042810779363,0.7461262200410553,-0.1299582954691603,0.1211081208673447,0.5171680666982,0.50132595414432,-0.820533593476153,-0.3020948752614855,0.9853643996669564,-0.0973677011990598,0.0344369880532606,0.3153755452983641,0.7289689073645899,0.4487612453355104,-0.1810401491111624,0.2433365619414091,0.1096040391812775,-0.3002819370636613,-0.1054334018599947,0.0586765099700433,0.264223483121328,-0.5937034726915215,-0.3111776584680297,-0.0585242384495502,0.2635839046111642,0.0636544023224156,-0.2869895782415967,-0.3216334543268396,0.0552349353112367,0.2067508417657894,-0.0103846165122614,-0.043543224273989,-0.0184801865370322,-0.017053706495706,0.0048007606216341,-0.2042845868651297,0.0195255682181268,0.080264841462495,-0.0908359331172115,-0.049077457261965,0.0469277649404296,0.0011155430987778,0.0631369507337001,0.0366876805256462,0.0413209556087002,-0.0092614536082697,-0.0051695666652391,0.1346142498034638,0.0906210761785361,-0.1922387380481283,0.1688624319811885,-0.1520143839365214,-0.0169882947305394,0.1423578459210341,0.0109610216669314,-0.0669543530993597,-0.0879014602332638,-0.00443208649677,0.0315314378881005,0.0263395829500917,-0.0447467066588318,0.0186460761298571,-0.0097488656850157,0.0130349144853119,0.0469474347180242,0.0121425337700339,0.0033427568076263,-0.053333696074977,-0.0389766020098036,0.0132093494870966,0.0393725064589298,0.0112113863687064,-0.0414311319762854,-0.0044246827743789,-0.0108502563675618,-0.0099980673452363,-0.0116234703959831,-0.0033281742252769,1.7482621961778641e-15,0.044327289074465925,,0.004735887941306194,0.03290546246646753,0.012071735239695736,0.06894941253737374,-0.01031428683546487,0.015287905863827111,0.04694429730952265,-0.003932395799243982,0.024816168154598417,0.015683190679644632,,-0.0239082104535151,0.004261364071646234,-0.016572363155125558,0.04030531414255245,-0.03895838523028616,-0.013356192530994182,0.01830019891470136,-0.032576494194065275,-0.0038279302402228765,0.028644098394821293
2017-11-01,5.707908769543123,4.355895601368391,4.004096323769384,2.658555097257546,-5.014993735252043,-2.054169770298845,-5.312031168807617,0.9817398588036544,-0.6585470376025562,-3.0794969794807563,-1.4940633761080424,0.0118414755816055,3.129848925444516,-1.141751464956632,0.3012616495353311,-1.223276979023927,0.1769774125398406,-0.6019969350037879,1.819202530089832,-0.8569913598768509,-0.7214078186621737,-0.5622668713256648,0.3737513499171655,-0.4960192933270911,-0.8004846665453772,-0.8239438100851543,0.3914520775883829,-0.4593904108875752,0.2516808491035835,0.7711587100974656,-0.6119611606073684,-0.1820026914186143,0.2347265735415254,0.0836143262269156,0.6928410284270061,0.0900517582260011,-0.0723486874209226,-0.0528636249926154,-0.0986780818536128,0.4805618940660236,-0.5271698225293926,0.1114625172712179,0.1854816394659173,-0.0775719772062707,-0.1300820731885874,0.2865267591715711,0.1231043081630464,-0.0683616777832051,-0.4469063518382806,-0.3298704576531957,0.6258007459823147,0.0071482287143963,0.1042593906951037,-0.0382762814636581,-0.3242154804231086,-0.077362323783348,-0.1287783865761296,-0.2614347689636568,-0.0889759580322186,-0.328553331047858,-0.1416209085588369,0.0489211541718479,0.3841931063033739,-0.0032990706714432,0.1956809373957095,-0.1855632400562898,0.0921812819170287,-0.0230994255614093,0.179906038790753,-0.0470645571295947,0.084800691073341,-0.0759385453494481,-0.1934478663911292,-0.0282130855802185,-0.0213934322705567,0.2534597787955272,-0.2333398416654482,0.3696736708723821,0.2558666380590563,-0.0943640535553669,0.1681900346210661,0.210141481072683,-0.0703974797749056,0.1011314086519892,-0.0092467345150491,-0.0917086700054178,-0.0530523796668209,0.0733225509133764,-0.1715886582851426,-0.0475203504709011,-0.0142821385977421,0.0893166652513637,-0.0415172362359772,-0.2057313645499016,0.1503777080119606,-0.1665510754738512,0.0810339678926945,-0.0481739326446186,0.1144542451700647,0.0245609432986736,-0.0708058331769473,0.0618099813053725,0.044639812430536,-0.0444417997077395,0.0751755955408423,-0.0542389342534387,0.0117326777687921,0.0276154799927055,0.0034979396313936,0.0133734178571235,0.0133589456897922,-0.031194120340783,-0.016037648272925,-0.0381394022934256,0.0172880140010933,-0.0282798012448252,-0.0331937472485082,-0.0352450015897478,-0.0011511975616468,0.0313387072950289,1.5735083830441195e-16,0.009491665285097817,,0.01752278283588038,0.034586787685083165,0.041660591013651826,0.01413823319374874,0.055754644700014344,0.029231172333354483,0.02685067802346386,0.029096004251824015,0.05065765274173106,-0.021074066168675465,,-0.013042948617892902,0.004021056231309883,0.011094859559878545,-0.016427498260024542,0.025188913246241063,-0.001334559120418799,-0.003715053430309423,-0.0014697272019492669,0.02009192128795778,0.03056573145377328
2017-12-01,2.291630635402917,4.315251203471937,1.9717136951181593,0.7837740197977965,-2.316312791190968,-0.4290340671896521,-2.3664473501300005,6.513617017819159,1.0988295521543183,0.1823210152886379,2.2305596448598375,2.3447339357428434,-0.6223336621671559,3.6417592560989713,-2.0035644600766354,-0.4237417944623821,0.2854851291608624,0.6475637107216276,0.3934440060603588,0.8734804759056788,-1.0700046026851024,-0.5787028209598575,0.9518087804273668,0.7531997276244518,-0.4266352792405582,0.1900896068588753,-0.7498734744637385,0.1695266120074297,0.7173975472713001,0.1299551573814612,-0.5249384140509246,-0.4513901163135771,-0.2348860682171769,0.2425649024397216,0.680451970821625,-0.0568885344729679,0.2278403505199843,0.1488305703769858,0.1860784637275964,0.138692660787342,0.5632711548326338,0.2911723376694489,0.5745779213939564,-0.7689804723190945,-0.0980297965635452,0.2194653178384598,-0.0910700206636357,0.2189668709454593,0.1099191550027006,0.1812708766760337,-0.2169745346102761,0.1111408055174139,-0.477993940659592,-0.3378882881147543,-0.3241285113411746,0.2512209404705586,0.053373647683317,-0.0882501925723443,-0.1414857522508917,0.3330897563312107,-0.164098884456676,-0.3693762408017842,-0.0092782836208888,-0.6352034917550816,-0.1728761163611792,-0.2362253258739124,0.1175929957874134,-0.2009576324711659,-0.0852483032211627,0.2312150662706071,-0.2382385954101876,0.0690281935911764,-0.1133819074997502,-0.0239667171382407,-0.0551694053787487,0.0593090016312332,-0.0143319421617345,-0.031491339731288,-0.0220029245906801,0.0448746772366103,0.0419539493115694,-0.1989907853108865,0.2385514566820631,0.1028117866402587,0.0155683841030849,-0.0727576844001251,0.038939228780046,-0.0192693131403375,0.0858412489094006,0.0776181907484247,0.0544058071882154,0.0535879727661079,0.0692481678424496,0.006225259676614,-0.0487755720382002,0.0206989130260376,-0.0613718130949532,-0.0642848804756608,0.0954727132649028,-0.01424112513735,0.0588415716794612,-0.0522017498514854,0.0244532226160783,-0.0531124772232079,-0.0810314652419813,0.0326140003073713,-0.1045347395280417,-0.0290038459903815,-0.0169729093090304,0.0483101213121718,0.0518556295173955,0.0542558134626143,-6.508138449450322e-05,-0.0190841172722404,-0.0187616894221584,0.0069482316517307,0.0182353121474704,0.0011127666389721,0.0047784098600628,-0.0434521388320501,-7.446865901407864e-16,0.01628599786296525,,0.04573092600054007,0.014171254990043236,0.015568547382674325,0.0017232173100834025,0.014986588380748733,-0.015246991486517425,-0.06925800829364048,-0.00946461670132892,0.021107283733364568,0.00930539542420572,,0.03875032356178054,0.007190652551283705,0.008587944943914794,-0.005257385128676129,0.008005985941989202,-0.022227593925276956,-0.07623861073240001,-0.016445219140088452,0.014126681294605037,0.006980602438759531
2018-01-01,-1.740293537425488,3.628578750072016,2.1306991858419337,0.4544145859248542,-0.8675198482330663,0.4522114534323139,-0.1710499451833146,5.423044967391317,0.5075517756087388,0.6296804545120868,0.3523033766223791,1.2094671647606243,-1.4376952937632976,0.9431150744980548,-0.4937418970099809,-0.4766831934360984,-0.0330591282489253,0.5452166517521507,1.4758663068560602,0.3101240530745057,-1.690095619470473,-1.0679660369432238,0.4427154997811097,0.3483148183303844,-0.7921129233008379,-0.5575610660995568,-1.296522915344554,-0.963813571006032,0.3835552798416854,0.5119009644562311,-0.1674193955944033,-0.0118109557360618,0.0320867891877063,-0.4887602253145705,-0.0778031511112953,0.6556410320119377,-0.4619264230440399,0.0872480129483832,0.0536223871331607,-0.613465409081014,0.3483969353956984,0.3430052204521737,-0.0549492999466867,0.4960061427677988,0.1758404943566293,0.1442185688562834,0.3155805496971625,-0.3148274180162788,0.0957898771962149,0.2761562934498661,-0.1254644136047516,-0.249181761633039,0.345057681170574,0.0717840140189668,0.8317042867691178,-0.3082629977921179,-0.2182096511778459,0.3155073964229272,0.2917329730020107,0.2700497833688298,0.0323202607120762,0.2406101998172156,0.134170584175341,0.6706380265973382,0.1273741819631389,0.3156509957605998,-0.0273396721104498,0.1019985772764178,0.1090491885015805,-0.2416812777852903,0.1687426458328474,-0.3236376660378288,0.1213534069312602,0.1493203503928905,0.0701540243678761,-0.2581378368085702,0.0638495529641812,0.0807958207588586,-0.3000435898065928,-0.0909755079049308,-0.2494609897514777,0.2131749623415891,-0.1860376512005223,-0.0634821461705778,-0.0056659707449036,0.1960183214353037,-0.0292424977748608,0.0347250066674061,0.1702745849930635,-0.12069864635343,-0.0026871638245903,-0.0096204378023717,-0.0231573902048346,0.0474281464939893,0.0540146798118405,0.0379577476712003,0.1397754133124926,0.041609634134271,-0.113250568906815,-0.0621054625972991,-0.0167683189273784,0.077118713716132,-0.0209028192592172,0.0963895105878822,0.062192734902401,-0.0237842346858251,0.0475317024178815,0.0386156502656322,-0.005881439661748,-0.0768495779751542,-0.0911402756237377,0.0121853254322673,0.0181430546816629,-0.0221077531328529,0.0212169477558613,-0.0043442613206929,-0.0265915152544443,-0.0308628573755376,0.029930775552166,0.0279069418815781,-5.30480916075751e-16,0.04507991569103598,,0.042740420074239616,0.07051651392367742,0.05937815587413753,0.07435800633875744,0.02390095056614383,-0.008304339291312135,-0.022100092326866272,0.0698136441667554,0.09612827000251079,-0.01667870575965491,,-0.01901820137645127,0.008757892472986528,-0.002380465576553359,0.012599384888066556,-0.03785767088454706,-0.07006296074200302,-0.08385871377755716,0.008055022716064508,0.0343696485518199,0.06175862145069089
2018-02-01,-16.757265341059007,4.565882539150192,2.727520268992648,1.3917156077610398,1.7158723312279067,0.7911682633365958,-0.1816675300957137,1.719792316459754,0.3993559890969723,0.9289218673477432,-0.3973792390345116,-0.2106936933354402,-0.2383650725979517,0.1022446242493786,-0.2533478903721387,0.3026763058614405,0.4364383099895728,0.2624486857494961,0.4814796442425804,-0.0766100304208003,-0.4022398948130247,-0.0467390727817392,0.0368729425601054,-0.1922156276782194,0.0909139747099832,0.1059556742097621,-0.1994246878464088,-0.3154168307329965,0.0632411526243006,-0.0158894716579131,0.4607964591023231,-0.4407306521563096,-0.1244328293210469,0.2268160911949086,0.0705312208816295,-0.1211500781654483,-0.3638109908855089,-0.0344986697328959,0.0675487688959269,-0.1148764989083379,0.4716682948657913,-0.0959353173054415,-0.2593082929088529,0.1085760530318743,0.0238643106329194,-0.1962315935303123,0.195080015837416,0.1085417473255409,-0.1153177732297623,0.0318951386653581,-0.0527002249871358,0.2380784170292121,0.1179392350599678,-0.1330876835986243,-0.1326979692356159,-0.1306956050266591,-0.0254185839266656,0.1059412498457224,0.1682452609817433,0.019274728521303,-0.0142928129820633,0.0196211038584114,-0.2692839692805585,0.0345054941421402,0.2231755237831031,-0.0496032212893752,-0.0365233763815756,0.1735256030359615,-0.1159320566986359,-0.0024778320588687,-0.0558541235517563,0.0638138790384301,-0.1492998141153996,-0.0189021546896505,0.1545510935032497,0.1266716620532545,-0.1288955187381826,0.080713060114448,0.1668917415419164,0.1399002765322026,-0.036816018376994,0.0565717673217528,-0.0647406338180938,-0.0291059844091555,-0.2231708344021172,0.0589140094921646,0.0178204061585227,-0.0260722506128357,-0.0337984446479164,0.0117308523668216,-0.1573297595093522,0.1995640453731675,0.0180968342338231,-0.1079843082618039,0.1922310027859144,-0.0195245106405248,-0.1827168128137641,0.1269696846589826,-0.1487533152037761,0.028370129559934,-0.0990938784982959,0.0173237583916678,0.0882287444883026,-0.0647212627168966,0.1290269703939839,-0.0320182806432288,0.0311294867953283,0.0085450478860986,0.1476884772043401,-0.0833633828061202,0.0858171257689614,-0.1667963276919833,-0.0549857009434519,0.0960635061400214,-0.0565085044130955,0.0037436717197375,-0.0081931663791629,0.2276144931418118,-0.0297889164630888,-0.0763377661683685,-2.1024487425095984e-15,-0.052740502186710336,,-0.10835029528331785,-0.02925349152472234,-0.03863037848936268,-0.004090451046867671,-0.07627109156455958,-0.06809018974175718,-0.03879271344686841,-0.04494887333358688,-0.034690692514570576,-0.016379969791687876,,-0.0719897628882954,0.007107040870300119,-0.002269846094340222,0.03227008134815479,-0.03991055916953712,-0.03172965734673472,-0.0024321810518459497,-0.00858834093856442,0.0016698398804518844,-0.03636053239502246
2018-03-01,-4.903672884378654,4.0129088894521985,2.071160436866649,1.820052017672013,0.7043951166665572,-0.0699548258657936,0.8115869774139279,1.4883167745292945,-0.6398799181357968,0.7241339146811696,-0.546464352476823,0.1345731747767712,-0.4133085472804187,-0.0512081606854749,-0.7959457668979923,-0.8516320032181949,0.9544746110005768,0.1769952835874279,0.2104252021447961,1.1377001003812792,0.3839897176760219,0.573260103549897,0.8796778453944214,0.0526105580848553,-0.0871964912340336,-0.4841882887404796,0.1072339800504526,-0.0476069422600534,0.1354898956169582,-0.3214849091180511,0.603849360586965,-0.3969767819786643,0.3769953188413379,0.1136380149693455,0.234841669647963,0.5076641685384544,-0.683275887906442,-0.1243787497869295,-0.5541326363970303,-0.6269572791212608,-0.2031853535535275,-0.3734780873589735,0.1179588164501817,0.169057369937106,0.1300708691651466,-0.1716952440110931,-0.0469498815937029,-0.1772638735638202,-0.0843215288685663,-0.5665403553857292,-0.3806147889296908,0.1221695285669726,0.4174665660403273,0.0995712441907469,-0.1828551907678958,-0.2578630285185422,-0.1457965320669091,-0.0442792755581617,-0.1519646018079694,-0.5711269268084312,0.2301602293942494,-0.1658469600972953,0.293178669775105,0.1276550605062947,0.41790985745776,-0.3419627163913313,0.3540756723495407,0.0074240925171279,-0.1211544780123364,-0.0922480264829408,0.0379559994144215,-0.069448454844617,-0.0251064712947857,-0.0571656701718056,-0.292388623254684,0.1497516787354877,0.4414556833794384,0.3275999203085225,-0.1399846494464319,0.2697422312014885,0.0213201362583173,0.018806407806102,0.0041792561607029,-0.0191752501477775,-0.020222250805839,-0.1188608976008335,-0.0040580834491112,-0.2751526529421273,-0.1372985756564653,0.302247185011939,-0.1763609832228001,-0.186352693902143,-0.2232261275363798,0.1860439056943329,0.031783932303178,0.0296037150347303,-0.0858760324557997,0.086725669917701,-0.101862298828163,0.0334850923183284,0.0377022391162693,-0.0372112718102407,-0.0671875567405955,-0.037984989023817,-0.0653466261201338,-0.1063442775184611,0.0580902564577749,-0.1762947603500994,0.0622618198976494,0.0707100009901584,0.0508166297080823,0.0601352594838369,0.0085556075533389,0.0369607322205556,-0.0090950273960997,-0.0106759544932501,0.0868294356063582,-0.0458982956726754,-0.0518092112158897,0.0417385615993267,-8.744822959575419e-16,-0.04511151996970042,,0.010039310168784121,-0.04502949665923861,-0.03078921668408685,-0.04034015193119833,-0.014603877346144656,0.032215277691931776,0.02996319077514853,-0.03256488953722503,-0.026712474172764566,-0.013821609532454926,,0.041329220606029615,-0.013739586221993116,0.0005006937531586431,-0.009050241493952838,0.016686033091100838,0.06350518812917727,0.06125310121239402,-0.001274979099979534,0.0045774362644809274,-0.031289910437245494
2018-04-01,-2.7890104829007627,4.027184987482071,1.5920653149912678,1.4872908009162766,1.451910964679315,-0.287924437858109,1.2212930123895875,1.7148102237099143,-1.0385519634656932,0.1060868139740253,-0.2550317869873554,0.2158843458120946,-0.0511852660836446,-0.5567542909426733,-1.0070531689365043,-0.0989231641079035,1.291641059367832,0.5273261103668191,0.3596051806123583,0.0219493112844159,0.1221216280467551,0.2872840398542576,-0.1679897755516568,-0.1191291159932252,-0.5726471636293513,0.2785101743926874,0.2356028463014504,0.4706609437162206,-0.229031490901948,0.0749442261680233,0.457906263197514,0.6249609354013832,0.0490454683695798,0.3632525295580086,-0.2591063714758038,0.0941450754048973,-0.1646624150736653,-0.0992971475856221,-0.2730822174227374,-0.1853978851349152,-0.266863329696651,0.0339456651808007,0.0296768682025776,-0.3607762276952339,-0.0879769737987016,-0.5241074242514626,0.1630354050644884,-0.1114116492113818,0.0565023618934559,-0.600276601463722,0.0554917930135964,0.1063714615108332,0.274134372611408,-0.154045952496592,0.093903786454631,0.2214969031393061,-0.0896159561085152,0.1064601208396908,-0.589076639171331,-0.3839589557516507,-0.1459098138683265,-0.402626483813363,-0.1972122719662787,0.0576292512903618,-0.0385158354183224,-0.1343397081006948,-0.1577677492272369,-0.1493240034408161,-0.1172315471049328,-0.414732284369568,-0.4136617196209377,-0.4732889125211307,-0.0671264109617533,-0.0586880546526735,-0.0435827575528496,0.0632425619846534,-0.1062418698407714,-0.0939168743691111,0.0325756382736947,0.0816123030276049,0.1585230317614934,0.1632974370486947,0.3278165784637045,-0.2784998297252558,0.3374059456025708,-0.016500640876635,-0.120553404917719,0.2701966413827411,-0.0927148050543203,-0.2877181758637057,-0.0823342588982852,-0.1978899015276971,-0.0958560046795787,0.0305033886627971,-0.1221372380459251,0.1090509590799823,0.0680173844890319,0.1618576268576033,-0.0458696362677164,0.2289217917035047,0.0434812210793263,0.0208124452743208,-0.0497760187371136,-0.1013563335007877,-0.0412839214330503,0.1274641314823718,-0.0248527742588899,0.156226241937531,-0.0813202055053647,-0.0363169061150314,0.0146120458624318,-0.0091596659601796,0.0019001143648538,-0.0468902314065668,0.0808372964714673,0.0650880659980986,-0.0618064582086906,0.0513703938694923,0.0252401226622369,-0.0023903778087677,-8.427311417515763e-16,0.005054791554616411,,0.10273709829337063,-0.0007284156421982768,-0.023945946966389742,0.0037419458788332527,-0.03603711883199212,-0.0002647672475794005,0.028311442106560003,0.014115885910417791,0.026806995422279156,-0.004138995402293677,,0.09354331133646054,-0.009922202599108365,-0.03313973392329983,-0.005451841078076836,-0.04523090578890221,-0.009458554204489489,0.019117655149649915,0.004922098953507703,0.017613208465369068,0.009193786956910088
2018-05-01,8.39030611022916,3.786178796002421,0.2325315446381274,0.3443766494665245,2.098528134496558,-1.3111769111782878,0.9668645263937496,1.397050810780232,-1.0443792209991825,-0.4294382422242835,-0.025383671654496,0.6445787151809204,-0.0133249258958697,-0.5252833448709473,-0.8823968585987291,-0.3981656326023629,1.7139763948043043,-0.0382351353924649,0.4259591608102643,0.4390779242134896,-0.3191630370305244,0.4856298846727047,-0.5964732216358306,0.3965182237244953,-0.9672245053639348,0.9323302900914068,0.1320230247735682,0.5137279677809294,0.3220464185135986,-0.1660670553017049,0.2880777855519858,0.6156841519094693,-0.0987411034394366,-0.762421761116678,-0.0977430298549918,-0.6517942057509044,-0.5091348800861594,0.1037425604071303,-0.5353473072199253,-0.2060441586734153,-0.4289786376643639,0.2529551174125046,-0.0360626239726535,0.0422352798716475,-0.3056399826945059,-0.2838924663868669,-0.3134331929487582,0.1110582120647564,0.4325024454882054,0.0657870793721788,0.5556482252573781,0.1383684078150546,0.4465770439550815,0.61492804458879,-0.5533942761054851,-0.0085466737967222,-0.3650257611398825,-0.3421579170930383,-0.3512811528730931,0.1832236455893165,0.1170991060575883,-0.1918463335393097,-0.3956910707496641,0.2996479702995557,-0.4975478955125228,-0.074513573800909,0.253505964373473,0.1100482204498819,-0.1766748603201004,-0.0727901446972413,0.1186648675798324,-0.0077489106291847,0.3007259145621124,-0.2532786809809013,-0.140255734231269,-0.0145436403100016,-0.1405271930702749,-0.095541156566922,0.1717310874632077,-0.2780271027815125,-0.0355593147303788,0.2856249744840287,-0.1933225991351274,-0.1665239088400962,0.1707424290272803,-0.2526416888568,0.0509138317881163,-0.158663335390388,0.1712207169979347,0.0243202539103241,0.0197886392991932,0.2455251085553484,0.2200253745780327,-0.0182524875410228,-0.1871469526537979,0.0366508233996752,-0.128121054393322,-0.1718623301808616,0.0903977642033604,-0.0686654050957735,-0.0217678522990008,0.0702447352091732,0.0440555993672528,0.0687495380219195,0.0402720764627015,-0.0608695620736767,0.0565711596176465,-0.0413146758901921,0.0788770621952221,-0.0030438189127883,-0.0456367091482853,0.0485708066087137,0.0126904948665283,0.1254275682453194,0.0139169839321951,-0.0208686155963186,-0.0126269316673056,-0.0160770501350574,-0.0026745903204755,-0.018077510909594,2.6303078344507766e-16,0.020522508471353174,,0.029941533737503967,-0.009835802083264178,0.03073958084137085,0.06782727938446964,-0.015658813914763536,0.02233723509787966,-0.011055609864159543,0.0018230722076642003,0.019865361923707914,-0.0037866406362940808,,0.005632384629856713,-0.03414495119091143,0.006430431733723596,0.04351813027682239,-0.03996796302241079,-0.0019719140097675947,-0.0353647589718068,-0.022486076899983054,-0.004443787183939341,0.024309149107647254
2018-06-01,6.200966930998759,4.997683805501912,-2.054053668038043,-1.4322402831337917,2.082528956585956,0.8589943336380881,-1.0888694831275858,0.7169263727005243,-1.0699606518817653,-0.3297162637624408,0.1156127010586163,0.0115192244877722,-0.3762828639129158,-0.1548315066776727,-1.8902737064041508,0.1153419137490703,0.0702327264773839,-0.0104453698101777,0.424690727201915,-0.0567434415512557,0.4504436866252333,0.3816856141045133,-0.7631748303354808,0.1445360425913255,-0.1172288485067315,-1.0797412871343874,-0.6935416007980743,-0.1773101530972042,-0.4248248857360154,-0.4490158462406753,-0.1621275119630881,-0.004826229869318,0.2747678195865002,-0.2698888056929732,0.1457257860287118,0.3639580367146585,0.2451544054460579,0.3770727963499589,0.1895309054596138,0.1450112268191875,-0.225067128535628,0.2651870876767105,-0.0800957308920454,0.8456807926293525,-0.2360165359187414,-0.5442049930710338,-0.7472953611144962,-0.3278871735771969,-0.4085864085001222,0.2554151700312803,-0.4065931480788184,-0.5555171851303495,-0.2669187917007725,-0.0316252542899821,0.001011912583365,0.0368269249154883,-0.0187992813030706,-0.7462294465970469,0.1551783807590701,0.2663247987211709,-0.2215300516662665,0.0001534639566639,0.1204761585162255,-0.2837861900515959,0.2520990097475167,0.458969230395252,-0.1044061183076578,0.0518875962456279,-0.3258228667605201,0.1522805483717282,0.3833927225633002,0.1030278024531038,-0.2076640356621658,-0.1393457148159541,-0.4658471262681982,0.0410068484167507,-0.0810076664842178,-0.1990560391356499,0.4291273154062976,0.4570815969697087,-0.0048738120128703,0.1323751123232552,0.0651645965107191,-0.2481361144290654,0.0102400114186513,0.0419128552606028,-0.2450759805329034,-0.038971515986179,-0.2524430335426111,-0.1522528784103213,0.0758542263202993,-0.0495095614926126,-0.0933439997340966,0.0381384101690534,-0.0802586797488788,0.1450581471480561,0.1118124855810553,-0.1251355116441242,-0.0051718244721183,-0.2013544993529628,-0.0609008417567528,-0.0735034847704479,0.0507873963173419,0.0340200187948446,-0.0108596246396501,0.0303269926865932,0.0544677153856532,0.0722037306246979,-0.0210882669822657,0.0446320010796065,0.0159912413396019,-0.0191488851950014,-0.0356789092436783,0.0138559062557414,-0.0433949866299174,-0.023634649789893,0.014623203087607,0.0258056517094208,0.0262755652578315,0.0234902407661518,5.50753468381261e-16,-0.0018904953403208191,,-0.0010520384871397503,-0.02170719512846009,-0.037748688827591415,-0.006151775068362508,0.03765594867134947,0.03578227469638917,0.019023754290395045,0.012741464590143137,0.033472004180993054,-0.0031454103071016926,,-0.002306953453920624,-0.022962110095240962,-0.03900360379437229,-0.007406690035143382,0.0364010337045686,0.0345273597296083,0.01776883932361417,0.011486549623362263,0.03221708921421218,0.0012549149667808734
2018-07-01,7.427447884466779,4.29032468631016,-2.169621105962828,-1.7123262452978825,2.2000298966489003,0.9372225278458176,-1.5239350094442778,1.2922930719041914,-2.2112473763417704,0.2990282865645662,-0.5781305219807146,0.8141247513100212,-0.4111282526036992,-0.3759140397435342,-0.9319638033479356,0.2787348034207089,0.1073489300882158,1.791645949831156,1.0191021150851165,0.2033332137333799,0.9689045018657306,0.7721355613871077,0.3195690000867572,-0.2633715343529192,-0.1541035545818047,0.0846296189122583,0.2448774484426573,0.1062877196688432,-1.235028326827993,-0.0542709417876423,0.3540727928471847,0.0342149221027053,-0.2181957407012772,-0.0511285766179312,0.0100436638764215,-0.2222942963158675,0.0029391938993197,-0.1469440641441985,-0.1368727155931826,-0.1190815080751281,-0.1485485270536695,0.0851271584790715,-0.0434858730099205,0.8776092464345224,-0.3798631687786907,0.19963395247575,0.2965290442224768,0.0213657289968497,-0.2008490924792782,0.7454914069093178,-0.0061875040919645,-0.5634324011991704,-0.1534042929329059,0.05201510083435,-0.0726552389749059,0.6673829273160554,0.1144304707360653,-0.6799454692463058,0.1832812579836359,-0.5633024128281567,-0.1092740529831381,0.3619099055516164,-0.6003705167070195,-0.0561432633070516,-0.3123293584990024,-0.2924471837160592,-0.4583613015481023,0.2702361278469966,0.4104903031072091,0.1598992059216085,0.1795530300693425,-0.0449380382958639,-0.136464088303334,-0.0964863084787619,0.3227909066444284,-0.1144438681831415,0.3446130850223535,0.2052803030742699,-0.1370658444822543,-0.1920305655910083,0.2336351329022776,-0.0239118827955148,0.1257105011289,-0.1328437482239894,0.0214131726272339,0.1282475670988666,0.0065232103716227,0.04746774056763,0.1562067774740071,0.1967084995772933,-0.0922443489647092,0.1107292045596695,0.0693989098233237,0.0203510948854567,0.1960525480272921,-0.0997182903910851,0.0791205539484588,0.0605248928690995,0.005372846059988,-0.0024270910596926,0.1006255462641353,0.0501510538315517,0.0608166648405016,-0.0757965051826364,0.0202122062807607,0.0535003153300427,0.0344393442685765,-0.0653584611633836,-0.0615685845599905,0.0059169482102604,0.0553367657981311,0.058135032647876,0.0368405772890774,-0.0677636201617556,-0.000948061374664,0.0087099272365689,-0.0129268268227549,-0.0074112405943391,-0.0263567641029559,-0.0084901636596884,1.4805652515048297e-15,0.033374204742268265,-0.021603157041378385,0.022398161635887925,0.05570038715613146,0.07815824730441356,0.024488222230658163,0.04763803021962665,0.019011778856608874,0.025061378707261106,0.0694878042981999,0.02069773134583408,-0.008328588891204358,-0.06330595067485101,-0.019304631997584698,0.013997593522658835,0.03645545367094094,-0.01721457140281446,0.005935236586154025,-0.02269101477686375,-0.016641414926211517,0.027785010664727272,-0.021005062287638543,0.04170279363347262
2018-08-01,7.230094042381968,3.866890613361413,-1.7874700383845596,-1.5246899810756982,0.7533949944517809,1.2411447323433331,-1.2651205287553513,0.8159485468473429,-1.6160000964192176,0.5563614173968509,-1.2955250017922195,1.6604116381218277,0.1386049775997391,-1.1541035210252724,-0.6581316035704647,0.4889444353498158,-0.0121836014488706,2.0308335784642946,0.0148627238543405,1.0413937217405875,0.2602312896984354,0.3397589962960902,-0.631370083185442,0.9656466197491204,-0.4235584992882303,0.3495794155431264,0.6355688039548919,0.7015744737932995,0.1990836643568776,0.2356677446455068,-0.348643938227848,-0.4843247951156494,0.1970119733718831,-0.2261812447072035,-0.5389290104491302,0.2119760581644387,-0.1739525898641213,0.127469124112474,-0.3543318376273813,-0.3621248384139859,-0.0486551563420997,-0.2616323694341861,0.388990201192919,0.2128736179987684,0.559224370709544,-0.07628687111464,0.7227155988285272,-0.5161208576192594,-0.4682008021718498,-0.0586030042097662,-0.1752562702856906,-0.0583505738757028,-0.3294816575236335,0.0708653238419804,-0.2019759943631851,-0.6588326916268592,0.4133199301305862,0.34022654018511,0.0642989240040809,0.0111248721194073,-0.1774471905509275,0.1928958123979271,-0.3029644081102575,-0.1067087861565749,-0.0448775358389443,0.0595010513296866,0.0236199446531382,-0.6452368858656293,0.3720867755109425,0.3207187290095364,-0.2227562966908408,0.2048093754761589,-0.0216295685614067,0.2654797631150886,0.1005069953466272,-0.1859561246877167,-0.0127505778524638,-0.1963781777510757,0.1313374289142494,-0.2148718045382245,0.1104135645310266,0.1087269343109523,-0.1109527669606427,0.2031399235467015,-0.0049059790082417,-0.3483059089185539,0.1702720793667656,0.0375097165598714,-0.0547941657795915,-0.0800939830874063,0.1089523440820897,-0.2064971973975605,0.0469968326503903,-0.0974245396414359,-0.1216614778849707,-0.0944402460385625,0.0823659221103835,0.0987625298799582,-0.1592806255938249,-0.0190221754971631,-0.0940525004081423,-0.0233481742092433,-0.085453032298212,0.0180421803631719,-0.0638832644450459,-0.0149728910145599,0.0488233117639102,0.052536934639216,0.0136792206317126,0.0312524560766721,0.0393840982196175,-0.1034994382985001,-0.0681985945999762,0.0689568409588809,-0.054130413927379,-0.0499098328924966,0.0006031585493679,-0.0335141988380604,0.0138493715660306,0.0107163995159278,-4.33893221407956e-17,-0.007701234196976325,0.014857920897947796,-0.03475094606752316,0.013595705203210962,0.002340120938842727,0.06599005403282265,0.003919933409353149,0.024205777576015164,0.012881306220476008,0.04329249991309081,0.05104692940935496,-0.03962172193073721,-0.017062566835813087,-0.06667143380128404,-0.01832478253054992,-0.029580366794918156,0.03406956629906177,-0.028000554324407734,-0.007714710157745719,-0.019039181513284875,0.011372012179329927,0.019126441675594075,0.03192048773376088
2018-09-01,8.611487386271197,3.374041942702145,0.3296570942253025,1.3714661526344918,-0.967343587537328,-0.0250520995327757,-0.2043606206324559,-0.1705992133214345,-1.1067130361034618,1.1408980184740825,-2.6928766534283604,2.7207540857857113,0.0672980005926807,-0.4779732778987431,-0.921484350442726,0.9086677285541048,0.1702470439592762,1.275840433358862,-0.6242988671447817,0.8928309052988176,0.7812605631320837,0.1987594312076338,-1.4763186384725866,-0.2439522486000182,0.1518078405299762,-0.3295239369013912,0.0645586567410273,-0.4084095706640187,-0.8357805008611026,0.2733911045702586,-0.4794446306486906,0.7380507048930586,0.1203734273462059,-0.9905050586481512,-0.0692275413111741,-0.6194386517836106,0.93926670575663,-0.3949091384789937,0.8019973120395015,-0.820286463431981,-0.2562595653805878,0.1486978549323911,-0.2679366446058053,-0.6141590761283995,0.4849649515032997,0.0701053440203429,-0.7759958733111985,-0.22751249190113,-0.2549762540038076,0.1501737220535899,0.3880198659030453,-0.165837855560638,0.7973996992515522,-0.602620741830205,-0.5078441262707564,0.1919866534612495,0.2433150265466705,0.7178615791458082,0.4282052988655412,0.1701759943803334,-0.0114307467832483,-1.3585581429817542e-05,0.2464651917299301,-0.0227935270994226,0.0420697421367883,-0.1805110819744311,0.3023670032342539,-0.1504824334210397,-0.1592710805821224,-0.1968967859131918,-0.0716164403349009,0.1656791830139978,0.1178122427413127,-0.3159075033523256,0.0943090046866455,0.0896916098701939,-0.0464589867752376,0.2284359185916027,-0.2832550016834644,-0.0146212748025835,-0.1700990454519401,-0.2365866657253547,0.0161758350226211,0.0049492404664752,0.0092991283909789,0.1575793974072226,-0.2099571173170943,-0.0386563585000108,-0.0491701733086958,0.0219373001706762,0.0025562273092297,-0.0724070843388066,0.0211294186652953,0.0092880158463033,0.054398737354446,-0.0826257181202888,-0.0316385824917693,-0.1443731502343676,-0.0617781181700057,-0.0523423275279733,-0.0619671738936579,-0.0034233082363993,0.1192645968132741,-0.0659375657694618,-0.0373410475038567,-0.0025242823372641,-0.0082335490834312,0.0320136108244499,-0.0384767004839366,-0.0278953176929052,-0.0366625636325918,-0.030452783751601,0.0281437216506627,0.0016475707319656,0.0260384562478376,0.0021956591930793,0.0083291932590129,0.0069223768843409,-0.0053373402400706,-0.0045108428471007,1.2347840472887292e-15,-0.022608497760415736,-0.0036599314592068444,0.01746369725804242,-0.026473609661553432,0.016860939513298145,-0.003571357575374412,0.002789044615980618,-0.03663229091391662,-0.01533552462492882,0.02554451839747096,0.002308654127612053,-0.024020710696309955,-0.005072144395101064,0.016051484322148202,-0.02788582259744765,0.015448726577403926,-0.004983570511268631,0.0013768316800863989,-0.03804450384981084,-0.01674773756082304,0.024132305461576742,0.0008964411917178339,0.0014122129358942193
2018-10-01,-10.46897477625181,3.5882793808328706,2.362920403656566,1.9817673596002576,0.9287629843751194,0.4930463555633956,-0.5188989301015084,0.4169903263187078,-0.6673965563293281,1.4014190653857534,-1.6488346938044234,0.4075474139721331,0.0202195254108495,-0.1334835984569609,0.0153585031702354,0.6970238584968552,0.2914059880617382,0.8559008778038517,-0.1243715742766074,0.3163483805083084,0.7123353450185854,0.4659619412927548,-0.399043579671212,0.1876987021991019,0.1090416071715869,-0.0366509888581425,0.1553383009409802,-0.4676913448570274,0.048126535042228,-0.0869515049957437,-0.2758453788625226,-0.1781085787300355,-0.4496884520683345,0.1062267408471969,-0.314897753447261,-0.3427073492321644,-0.0823413805430609,-0.1327778533394844,0.211891069593905,0.0825031083369134,0.2595897818865043,-0.2011628943943842,-0.1913494652543929,-0.017145301686175,0.0229132129798112,0.0601515150923129,-0.0915372070388805,0.0894579602781296,-0.0490634189669753,-0.0807559505085946,0.0742090169032904,0.3234508052129445,0.0314258021284003,-0.0878990221699609,0.1660399787670519,0.0632497017137857,0.4560028770015564,-0.0116706168599562,-0.052962907435894,0.1791898899400611,-0.1033981349113198,-0.0690752287850703,0.2294085060712412,0.0530596303214027,-0.0769779095956148,0.0161558986988838,-0.4509782625661673,-0.0607436786556967,-0.0624554340653633,0.2923063372351514,0.0115388855604341,0.0175639740654919,-0.0469068747575319,0.1926175185857978,-0.0440748661449822,-0.0972858408124254,-0.1985355397056062,0.0525246543337524,0.2073599050982242,-0.1523726262795767,-0.3103666656677449,0.2565868838146832,-0.1524570452330048,-0.0500274092261298,0.1367604793073488,0.1786485241056784,0.0267611991238598,0.0286497219231217,-0.2805599588675377,-0.1107302535616026,-0.189632331151399,0.1208438585943853,-0.0530314960953399,0.0947198220669151,0.0177868226144168,-0.0765742419604277,-0.0385022315295016,-0.101872911955552,0.1316691489470133,0.1161812614225596,0.0943659979268951,0.0078087989585516,-0.2934229673451063,-0.0143701691175114,0.2328183616365241,0.0125851824118838,-0.1029992306138881,-0.1398886833870875,-0.0471234568759294,0.1109162460610746,-0.1275270120052665,0.0715257603120844,-0.1538782620811349,-0.0223871723711047,-0.050224889139886,0.0818559853420999,0.0664838614652194,-0.0359275484056132,0.0094034797456595,-0.0529977816188868,-2.023913478212967e-15,-0.08751032551449478,-0.057865134860605516,-0.10718524265516005,-0.04290842071029477,-0.10436715478851255,-0.07692841037904619,0.027230856266588388,-0.005556518513112452,0.028920602544263874,-0.06415387286486374,-0.09831988091288446,-0.022619918934360328,0.007025271719528936,-0.0422948360750256,0.021981985869839682,-0.0394767482083781,-0.012038003798911734,0.09212126284672284,0.059333888067022,0.09381100912439833,0.0007365337152707152,-0.03342947433275001,-0.06489040658013445
2018-11-01,-6.437266268973896,4.049978083419939,2.2992125617906978,2.6451484581915587,-1.3861372529597975,-1.5235271457191084,-4.523457371795482,-0.2412440807734668,-0.8408262200997987,-2.297114678018108,-1.009912245007335,-0.1864214007125129,1.6549922281802874,-1.332727701772432,0.0282703290489992,-0.0221828036498102,0.2895874278718343,-0.292269478990345,1.6026967700518089,-0.1670844753732195,-0.0981087782646304,0.1303971340376647,-0.5843778783049183,-0.2423669433344075,-0.6992696895638125,-0.3735862087158644,0.7541596869918172,0.0315169452714845,-0.1748012286143983,-0.0880381055577413,0.04238202609346,0.1844954164864068,-0.014943265620941,0.0624234497097914,-0.8297354375659259,-0.5582448991787342,-0.0386694855951188,-0.3763628978591912,-0.6949028208653699,-0.1270556359656593,-0.0208052966234504,0.3385506128591857,-0.1899401940038503,0.014442198753758,0.3254210966935201,0.4363363714043191,0.0364662370916178,0.1901251764473999,0.1442153551764113,-0.1146183835383694,-0.2494452255417098,-0.1286045081335946,-0.2607625805630836,-0.232740794368752,-0.0208751682276437,0.1166993937288743,0.0190259070427432,0.1468516226759372,-0.0669366850403354,0.2446991157951797,0.1126331615419031,-0.1167056576241202,0.248770158983099,-0.0669781997161448,0.0895840168672,0.2785984599199738,-0.0777598154168184,0.2050942297051052,-0.0175237742236066,0.3476342236686001,-0.1455552988318947,0.1640726092963374,-0.0100553812810777,-0.1940602005644186,0.1416650305669973,-0.0612626152608825,-0.0063340994498928,-0.444523029945313,-0.0929318374770031,0.0748563982603919,0.100622504723436,-0.27478065801493,0.101516765232612,-0.0056810793511193,-0.1619387690820744,0.2331006795534884,0.310552690199799,-0.134637537839451,0.0515686979921586,0.0898882045616389,-0.175700738537756,0.0671851452833801,0.0139134275277693,0.1480608291768785,-0.1448988275014606,0.2177668544771953,0.0097524836679461,0.1061085293917241,-0.0853264367121193,0.0395728402747695,0.0081679469555564,-0.0569473079854554,0.0240577213766995,0.0888086413556129,-0.0927586119776253,0.2223570285163772,0.0908573598555593,-0.0759258049258728,0.108789227227693,-0.1138656521613885,-0.0860272227225479,0.0191774049170963,-0.009132314330898,0.0212507994284193,0.0429085780410204,0.0156344496199943,0.0579707050089826,-0.0110017997402605,0.0580845587761894,0.0024179991930891,-7.877461221587015e-16,0.038015547267517436,-0.02237176777656602,-0.015634152390211042,0.026255455029805974,0.03806549078336774,-0.019624936756042044,0.02272319361661923,0.05484590809604595,0.035388584673845314,0.08083443601095741,0.024767783332775073,0.019466398735977775,-0.04092091630810568,-0.0341833009217507,0.007706306498266313,0.019516342251828078,-0.038174085287581705,0.00417404508507957,0.03629675956450629,0.016839436142305653,0.06228528747941775,0.006218634801235412,0.01854914853153966
2018-12-01,-16.28668720515106,4.751102728863061,1.871610557988174,1.0110043823747437,1.7982628254776696,0.2718751983789458,-1.5523348105922523,0.4770779707236561,0.4553542551024853,0.4820658187304654,-0.0485111375419025,0.2427003171609589,-0.3348001029746038,0.4864132853038776,-0.6178417849591067,0.9140000087576928,0.2395795020406035,-0.1351861665044238,-0.44932027468557,0.2065349959823797,0.703125054131865,0.2200848391664683,-0.5924628356883151,-0.1585369768179408,0.4635222220245829,-0.2094723409154783,0.3301798876524607,0.0535046056176308,0.3204401879625862,-0.130039684841584,0.2158277433615899,-0.8437581924008519,-0.0760606697419086,-0.0395461791658165,-0.2930978737735133,-0.1075613297201386,-0.1672952990709131,0.2778971346816933,-0.0093939493305808,0.1318646143714897,0.3075081001645784,-0.2053173111907938,-0.153862183541756,-0.3789323654143794,-0.1362945642025678,-0.1116539789226142,0.1486110347775656,0.2267781411741155,0.0945305949949081,0.168428167791921,-0.3262535206441963,0.1960146358892562,-0.1589365174675439,0.2949271560839855,-0.1250597216993896,-0.0457468681227571,-0.0733952287598431,-0.1061647789989851,0.0894957349027659,0.3356593661886088,0.1641278302669634,0.0618098821760941,-0.0329955302603277,-0.1338780149179544,-0.134210721465724,-0.1164598098714492,-0.4525363684201703,0.0221577541914631,-0.1586996948958926,0.0278424821073062,0.0268046165693196,0.1703679810201031,-0.2159360289059302,0.0738402000131039,0.1449695153974674,0.0979178288286334,-0.1014897467180598,0.0734372355751004,0.0546677684719437,0.0320334169235397,-0.1405005237766511,-0.1003250269817874,0.0826418611957306,0.071951454228247,-0.1523440860860402,0.0158023999310439,-0.0079806477211967,0.0868084468993081,-0.164404610758329,-0.045554992479062,-0.0210798913927276,-0.0655718202062302,0.0410633776490904,0.0384575342589188,-0.0708736749421785,0.0176106776509886,0.2201927466021597,0.0386877715833968,0.1675502771775439,-0.0565928377861491,-0.0246495026267287,0.1714210031532859,0.0226142896564338,0.0354422575527276,-0.1202585491635476,-0.1940669062138391,0.0570280559357449,-0.0187046327593396,0.0044686923563051,-0.079313713784854,-0.104099274973531,-0.0292083115490066,-0.0248170497012191,0.0322770497686078,0.2227648567526448,-0.0187141057207763,-0.0635576010171559,-0.0239057420978381,-0.1570257206400796,0.0418022225090322,9.928874419884168e-17,-0.07489450506532791,-0.0828705666535795,-0.13250645705683328,-0.11679637809089904,-0.11207651749395375,-0.08772433248904188,-0.09740489052944035,-0.084195036185722,-0.04803023656234662,-0.09763219993103289,-0.08315590416383123,0.01844838533665316,0.010472323748401569,-0.03916356665485221,-0.023453487688917973,-0.018733627091972682,0.005618557912939193,-0.004062000127459275,0.009147854216259077,0.045312653839634454,-0.004289309529051821,0.010186986238149842,-0.09334289040198107
2019-01-01,-6.786119651451257,3.740426700218188,0.9643989170029194,1.2689268384060977,1.2841743181194478,0.580468399924787,-0.0986136769067061,0.3446044821068608,-0.7273374991689547,0.767437853951639,-0.426140098142405,0.3060953382448631,-1.2954611852144395,-0.8696954743089969,0.2966668510379714,0.8701761093081072,0.515683871226874,-0.0011636482861198,0.5662656887290102,0.2551132717000021,-0.1683294765907826,-0.1448415284053656,-0.7787901794076487,0.274913014471805,-0.3991860175211679,-0.5144995958369657,0.3708100076465672,0.0688857031948155,0.6734719119182385,-0.2334984913973169,0.5132566058410768,0.1407406549918603,-0.2142568139512055,-0.3005225132660302,0.1539208887035879,-0.3850038666563237,0.0431074351321385,-0.058535028453448,-0.9717720896126482,0.5495617193010959,0.3113909353513461,-0.3154864480100864,-0.2307094898454316,-0.1093488073564579,0.1266190802825068,-0.1673586080313793,0.3868952881205088,0.2934966565774354,-0.225379225160553,0.0662904596808539,0.0409442043015596,-0.1083239120869435,0.098287262172158,-0.1191879782431639,-0.2066514917648929,-0.2022057515472817,0.2835931959591709,-0.1146460085314181,0.2708469884258245,0.3292126546020991,0.3421296193963851,0.0544954002361241,0.1072798875333217,0.0383272943137053,0.1672294538356891,0.1627915388130373,-0.1256570702545719,0.2250202414837568,0.2050318286889365,-0.2169088154338766,-0.1618681003574708,-0.1449109071024095,0.0397981586600838,0.1279142281685013,0.2540377596827005,-0.136266149858612,0.0173737096278686,-0.0344977004599052,-0.0704777370824648,-0.017296116331308,0.1773631070436067,-0.2200245592813864,-0.2289957890608668,0.1283037784965065,0.2281170244766494,0.0952241628432265,-0.1179002503241309,-0.0505849781389524,-0.2398725355432787,0.1055676854729169,0.188086652637819,-0.1243395327311881,-0.2518572738145563,-0.1343501343220862,-0.0200475860673065,0.0199775690294074,-0.2721546989564988,-0.0118101685676105,0.2798942780224056,-0.1416360317623975,0.0616280161679778,-0.1977632846526124,-0.001588567571449,0.197441809168113,0.072938922579387,-0.0222000851565775,-0.0642947967676661,0.0082437624398795,-0.0124373281454436,-0.0367572863531171,0.1809314069302249,0.1051616395826623,0.0439898989492466,-0.0290866140446176,0.0383846442953431,-0.0020013116340421,-0.0724716106033517,0.0219333095807836,0.0372296919988518,0.0096790377595628,-9.375524693890304e-16,0.06288641343397594,0.12112881703811018,0.1225212768666386,0.09579131503688965,0.1211522374331866,0.07401853201705033,0.0610192262371303,0.1204205431639973,0.043558051400948594,0.052843906947939834,0.10298309211707068,-0.023486711244977254,0.03475569235915699,0.03614815218768541,0.009418190357936451,0.0347791127542334,-0.012354592661902863,-0.025353898441822897,0.03404741848504411,-0.0428150732780046,-0.03352921773101336,0.01660996743811749,0.0863731246789532
2019-02-01,1.6531834645517132,2.667226027439591,1.8079744863035707,2.046083729042272,0.1472629152731575,0.053384395251305,1.3018722407957048,0.62206377419785,-1.429038852343551,0.2049854902283359,-0.131636900939968,-0.1975451611001972,-2.0999517604132056,-0.4790795841201171,0.0758942576678334,0.6570975763485075,0.3618928689134759,-0.2925162829953476,1.054098090739536,-0.2512288295649229,0.6713886341929424,0.0594844369377483,-0.05014873359331,-0.1169266463441928,-0.4278061743854534,-0.7862890914588354,0.2707593877388207,0.2761028015785884,0.1094268354138086,-0.3778079240236879,-0.3447569115560809,0.1261911256065548,0.1077628843925811,0.2575281930384857,-0.021136479354096,-0.3686847703603239,0.1947670391713342,0.2979475589868753,-0.502308374799167,0.716826930706124,0.0904988645316099,-0.3649878375162853,-0.3278169943071637,0.0453761854292529,0.0495287621438426,-0.4852360782318373,-0.1242543759674267,-0.3056442975426376,0.3236070646469533,0.3797398400067907,-0.4329517231643873,0.1310324477905117,0.0242334539441016,-0.7431717288025697,0.2207480282003887,-0.1428711314833266,0.1991843956147433,-0.0998681622275319,-0.0470127746692637,-0.4559238507347629,0.2328727079668178,-0.0659564761042936,0.1963412118378236,0.0428928903752768,0.1841863497010168,0.1895260331678015,-0.0053945796862939,0.0473523139247155,0.0113697926603935,-0.0608496608608353,0.2933470743016668,0.0748281720725784,0.22881319214739,-0.3683841916480256,-0.3725401184922643,0.2748898695468608,-0.0316927133925329,-0.1422847864543735,-0.1599736619937804,-0.300929594590583,0.173381206766169,0.0801306536741114,-0.0010362598603071,0.1603607591341828,-0.3787014494679271,0.0013224971040896,0.375524752157989,0.0071037537356958,0.21559622663333,-0.2535581126030066,-0.1095064832371173,-0.0556037982723912,0.0694512468332388,-0.2433986844922999,0.0041664828100064,-0.060928220424009,-0.0992535679462624,-0.0651905259533013,-0.0458143677244815,0.0119551731358131,0.1108307898695613,0.0623300816294006,-0.0057305675767019,0.0121518176828991,-0.0867732301049445,-0.0681800871875265,-0.2185770185834309,0.0989554469699215,-0.1068942833111498,0.0160394779293342,-0.0480895862096251,0.0302741461573144,0.0202235006096156,0.004171398604349,-0.0420214775939081,0.0006704669551086,0.0224116429725609,0.0231637045873317,-0.0548320595402197,0.0325493231277585,2.0722130708273452e-16,0.031865086552728794,-0.0045521806573946,0.02304820550590092,0.022358924308025774,0.0636753305121116,0.06910081128112888,0.017793594614096575,0.01106891259072218,0.041088468857410465,0.010808838543920674,0.013145661290650423,-0.0005503767446550789,-0.03696764395477847,-0.009367257791482952,-0.0100565389893581,0.03125986721472773,0.03668534798374501,-0.014621868683287298,-0.021346550706661693,0.008673005560026592,-0.0216066247534632,-0.01926980200673345,0.03241546329738387
2019-03-01,3.5105572158269696,3.440318763247937,0.5465318622344266,1.207899757877639,-0.5549034540637073,-0.81039470517339,2.4049149129740917,0.0246653135759226,-2.2430644114864835,-0.8411996329161828,0.2647078366111117,-0.5338651392517062,-1.0094502220532704,-0.9010459471151908,-2.0776924411059743,-0.2799784339809418,-0.8335151770986807,-0.4833071437621122,0.0609483398154498,0.1996930608200191,0.8242821300330283,0.3678417470571649,0.3902510461866489,0.7176343069034076,0.479450275636152,-0.9092014596178332,0.3289986483290686,0.5880249973332643,-0.319331563895141,-0.2447959156132141,0.3969721957838161,0.3466641199465696,0.9477426676960872,-0.1277273003842249,-0.3081415629938037,0.2258042151464022,-0.7153824071329749,0.2906990341500155,0.0412155041681084,-0.1795524711842274,0.5849740215740069,-0.5580965123813653,0.1727126550941259,-0.1765125994215405,-0.2890129724576073,0.4041648206167839,0.0253081110966046,-0.3836467569066423,0.1128954561814015,-0.4023447633843466,-0.0933100503987873,0.0031500895248198,-0.6270724814645909,-0.1569528973998566,0.0338361535318676,-0.1834050799500305,0.0706465529068334,-0.0397322779361179,-0.0043929657369475,-0.343465275908646,0.3089137235851108,-0.0951850791167991,-0.2787691135994575,-0.1031261896777857,0.4027151091531452,0.0870282929343198,0.6652311564574592,0.4736747210775024,0.0655510679412252,0.0664801230236666,-0.2414332289499489,0.1973229822597652,0.1269045823577552,0.0333136914452491,0.1912345041408275,-0.1468111872160203,-0.3344765913251736,0.1260044258917846,0.2839193923772301,-0.0740120170148379,-0.1838051057235601,-0.1952783174677743,0.0453478788244487,0.1144831692126281,-0.0845945660174305,0.1522240842060937,-0.318863331486626,-0.0750267706817771,0.1427696488764818,-0.0610353382088952,0.0813878387069248,0.0981263721783178,0.1872211146341137,0.1522424026735701,0.100391807277569,-0.1288193629392347,0.0882881871239319,0.0336017627892221,0.1243844076830899,0.1270475758621198,0.1265906066520542,0.0336900178714998,0.0238949508953776,0.0941214242531697,-0.0239814539581552,-0.1324020811656301,0.0279449274282546,0.0555248366229856,0.0155021236068443,0.026740801490245,-0.0427302586254778,-0.0265215662002285,-0.0069343312649747,-0.0360866650994172,0.0160291648982394,0.0238363745671228,-0.0130849700945415,-0.0127853239711877,0.0811421326271895,-0.0324756198106053,-1.38307928376821e-16,0.008174265816309756,0.018510011576104768,0.013333217879503811,-0.030543060361716723,-0.0171594470014933,0.044312775742280985,0.03257263999277438,0.04350347018884548,0.02034740144670133,0.0010908179174544674,0.03302798575026511,-0.005461493990951638,0.004874251768843374,-0.0003025419277575825,-0.04417882016897812,-0.030795206808754694,0.03067701593501959,0.018936880185512983,0.02986771038158409,0.006711641639439936,-0.012544941889806926,0.019392225943003716,0.013635759807261394
2019-04-01,5.750891706801487,2.443952125740027,-0.2092215204849829,0.5191718953426999,-0.3234390623787044,-1.185628916332614,4.04577100243873,-0.0174398706967947,-3.099224625503361,-1.694914813259256,-0.4855421481469876,-0.357308972583681,-0.2907897539984445,-0.4249132678040994,-2.1167173038835445,0.4015274108965668,-1.375856027216722,-0.8095670764147037,0.3729436100854699,0.0842103263548481,0.6693458662397541,-0.3142027253813179,0.4724142808137853,-0.2687524496239256,-0.1906198625211221,0.1538846158461865,-0.5264387517608791,0.504150749189471,-0.1657146308580925,0.5052947074691068,-0.8278502914989008,-0.1633511725303345,0.1530270817880947,-0.0806575866504364,-0.3467638269057279,0.1973279907900819,0.4859364504487641,-0.713735357882621,0.3041884655195606,0.3557022138227518,0.2207030306363486,0.0791251138795828,0.1615970603451005,-0.7626238111126559,-0.003778528861085,0.366815414009099,0.1335002756954582,0.4265219288698573,0.5207220688010047,-0.6717554506904733,-0.1830797762133267,0.7987688917083501,0.0208317789821076,0.1213722777979414,0.4422162650596902,0.2212302926593786,0.7703862420562799,-0.6431833049674568,-0.2424632244295931,0.1801567092460579,0.1493303711595659,0.3504891793120178,0.0220360211426422,-0.3275852931373819,-0.3981697705165127,-0.0372336276994669,0.0009154628246081,-0.161368656035989,-0.1969661296197017,-0.1492846246602605,0.0754096370813892,-0.2436669362031929,0.0611364889022207,-0.0819767422349127,-0.1136280755462008,-0.4038167826529978,0.4163732294687241,-0.0089502826583507,-0.2198249056408024,0.1373152722129036,0.042934677511817,0.208089748808283,-0.0338330322049691,0.075956541528018,-0.0725157335946381,0.1935067579240472,0.1538555554620057,0.0351288616115759,-0.1672090802892176,0.0923114540354,0.0306677761160269,-0.039824902436767,-0.0032118729880042,-0.1562960209126515,-0.0012399726617201,-0.1199576384084015,0.0479928225112391,-0.1025042346962235,-0.0240886838956082,-0.0274072317397207,-0.126576654211227,-0.0212514313834583,-0.000479264465632,-0.0027892696790182,0.0829257579611807,-0.0198471202776897,0.1334999823470711,0.0343622536927519,0.073910122542167,-0.0602250839207203,0.0260275599489562,-0.0171203593484926,0.0164370485158881,0.0160024919602479,-0.0039323276009601,-0.0034455249274241,0.0118612518068401,0.0119593014463616,0.0034280689552835,0.0046789692706629,1.3175587488367144e-15,0.039606360279273334,0.07244648499344786,0.007690353560445118,0.09541226893584742,0.04571033864884799,0.0670853931025217,0.034150336366259415,0.0004532833621508914,0.016768349038770003,-0.023516303591795462,0.0582320539918304,-0.005830461820900856,0.027009662893273667,-0.03774646853972907,0.04997544683567323,0.00027351654867380226,0.021648571002347516,-0.011286485733914775,-0.0449835387380233,-0.028668473061404187,-0.06895312569196965,0.012795231891656211,0.04543682210017419
2019-05-01,-2.539320729199859,3.6421090443641497,-0.5367876419270069,0.3789037221950359,1.0067635447030616,-0.3787746399778581,1.8851103370493596,0.0770585183462909,-1.9046733719429711,-0.5658246812971225,-0.5955147549078963,-0.5384922719499939,0.0257508274638427,-0.5753436718210603,-1.5940704054561177,0.917238603348574,-0.269230317041091,-0.6693265352689234,0.2839446937066661,0.0427684569442481,0.4267775992361792,-0.1316691297450867,-0.2744310509975039,-0.6446746115249966,0.0541311790120081,-0.2143355789857586,-0.7455626748616344,-0.4512551859384199,-0.1532458116583042,0.0303926681090944,-0.1008663882610883,-0.1411457548815624,-0.0636890004530986,-0.1152379909677506,-0.3241173498965031,0.1988126059437663,0.115316470110013,-0.0601982783606344,-0.0298119669947324,-0.1394343697328916,0.3013037353091508,0.2955130350393437,-0.2966146989093272,-0.0095961285798231,-0.549463589520044,0.0217795050456013,0.3611875446764351,0.1165436444536271,0.4427940230028233,0.2745653656168277,0.240990971927537,0.0351992550962119,-0.237564946781952,0.4297006447529152,-0.1188616915064077,-0.0324147753783188,-0.0422974067238781,0.2290455231082785,-0.3020640883713847,-0.1727187307154537,-0.246845791243545,-0.0199270763091772,0.2720800463991245,0.3581283410197006,-0.1735931268553835,-0.0853359303468648,0.0624761576954994,0.0129244572270106,0.1726209914704806,-0.0840409336236732,-0.0587240266916913,-0.0598066590415002,-0.3101621315804344,0.0457556785111029,-0.0666171838234457,0.3134669805306061,0.2413429888505297,-0.1784514053604101,0.0630307778528377,-0.0502359835199924,-0.4542204865080541,-0.0333411813987795,-0.1493181301497515,0.2489917756781805,-0.0410939807215394,-0.266717248982523,-0.0113546871159991,-0.0430211802812985,-0.189668716805591,-0.1460243341121702,0.2112240055504163,0.0234381239022,0.1246382653106863,-0.0033326848212226,0.2075996701086888,0.1436035197960742,-0.0816788776646606,0.0854458031879436,-0.02020266613039,-0.0302648077824423,-0.1060177686226658,-0.0590515862575303,0.0913386082373634,0.0431038268841229,-0.1240631452854848,0.2183571554566311,-0.1481114549865013,-0.2022684858482217,0.0104234980419136,0.1156893452251292,-0.0175052843467927,-0.1022892794116706,0.0939782685116534,-0.0798104469478802,-0.0046076447321888,0.0496029597532033,-0.0486750861938946,-0.012927144363172,-0.009667924779351,0.0059439007577516,-5.964004081628697e-16,-0.08181028105829491,-0.05951676061420774,-0.11102712233422374,-0.07173446730416655,-0.07640033761564435,-0.0866473964160388,-0.03638872311649932,0.012212429138394931,-0.007835120050974753,-0.02218237161754477,-0.07603897390261827,-0.018039259733826474,0.004254260710260693,-0.0472561010097553,-0.007963445979698114,-0.012629316291175918,-0.022876375091570367,0.027382298207969114,0.07598345046286337,0.05593590127349368,0.041588649706923664,-0.012267952578149832,-0.06377102132446844
2019-06-01,4.741221616609481,4.0634573850651705,-3.04835789541101,-2.360212518734246,1.6176397937818066,0.8203905379026474,0.2036985517760282,-0.7623385448014948,-2.477131738180733,-1.1515791819652548,0.038451485565741,-0.9858153342826278,-0.3919008560893365,0.851203690531565,-1.3866921443361573,-0.125955901759457,-1.0474183157081407,-0.6749140618263324,-0.014208904674855,0.0171268747686436,-0.206247070410516,-0.5600177738876008,0.1557037192285663,-0.5437895519653242,0.232774166859506,-1.068051015494737,-0.2137609572606575,-0.658714624000964,-0.1938789461960637,-0.3045360442722767,-0.4705663619796481,-0.6680630926162777,-0.4808898934760213,-0.1028930082836035,0.4328855216908167,0.6044135101207212,0.3358922652512477,0.6241005263747691,0.5673258119048579,0.2597978703015526,0.2787162529297102,0.7759048849331173,-0.534662935380531,0.4277996993110192,-0.2559674767962452,-0.3747990607361631,-0.305559227510978,0.3158392709189355,0.0469256048005721,0.2091024921030413,0.211094643553035,-0.0957417461307997,0.1892903632389213,0.0227206537510726,-0.2781648995615988,-0.2204083517543357,-0.0988305121935987,0.1098771572454945,0.4032165629740409,-0.2622175010866623,0.1851006904578937,0.0933341064388623,0.0082943375212021,0.0004952068636426,-0.1365785690753165,0.1100589086508678,0.0785326074950552,0.2048206675669563,0.159752825238519,-0.1120866442132122,-0.5450196849821872,-0.0164709089175849,0.4508831703409951,0.114605401592926,0.3888482682955682,0.0927910316386955,-0.2350253252590316,-0.1224497515842346,0.2683787589030302,0.0313574945919558,0.0483564596172981,0.1419608280464085,0.1439396922115822,0.2363620575956062,0.11628433729047,-0.0334396075873454,0.2251655478505043,0.0169393347402308,0.230520912671263,0.1635342054252281,-0.0710243681216102,-0.0402661095916411,-0.1967274681346751,0.1245797581879984,-0.1845126974436738,0.0187026673913073,-0.103901381526567,-0.1636111819555672,-0.0370999130154687,0.1047732592078241,-0.0951658421710869,-0.0252629795303118,-0.1261753020915938,-0.1877882156604239,0.0283196033606953,-0.0286794629979808,-0.0378679882139231,-0.032863743244993,0.0200593036655375,-0.1017787712023454,0.0521986624682125,-0.0492432670591124,-0.035552588643305,0.0131211273238651,0.0193414819627091,0.0563553733458762,-0.0013633708908837,-0.0382671984991418,-0.0105575671206872,0.0469328626817457,-8.195383683309628e-17,0.10900477252418583,0.04523266937120307,0.08405655702907455,0.061130374558263645,0.07453142514997069,0.0855473759105494,0.044236721656340405,0.008225647527873248,0.023690818964773097,0.06141184168593705,0.07445459778638441,0.04459534168100521,-0.019176761471977555,0.019647126185893926,-0.0032790562849169813,0.01012199430679006,0.02113794506736877,-0.02017270918684022,-0.05618378331530738,-0.04071861187840753,-0.0029975891572435742,0.010045166943203787,0.06440943084318063
2019-07-01,6.705435480164847,3.8146029483469848,-4.370291466137698,-2.454325048728084,1.6566414917810834,1.5102824531073522,-1.0190361429219466,-1.1509393798210117,-3.385873352483369,-0.3604887756748776,0.1074283999439962,-1.1303306200408498,-0.8285791812390254,1.4411938935464166,-0.3854246513545648,-0.3661268586319875,-0.3922493692007973,-0.6156988772170713,0.7135332719095099,0.1451625162932273,0.5939100510627328,-0.1450702578576843,0.592818959717199,0.3822124345201557,-0.3146859301061288,-0.0446512875290213,0.988598184576732,-0.51696753416806,0.1709797589877496,0.294112084616163,-0.2626415076023018,0.4052360278216618,-0.4764941909320156,1.0323221920437622,-0.0916048832100477,0.3049466498392152,0.0516011529867894,1.1173518618666496,0.3101735220817164,0.3657547620531063,-0.2615791474672346,0.0313685575157558,-0.5391579237118734,-0.2567209733885495,-0.0646542384103533,0.2347742758948999,-0.4409441302979294,0.0822021161682682,0.1868284948206218,0.4663012079593533,0.2283968033889316,0.4415402330030025,0.2796950437618662,0.3382987205406437,0.3468888574062425,-0.2275804743880823,0.0860118129612999,0.4339430231660801,-0.0059829697836059,0.0203457057582336,0.1727398246622712,-0.1712864181878897,0.3632842025943751,0.1500893657054969,0.0832946406674103,-0.1024309305373479,-0.0967452628221136,-0.6136754568050758,-0.0578542904394914,0.0979625552076744,-0.1654386012339353,-0.2617941240605875,0.1527707690203643,0.1575321263695303,-0.1912192535827733,0.0965955096420971,-0.2955506964171681,-0.1169463617632982,-0.0109139002449667,-0.2327478794152608,0.2072562665090504,-0.1314410281810783,0.1266267879938973,-0.2003422724612008,0.1980198582865466,0.1308275446561372,-0.1044758454825881,0.118338294850367,-0.0830365444936847,0.094292645649124,0.0790422182978872,0.1323390375317201,-0.0377606699658724,-0.0295447454495901,0.167375123017566,-0.0812093204432613,-0.0031826063824706,0.2262595515175415,-0.0648600567253677,-0.1248758124545801,0.0947149098703658,-0.0346098503494075,0.1156373190319098,0.0733580904203932,-0.1002785338644453,-0.0464542708252823,0.1140148732929447,-0.0853261028366366,-0.0109011705441611,0.0195053045360659,-0.0467770457119158,0.0521567910680955,-0.0121229964286396,0.0129656064863309,-0.0070191109920013,-0.0842578755113104,0.0357598149472354,0.0297436652401915,-0.0028799082317688,-0.0400661232147162,1.24718426205099e-16,0.0032291697204638314,0.034169044441729524,-0.006869976773049236,0.02876578697090948,0.009538091341285027,0.038639141795581144,0.03122020695060934,0.02547631087119706,0.006630886988530982,-0.01199408194505669,0.01624344254429988,-0.01682774826343625,0.014112126457829444,-0.026926894756949316,0.0087088689870094,-0.010518826642615053,0.018582223811681065,0.011163288966709262,0.005419392887296981,-0.013426030995369098,-0.03205099992895677,-0.0038134754396002,0.02005691798390008
2019-08-01,-9.453247653579398,4.637591665093571,-0.7733964889665154,-0.9334242068522752,2.146705457618604,1.5955092109104283,-0.8492853369932425,-1.2622789262751306,-1.3038275763394027,0.0489676233853936,0.0683812359481672,-1.3764074558191148,-0.042525631610172,1.2007715052032697,-0.75631423868267,-0.0442422537763476,-0.0889587729848226,0.6295214704007024,-0.3649716849997532,0.018236515413952,-0.0331337755868711,-0.7895646780996789,-0.1900090375660431,0.4921485241603325,-0.5098926885300482,-0.0237782500990116,0.5769212834990416,0.2847407445075836,0.3776458247561352,0.2268454167633039,0.4741190682232506,-0.2893483709403016,-0.0478342463532805,0.2519139356041371,0.2082020476593226,-0.3212841949211678,0.2015573930019039,0.3681716356613372,0.3291754203015535,0.1160286586266889,0.0744532690562523,-0.2041165706181935,0.1813196066087019,0.0519861480121645,0.0135179050423529,0.3255235360051787,0.3808822627754578,0.0659299527386556,-0.4807862308876054,-0.3603029950716991,0.4012932939288877,0.163612357805795,-0.0752941721679793,0.2224174693859372,-0.1797912879590712,-0.1162234097878882,-0.1070118836477094,0.1674014398752994,-0.0940036842656871,0.0885474834153849,0.2688631484589375,-0.1122920672376827,-0.1696463188043213,0.0655259653337799,0.2993497707845655,-0.1640293478675092,0.038071914962659,-0.3066580431124686,-0.3660817641486908,0.219207029347426,0.2894471515272471,0.1462406402597266,0.0884875585872598,-0.1883137943095506,-0.1493402695483759,0.2716516396343884,0.3123374907439989,-0.1368957593857669,-0.1504157721654508,0.0708820054950359,0.0094231921666474,0.0003576354462173,-0.4813530186689245,0.1204676372493997,0.0230687926970509,0.0850568817024828,0.0657814910771602,0.0252742237174927,0.171737270505072,0.1660696298312947,0.1489980038395836,0.0473730266263959,0.0544263751659484,0.2417727449957575,-0.1045111804652833,0.0555992029498212,0.0156381891745944,0.1156231248300822,0.1128677776961601,-0.0030544796051554,-0.0857522868464312,0.2047611328060213,0.1565554739897399,-0.0784939310977987,0.2257162030216066,0.0946147074513237,-0.0472252834890417,0.1862140809556611,-0.0616741163137913,0.0207900415865464,0.0095458657186463,0.0045253246101032,-0.0243603010919249,-0.1372660616819139,0.0178907169966327,0.0370007988134214,0.050648513514296,0.0186620930468592,0.0112673119727224,0.0535077689824509,6.159911529481505e-16,-0.028282712181595393,-0.02461599711783291,-0.08325336379255766,-0.04707967156192905,-0.02647174956146825,-0.015352608524416667,0.0217060089806429,0.04811555139014989,0.050881581992056724,-0.00592513397937211,-0.009443374414562111,-0.011539322310781253,-0.00787260724701877,-0.06650997392174351,-0.030336281691114908,-0.00972835969065411,0.0013907813463974739,0.03844939885145704,0.06485894126096403,0.06762497186287086,0.01081825589144203,0.007300015456252029,-0.01674338987081414
2019-09-01,6.051776737038751,3.27258647012783,0.0558752847035788,0.4254053323473152,-0.1172506504971753,-0.2242267027848445,1.022185291695178,-2.852927992238369,-2.5185499083709564,0.4023721425341526,0.2291256967144231,-1.2827613850030233,-0.0214055889947484,2.435907864187822,-1.3062907983962988,0.4436169051678268,-0.8039205047325194,0.2723216863782536,-0.4127594860513465,-1.047810941750747,-0.8740837444827624,-0.9556942712662564,-0.6044199446297734,-0.1301852617564748,-1.117381334712403,-0.4081191453568261,0.0446357531382263,0.5523184031921325,-0.4086037944355365,0.1464611801869094,-0.0701152818222293,0.631624509275273,-0.4860805502847861,-0.180447774056668,-0.2372566806501679,-0.4913807502411541,0.6408543499914667,0.0217509677367372,-0.2029312182577752,0.4512723311829302,0.2501594415874055,0.34951363605304,0.1791681886109327,0.0819130570362622,0.1319327210345084,1.3334756022986114,0.0969706859398585,-0.2111327032337526,-0.4676698884388212,-0.2995769129202221,-0.0233393006899345,0.2896836935121892,-0.0012826144746724,-0.1398301020185798,-0.2691001306992979,-0.1431407966820171,-0.9292804533276768,0.3350301664692743,-0.2868609902036555,0.4153476521888769,-0.0392496657063743,0.4002053395071274,0.0752061517929309,0.04935313768035,0.1708491200166366,-0.3179957513653626,-0.1777242156416529,0.2206170588917007,0.2164209121095581,-0.0328181910070169,0.4667665385482197,0.1139504838462769,-0.1328075688018593,0.1943412576989208,0.0650570092250062,-0.1114476876821629,0.1558369520010644,0.1155356352075337,0.0879737870960861,0.1935881098100989,-0.0476793828855912,-0.0436664001933736,0.0551047733988821,-0.0628152758656927,0.1307076226370864,-0.1976690502165675,-0.0606868057539071,-0.0312520092161916,0.090786119121635,-0.1360799220670017,-0.2961698779091872,-0.0913749506428482,0.0948795097843779,0.0037188744887765,0.0281041315612576,0.0274131818209632,-0.0240871961074053,-0.002621793932334,-0.0168342826091932,0.0544656252381132,0.0684045396842737,-0.103531724563264,-0.1554643837118386,0.0773455117111436,-0.0848442176023375,-0.0564844133168584,0.0157526385452947,0.0232848813950039,-0.0613123427253331,-0.0110001289926933,0.0031573030290564,0.0381748688211784,0.0244221452742664,0.0734249632865685,-0.0537281610738776,0.0150204685325185,-0.0256725952581274,0.0326359471638808,-0.0370493775001842,0.0031412871458565,1.4236989757674812e-15,0.026636403838346423,-0.00020211365826217076,0.029923044447571767,0.04011901398209883,0.024683523178781197,0.01257420538862819,0.011528433592547405,0.003315366329769809,0.0345157854301712,-0.00518753505139169,0.009366133782109598,0.011864694417029975,-0.014973823079578619,0.01515133502625532,0.02534730456078238,0.009911813757464749,-0.0021975040326882578,-0.0032432758287690433,-0.011456343091546639,0.01974407600885475,-0.019959244472708138,-0.00540557563920685,0.014771709421316448
2019-10-01,3.708871704606364,2.4709560903491052,-0.0990037790409614,2.485163585121239,-0.8220090570583848,0.133721350291061,0.0756770949257958,-2.469137080101437,-3.1260912624290835,1.2855058577564629,-1.0935725765740136,-1.975959853048996,-1.4545162139144103,2.800841214169441,1.2041166507919785,-1.0225804278597523,0.314118276065048,-0.529177092303445,-0.1040793851982726,1.7116463700023583,0.1106118868171602,1.3548921650249526,0.7872267243241694,-0.277550386176372,-0.2645218170614452,0.4674257549371726,-0.3600422333223321,-0.7700505650214268,1.1408052258660444,-0.1351385040121994,-0.8412385977405767,0.3446103809433886,-0.3367711076818164,0.3589393438064968,-0.1556697907747966,-0.1874390911703098,-0.4072954072337497,-0.7200113867260853,0.1045607029534275,-0.1810577470454253,0.077751305908077,-0.4895446290187873,0.8018727766481492,-0.2949982666603614,0.472866807803608,-0.6566421100102476,0.3060735263329358,0.6438460212287472,-0.6149140508115711,-0.4121450179283154,-0.4860684147643451,-0.1299132933625818,0.2852759402516936,-0.312187113782118,-0.0676218995667927,0.1738352467307303,-0.1872751205446833,-0.4725366848040083,0.1532672128850964,-0.3251170708362686,-0.6720007949636173,0.0032855654952431,0.1460211874864037,0.5324483554710163,-0.2261182505360671,0.0783537669374421,-0.0496357192394733,0.196035306546218,-0.06828931467081,0.3363323863922545,0.1265763464002087,0.0817075593775119,0.1646092333182566,0.0446133567270914,-0.0098918985155079,-0.2987841044900605,-0.2478517419323101,-0.0779583722974124,0.1072392035189409,-0.0620416952706213,-0.0888865011612216,-0.2635944159562385,-0.1318767149390828,0.0626765680866047,-0.0478545443325312,-0.0707167614862113,-0.1142689616168762,0.0245337241819474,0.0703248403319244,-0.0757402349610947,-0.062510341555945,0.0354929307428401,-0.0555934420403179,-0.0364913629818407,-0.0461902050715896,-0.0117928444961383,0.041652310211907,-0.0209522278783184,0.0159196564704349,-0.0277193733026392,-0.0423701032926727,-0.0119747995043333,0.1356301743936219,-0.084623042615961,-0.0522470279218065,0.0501855829982743,0.0362314801256991,-0.0170254446501497,-0.0258783252561823,-0.0434110363677188,0.0040202125924825,-0.0268196884060519,0.01680846521283,-0.0200120168720986,-0.0039029723078118,0.0048700390136843,-0.0355161636850696,-0.0160917317117679,0.005645160013611,0.0042154771591086,2.6718368413275764e-16,0.004854874274844656,0.024597631913635176,-0.011991304245635104,0.03022547809120346,0.016695726905554986,0.042228654819755906,0.001657888169973143,0.006438636953416621,0.00010642300644403413,0.05562576646647055,0.004564136722343015,-0.02196945381055526,-0.0022266961717647415,-0.03881563233103502,0.0034011500058035438,-0.010128601179844932,0.015404326734355989,-0.025166439915426775,-0.020385691131983297,-0.026717905078955884,0.028801438381070632,-0.022260191363056903,0.026824328085399918
2019-11-01,3.0673570587629664,2.9300834013107337,0.6007716751135428,3.023884178737631,-2.437388257569273,-1.078071171167212,-3.201198864770002,-1.9252639864761656,-3.5283691167398072,-3.1826007707298176,-0.1368792330546781,-2.191504231018047,-1.1129142210217795,0.4877569702070515,1.6085854318373507,-0.9403582843778696,-0.1787811983296968,0.470424594082321,-0.8692455527101821,1.506266065619137,-0.7833817683167311,1.5048601527909744,-0.233635843682185,-0.1892627755277099,0.108725581129692,1.94410394278906,-1.7542736770528375,0.0873920499858425,0.3217143581316226,-0.8769814424199708,1.5681662101082958,-0.251848167186746,-0.100547047800915,-1.19280154150909,-0.1957068103785417,0.5195258368637898,1.084488291941258,0.4629616196017619,0.2268226577641829,0.0849987624461854,0.3656256949431463,0.1858641189427862,0.1609579350984838,0.391360427539496,0.3448070351320166,-0.1420797294045172,0.3100786219269496,-0.4233987453873485,0.7046174987632385,0.2720850535929514,0.2218764788105056,-0.2541878194599187,-0.4260748217553445,-0.3694133701792958,-0.0305522615328483,0.1065656151255967,-0.0070826259259354,0.3239530244623079,0.133073382011902,-0.0509795075949358,0.0337841130846162,-0.2612370896194935,-0.0409557359635519,-0.0509436898192497,0.0275655489875961,-0.1779284097047807,0.1206873061592705,0.073061292993884,-0.141252753397941,-0.1909827603409672,-0.0905122739427769,-0.0906129906079494,-0.0667799999744042,0.078154606357368,0.0108158176223173,0.1174684869990194,0.0149834409329951,0.1047702678196204,-0.1311156704061938,0.1688811419709362,0.1166280894747276,0.1580562286841906,0.0257122615315135,-0.0750409457988164,-0.0474275123024113,0.0476515919745226,0.1026343362250585,0.1212090149776423,-0.1248248578420394,0.003647636345181,0.057638582385692,-0.0137418687335572,0.0933709881679766,-0.0240857657334449,0.0399387105100729,-0.0558902886499363,0.024513658127111,0.0120322955644873,0.0330793259828791,-0.0266053267562387,-0.0207164834367587,0.0005155319018502,-0.0697577621087614,0.0835420005919852,0.0290637443600079,-0.0322816508457015,0.0025108552114895,0.0074313196444543,-0.0114668623740632,0.0245541698182744,0.0024641065391862,0.025619015219904,-0.0373389428746747,0.0073370962865525,0.0165854528457711,-0.0076811072542479,0.0240638806443204,0.0146705436139556,-0.0017541435524065,-0.0015447470487667,1.9118227068074245e-17,0.03179267311872325,0.038324948292672856,0.016045370617516985,0.050522561337242644,0.044962438799012405,0.053662941789320184,0.013734515416018223,-0.01728962751029306,-0.01867699460847483,0.05002636885987566,0.013239473414318192,-0.004405960352384053,0.002126314821565556,-0.020153262853590315,0.014323927866135344,0.008763805327905105,0.017464308318212884,-0.022464118055089077,-0.05348826098140036,-0.05487562807958213,0.013827735388768359,-0.022959160056789107,0.0361986334711073
2019-12-01,0.1047388789275219,3.941869164002606,-0.910433653686827,1.2042244879202182,-1.7934623033954118,-0.6505638576753127,-3.6454386641326706,-0.8346168599639043,-2.1862507815708394,-3.510861205539475,1.5285882667558035,-0.1129162245732818,-1.343770153557632,0.5526944594547036,0.4658253531293433,0.594365017109304,-0.6077956690200127,-1.223489365421015,-0.7852633176476542,-0.2278396279626352,0.0268577434253852,-0.5274310157903909,-1.3428035397760825,-1.0637433216145882,1.182312039825571,0.4889663571687834,0.9114185132404112,0.5892120650631081,0.3661174698638825,1.3791407923773231,-1.8180655744109,-0.111444309755633,0.6485525587993535,0.3927602078712148,1.1119624390325349,-0.6649565616617876,-1.1645290774826402,-0.4870509381372048,-0.3168969958134877,-0.9745892868519516,0.5974855557023141,-0.5832449530367112,-0.001170823971307,0.1384495835228076,-0.0735301282549196,-0.174459445058092,-0.2902442826211808,-0.2939424661667398,-0.0029658692784885,0.4930647475015183,0.0300417186506644,-0.228638377077387,-0.1905996996129987,0.1544313857821017,0.2144131137568208,0.2853453143664322,0.2919423482931755,0.2291571892656412,0.1494332084403255,0.182723265904702,-0.0762434791641278,-0.0794065782515529,-0.605724732994972,0.1999940617389718,-0.2820936717729075,0.0056078892751065,-0.0455269567510855,-0.0314641275020662,-0.1444158853368956,-0.4038751768198322,0.0874490016978423,0.0425272744284517,0.0100812960368621,0.2526941947147071,-0.0404174989540514,0.0976945134986158,0.210768054589316,0.1099395865512377,0.0383273477860631,0.0476365989139678,0.0351000320583122,0.0149791624128836,0.0086385892840597,-0.004755181558062,0.0734424358606819,-0.0574951832405476,-0.0099666562134933,-0.1515752877840653,-0.0178468231987571,-0.1069977152492848,-0.0139444160776238,-0.0565698066314775,-0.1029706017593439,0.1036043115864947,-0.0398684795538158,0.0519295375643028,-0.0383137890838982,0.0201146698586812,-0.0815997049219424,-8.152579083343215e-05,0.065555448670227,-0.042231029999745,-0.0361549614624512,0.0045189350513627,0.0391709588412628,-0.0398135491602562,-0.0291553327361695,0.0237958340775378,-0.0010642931369097,0.0245556667600431,-0.023456048954781,0.028574785335315,0.0310136174242054,0.0005568976926852,-0.0095314568131459,0.001812706277993,0.0237709092506053,0.0360100071711519,-0.0018145136858034,0.0014712037496949,1.088657455243525e-16,0.02298452972843279,0.020357688556849718,0.01952818612140894,0.020895766307137187,-0.006948060447971027,0.03981411275663249,0.015806579750664795,0.0005172591119582126,0.024900873510065757,0.023821224918837647,0.024254968961710865,-0.0010359918130573575,-0.0036628329846404295,-0.004492335420081206,-0.0031247552343529605,-0.030968581989461175,0.015793591215142344,-0.008213941790825352,-0.023503262429531935,0.00088035196857561,-0.0001992966226525006,0.00023444742022071807,0.024020521541490147
2020-01-01,-2.94407557819488,2.7321559692373993,0.0146714523738027,0.519768852204265,0.0264351426615453,1.0018323712659556,0.42936316758911,-0.1969567631041398,-2.075120456733663,-0.5109880974351514,-0.4907849001645122,-0.8338446575966026,-2.506395828968451,0.2741851512411321,1.7999837007888309,0.2989344569769195,-0.5700150597694197,-0.0326660807989967,-0.8474728942990238,-0.4815274812564547,-1.5784873894168026,-0.0382789881957919,-1.1431580791542966,0.1165437780496477,0.1456862740663466,0.0869115012522935,-0.1810575144198946,0.474859195302858,-0.031273889856961,0.3092068562833335,-0.2963013790850553,-0.0318889453994079,0.1256207425383773,-0.0520300204752171,0.3392652692203707,0.3957289383642459,-0.2767352355071067,-0.0063355425765718,0.2380123055661537,-0.3944410879976681,-0.387786117429962,-0.2981901108892089,0.1340993139487386,-0.1688248765565896,-0.1856455537157168,-0.230865849619793,0.020025387674394,-0.0855914529103258,-0.5202008339598393,0.1494804307229373,0.1636988107034487,0.0499455125333043,0.1551496771377104,0.0209356935157669,-0.1283716834394167,-0.186609296916575,0.0419351376661241,-0.4925033483843538,-0.4442328072933132,0.3039384131577093,0.5528267754531587,0.2845856105677739,0.5713239035529619,-0.5570322261305247,0.1494425633912389,0.4317155424807883,-0.3618473682049261,0.0424399182662653,0.3967109711955259,0.0949895790819508,-0.415480007646479,-0.0395372156085287,-0.3058997786634639,-0.3641845656917655,-0.0234028910171407,0.0153312498343361,-0.0221840719413765,0.1261988403433979,-0.3104431687458728,-0.0512556165432207,-0.2499424394801602,-0.0463662623550233,0.1925934771817152,-0.3145522145267437,-0.1403511183540579,-0.1822046577262375,-0.2063882060748506,-0.0474281398475116,0.2214131829527752,0.1783360545648518,0.1524647850100636,0.1115075760193134,-0.0173567701514479,-0.2033629230137097,-0.0408405475803375,0.071989677752132,-0.0953168031669614,0.0604978988003513,-0.0235894816141429,0.1433704470428903,0.0263206982560624,0.1586104295641492,-0.038291987710398,-0.0038936816783034,0.0272288894767846,0.0571380516364499,0.0535824629978232,-0.0277755788538554,0.009525400529576,0.0608521221780668,-0.0184271696017188,-0.0401678380841646,-0.0262515239881748,0.0367062163896473,-0.0018689274718284,0.0337039325515341,0.0012211895226427,-0.0244398902389386,0.0134398027435121,0.0195005276468884,-1.0070967230349697e-15,-0.056533593252690584,0.00740857585556598,-0.0743648727217574,-0.021685692539458734,0.0005305849917840444,0.04331836720071114,0.011392822769344058,0.025522762841950097,0.07580827711437288,-0.01631144988450728,0.002496689300243382,-0.06104431971705793,0.002897849391198637,-0.07887559918612475,-0.026196419003826077,-0.003980141472583298,0.038807640736343796,0.006882096304976715,0.021012036377582755,0.07129755065000554,-0.02082217634887462,-0.0020140371641239607,0.004510726464367343
2020-02-01,-15.49448419025924,3.5194571548852243,1.3454675492729722,1.1689416785657452,1.2402603828344505,0.8328607918481765,0.3340095732139096,-0.2391774972153316,-0.694529939686806,0.2736120620315903,-0.5054652442277588,-0.2968572230902713,-0.621544482324989,0.0719983276456262,0.6177470122317905,0.5520093671197739,-0.152090092503342,-0.1422373482399827,-0.3719617114867092,-0.0489165550249161,-0.623363634906752,0.1035990289252494,-0.1816543137512441,0.3486046401848414,0.2822185284469656,0.1970349945799129,0.4152635296810447,0.0142889917632054,-0.2974417358632852,0.0167621724292735,-0.042970369953937,-0.0072210759828654,0.0304433366454791,0.149591938886608,0.3063481171652065,-0.0115879471974175,-0.29407620218512,-0.0145359885414759,0.8174679273170846,0.0341511473919482,-0.1135009668501868,-0.2617823538337697,0.0443668215551354,-0.0329062890284661,-0.2206524127228823,0.0773876630118121,-0.0001636829983401,-0.2257592970595411,0.044465492978274,0.2037772733122985,0.1829272435563117,0.1826320142416534,0.040944796729553,-0.0619865254219535,-0.0810435101770209,-0.0628119256396102,0.1573986599565955,0.247342717776209,-0.2482854095471665,-0.0413584860620819,-0.134248412695176,0.0953933516605024,-0.0956157409644812,-0.0694006077927403,0.337015346053912,0.291555352166829,0.1613783885250123,0.0496389292671168,0.2534618708848414,0.017071863085666,0.3214946353862805,-0.2042849051239284,0.2249881114563222,-0.2604817144530567,-0.0389601052620147,0.229438902632937,-0.1196822194091708,-0.0365327411712376,-0.1488737134664445,0.0611015229495825,-0.1063610966376226,0.0188665252608356,0.0056297641106133,-0.0629237742458315,-0.016334543355556,-0.0189538586511021,0.3228670374785805,0.064756436496335,-0.0712858528512056,-0.0724240438150862,-0.150960478040821,0.0198572251645371,0.001297811636445,0.0852064161014088,-0.0304274080542622,0.2354807544764509,0.2625874270258576,-0.1372058007739143,0.0202863374052085,0.1031945559875182,-0.062299479874233,-0.1369783330218127,0.0398189390540473,0.0141643594637267,0.0458007451502776,-0.0271550760608177,0.045760697645503,0.0194894522100688,0.0775182547603964,0.0003365735514371,0.1974259007070599,0.0191267795263953,0.0367825454356941,-0.0852316576049921,-0.0067201680008361,-0.0984404981748156,-0.0569631147691581,-0.1143494711364762,-0.0371229169190723,-0.1466246270223026,-1.9926958849000314e-15,-0.08519861367299719,-0.05843091033715342,-0.15288184472722555,-0.1124833963978531,-0.09900136887739064,-0.07300935595970492,-0.08214616169967137,-0.06219700971294473,-0.09857944516640882,-0.06586629440842062,-0.0757259090515896,-0.006032923974177318,0.020734779361666456,-0.07371615502840567,-0.03331770669903322,-0.019835679178570764,0.00615633373911495,-0.0029804720008514973,0.016968679985875146,-0.019413755467588945,0.013299395290399252,0.0034397806472302728,-0.07916568969881987
2020-03-01,-25.279180757260026,4.379769165335775,1.6161500871952297,0.583735552013992,2.815065534089895,0.6912453550793716,-0.2409791468575905,-1.2061375970789627,0.5172222346516047,0.5112356229447605,-0.0128421891578859,-0.3799824269054006,0.4062369537144103,0.8321103680697411,-0.0967359770470362,-0.2958241600098175,0.4679892594344273,-0.0969372158598838,-0.5488816235256846,-0.5429341480821003,-0.0442428140943858,-0.9131956085949668,0.0379790720825779,0.1217711364430813,-0.3831903345976177,-0.4046086362335133,-0.0776506899746378,-0.0664167016910827,0.1988867150625825,0.0528715834008372,0.6892641357198542,-0.2720992206291613,-0.2139160527396099,0.0238263980612441,0.0770767065964085,-0.1620602631474169,-0.2769491028739118,-0.0169054272355499,0.3756286487890564,-0.4668803103871883,-0.0341796700922594,-0.3755041251217761,-0.058169588101046,0.2905777070790588,0.0150554102701544,-0.0001633140486565,0.1254726813058869,-0.0121368420063779,0.0808219093012461,-0.289440069787498,-0.160338235958702,-0.1271345676526354,-0.3009619239803799,-0.0029936513061232,-0.2778439966383528,0.0610982479280234,-0.1195945563290649,-0.0877824721209735,-0.2004020438139442,0.0430290665741121,-0.1560922782424862,0.5081104426337748,-0.4205229955941056,-0.1055857400067285,0.192268096405523,0.0544262993461912,0.1291392818520237,0.0875799884703503,-0.0918034782331824,0.0331885379349497,-0.0434967391036163,-0.2770727552223214,0.2614976956836237,-0.0373857019801335,0.2719286497841892,0.168934674926209,-0.0441433643006382,-0.0038202697837992,-0.1192202403058621,0.0526886999244162,0.2156228638590226,-0.1671626965106503,0.0636377167947985,0.0667072131289312,0.0134785880546316,-0.0077383006312143,-0.0335271839406849,0.2982550851989508,-0.0538805663809949,-0.16454953724351,0.1456572454622823,-0.0608094859811769,0.0196518387508622,-0.2783188649628774,0.1602102064085096,-0.0244427214273921,-0.0548514879614011,-0.0965910767933132,-0.049197611815853,-0.1730701886464938,0.0046161206073233,-0.134847401667679,-0.0578493352125793,-0.2291631809846553,0.0502047359204845,0.0333590610946679,0.0035165594183707,0.0175036013357394,0.1067238929548533,0.0949945353179102,-0.190684406439129,0.0556955687965208,0.1321057090306253,0.1006891576704263,0.046446841810463,-0.0131777062578878,0.0829370204307089,-0.0520063460207441,0.0518280730770863,0.0027794403550661,-3.565259846241414e-15,-0.14567534162638351,-0.12844730573899255,-0.3580736982895063,-0.2169988896820435,-0.19252886851074724,-0.09052857734709074,-0.06070026204660062,-0.15738006954541972,-0.10887756515702096,-0.0435158581295394,-0.15324195838323762,-0.015688170077161834,0.0015398658102291352,-0.22808652674028462,-0.08701171813282182,-0.06254169696152556,0.03945859420213094,0.06928690950262106,-0.02739289799619804,0.02110960639220072,0.08647131341968228,-0.02325478683401594,-0.12998717154922168
2020-04-01,-18.985784226246647,3.271193738570639,0.638530541627954,-0.4878626848279687,1.2807584980644635,-1.561925633858843,1.3932225035539645,-2.3232615060006703,0.7039465652937095,-0.931855074466552,0.817608201234115,1.4575265246915925,-0.2735129681991361,0.8585639659261751,0.93861992996456,-1.2365385427944504,1.5444392747584328,0.8728352429865385,0.4434080848818694,-1.5803392787598651,1.0903028326195487,-0.4978164970464019,-0.3157723704289871,0.0643237942935343,-0.1278210008072422,-0.3607144066812478,-1.2696722543418044,0.1882360258180138,0.6099564622711331,0.0018594468705366,-0.0526058126638618,0.2777697769048102,-1.0751038614244963,0.2028629544692917,0.5385249234199885,-0.0384512278356165,0.2431198956412043,-0.3556016800007943,-0.2551990606192647,-0.4254927860573651,-0.0399747741056032,0.0280228583961839,0.3106471785768325,-0.1005636250970786,-0.3268643853106617,0.3840478695051576,0.234863755274416,-0.8521676061826157,0.4144652739085773,-0.2781015230214773,-0.5889502321513997,0.2615833505971084,0.2031603667706426,0.2086381488764886,-0.2310820766459898,0.62139109310976,0.2891547278845747,-0.0203456313198117,0.4099127575103735,-0.3234624061659074,-0.0443509624450005,0.4057466844074494,0.1495214990858,-0.0538869252653148,0.018560415640844,0.3351092293629577,0.166813391578743,-0.3791462635072368,0.1534211528312377,-0.3050556152888524,0.0721913925313516,0.0777458652932024,0.4583993886460676,0.1905536560444123,0.2627203068606594,0.1828357060252471,-0.2327259599846582,-0.1203066182045652,-0.0187612719970736,0.1075563520879421,0.0999238476630195,-0.0178139232008425,0.1448150177497859,-0.0457249475352882,0.0258776328615262,-0.1171360231137723,-0.0579206923727479,-0.121797844799422,-0.1485388356037643,0.1850328262947476,0.016091403936904,0.0437564401095884,0.1134548543882568,-0.0002721777968485,-0.0655827364733661,0.0213315131731773,0.1167203695903827,-0.0502449600602081,0.0248576641829438,0.0461843382999709,0.1119808461673579,0.078212049789424,0.1094159513796432,0.133382102031218,0.0165714913477767,0.0509542174158437,0.0030659334352887,-0.0516140923613739,-0.010506426327727,0.0069648130896107,-0.0138726468480441,-0.0377872900617814,-0.0989581829644176,-0.0389668235110422,-0.0705852393651251,0.0125450702940734,-0.0256635293133382,0.0218333628051901,-0.0166722525501627,0.0434599781722677,-2.686851190976391e-15,0.159561150293549,0.1397300161094408,0.33690002029270527,0.10390265321831316,0.09656897821391097,0.1433038859904776,0.07570516043068665,0.10239269929872696,0.04373347708526998,0.13133918867342853,0.19459398650416704,0.025950737416352787,0.006119603232244586,0.20328960741550905,-0.02970775965888306,-0.037041434663285244,0.009693473113281392,-0.05790525244650957,-0.031217713578469253,-0.08987693579192624,-0.0022712242037676855,0.06098357362697082,0.13361041287719622
2020-05-01,-12.005412509383204,3.3182647777325744,-1.5285398820880791,-1.1695888980190676,0.6914017931624235,-0.3217844556362741,2.148833886131337,-2.5977347435146068,0.1635765924824437,-2.2380217344707445,1.4156531480645844,1.3615560294312554,-0.2164271856643152,0.906724388207892,0.2711134375045816,-1.3366152801460438,1.3586832964482378,0.8422431652359548,0.8886870878382587,-2.1791773900608993,1.0156879063077118,-1.2084063256941344,0.6838908702363795,0.3363406116019241,1.0360494396316051,0.3149148430947817,-0.681338353889123,-0.3068356903478607,-0.5064293103042186,-0.2557741506045028,-0.5891958962518689,-0.0415520271758249,0.5614722945893255,-0.7641936063100327,-0.2870065346319034,0.5174606228262457,0.2342488524345009,-0.1135794703952493,-0.3784658997594616,-0.6206643064156573,-0.3275981112524927,-0.2407062306319121,-0.0521606562218681,-0.2621178119789597,0.417019281390211,-0.149201571099681,0.4187896122938687,0.3871067895010336,-0.0495518418034162,0.4628093985566365,0.5604224055538777,0.2741859770772041,-0.0604310264810507,-0.1923695891926143,0.0087811544456999,-0.5616300725931578,0.0595541809581245,-0.0259285745820952,-0.04205070603268,0.0385953199073434,-0.1631515804706859,-0.2401308960865238,0.0675194609613014,0.2131278008521242,-0.16538357642707,0.261918161493578,-0.0232918210381296,0.2297588562068091,-0.3655130076234639,0.1475212607418483,0.016392880257725,0.2913217555255816,-0.1971459376402149,-0.227035262550474,0.0262559919787983,-0.1151567332720285,-0.0351445899412724,0.0781758633876371,-0.0774976445865385,-0.2615198493017299,0.0235445101251672,0.1577558817395647,0.0765725853125023,0.1611445482887783,0.1080071927690488,0.0519995862925443,-0.1311418314761146,-0.1038403452023643,0.1706128310302201,0.0488945501385673,-0.1666462877364833,-0.0405902120835858,0.0300473594046576,-0.1073584705271363,0.0726817797266112,0.134692839222779,0.0675224546027995,0.1259860591253797,0.1392296155631533,-0.05862105014521,-0.1348598254146179,-0.1691528147374905,-0.1122683362942499,-0.0898172812079306,-0.0929064372937841,-0.0005279461516559,0.0318399110563359,0.0414254128670499,-0.0151815996347769,0.0754401314994031,0.0600747235936801,0.0537479425091632,-0.0841840922612494,-0.0414293122002126,0.0440184585877742,-0.0272336845670304,0.0313987459795165,0.0318113427296205,-0.0021530779578174,0.0004893495741353,-1.095403447047773e-15,0.06881253303636026,0.07438325276002633,0.01999995288420897,0.02720481748516157,0.05388592452923069,0.07176446872688924,0.016649787559684937,0.021521304237600125,0.04243799469335774,0.03288877732638018,0.06509422440791113,0.0211671771856623,0.026737896909328374,-0.027645402966488986,-0.020440538365536387,0.006240568678532732,0.024119112876191284,-0.03099556829101302,-0.026124051613097832,-0.005207361157340218,-0.014756578524317776,0.01744886855721317,0.04764535585069796
2020-06-01,-15.027317865701578,3.932856981261961,-1.2048289331853734,-1.353671038841194,1.449900434581597,0.7688219167585608,0.5938561989551393,-1.7014068799534725,-0.1770663679224497,-0.90425400605167,0.2472133632440423,0.1656654524764585,0.1858199139259346,0.7715909327678285,-0.5623186693565314,-0.3213974006072478,0.360507410133959,-0.1113985282187542,0.0458018151320365,-1.1125542542350535,0.2426226912232628,-0.5097843364415995,0.6397096781682664,0.3280457599662066,0.8680313307800308,-0.0899455675874658,-0.3804599233467426,-0.3045356650000471,-0.400519708335588,-0.295511057791081,0.0619875688692186,-0.3923899211643859,0.6259010636338643,-0.1365305185563639,0.0714229167044242,-0.0008415362462865,0.2570798394633055,-0.3435866636924417,-0.3749412996222888,-0.2107451468343203,-0.4435025009166474,0.0687688824117089,0.0470293087116327,0.0598033968164348,0.4354783424337756,-0.2572005904749712,0.162880735234396,0.0446049595265484,-0.2063779873156684,0.0138525560170452,-0.141825278471924,-0.0174835222659002,0.2847465975591707,-0.225924560248871,0.0988024573473694,-0.1702532219313983,-0.0002774279877863,0.007229169397084,0.0847610358898534,0.4105583887110425,0.041943241780428,-0.5205806610033427,-0.1102601884226911,-0.0518014828095217,0.1310343477229336,-0.12097520648212,-0.0644210902267593,0.1377526238894595,0.1777075275312866,-0.1925009380489633,0.1729825465064142,-0.064260322448297,-0.3875182098960304,0.2445887932813307,-0.1821729114582827,-0.1308781676581936,0.0608810322881426,-0.2045185862836033,0.110291396992125,0.1764891498406073,0.2389240281975213,-0.2586399742098155,0.0677571605695903,0.0512810236505533,0.1393144275713674,0.1158741841791038,0.1843425102161218,-0.0418087066156445,-0.0788201323210735,-0.0981169490464259,0.0926886933884779,0.0016479129094457,0.1225357863702156,0.0391120980538767,0.0494465463624867,-0.1585318713532271,-0.2033758140156557,-0.1298430645403822,-0.1829399620858013,0.1901110285474067,-0.1053479638133527,0.3654136003541474,0.1083582906252372,-0.0171201727957117,0.0464943509779131,-0.0276369437006189,-0.052175376460924,-0.1249625127348117,-0.0870405505662169,-0.0239650479065235,-0.0094992422348261,0.0640288756067284,-0.0065636921780998,0.0683294509970418,-0.0038706162806922,-0.0719287346032292,-0.0779287191741774,-0.0703530791823109,0.061197569673098,-0.0317091960112843,-1.0285267022778629e-15,0.016230818539180625,0.0003703219720527784,-0.023477684854270042,-0.011533624523167973,0.015220762504351448,0.06655091406308378,-0.009961379052268016,0.004617559167421348,-0.054615688754608316,-0.028540921389588747,0.028343531069695338,0.0029552832173898036,-0.012905213349738043,-0.03675322017606086,-0.024809159844958795,0.001945227182560627,0.053275378741292956,-0.023236914374058837,-0.008657976154369473,-0.06789122407639914,-0.04181645671137957,0.015067995747904517,0.013275535321790821
2020-07-01,-10.060067378719236,2.594090598139234,-2.9023625457089883,-2.386514381591591,-0.129544244948911,1.1807739661808578,1.0060891705626207,-2.2555423268168258,-1.0686918741285425,-1.1152228102612132,0.0614264198537463,1.751666515320856,0.3000110048118132,0.4037338071464698,0.5696418414359778,-0.613333866416005,0.3002271142543449,1.298952697544955,0.1711789461879305,-0.9311316541832774,0.0763295584977489,-0.8834104541802931,0.8644034382526169,0.3510190363482018,0.3177777927004691,-0.0093439624872965,0.0705767092604787,-0.3212365602546441,-0.6444872043103306,-0.099660748942687,0.0884951876606457,0.2474617865180407,0.4953144269112461,-0.0505125875370166,0.3809472612321137,0.3421837082991608,-0.2034579088141488,0.0755789422286138,-0.0385857567425235,0.0949873640261024,-0.6625515518385454,0.2185781654490592,0.0881901667471184,-0.0829936104038223,-0.1689995777816522,-0.3693060118895787,0.1091592773735474,-0.3370673675675642,-0.2931469059763896,-0.3066973686498464,0.1937349685785302,-0.5454727120237199,-0.0615862079361074,-0.1738434791023955,0.4290911967512131,0.1132696914038894,-0.1590862541527318,0.0697805642914615,-0.6049796138882784,0.1830497888729322,-0.3890851666958413,-0.374697820487798,-0.0469852132825237,-0.3741563227827343,-0.2112048975487779,-0.2356293871806862,-0.2025071474482041,0.14990580964572,0.0012749644958084,0.0541349759211409,-0.2753275597035177,-0.1175919583674651,0.0513825127538307,-0.0793119479527382,-0.0896063352477971,-0.1434080974295677,-0.0913506923360869,0.1543826228298365,-0.2079473650014864,0.065040325623115,-0.0873392974592834,-0.0647252153753967,-0.3295129919945619,0.0718149693646001,-0.1058625992635974,-0.145927587125248,0.1902988323306678,0.2586805619165391,-0.0076113021706895,-0.09290126287304,0.0273885633648795,0.1160084438641806,-0.2472544332438024,0.1894511344441652,-0.0614701747270662,-0.1514054890326135,-0.0018440351718652,-0.1523146626869747,0.0537284737970643,-0.0770222092298192,0.2058965599985208,-0.0789709061315814,0.0776118795102474,0.2279896940241741,-0.0349454896557775,-0.0572592065649896,-0.0183651880301363,-0.0367591946529907,0.0607796531706025,-0.0817771493820867,-0.0183727741396453,-0.1256841736313315,0.0683443920214124,0.0099184925715673,-0.0123403926290535,0.0611172053879767,0.0585750957185033,0.021687320127952,-0.0364975679857178,-0.0003694304142102,-1.9604498802675464e-16,0.07704820940451818,0.07785845500630173,-0.03587773733697497,0.04508594698178614,0.048740151466047266,0.05976022766151057,0.07756818565577195,0.0496718674601897,0.08697255609966215,0.05902918535157475,0.07524163223736524,0.013496082477045368,0.014306328078828923,-0.09942986426444778,-0.018466179945686667,-0.014811975461425542,-0.0037918992659622397,0.014016058728299141,-0.013880259467283107,0.02342042917218934,-0.004522941575898054,0.011689505309892434,0.06355212692747281
2020-08-01,-6.706240278773083,1.5719666598723998,-4.007668713764494,-2.8976413540692447,-2.3179898985527716,1.021881428623609,1.7345378221887269,-3.1486060428856493,-0.8202381606111084,-0.5180552235339496,-0.2525099984467236,3.993653075077011,1.1338802103932804,-0.0872224731735414,1.216950516167495,0.3861093492353694,0.3128868934286806,-1.1585487964415944,0.5188423746258347,2.0504497410976747,-1.438365866159958,-0.8376815359275664,1.0261040459466728,0.7874654010523142,-0.823344759641928,-0.2322490038863139,0.2017505435940766,0.4550027427232648,0.6543798730675456,0.0882406002464508,0.2605241584241726,0.5031598240925645,0.074521846771568,0.1060406564062386,-0.2193701789076954,0.2993479979549344,-0.4490228006132916,0.0874800493257596,0.035746393621378,0.152732753526024,-0.0932892240177943,-0.1135595862401848,-0.1987293100089395,-0.283911935370887,0.0313434819723208,-0.3065875966168243,-0.4713104064358976,0.3568676978913978,0.3839022134712542,0.2504249010398453,0.1221890477784438,-0.4648090867595164,-0.2501258881913121,0.1644274408680256,-0.1371708468315169,0.2079102549807832,-0.0928032290889548,-0.3469930557211436,0.0781984230116167,0.1388171760335025,0.1918021290078771,-0.034825904246006,-0.2182416674447586,-0.0743306749777465,0.2543441120483556,0.1380580783194893,0.078441651650569,0.2776261987897548,0.0524461332577861,-0.0650638403284053,0.0120965870264613,0.34555374124449,0.2659422137903415,-0.1478260060915386,0.0435997729515051,0.305055020316969,0.2683554913176458,-0.0793219980378467,0.0157035272413209,0.1659445603592506,-0.2464569966573498,-0.0510092347031241,-0.0257402421437234,0.1313001066943231,0.1237827841527579,-0.0094781977253078,-0.0438799595210541,0.0695270457294752,-0.1819975533890449,0.0238814041191371,-0.0647686216337962,-0.0360785822459471,-0.0256725187340607,-0.1066424827766054,-0.0168999043172647,-0.1779903659485843,0.1127752841575259,0.1737342591252464,-0.0409256892904332,-0.0036289497417341,-0.0803759171794545,0.1336509484582757,-0.1997002059592848,-0.0248143760322735,-0.0244511942385683,0.0866115954492526,0.0425786659817838,-0.0137802659612613,-0.1024748773364357,-0.0727148903438,-0.0429843666019812,0.0481778749101572,0.0093186392859349,-0.0248072575678351,-0.0680765358069338,-0.0020584126430524,-0.0270565828212042,0.0342890096752065,-0.0331943200498738,-0.0344544417798663,-8.788922136671503e-17,0.04357174923974405,0.08825039097387077,-0.010546705103588794,0.04286303551645587,0.08476238571710937,0.11880826484737517,0.045932936466088536,-0.00027595552633818965,-0.025974076486713238,0.025869624720173734,0.09554750861187977,-0.026224733487956398,0.018453908246170325,-0.08034318783128924,-0.026933447211244577,0.014965902989408919,0.04901178211967472,-0.023863546261611912,-0.07007243825403864,-0.09577055921441369,-0.043926858007526715,0.025751025884179324,0.06979648272770045
2020-09-01,-9.195312517003966,1.6613942424251076,-2.1794977571028538,-0.7767977933029107,-2.6248124135946083,-0.1011616246910886,2.397384229502067,-2.617478025968699,-0.2874441661809233,0.2452411977525747,-1.1446439181603838,3.3474895661082935,1.5271366169219722,-1.179919290351159,0.2168805020791395,1.5513123479105824,-0.4454561839848909,-0.86817663514832,-0.557950208673867,1.747609334887478,-2.3388698785257698,-0.5162013594309288,0.435296973977495,0.1921662078180883,0.0650922024216138,0.1338870000104063,0.5310479826176,0.558629362125243,-0.1003249864140011,-0.2260989452934623,-0.1477294272682415,-0.3933790394595154,-0.4845762038989837,-0.2116396262994255,-0.3126409973938042,0.0120963393472268,0.2312014907441906,-0.1965270120459157,0.2032857369839155,-0.1481929279301556,0.3069579396022427,-0.1363429926055242,-0.09943120795653,0.3209824296113551,-0.5014917709920992,0.2663741597708645,0.3974249136793152,0.2974042629273158,-0.216106078974269,0.4469111614220303,-0.1125198819541524,-0.0694298422533778,-0.0823784526207148,-0.0983975856653731,0.2256999404183935,-0.2023617804433001,-0.2453513458332687,-0.1553156834593785,0.2011275065539093,-0.0403470618875074,0.2208696718726808,-0.1855930554828547,0.0599800548024982,0.1014785718178204,-0.0501897732117064,-0.2325366216152189,-0.0996977205304461,-0.0998730108169241,-0.4520265470909614,0.0901864030316566,0.1044013977520301,-0.3450879212718722,0.0445167175195383,0.2506607097262818,-0.0941330738675146,-0.1595086625487835,-0.2776080180794422,-0.1225045108234459,-0.0628701826227104,-0.0757809771086469,0.2214533625477389,0.110061083667103,0.1676501264385899,-0.0307027573286699,-0.0887792972744016,-0.0494537400940867,0.0102078467207817,-0.0649843543395114,0.082441904070794,-0.0111173912136743,-0.1334046257305006,-0.1610214347646018,0.0226571142934639,-0.0142477624358245,0.1255476384145304,0.17303642813119,0.0430355915508803,-0.1668655040169634,0.0514673957434147,0.1052424634809812,0.1452063456994038,0.0003357764584441,0.2508514389639895,-0.010559554830821,0.0386852303766007,-0.0400671777129056,0.0168338791531702,-0.0477658149952449,0.0461651728907412,0.158044167504038,0.0312315789593656,-0.0213199428558677,-0.0459157254789579,0.0054564366625017,0.0292783306085405,0.0288948086511738,0.003286664989577,0.0279180659828536,0.0344715839798434,0.0483091893301586,-1.2316555638846988e-15,0.010319167318692868,-0.061017984367531475,-0.1598878611910346,-0.03950526658472708,-0.01066692517060086,-0.05544311408376523,-0.02256784014265556,-0.02703456501887702,0.0021940311080759223,-0.025679024250857774,-0.020721037460540326,0.05160042147624644,-0.019736730209977904,-0.11860660703348103,0.0017759875728264873,0.03061432898695271,-0.014161859926211662,0.01871341401489801,0.01424668913867655,0.04347528526562949,0.015602229906695797,0.020560216697013245,-0.04128125415755357
2020-10-01,-9.266519354386212,2.156615570008466,-1.6708155426050404,-0.0992826796935906,-1.8381510895164876,0.0667404218526148,1.0272643810013788,-2.471377194133027,-0.5295917861665552,0.0224966127173913,-0.7428117192987892,1.54055256507485,-0.0378724083532121,-0.1003739742886259,0.6522722089306675,0.6310224429495538,0.5218569897901651,0.3482102184402658,0.1936141469285196,0.7762595238068294,-0.4091018551541797,-0.0804529261184482,0.1791132936922234,0.9882923248453346,0.6773900447587374,-0.4491703208373897,-0.3188689855832001,-0.0756899152676713,0.0022156121760238,0.2115309581146229,0.2037708820298573,1.101568771523883,-0.3451785871029342,0.5998483796670839,0.3084135541695115,-0.4073816848616842,-0.1640457055566541,-0.1890709370109544,-0.3298363819808887,0.3352228255714403,0.4601239742530271,-0.0251823330273516,0.441248409519776,0.2719731637730355,0.0501753761153608,-0.1650767493227219,-0.4076284066775177,-0.0171210726973243,0.365188392666136,-0.017090915219041,-0.1937359584020138,0.2041072811362311,0.2440583018129266,0.0015346403176299,0.2420489323735216,0.2130467491001893,-0.1910251322209011,0.2565442453438301,0.1617039400128497,-0.4014205224751583,0.1486289960170914,0.1823200787798905,0.154084782410504,-0.0731074549211788,0.0325151856802598,-0.1378881609036241,0.0644931920968927,-0.4142059024624157,0.1759733928339257,0.2859494830088528,0.2944983668206292,-0.0031323283404578,-0.3913813215142722,-0.0446655041018352,0.0503512659975082,-0.386151421875851,0.0575422698422067,0.2427230673634137,0.1909817068183455,0.1093573161963517,0.1610386764035729,0.3141403926316665,0.1957379791410647,0.0327460832605345,-0.1115701839759009,0.0012201387472874,-0.0227559487288228,0.0445929392329512,0.0437979808094869,0.0717215684060525,0.1942567685216552,0.3239737739899732,0.0104305801687689,0.1849923218406728,-0.0374849134112177,0.1452067045643939,-0.2283253496536322,-0.0382381990361102,-0.0237392257629201,-0.0698172334094355,-0.0802629328241553,-0.014545704686471,-0.2292566301434806,-0.0278196238802652,-0.0534815529502409,0.0055298512719744,-0.1037993554088816,0.088423107097268,0.0479428302543178,-0.0189828610648397,-0.0229081615831593,-0.0813987522155875,0.0628248762489464,-0.0626523979899689,0.1102365045619847,-0.0851992318360256,-0.0045956163106713,-0.0041621137398267,0.0220049081653802,-0.0001482739559421,-1.9544955617157663e-15,-0.0025536438797256755,-0.0012586835922137052,-0.025292048988569293,-0.00327237172639927,-0.010588886995057112,-0.047938828978030146,-0.02292136872598083,-0.025926714836397413,0.05955702060882473,-0.032383047712598145,-0.025209391462466924,0.018476772187469903,0.019771732474981873,-0.004261632921373715,0.01775804434079631,0.010441529072138467,-0.026908412910834567,-0.0018909526587852499,-0.0048962987692018345,0.08058743667602031,-0.011352631645402567,-0.004178975395271345,-0.02103041606719558
2020-11-01,-13.734376646342907,2.9426676370690275,-0.5141053407653013,0.1775575255126092,-1.6740047273250238,-0.1628224453592223,-1.413534800796288,-1.4628679087024212,-0.1254394244210586,-0.9653934691191006,-0.2142037273688519,0.6951713950844183,0.5109201823756795,-0.3221492274645632,0.1814645145106453,0.7997227927857947,0.192610913601787,-0.3696472014728154,-0.0070944940168048,0.2148022009705588,-0.1865621821903916,-0.120860454407713,0.2203933951194532,0.2333597455819037,0.3460635173948239,0.2166010647543169,-0.3972179360110779,0.0081396608704797,-0.5796206137825732,0.0806274720740212,0.6808843741206656,-0.01734441105205,-0.1329367711574249,0.0862670294507001,-0.0988044188796948,0.0194552597020925,-0.1357706690045065,-0.1046787679469769,-0.3958267840953234,0.46069464331757,-0.2691061451490569,0.0409456998758721,-0.0322149565329348,0.2045277535998948,0.2414782753777885,0.0143920154983645,-0.4391748006695655,0.0235929001358944,0.3341024266190384,-0.104935669548275,-0.2089569403610122,0.2871898249256137,0.2823946590102861,-0.1041723308077062,0.5163829748210863,-0.2014047111412174,-0.0026152822866842,0.2784439575469477,-0.1134675778808903,0.0481931603652493,-0.0971985633859242,-0.049136012345337,-0.1360635355119204,-0.2185371068340068,-0.1060066033123251,-0.0095901625843838,0.1701789353736045,-0.1709271885120892,0.1686814222692245,0.034497836503031,0.0448580649820663,-0.3669148890821098,-0.1391469445429371,-0.0289670837558137,0.0430403648662204,-0.0656176311813044,0.1000073874208223,0.1925326872360544,0.2544654198471954,-0.0507398068845455,-0.0892050527195858,-0.2464908383734773,-0.0894183224376593,-0.2018397027609243,0.0242077973231318,0.2010186913700924,-0.0120490175563015,-0.3500401920825828,0.1566942302415078,-0.1190310278460701,0.2238130953318056,0.0515539294522869,0.0848465756222278,-0.0663533401409018,-0.1204496122346614,0.0212578874781744,0.1354942104900353,0.2254517950932286,0.0759067777769995,-0.1697729200767162,0.0490027610322438,-0.1448497696909783,0.1178964755214503,-0.2418741856268062,0.0376069728983708,-0.0532546137765425,-0.0716084677752707,0.018470782421419,-0.0049519065280478,-0.0598743152814958,0.0490965545182377,0.002472828523506,-0.066113044176218,0.0979999791200362,-0.1023282588543112,0.1352192836716099,-0.0482951120872827,-0.0818364855875541,-0.0573802509934607,0.0163444928853151,-1.872256849525711e-15,0.12361525738749313,0.10472944665106909,0.27994408055947595,0.16848272724830693,0.16027422251317502,0.11383754786443423,0.07468656343320124,0.06881400255496373,0.00737432258734505,0.07948075194828674,0.09995092238039849,0.014838586243121732,-0.004047224493302304,0.17116740941510455,0.059706056103935534,0.05149755136880363,0.005060876720062835,-0.03409010771117016,-0.03996266858940767,-0.10140234855702634,-0.029295919196084652,-0.008825748763972907,0.1087766711443714
2020-12-01,-10.10300953385307,2.383052365711336,-2.861680150243809,-2.129329689751789,-3.778443619366997,-0.4717123698249098,1.037359459109825,-1.725185237880703,1.1045884366287304,-1.0659126868074575,1.2078933028772456,2.4226139569777305,-0.0616662963584575,-0.4643039378025809,-0.5654073161655566,-0.060057685135513,-0.93860680955912,0.3955402032283424,-0.912667880422674,-0.2392182853131427,1.038683141277012,1.2168679539701417,-0.1536368859902406,-1.0018022512116924,-0.7293822700568969,-0.3698136382968846,-0.735298429779866,0.7481607211163603,0.0293680585860516,-0.1729597222459621,-0.0518531883080016,-0.1917985789569344,-0.286090287557315,0.6813740626163067,0.7695952323790477,0.3748295559308583,0.0788895834748679,0.033322616547619,-0.0437747223308248,0.5472692273910134,0.5738892628388051,1.0437692152663718,0.2050282734729483,0.0363823423585457,-0.0485679551051299,-0.2064701200331691,0.4406209083427495,-0.548862350367808,-0.2883213344399608,-0.3675791331926614,-0.1375105285097558,0.0555207465264804,-0.0490146236177861,0.3065882136371914,-0.1003311595374013,0.1147675019479984,0.0196232267398212,0.204132363896268,-0.0172332581891548,-0.0505781278753576,-0.1454805704809932,-0.0660750388510302,0.1114004666949876,0.6042371801193532,-0.2027272831699056,-0.2691160308933494,-0.1557627472090841,0.2361844824150432,0.0716947321029235,0.3180620943756977,-0.4697428268177828,-0.0592842441721481,-0.1542536158502837,-0.1700198956380516,-0.1553105765130254,0.2418271117585023,0.0164003852845623,-0.247896064684707,0.0928595907611148,-0.2514392181730976,-0.1662718616586016,-0.0982052924430882,-0.1144364818774195,-0.2407263922819033,-0.2309057815657831,0.193963421200117,-0.1624370468990216,-0.1061794269758118,0.0835615344598577,0.0738981218850938,-0.0479731850292791,-0.1619358410558398,-0.0914194495103226,-0.0157869949462851,0.0411533703816293,-0.0384937155742466,-0.1148749057902873,-0.0293773371856609,-0.0573923972222714,-0.0041121438787597,-0.0143287356223957,-0.0069478527296316,-0.0229835739075334,0.0257720060650889,0.1051972669741037,0.0327965969235644,0.0265617569409614,0.1589011853098062,0.0631952335374968,0.0262298390137783,-0.0255854602254788,0.0918354738921386,0.0177020019691134,0.0456703298823014,0.0127726815422609,-0.0791902909839454,-0.0195444611592648,-0.0314709362951203,-0.0305080905057959,-0.0370842051295857,-3.769498481081222e-17,0.019720904616647106,0.03180466387548453,0.031012290655945796,0.05738888293432476,0.00590706384107631,0.05296392972306463,0.008070565794066287,0.0016438947967858386,-0.002228076273618762,0.03371610262596403,0.022383333794724125,-0.012925821704294682,-0.0008420624454572589,-0.0016344356649959924,0.02474215661338297,-0.026739662479865478,0.02031720340212284,-0.0245761605268755,-0.03100283152415595,-0.03487480259456055,0.0010693763050222405,-0.010263392526217663,0.03264672632094179
2021-01-01,-17.249464553020207,3.1523591805894196,-0.59492635681924,-1.1099265921945776,-1.416758965567317,0.6260796925587963,1.0742674903428344,-0.1574809250020837,1.6848560415159588,0.1003309925652845,0.0370984852523433,0.4489832223849693,-0.0808637186338796,0.0842234364205312,0.7532192375073636,-0.4822397467897155,-0.7014855352891232,0.495325247131873,0.0499983130249203,0.0807136169443103,0.1329231754559418,1.068156002558804,-0.5094385704595198,-0.8280476052177026,-0.6019172207534318,-0.2723905826273069,-0.2688167350016956,-0.0523116397265407,-0.0782298898877001,0.4540153818090414,0.2252698680303265,-0.2636728707874776,-0.0176276400846974,0.0020594220934217,0.3502132611797815,0.2548894555856294,-0.2897291788606875,0.1841955897600729,0.7192592433588275,0.6762275946153813,-0.0356634761684565,-0.062308054048521,-0.542363445975121,-0.3348988340223007,0.0766427924481157,-0.0012572282939436,-0.1354931924714288,-0.0290499975240466,-0.0433921078006238,-0.0558640706383769,0.0493691566858491,0.0815414098629291,0.2549736367324761,-0.0573252730588792,-0.0143292383330858,-0.1681214862063245,0.2683936309931996,0.3269175423307324,-0.0509157229642782,0.1233829942713496,-0.0150318215605626,0.1096324703282395,-0.3920394151130074,0.1898552598850292,-0.1062696376087835,0.0813228098245653,-0.0083834440807759,0.1106193507863028,0.2908878009146701,0.1058581227678329,0.2133758399250093,0.1213332137614322,-0.1236459803700466,0.2274313370986277,-0.2464095993919688,-0.0976752666727304,-0.0836249512356475,0.0632428402594047,0.2742975339104785,0.0142940248873449,0.0818239113542595,0.0465520661706381,0.0027708993948537,-0.2219580479756084,-0.0081604659071196,-0.1390149014926288,-0.0143750461611964,-0.0397480127593472,-0.0284243054975499,0.078519526765269,-0.0939004291005545,-0.0794361392976306,0.2403261347438867,-0.2422373491491042,-0.2051428223956786,-0.0387235959492765,0.0406933501380668,0.0098422040625083,-0.0744145532980993,-0.054650805003641,-0.0723319378813705,0.0998514791189371,0.0254242854126111,0.0413348211479481,-0.1236791873028854,-0.1034076796226651,-0.0010179990598527,-0.109905852698299,0.0082147042054968,-0.0624925071563583,0.1010178358802409,0.0500983533958865,0.1119723675923826,-0.1470362001004677,0.0755779602470062,0.1207799997879343,0.1262539416420981,0.0275173956874269,0.0819250076066179,-0.0013429402220395,-9.030133144763613e-16,-0.0192988523536205,-0.007309216181733524,0.05134240086257735,-0.012710606678395187,-0.03872768884633604,-0.006073885458275807,-0.04185967024445991,0.018495236576135943,-0.0003951387003749973,0.01819686450049529,0.009518040765220226,-0.013327421462613231,-0.0013377852907262566,0.05731383175358462,-0.006739175787387919,-0.03275625795532877,-0.00010245456726853952,-0.035888239353452644,0.02446666746714321,0.0055762921906322704,0.02416829539150256,0.015489471656227494,-0.005971430891007268
2021-02-01,-14.736424539051772,2.0120569224939184,-0.9580410294457432,-1.5016090543328884,-2.093493664912674,0.4468989337644173,1.383601391025871,0.5996481547756725,1.0542549517624793,0.7043059228638369,0.0569298531257275,0.3056100635321275,-0.6650253492733305,0.5446091808087614,1.075395428265277,-0.8161903120402092,-0.7533719129929018,-0.7186048567445338,1.2877497798598654,0.9196535752334696,0.2836866888474789,1.1870883103208143,0.1248959970332339,-1.2488732842601753,-0.7374222784337753,-0.3463714786116458,0.1715167413316911,-1.0317305366755751,0.1385296283835684,0.5535589207998923,-0.3321671562922834,-0.3856651033055402,0.0964363446504334,-0.2649831595506476,-0.7126856731381023,-0.1704717480153916,-0.0746907244527133,0.4226058055102741,0.4391205141891877,0.1787017412624819,-0.2641429273154188,-0.2164215858520601,-0.8336438098498254,0.0913036819131843,0.1634446435460412,-0.2248787451242216,-0.4519794974483428,0.4242156214027883,0.117086074879031,-0.3870080286382725,-0.100946400687934,0.174902213470234,-0.1937778843539039,0.0994463943923389,-0.1484246495026389,-0.3807146267860827,0.0838918275614482,0.177973803156599,-0.3286013614726146,-0.0026618100347328,-0.4141184668001341,-0.083748529309544,-0.2381715994499731,-0.2083015988729869,-0.033991138159208,0.0290680809009766,-0.0670553194264681,0.1253758132257034,0.1152326987207322,-0.1452490878856504,0.2626387192254102,0.2270267005802228,-0.1671501342584729,-0.1547641016923382,0.2580152509374898,-0.0873909007843916,0.1137141795510111,0.1770030155507016,-0.0332317544966964,-0.0131166410735564,0.1260923913566932,-0.029142033516407,0.0753840440538029,-0.1155416247865235,0.1679644878676359,-0.0488178001713164,-0.0028076119845691,-0.0466281793518608,0.1315761005459745,0.1036209036754833,0.3363199418295711,-0.0557690452323988,0.1137028380647407,0.1437668459949372,0.0213102753675118,-0.0615938055477748,0.1242586480775276,-0.1141971814620939,-0.0501862710657881,0.282260253282087,0.0402534923632898,-0.2057621290027488,0.0249791102829454,0.1413607678183092,0.1069025224975443,0.0993242056548236,-0.0843871095672194,0.0441694141603913,-0.0068296474570231,0.0514242844189001,-0.0271696527450042,0.0154642617996246,-0.0487236176697629,0.0626909755672444,0.0028780710910724,-0.0875037674196726,0.0056678647934648,0.0450876466477257,-0.0341141489740448,0.0555680447607471,-1.6233299275557e-15,0.041194902611602746,0.07012595837403279,0.2245675934396294,0.11606207530875534,0.06889236860160297,0.013650923377954705,-0.012326207181879045,0.01577766635355138,-0.06098143546317769,-0.021037927955762092,-0.005308313810369891,0.013389245988466136,0.04232030175089618,0.1967619368164928,0.08825641868561873,0.04108671197846636,-0.014154733245181905,-0.040131863805015655,-0.012027990269585231,-0.0887870920863143,-0.0488435845788987,-0.0331139704335065,0.02780565662313661
2021-03-01,-9.507519665392458,1.1870195989976189,-3.3240085330331395,-2.3359559004750343,-3.9346599239962567,-0.9075725142416808,3.3161538371411297,-0.3377649177799702,2.1265558208666,-0.5897242796078551,0.9637570200791924,0.0761460465771198,-0.0812097737044676,-1.0619635643042094,0.4398539196050829,-3.2520741909840845,-1.492371644965221,1.9013546300161563,0.6165937507509889,-0.6262976297051568,0.6170588854575797,2.709512080432865,-1.3917499964764852,-0.4835823247784275,-0.9566492231756708,-0.1586845277226471,0.6549694267657785,-0.3320003450903102,0.6907094829671985,-0.9633457059560409,-0.7419368038533084,0.2928300860291941,-0.2411100322511491,0.0468156898637585,0.2930681139181668,-0.8386562867594467,0.0257453882868204,0.7492920781011428,-0.1177723285472553,-0.429848158413344,0.5000538143479897,-0.188750739623753,0.3186520479628938,-0.1032100568682504,-0.3745590841637858,0.1727326175815478,-0.1416163767020863,0.1408611548853167,-0.0891344654428171,0.476141663398309,0.1211749818622976,0.04394829061257,-0.2462648272789587,0.1033962135140809,-0.0901338250545754,-0.2056176688615747,-0.1251158006720116,-0.3738533724671154,0.1515651091073451,0.2462182679211256,0.3218614818729567,-0.0637878997772795,0.1247363673931686,-0.1469124870185742,0.3546482661174929,-0.1211029666050336,0.0116322054457281,-0.2062431619164579,-0.2500803396338285,-0.1531484533419078,0.0455929832814374,-0.1813370013787929,0.0368252462935663,0.066851437195727,-0.0212017518761739,-0.1679676845748475,0.0966468551712228,0.0951379602436556,-0.1697457112679575,0.1323705165520318,-0.1208108089018261,0.0327117863993461,0.0147845719141965,0.1605829823114158,0.0949998943132149,0.0311603260350161,0.2065181095187702,0.1002876016479959,0.0036248206351693,-0.1858114709087154,-0.0102242410621718,0.0928567980958924,-0.0581271896422033,0.0478630479231522,0.069907390747628,0.0501464860648937,-0.0280249078368143,0.1034828408187132,0.0147326909583489,-0.033486790509913,0.0011699033697665,-0.0094926321165727,0.0116618510489046,-0.139998847922052,-0.0085494410106201,-0.0181686221728361,0.0457980912406085,-0.0450996007518226,-0.0497559579168927,-0.0314167037968217,0.0134147458028652,-0.0506543597510946,0.0360599816251266,0.0488175511595075,-0.0162984336916405,0.0413645804685152,-0.0398750978275669,-0.0283388125126995,0.014600869046141,-0.0075290305268274,7.068575612065586e-16,0.07137977544641427,0.024451439182289647,0.018899171793348213,0.053853184948103205,0.08652466560842664,0.016221522915955244,0.07914693115739246,0.057579321880697254,0.0973269271688948,0.03667516884305444,0.04294135728449855,0.029393265612858155,-0.01753507065126647,-0.023087338040207905,0.011866675114547087,0.044538155774870525,-0.025764986917600874,0.037160421323836346,0.015592812047141136,0.055340417335338676,-0.005311340990501678,0.000954847450942431,0.04198650983355612
2021-04-01,-6.02848160207164,0.805119772524982,-3.2258225541366836,-2.821387812114748,-3.958945209596472,-0.6825033279633276,3.345034290655305,2.253218391770772,0.6851121164245846,-1.1209460230185495,0.1592148839752202,-0.8592019840618981,0.4592676340121642,0.2940804152158583,-1.3316560535687283,-0.5343464264222785,-0.7640299430601469,0.372322296851686,0.0064212247314058,0.0810346000922829,-0.3986652051636452,0.7035398114829002,0.1652060830859577,-0.3764050541831621,-0.2078302080856859,1.0592828123051623,1.0227434071101131,0.1299443685695239,-0.541095211456152,0.3144812243951073,0.383523156021126,-0.184002083533607,0.8285329670390168,-0.0675000447959979,-0.6363445176127734,-0.1729143469559353,0.2792083437518312,-1.0721517270360894,0.3629823056078601,0.1172515652697043,-0.0973024435327511,-0.1857068977808344,-0.3134577675753723,0.8269995424332263,-0.1166666483936549,-0.0479267578529679,0.1820875031095739,0.5416513632924115,0.1592482846559876,-0.4202407071568005,-0.2182401143729223,-0.1201783176282118,0.381206233166851,-0.537517682388056,-0.0274056044383037,0.4966504799322416,0.0499387378756936,0.2424926136768098,-0.0612314579194241,-0.076875422097293,0.1260331835740044,0.0854824319380317,0.1194130849359539,-0.3083574698580061,0.0079788444882499,0.4948349293172475,-0.1467139056004659,-0.0787150411776416,0.0775608376193283,-0.3833249955063341,0.082489279271165,-0.2848541336629839,-0.1563507402496675,0.1955331249931313,0.1051373892763024,0.3004352065963716,-0.2580752984900479,-0.1954569546182053,0.0166452551587027,-0.1519958279014346,0.1405478536996787,-0.2475330805461293,-0.1551211424363856,0.1537211978450456,-0.0684217216575851,-0.2702609475160069,-0.2421624950829472,0.0929304802556852,0.1177783010416388,0.0854976386343588,-0.1278634760125911,0.1320495705718524,-0.1184493045959478,0.1217701199406049,-0.0687153391633883,0.0765932429007453,0.0065121216360081,0.0560706465224332,0.0228502400069587,-0.2219918079446576,-0.1324841982415158,0.0841700956407253,-0.0896390415153385,0.0329669951401071,-0.0050613315504067,-0.0728967001617307,-0.0374539657648207,0.0027380598125332,0.0163559962765675,0.0581100815475377,-0.0492695871363997,0.0525271348399622,-0.0504023688869322,-0.0223331044271831,-0.038342590349695,-0.0328929173286075,-0.0022977798951436,0.0101638987808101,-0.0210062853020942,-0.0081274788365719,-4.688655574604741e-16,0.05825719943850771,0.06639253168589176,0.017408049180613006,0.06962451333288189,0.03853448118929115,0.05409905020523187,0.024099258226218945,0.09387305799638801,0.04962849424581517,0.04292533347833549,0.06624761421666903,0.0018981504935298155,0.010033482740913868,-0.03895099976436489,0.013265464387903991,-0.01782456775568675,-0.0022599987397460275,-0.03225979071875895,0.03751400905141011,-0.006730554699162727,-0.013433715466642404,0.00988856527169113,0.056359048944977896
2021-05-01,-4.458393890312521,0.8690938200665658,-3.8883673059592745,-3.081135235056425,-2.8157062264318693,-1.2088112081516753,1.7540138694728946,3.293174248426047,0.7395327682288781,-0.6948368359598815,0.9227412692757928,-1.0083684569673546,0.3943993867763607,1.64883701552246,-1.012588577640044,-1.3132114963735873,-0.1313476897081594,-0.1421635952663532,0.4500427000914299,-0.0717251329458148,-1.3981590473170886,-0.1920454209055884,-0.512749551450775,0.4890708436947936,1.169074546035329,1.4935892957469443,0.7556816400089647,-0.4893800285486063,-0.0619921509708446,-0.2306770919047972,0.3826818454275661,0.3692609241935601,-0.0642290795710145,0.1016452047950123,-0.4083494716531463,-0.1627334784830691,0.6565740952410335,-0.0372139606933831,-0.2978319093785152,-0.2423074991568416,-0.4771371195297224,-0.3134744187347589,0.0735980895904124,-0.4291912115027043,0.0965380245925816,0.0105763335390095,-0.2508011343100979,-0.1197141729047159,0.0813350656862474,0.0660314440884268,0.3039366713691982,-0.2798887075375724,0.3659966998055894,0.1790909842148754,0.2441969935008772,0.0201602267515093,0.1601604655316146,0.3031830567710221,0.0771073300071597,-0.1990645322893575,0.1890622121856684,0.5826650248374542,-0.3441658864243402,0.2609146813371188,-0.1752928598684645,0.047877699503203,-0.2018769372898593,0.2736420215308977,0.2719997773027109,0.403432474621711,0.2196801448291453,0.3576546360619502,0.2068702873781459,-0.1773899944669326,-0.23913232065714,0.181149977044738,0.0241982134884694,-0.2203049183580746,0.189250325953348,0.1575565557223072,0.158473889404009,0.0817495535204199,-0.0183012470417266,0.0062302859489592,-0.1461058534432327,0.2110882749284881,-0.1049847603315592,0.019383246055412,-0.270860043289058,0.019641263804838,0.0515011821152838,-0.1893338809091049,-0.0391153460425007,-0.0846008657568224,0.0365417860952747,0.0110803665817939,-0.2126436127759903,0.0389693007635433,0.0863050587508149,0.177237279637845,0.1598164944045569,-0.0769805939113589,0.026551115252503,-0.0117540728512912,0.0141905258148359,-0.011608912802114,0.0495351857594607,0.0225430928366176,0.0025761995278704,0.0080596171814617,-0.0262422126539739,-0.1333617382866938,-0.0074324242941745,0.0004093052370259,0.0081803732167875,0.0230374884814276,-0.0044750253476598,-0.0629858405449505,-0.0223581162462891,0.0114878041471688,-6.720530782452472e-16,0.05081883347442395,0.009481064811063478,0.05709642623235989,0.047711097332167496,0.031296189699647536,-0.009305923028006258,0.01767764523527049,0.011456864330946948,-0.02338150430771646,0.018709353402222018,-0.03398172902497809,0.044252737636892414,0.0029149689735319395,0.05053033039482835,0.04114500149463596,0.024730093862115998,-0.015872018865537796,0.011111549397738951,0.004890768493415409,-0.029947600145248,0.01214325756469048,-0.04054782486250963,0.006566095837531538
2021-06-01,-1.8857612869306448,1.0233872581641876,-4.629492957689433,-3.984750846469065,-1.984168517147464,0.1284823572104892,0.7966109641853212,1.3221918493677705,0.2527794528397454,-0.6718903413579264,0.2256319103059884,-1.5890258700279771,-0.279253978892739,-0.0731998057303797,-1.0833487667306565,0.0195433784686458,0.0253135843238128,-1.108898235220553,-0.074608682672346,-0.5313165411281485,-0.469462506749358,0.281771001369472,-0.1055653234150942,0.4191142812330513,1.755058249602211,0.5515367355830268,1.1089302443758475,-0.9636884254083184,0.4655904880423554,0.2212366350927477,0.8861472831132501,-0.1316809676798969,-0.2238284299511194,-0.1253690495504294,-0.0945490327596006,0.1314503658413039,0.3629153828975417,-0.1013875318331568,-0.8572122348553168,-0.110300426190148,-0.0338597091554429,0.0256361832799328,0.0057600481416888,0.1041959903195694,-0.0403053340062994,0.1112386604542408,-0.0703284230232682,-0.3820184028263622,-0.4666846028784461,0.2871192114476934,-0.6301036318313987,-0.0840689025373314,0.3070914495349685,0.5074749023747851,-0.4101964664073991,0.4726633500264672,-0.0760763717165281,0.0847081835055953,-0.1413898863604608,0.1256204650920873,-0.1305247009642105,-0.2756571509714024,0.5367078637916665,0.0017015420052863,0.2301851621177827,0.0002924326915047,0.3983279904304363,-0.1218799448221467,-0.0426337673377573,0.304833032737913,-0.1858909712257584,0.0255019516275591,0.0971266937839517,-0.0575982172931013,0.3561360419986303,-0.3682902253697696,0.0047267185417889,0.1152894558317054,-0.0070723940624342,-0.1548398364780959,-0.094037444674509,0.0368248325818116,-0.0863689192416672,-0.118424680713213,0.0860575931735324,0.0887307014717974,0.218638491196685,-0.143265790260584,-0.1001272897132203,-0.1000690176733463,-0.0242028730296237,0.0124616536232615,-0.0118683287383908,-0.1521587777938535,0.0036303016379171,-0.0862323562787438,0.2642367105676054,-0.1466142043649304,-0.0682941725949327,0.0019118974550122,-0.0333430584108766,0.1258672254816327,-0.0899838892793926,-0.0036030237498975,-0.0051843713776495,0.0790366133024159,-0.0551893237448729,0.0729986743459217,0.0312446636331424,0.0912907674680123,0.0556048795604162,0.0711109560384366,0.1091249345412346,0.004864302765751,0.0188681314158831,0.0369847871544512,0.0145624754482928,0.0781615188507376,-0.0273556314118604,0.0057674242733371,-1.5231119831280706e-16,-0.05672699811581339,0.027668888057700736,0.031794865844284814,-0.034219841664500206,-0.02587519943855643,0.06690793732827327,-0.01186288823997872,0.02473398978098129,-0.029619285554198793,0.019012887851665994,0.033036396417999825,-0.07582032843714126,0.008575557736372863,0.012701535522956942,-0.05331317198582808,-0.0449685297598843,0.0478146070069454,-0.030956218561306592,0.005640659459653419,-0.048712615875526666,-8.044246966187885e-05,0.013943066096671952,0.019093330321327873
2021-07-01,-2.962231955224646,1.6397002764815332,-4.839788038677564,-3.8381299934235016,-1.6725795818711915,0.3597425730499042,0.0543019528483637,0.4185859279354926,-0.0034928517627098,-0.1351975729168649,-0.0795174396657143,-1.2880689061013777,-0.4126229503535583,-0.4910414913832718,-0.1175522113045453,0.5629803563450101,0.4241021094022894,-0.4074214706396269,-0.0660772712282992,-0.0585553573072729,0.517590946807718,-0.5064481642411943,-0.0799366321692333,0.0255767125043263,0.6198521092211828,0.2439753521321599,0.888059088231872,-0.0310007187093653,0.2720511898187196,0.1957257280470505,0.6117574233165598,-0.5066215395896382,-0.644155319462769,0.0089182707294938,-0.1851492567339774,0.3517157997106181,-0.1232835346690689,0.1694373539939654,-0.6004188309878532,0.3601769391626341,0.0220070047049059,-0.0499908082239229,0.0143262125739607,-0.3304891995459059,0.2193842224357027,0.3816594918571158,-0.0104294848402762,0.1265066990095501,-0.3970243639311642,0.2185094320160337,-0.2183913153493819,0.1817378112416719,-0.0985598320909864,0.3133228645411149,-0.1380173551765026,-0.1646124421357667,-0.1286474311339833,-0.3583291054753679,0.4701897238608847,-0.3335908219626646,-0.0420322902311356,-0.2143826780303956,-0.1160048257482132,-0.097087033732818,-0.0567855792776733,-0.0067175857659223,0.0942653527122042,0.0224450655712274,0.0789121032890499,-0.0782944164948664,-0.1269112701187275,0.0050614129572168,-0.0728874676445205,0.1573878999674408,-0.1745331179312572,0.1847853041034824,0.1567387164234916,0.4263488452158638,-0.4900671843853789,0.0266820014501011,-0.0991996911257886,0.2577861712898488,0.0225416819434806,-0.0821810609393706,-0.1886659591590025,-0.1403009387023706,-0.3256988358936833,0.2220549858665226,-0.0584029279226235,-0.0422603609077371,-0.1894856960582806,-0.0662643385923782,0.169243682150676,0.0376940478856494,-0.1180549537614788,0.0445116090449319,-0.0196698071948156,-0.1239807414962683,-0.0050661017911591,-0.0406314814785461,-0.0779431246447968,-0.1417938992163275,0.1372152260946043,0.0001614366463817,-0.0123910906767579,0.0722478714546332,-0.1778980995332315,-0.0155437414608825,0.0192011030577249,-0.2192376988095897,-0.0865169068689984,0.0306506541186947,-0.1142373536154209,0.0270345656639581,-0.0236301303309126,-0.0227939987760035,0.0034601039750694,-0.0374148562378861,0.068760555864488,-0.0358615332176387,-3.232093029511438e-16,0.025206413828351648,0.019489924823357985,-0.07379326608747094,-0.0006906033477473983,0.01256679906203706,0.04077703986653192,0.028648061396520763,0.05301384778588769,0.051436960838605605,0.05332043101058703,0.012028085856841342,-0.002557431244927466,-0.00827392024992113,-0.10155711116075006,-0.028454448421026513,-0.015197046011242055,0.013013194793252802,0.0008842163232416489,0.025250002712608577,0.02367311576532649,0.02555658593730792,-0.015735759216437772,0.027763845073279114
2021-08-01,2.5560828650731375,-0.1714511876201147,-5.787723284923638,-4.792286721281269,-4.52591594921837,0.0929984155401609,0.3005158014968061,0.2974869391434754,1.500550774817576,1.0986953016059966,-0.5741172769793321,-3.326797246783842,-0.4013480518915537,-0.5791582579410564,1.164375948972875,1.1682333138195748,2.8768885000136803,0.924989525887447,0.1322174591512434,0.7286924141091428,2.575627555128451,-1.59654061325449,-0.8966255368576299,0.0870783077655256,-1.359777177106868,-0.8697776307580357,-0.0355178404262407,0.522126869425488,0.5650779656069899,0.9622958659819972,-0.1640226551966411,-0.9481293812035096,0.1044258542617456,-0.6104026272438525,-0.2558056961945089,0.8922744983116476,-0.0130077603812539,-0.2862762059879226,0.5095476109183976,-0.2617988825438837,0.1284320270629581,-0.3194109943960416,0.807627899471411,0.0059082514225648,0.2330675382486702,-0.0406288188656588,-0.1563706518621101,0.3416225725305744,0.2323683296958448,0.3141177156784073,0.434401133520031,-0.0879606327023001,-0.1465192842770304,-0.4391982916619133,0.3255551897409311,0.2523774557187938,-0.2202361167604464,0.1283648567199712,-0.0396043392436609,0.0097140886744975,0.2234058520679782,-0.0507939812065897,0.0849665215096999,-0.1501665183639279,-0.0350029641910416,-0.0735333280796728,0.1927391851849897,0.0307788014698631,0.0087549684054234,0.2160626006345394,-0.0005344185139098,-0.1526423012302091,0.0331626439574862,0.2008878970517156,-0.0741032297721174,0.085255286600448,0.0459519335355402,-0.0219945462618429,0.2115206644825614,0.0713737531203135,0.1024892231163989,0.0466643876538342,-0.0415371024346807,-0.0490986882545365,0.0680634905140847,0.1250124193214565,0.0088848895672383,-0.0556545018312772,0.1118383476090755,-0.0379641319506653,0.0396789719750008,-0.0211517292298739,-0.0062409464500178,-0.0288423548282897,0.0595622127531557,0.0867747603183035,-0.0409937467681951,-0.1015136639193001,0.0513858955118878,0.0943730212212535,0.0810278106577517,0.0632840451815237,-0.0377167726378789,0.0240261265141387,-0.0220030171483341,0.05537709784196,0.0810797646671723,-0.0260634674449727,0.0688378692338626,0.0032047470279323,0.0113781193295369,0.000499357427359,0.0567208347184716,0.0175449489964222,-0.0088944248540693,0.0151686959782341,-0.0284039386016427,0.0145158048998361,-0.0449131411477833,-0.0146579886900614,1.942714709968345e-15,0.018924403769758014,0.03907778466014955,-0.020044368268216317,0.05147903510253604,0.011126155589731512,0.03559384432313051,0.01048814157156297,0.02802965146917713,0.03895702130885259,0.023155595200526236,0.01784656073767188,-0.01083549039853593,0.009317890491855607,-0.04980426243651026,0.021719140934242098,-0.01863373857856243,0.005833950154836565,-0.019271752596730973,-0.001730242699116813,0.009197127140558647,-0.006604298967767708,-0.011913333430622064,0.029759894168293943
2021-09-01,-1.936604203945673,0.9802877132260216,-2.4927707943518693,-2.1602042155406136,-3.3132503930031074,-0.173212974824811,0.5163644682709538,0.1123337487531008,1.0386554489055648,1.329216316127616,-0.2698159514981263,-2.057343966043732,-0.6108668058832256,-0.2789961072042003,-0.4254381123357942,1.2647001667876592,0.8433854328464674,-0.3106824523719808,0.022145031695283,-0.6515958086715373,-0.1593745732586867,-0.1205077787715585,-0.9741909288390572,-0.3145073937899676,0.2177246843228768,-0.4040171408167923,-0.4418124398344603,-0.108682566672343,-0.0827375832497823,0.0710580980713796,0.2710104520992705,0.0993313862594189,-0.0453638776446919,-0.2049759268834939,-0.1557861272163355,-0.1606867297534462,-0.5556023770448548,-0.1592291213512517,-0.5868011200549854,0.3924928909177607,0.2159551014441175,0.335953734842312,0.15335516495923,0.4755593960755108,0.1750707418487826,0.2139511873261823,-0.3380023200677454,0.1354955319774619,0.2551356954657381,-0.4730852170075239,-0.132588064019234,-0.5137631938084337,-0.4587101228607556,-0.1148806854195664,0.2093794520859551,-0.3561308116504342,-0.4210799728857859,0.2472234300820374,-0.2413264557683972,0.3016094150240024,-0.3262109958469699,0.1244050184896128,-0.1905185519220183,0.147782865283247,-0.2365339250708266,-0.3059884611565869,0.0092232301679005,-0.121835280292704,-0.0999469483696279,-0.2333735185470319,-0.0676977033054069,-0.0539421830616366,0.1840951958432103,-0.5600563958862756,0.2163067411961673,-0.157722288064112,0.0133115387735526,-0.1141363650097959,-0.1248737558076999,-0.1015413265810233,-0.3369914638155562,-0.0594580709569153,0.3769572327620321,0.0242437474964226,-0.0232645489776329,-0.1751377911703595,0.1559342185652754,-0.0557681416882152,-0.224396583736688,0.0330102906247656,-0.024762494435572,0.0557493229447279,-0.1202842498631093,-0.102356774120447,-0.069904685340653,-0.1352351496022272,-0.0783909001196263,0.0445207944163644,0.0344765108559597,-0.0728052682237658,0.0857546410080619,0.0716935080784935,0.1097964731342213,-0.123610698286972,0.0586318343134556,-0.0927227124666884,0.0696124438965759,-0.0572257257020639,-0.0912223092219092,0.0316111512610335,0.0365750646495647,-0.02860689227553,-0.1284459244479324,-0.1383422787317325,0.0068274501790095,-0.0969409766752006,0.0423358065263674,0.0059794628711823,0.0372810291294213,0.0039254605490534,1.0087273834640031e-16,-0.07592596985849565,-0.06435422105861699,0.07623940769943793,-0.022656641430844893,-0.0638216446358365,-0.060053217991163255,-0.04732937123572656,-0.06774325461467157,-0.0679893603726981,-0.058501714833366525,-0.022869863403120583,-0.02627603958394653,-0.014704290784067875,0.12588933797398705,0.026993288843704222,-0.01417171436128739,-0.01040328771661414,0.002320559038822556,-0.018093324340122452,-0.01833943009814898,-0.00885178455881741,0.02678006687142853,-0.049649930274549114
2021-10-01,-0.6408138655387859,-0.6983202926037098,-2.143378019216546,-1.4623612333964913,-3.5370455405709147,-1.5313834842091756,0.1314514945651904,1.007978700701892,0.365284303179238,1.8581205117851904,-0.6830097752371621,-2.145275926291612,-0.4823563400600536,0.0505870411895461,-0.3666454870612088,0.8005253847760587,0.3059550980100313,-0.1488299963755033,-0.2127705308828242,0.3017058640373454,-0.196003081891398,-0.3992706046906816,0.1982999954297667,1.018625056949512,0.0892122693356584,-0.0922384704036257,-0.72072336938884,0.1750903941617623,-0.6613333300222296,-0.787043217193439,-0.4670708645480242,1.4036153672906035,-0.2886032989452149,0.2525910526981286,0.4801253313483181,-1.0907549877400242,-0.1012633828459455,0.0078545766133083,-0.2867480618887933,0.0611107148207833,-0.9999943967790548,0.2853014721303968,-0.5715746088993433,-0.3234928626731858,-0.2946397922378864,-0.1116617182774149,0.3325124784876315,-0.1181099418497559,-0.0770370231060897,-0.3141823813399669,0.4997702490265624,0.3885276681846594,-0.1838399731025899,-0.2316818852603681,-0.3036545724202035,-0.5396839065243202,0.1265135468414338,-0.1891014504216125,0.4664544864946168,-0.0041820801733989,-0.2645227739111553,-0.3972657425654872,-0.2817361162190457,0.1669638541999636,0.181520809185384,0.2121099464091883,-0.4215352140179785,0.1688531891099677,0.054718761063458,-0.2292531316014851,-0.1944351819710867,0.0109575707333957,0.2281496809606797,0.6046651691698738,-0.2049336707342166,0.1114616078375918,0.1701814898926711,0.1461015192220147,-0.0965844608963974,0.062588738115737,0.0737523619741938,-0.1057250436274177,0.1579936931172239,-0.1437706653533239,-0.2402493653957561,0.013506355995611,0.1526602366172666,-0.1871883704588436,0.0883031952819937,0.01380622422563,0.1621581404951811,-0.05078361379873,-0.0076067498903008,0.074079344958522,0.0541109989321462,-0.0840813622893927,0.174903486367194,-0.053458275546437,0.0934913707044739,-0.1300480558991467,-0.018892295858441,0.0783295305081849,-0.1361276579504992,-0.0428198991034953,-0.0083433093437436,0.1010739281871274,0.0499685340197707,-0.0015954170580214,0.1013716011904039,0.0574789813170254,-0.0098274935125347,-0.0375762755464739,0.0030202939122019,-0.0197190793375218,0.0181362091193979,-0.0059702780636223,0.0061141947519111,0.0213357318259023,-0.0071793451280483,-0.0038314756019474,-3.81487125233516e-16,0.08067429559665484,0.004086527090992442,0.11668688078808387,0.07738650892933574,0.07141719246296141,0.08367371160677206,0.041459524683646,0.08184224416926345,0.05536375448847264,0.0549220625440805,0.12260183732574292,0.007082391587955872,-0.06950537691770653,0.0430949767793849,0.0037946049206367682,-0.002174711545737562,0.01008180759807309,-0.03213237932505297,0.008250340160564473,-0.018228149520226333,-0.018669841464618475,0.04900993331704395,0.07359190400869897
2021-11-01,-4.435630469188682,-0.3213199759328967,-1.6283754397777932,-1.2394277286025377,-4.622229466228052,-1.8230288228880729,-2.036608853539952,1.3252495219480176,0.8145236238962672,-0.1679760313363899,-0.3722842780222828,-2.5222822708415986,0.967544355090608,-1.4603391112991546,0.3420959298468393,0.9825482122142908,0.1451405194150779,-0.6280476531203236,-0.4963515569140278,0.2344559967608818,0.4460678287849286,-1.2466590607549923,1.036554313649832,1.0447793331078736,-0.518852621954664,-0.080391418231612,-0.8853269359072024,0.1748411337898842,-0.8657077661236456,-1.2683718236040231,-0.4325225077836257,0.4154172632070011,-0.3056080660061724,0.2252072217817214,0.19066765490759,-0.4602169935766876,0.2425675461988043,-0.1714617645918589,1.423755158926861,-0.9832252518762468,0.4777465933080104,-0.2521131739714904,-0.4562163062776679,0.000500989332358,-0.7978879799315406,-0.6794075102748454,0.6486270331234621,-0.4028175080344394,-0.2682271259746098,0.4535093968272486,-0.6400370930035392,0.14555880492339,0.2598460379271737,0.3811797446706642,-0.079642602847224,0.0633314637495234,-0.0700595711429552,-0.1724917196470295,-0.7161292776208568,-0.0159809898141713,0.1949155952982108,0.0283342487467376,-0.0578243086975439,0.2671691162770047,0.1239932205656452,-0.1493927192584607,-0.2519305258380739,-0.181806075391615,-0.1221096524691363,-0.0903288866105806,0.0361945547201605,0.2548889592472594,-0.068769337089875,-0.2491517542330465,0.1613687915957019,-0.1799129981675807,-0.0846844764464919,-0.0115209854565982,-0.0046454954185708,0.0181299132357168,0.0443461789765194,-0.0809187466150279,-0.1407167367662459,0.1229341347525165,0.1746481718963774,0.0280368104556472,-0.0471320763463824,0.0035417516369369,-0.1180359725091063,0.0955440514089834,-0.0184868166501424,0.0452333609452184,0.0790344338209872,-0.0290345282366547,-0.0909522049770538,-0.0518375626857432,-0.055248957586107,0.0741826172388688,-0.0584378573629811,0.0427494517259019,-0.0236660245843192,-0.1098693873956989,0.0111056967415545,0.0422732304128802,-0.0727276397057184,-0.0807224865187678,-0.0661351028975603,0.0364125679260064,-0.0689092097874954,-0.0811770057008734,0.0208947810884746,0.0335077134404915,-0.0246285839876437,0.0402430693506622,-0.0170895901401731,-0.0055775906589739,0.0245051140320742,-0.0169059837400929,0.0140595049804432,0.0055230712485512,1.8508673999000532e-16,-0.005521670652882005,-0.06139472596778284,-0.050113231066746367,-0.05712871146028331,-0.03560127183136563,0.04451175769732352,-0.013473642723848767,-0.008992108271906774,-0.01703785488505427,-0.030563920492183816,0.016355960294113903,0.002513240298263719,-0.05335981501663711,-0.04207832011560064,-0.049093800509137586,-0.02756636088021991,0.05254666864846924,-0.005438731772703043,-0.0009571973207610496,-0.009002943933908547,-0.022529009541038092,0.024390871245259627,-0.008034910951145724
2021-12-01,-9.5819722794999,1.604776682602589,-1.952867126676652,-0.956521043687136,-1.691883277052502,0.031033075586359,-1.196742848521359,0.845698117076535,1.300456916709433,0.7424312552704947,0.7700509109724056,-0.4228423825165291,-0.6021578029569182,0.1021633167694074,-0.0989970193198648,1.5687438479579825,0.3239677534940391,-0.5869150672703207,-0.6607449210793152,0.2826489147057947,0.1121322619188852,0.0098674283599083,-0.4849374493963303,0.3421460747938984,0.691632300890467,-0.1636506461363432,-0.0674604521151233,0.9593085387589988,0.263777059526192,-0.3761236613256026,0.273590608670774,0.0338342652162158,0.0691851111190974,0.1430584149035111,0.1087082675435671,-0.6619399924660956,-0.0625463440078753,0.0644497532715872,-0.1749252061795532,0.2216458799262037,-0.3777467403264143,0.427935853121525,-0.2502472378919207,-0.5850185365754123,0.6308242868744075,0.1034794528506193,-0.0901894879923828,-0.204795744352649,0.134305448019042,-0.4110717327542973,0.2731730361160311,0.0314084109966926,-0.3487705369532939,0.0501662908553351,-0.1750531945524779,-0.4049376994386681,0.1377521385875002,-0.4211030360350336,0.2134565038981805,-0.2670253484088894,-0.421165506438996,0.0786970320476909,-0.0769757514983078,-0.0573168875550733,-0.4620822103894199,0.0369113772847655,0.2483218114807427,-0.0571526478045726,0.0674645615498297,0.1868174559911072,0.1235097818351223,0.0044028112099168,-0.1783719873104358,-0.1767814293912725,0.121306817787001,0.1368532582149814,-0.5285744009554818,0.0058639888101677,-0.253283065963357,0.1159155537666592,0.0384786677965849,0.2123935549856541,-0.0032323780189944,0.1279462582029977,0.1012770127792178,0.2051187090699815,-0.0069678900406102,0.2171380541440343,0.0847704400625453,0.0396196911996733,-0.070244493443879,0.1692942747311022,-0.1430595328693135,0.0978037780962708,0.1431629081514964,0.1440805080581972,-0.0051611657046449,0.0911089549314026,-0.2879176104001115,0.0101422622087552,-0.1619704733454884,-0.0169702585856011,0.0064819710696895,0.14551545322301,0.0398191742013419,-0.1111235376812354,0.0874656345154878,-0.0552154329039235,-0.1182095174339032,0.0708333085504367,0.0168649359717562,0.0607544245643074,0.0906508420520834,0.0164852097457161,-0.059693683305907,0.0856420514934925,-0.0380202514841527,-0.0129267809746346,-0.0079939989980248,0.0628067053628435,-2.948667220837278e-16,0.07040751297761094,0.030648604070663055,0.016669843268807494,0.028714183251786984,0.050014751817915926,0.03052389701063607,0.09702677749256661,0.09326857112627818,0.08833815741235584,0.08602539479873883,0.0,0.027822347599562924,-0.011936561307384963,-0.025915322109240524,-0.013870982126261033,0.007429586439867908,-0.012061268367411948,0.05444161211451859,0.05068340574823016,0.04575299203430783,0.04344022942069081,-0.04258516537804802,0.04258516537804802
2022-01-01,-8.620174434959665,0.2167790848841478,-1.6127867574420798,-0.3777425653254833,-1.2581257438363096,0.153466721431295,-0.1860703589119517,0.9770036783045905,1.126436259691955,0.7167345324002692,0.6456281992176861,-0.7321933354183824,-1.468284136653264,-0.1406176811910032,0.9157241369620912,0.9626433422263696,-0.1767818176724746,-0.3272021764613479,-0.0234602493218433,-0.0066629775993404,-0.7532437030239291,-0.1600593658394466,-0.2528103088421761,-0.7332341244186352,0.5292438431354188,-0.4649316958139742,-1.0551751569768937,0.3695531475221842,0.1806340320998629,0.6395413789382997,0.4923468521752933,0.376685020740835,0.3615317946144308,0.3950350380308314,-0.1706431731138551,0.212577622148412,-0.4409514375462723,0.2982156260767207,0.2768292996638298,0.3334139311343808,-0.7198696260967146,0.2975626054030117,-0.0672543878420596,-0.0508256457221289,0.2784625616130424,0.3056069072260414,-0.1786473162695463,-0.5879094016337599,0.0159171032772323,-0.1060197007527159,0.4959781675896466,-0.2955755601945156,0.3102210370659309,-0.2080287749300551,0.0812611053388222,0.4473752552171677,0.3682188695097629,-0.5699724289250919,0.4346135183159214,-0.2010784143832824,0.0884523241279445,0.3525644699963243,0.6894244541795082,-0.267332720796119,-0.0479631178156536,-0.2162183403498223,-0.1298981461585363,0.0940199719119595,-0.3527000419104001,-0.0736249859932121,-0.0581279109218888,0.2083924135047842,0.1864511390976254,-0.0304812880855194,0.0189668249530452,-0.2221898464770532,0.2682654510830056,-0.2532702024052479,0.2186728887451353,-0.1184407793146609,0.1484713210934939,-0.0303718282453256,-0.2041561044071804,0.1457170275682656,0.2263137868190746,-0.3202156845234701,0.1243819556881498,-0.0351437563997915,0.0383224928578718,-0.0546260884412288,-0.1592807903263156,-0.088882992834743,0.1462525085459644,0.2035884180229759,0.1087620999959226,-0.0993194504662626,0.0301564539996809,0.1948005586505341,-0.0281822683388399,-0.0318717346119115,0.0007381432903123,-0.0945593396369795,0.0795133273373773,-0.0143176776700316,0.0150421321640503,-0.0087077341356058,-0.0670551200298305,0.0330799793153333,-0.0130751505695315,0.0513641943217864,0.0067979216536999,-0.0267260866347169,-0.036734521045256,0.1067093705810492,0.1185623314912689,0.0135979892315246,-0.0001359474414535,-0.016024113476415,0.0353030127272653,-0.0616471310475369,2.1823609036632022e-16,-0.06326045259641255,-0.04605901480826835,0.2031270294869747,0.005048695819644289,-0.04432426589502769,-0.06667958528157314,-0.008030389848833086,-0.07845144346146604,-0.0249468299377843,-0.06498493957478457,-0.093978864075423,-0.013847087345785325,0.0033543504423588777,0.2525403947376019,0.05446206107027152,0.005089099355599536,-0.01726622003094591,0.04138297540179414,-0.029038078210838814,0.02446653531284293,-0.015571574324157345,-0.04456549882479577,-0.04941336525062723
2022-02-01,-9.886615019032885,-0.0114712913660816,0.0118698143565063,0.6619249212474865,0.532294054866741,-0.9064236298054272,0.2625967970715094,1.3542229369318353,0.2423056799920183,1.279912196730151,-0.1140452144630129,-0.0026417965287896,-0.7956190589263789,-0.2542192454281276,1.5091160449783692,0.4783779305031447,-0.6005383656299995,0.1175838304157874,0.505614876657964,-0.2279104581672877,-0.1770610495945206,-0.6577064335814814,0.5719301765359458,-0.7983806435505924,0.4356234175457421,0.730527097809626,-0.2778268404998637,0.4756097609218355,-0.4544655284187888,0.0241922235426175,0.3814965924780887,-0.2631498847000905,0.3596489654187889,0.2857280275436637,0.4363308032442974,-0.702376357790865,-0.2000231928914844,-0.234224762595742,0.0480498871063647,0.3160793565330627,0.1045841108483552,0.1805307774004378,0.0372031600655832,0.6896685910384058,0.8560819960521211,0.79472671449332,0.2308779732886635,-0.180475619623491,0.045982873919474,0.4981504951686984,-0.3841863376411307,0.4042033763787363,0.1494819326820649,0.1461487106496047,-0.2511241108916369,0.1729173218788664,0.0379597670504449,0.0678987540106665,0.2361452353394685,-0.1857247079342502,0.3082006011015708,-0.2571116912513429,-0.0265669315474677,0.1801412604068157,-0.0762198988688324,0.1211378527179266,0.06546170630925,-0.2620618724359001,-0.0003142267801753,-0.0080033791122368,-0.1593885782320267,-0.0962139560744236,-0.1351718407021064,-0.4119286791998347,-0.4144915898255557,0.1256421644472094,0.0449308509527437,-0.0126218442032353,0.3002707819286819,-0.0762315946765073,-0.1690174202366516,-0.1449549403366162,-0.1792069552531781,0.0170617931405862,0.0415275186508524,-0.023082641621296,0.0635438269504466,0.2525226331504964,0.0555036889877221,0.0609054235363559,0.1394871125608838,-0.0675858182468201,-0.0847049177029767,0.0829570981502258,0.0063258170187787,-0.0760176595774787,0.1310096675458912,-0.2009531073750079,0.2517312040385448,0.1442035992212137,-0.0185448586742955,-0.1069200027863559,-0.0892203383825245,-0.1133918129429096,-0.1330775743747061,-0.0153294132425179,0.1861117875550049,-0.0961180795225715,-0.0769300491141054,-0.050727702483203,-0.0498850200271781,-0.0243322011985296,0.0438549784634758,0.0199671362201961,-0.0391939986149184,-0.0148864760705468,-0.031877099800338,0.0682801540931319,0.063747206738474,0.036831471511677,-3.3749346130792207e-16,-0.0126701573154675,-0.07437470475414232,0.07069157238044932,-0.013825291910394166,-0.008437520302532975,-0.04877438395546563,-0.014084576660046588,-0.04795107641768148,-0.019060994065779213,-0.009677497540873325,-0.04065958187211438,0.01684697675291924,-0.04485757068575558,0.10020870644883606,0.015691842157992575,0.021079613765853766,-0.019257249887078887,0.015432557408340153,-0.01843394234929474,0.010456140002607528,0.019839636527513416,-0.01114244780372764,-0.02951713406838674
2022-03-01,-5.37243698893104,-1.481925835639838,-0.6841208688934488,-0.3074809540224562,2.4135024582175713,-6.7376933567098565,0.19922576963379,1.3222027468662738,0.0496167678043384,2.2210178442298156,-0.5181180882596421,-0.4352278694698137,0.2494051982581961,0.1395480533393695,0.820419862769719,-2.0986970006608785,-2.8443432546057625,-1.137457254474777,0.2874706948127993,0.6079554153727118,0.0931691266075287,-0.7134323447246406,-0.5735466029632759,0.5854097983277469,0.2752192230307984,-0.1533371117365881,0.1838943186233265,1.4658308410216014,-1.1229291207794667,-0.0738349862083597,-0.1441244872803471,0.5455934246327094,-0.6080767169191332,-0.5675956308786827,0.49262638157862,0.1550183264356532,-0.4084521509159005,0.1799233147899601,-0.2880927573039126,0.503268975390898,-0.2406383728917104,-0.2093742048667761,1.2465081267482796,0.5391826190399451,0.3344395046826632,-0.7254492912829893,0.174629122211579,0.2458151119204862,0.076394118911669,-0.018617110854911,0.1490445557545469,0.0753478925207931,0.0078139459218741,0.0898942022239137,0.129058712021715,-0.1623777301704743,0.1311829546028747,0.4060695400239649,0.0397336897258667,-0.0429633937502344,0.0655939480030052,-0.0006065545509113,0.0844117177682974,-0.0214601135639254,0.0720311598447921,0.0642858599089766,-0.0275600448094439,-0.2333683940445136,-0.0720653987592725,0.0012277714197029,-0.0567406618942844,0.1684725235077976,-0.2222173932303676,-0.1955707466859961,0.2253889308178017,0.0334354361274872,0.0342764005437302,-0.0157260343008697,0.1323353374753368,0.1174753861377817,-0.0156845459450396,0.1045902486028333,0.1511612422546854,0.1534298828152964,0.2298500427781831,0.098737147943168,-0.0987851305469176,0.0329895446460001,0.1727709698026376,-0.0918416797019785,-0.115929873691984,-0.1291393862184552,-0.0209336387635012,-0.0556795070823725,0.0373917665028713,-0.0736287798533579,0.0341782115596769,-0.0799546609361533,-0.0357214738040702,-0.1122167661335303,0.003352214553119,0.0518183195736153,0.1239499983555349,0.0983067032451935,0.0756861893407233,0.0995188211748157,-0.0559901580966721,-0.0955473408496294,0.0371203980633495,-0.0280355805192636,-0.022897665589878,0.0298908190262085,-0.0001730750074508,-0.0161765461702891,0.011763689486051,0.0121176773550726,0.0359728773861368,0.0073112930620625,-0.0536509254857675,-0.0253005274357494,-8.465469522178475e-16,0.057207996127271565,0.004821104469933779,0.08302646376829603,-0.005191978646809425,0.030934043015679924,0.03154397428002298,0.013217573691830298,0.07211019859156798,0.09612798090209451,0.05409366594943932,0.04266471304049935,0.022831072996774893,-0.029555818660562894,0.04864954063779936,-0.0395689017773061,-0.0034428801148167487,-0.0028329488504736933,-0.021159349438666375,0.0377332754610713,0.06175105777159784,0.019716742818942645,0.008287789910002674,0.03437692313049667
2022-04-01,-3.1906952632992676,-2.074627462678993,-0.8597026753505648,2.5077233355818245,0.7645030978804679,-2.8396030140211876,2.9123915466487396,2.0967070163336583,-1.248750803470306,-0.7037588177824944,1.6275744654505024,-0.6034571450458402,2.972882750337261,1.4317684022694117,2.067414370929772,2.9029648011523226,-0.990909677683705,0.9581637559032916,-1.0698445672038337,-0.2609328341380282,-0.1240548886611392,0.5384154684341839,0.7233623599939129,-0.533335203978544,-0.3274701383351506,-0.7213561659709284,-0.201067282659349,-0.0241518739203337,0.0599365968916339,0.2042175205866751,-0.0924308457311953,0.1018745786011167,-0.5050503558706124,-0.2629167075129099,-0.6883433549534721,-0.0513089293107167,-0.653506625097333,0.6286395185116057,-0.403628964021424,-0.8059545593164155,-0.1570033569524679,0.2644284391573557,0.0841553335142007,0.5854939105298973,-0.0334946530155471,0.6141337999404012,0.0995190135249484,0.41825413808614,-0.0037119746181761,0.3438218354134386,-0.1974897980182829,0.2974158224310506,0.1942932690232892,0.2948948183196715,-0.1524469620785462,0.1414915072605088,0.2458411931173176,-0.1890391160568159,-0.1582736750012323,0.0946828355902238,-0.4430097430783521,-0.258084575207086,0.0529088833366866,-0.4097390374377551,0.1845687964473036,0.1671893830302373,0.435111068770888,0.1924134244872375,-0.1470107654575939,-0.0883937881583874,0.0002115540979778,0.1539613998692342,0.0643154607532937,0.1261157258994611,0.0336283183462536,0.0908154198306966,-0.1086605465214006,0.154540242707579,0.0402384158550478,-0.1573000578152897,0.1897786849043666,0.035191048506163,-0.1378163559537611,-0.255182346089456,-0.0860015308725816,0.1647418725498061,0.0243619246020021,0.0131020394360451,0.0241476644792742,-0.1057187250089743,0.0388609036664794,-0.1075280315332187,-0.0782906586807542,-0.01767519218966,-0.0615999656162981,-0.0949577184795236,-0.260185181264392,0.0180285572714503,-0.0634919265824888,-0.062029599982333,-0.0390394704972633,0.0098483164731956,-0.0015343896194444,0.0374007924594014,-0.0415190489394349,0.0357722225534801,0.0695837995475026,0.0360270183031758,-0.1112425598534524,0.0079442306966489,0.0189825609890293,-0.0787892840328759,-0.0335639955164314,-0.0778949159826385,0.0325117832973064,-0.0033726660813115,0.0166476413895932,-0.0413328447513863,-0.0347943568891642,-0.0145166704808334,-2.2541106035759573e-16,-0.03176202624765978,-0.13913715393453974,-0.007472027577181128,-0.09590228994409145,-0.07305785477184334,-0.10853002167334747,0.02770044537168359,-0.030071828964774006,-0.03658127419424573,-0.04594210237552587,-0.1182148763214228,0.05317302966403048,-0.054202098022849476,0.07746302833450913,-0.010967234032401185,0.011877201139846916,-0.023594965761657205,0.11263550128337385,0.054863226946916255,0.04835378171744453,0.03899295353616439,-0.03327982040973254,-0.08493505591169026
2022-05-01,-11.694860944462764,0.3332670693560464,-0.895573116900103,0.9882797930023836,2.351609827574839,-2.12106291515364,0.2584758563082482,0.8659549349582463,-0.1859839591433897,1.1911167026072291,-0.3396990157782603,0.1874405283771822,1.1095977727819653,-0.3002256527248413,0.3070689849945439,0.0241520940984091,-0.3255265711928635,-0.2034685342886669,-0.0010046165624896,0.0708091211785574,0.0378534348170926,-0.640114962982014,-0.4290959002276761,-0.8550952398721933,0.1757763452552456,0.8518598377832858,-0.1427389802997857,0.0323547514064317,0.1006512015867092,-0.1230508442528718,-0.0977463743999555,0.0029208850141781,0.1984950850353143,-0.0092138942592351,-0.200684110536305,0.2162754259815688,-0.0353001155717277,0.0241061976631173,0.2992585258188989,-0.2460314369390206,-0.2217843353230062,-0.0101534370347321,0.2089410755760333,-0.4185470718795347,-0.1638183348694061,-0.057551028317415,-0.2164259246173375,0.4948065067852314,-0.0639969815462178,0.1463289528041982,0.1190376081589432,-0.0656170510852314,0.1698667195379926,0.2037368699272667,-0.1868278883165503,-0.0923121169877561,0.2080723362798612,-0.1087143745866705,0.2492854534832893,-0.0780185186160017,0.0339923479942981,0.2761526875560633,0.3218399019832814,-0.0445649171455777,-0.2694930727504742,-0.321305924987133,-0.0287682220300805,0.2794905407571125,-0.0662671398909477,0.0054795353126849,-0.1295795658167651,-0.0182596944104853,-0.0495333836739547,0.0381058347563813,0.0069660727311317,0.0456871212850161,-0.1197923269933498,0.0581721919153222,0.0952924942699459,-0.0026507850713933,-0.2061645285091283,-0.1650013339230918,0.0125562035027191,-0.0548756674026227,-0.0492124950655828,-0.0117883732321051,0.1234015852663259,0.220737457700456,-0.089615564814924,-0.2997333887327589,0.0742058611534532,0.0497842195112679,0.2212696796725127,0.1929546282665054,0.1264552899239336,0.0660111995221806,-0.0378609191944075,0.0813514237309771,-0.0643650269911799,-0.0869520580141229,0.2411093568000607,0.1590162927312217,-0.1467037156852031,-0.013413287305485,-0.0844590059737578,-0.0146407572096484,-0.0132618824930168,0.1302018464484096,0.1588012300512135,-0.0841407282956083,0.1755801425169063,0.1110063170321848,-0.0427020990453289,-0.0290975316071236,-0.1073797655378361,-0.0767830781650975,0.0395037339076709,-0.01443048446972,0.029500236486436,0.1045144615150216,-8.531127042219976e-16,0.011760572339087005,0.018963641983304802,0.16034590811100324,0.02781833361534347,-0.004624702209496512,-0.006859148651015556,-0.04082990194415603,-0.05107266937088961,0.04308173521582548,0.014889758542545373,-0.05120336157991001,0.00950321037472035,0.016706280018938147,0.1580885461466366,0.025560971650976816,-0.006882064173863167,-0.009116510615382212,-0.04308726390852269,-0.05333003133525627,0.04082437325145882,0.012632396578178717,-0.05346072354427667,0.0022573619643666554
2022-06-01,-9.49278995769114,-0.3377664717027391,-2.846618959818793,-0.3747616887083191,3.3558326884520295,-3.5134718802701106,-0.9985489491404518,0.8133926890152419,-0.792851505962766,2.444064891214222,-0.3887228688807982,0.1839938203618991,1.1527779970482492,-0.3787794361424657,0.069788250284074,-0.9462031815910736,-0.7282113078980782,-0.5252990945977983,0.0243584988513168,0.1101948074651296,0.5725206037312128,-0.834105100201561,-0.1105961371206253,-0.6261299854425653,-0.6017588998829255,0.2217715484858992,0.3569954490357115,-0.3119739238711606,-0.2394677442525667,0.3111390185355758,0.4868642045266184,0.1196286446686376,-0.3187130238922791,-0.4722272169203751,-0.0628116781005009,0.3577374664594237,-0.0470220777358467,0.3074994512170955,-0.3221621522517668,0.0805380594846477,0.1736907720255657,0.0022139709391528,0.3434812736608467,-0.3730954872773306,-0.1865789229909951,-0.920139269246974,-0.5802330285139885,-0.100521271561902,-0.3165083794793744,-0.1113179386976444,0.3095761138052598,-0.1202621065982288,-0.1540219276541548,0.2423957410001931,0.464305176065364,0.3839958612362786,0.1510646726252245,0.0759884748703012,-0.1734375177008513,0.2045209254003414,-0.1158458577669412,-0.289497379659108,0.2352256966261726,0.0092237806457535,-0.2275280095422311,-0.158587754663017,-0.0700052768628641,-0.0855086738859733,0.0914173872056989,-0.1019238757258098,0.0844538726923707,0.0261796720337491,0.0550154910118658,0.3482960077253092,0.3363972305774025,0.1497979826858573,0.0502084158659502,-0.0617008324694963,-0.167929742886297,0.2383301292436697,0.0303870363677275,-0.060584909025797,-0.2188890818039957,-0.1419851179443537,-0.4697793358407371,-0.0811619982718764,0.1624456107290909,-0.1794627531206823,0.0333384708224889,0.2193140970078514,-0.0717651991923949,0.1021328808412286,0.0256323396610818,-0.0582111905816665,0.0523900219505228,0.0842832062740253,0.0300975861744235,-0.00166937598792,0.0703236574687661,0.0956911933965366,-0.0797019663929581,-0.1165883093610207,-0.0698539689861135,-0.0676960621429322,-0.1115838626824153,-0.1601503221298418,0.0490358522072859,0.0890020105310618,-0.1776623966634883,0.0940957633260857,-0.0417515664116054,-0.0012143926594749,-0.0033983052895199,0.0105098987381019,-0.0088570304127646,-0.0058585674610055,-0.0495516870773415,0.0109210832342514,0.0915770256439659,-0.0097898448791463,-9.515965967023334e-16,-0.14448459041879724,-0.09820541494136703,-0.1799310623305136,-0.11333538837594226,-0.07771899831096007,-0.09490903985681409,-0.030750533424128257,-0.07598406442094885,-0.056504779563930074,-0.03017443875010084,-0.11039225016265597,-0.058077662294324206,-0.011798486816893994,-0.09352413420604055,-0.02692846025146922,0.008687929813512962,-0.008502111732341056,0.05565639470034478,0.010422863703524188,0.029902148560542963,0.056232489374372197,-0.023985322038182932,-0.08640692812447304
2022-07-01,2.2106040419459547,-2.6768415254806324,-5.404017537251639,-1.6511567171565678,2.4013590202135435,-3.242458371270982,-1.621795097231168,0.5667734281800353,-1.1259332345404245,2.0776199347806568,0.733718522766682,0.4685936400326659,1.0839129642083556,-0.8092336617205158,0.3985476425133909,-0.2983850418982341,-1.0890818349343128,0.2644945503214702,0.0405815584501859,-0.53305639039116,1.1699552614432966,-0.7335907859471803,1.4491553616417183,-0.8586854119191389,-0.1677544749366518,1.0550548722048685,-0.2642344636752396,-0.2503038209087064,0.3512522478691661,0.6402410360578404,0.4197813903955564,0.3167542397195405,0.6746984339415514,0.1472248426828631,0.4687852914873421,0.1698932962565814,-0.1675848630600976,-0.017169963813011,0.0624136603934204,0.3566600376665064,0.4362009150454784,0.2910705904585535,-0.3519020599938811,0.1516838359658722,0.2900050429422801,0.2165297157506417,0.0158378742844908,0.2642542868834268,-0.1516545159543283,0.4906545454644443,-0.0609912667925998,-0.1156113556587354,-0.4909726636909761,-0.4225679768982018,-0.4497184285160546,0.0032160538829703,-0.0423896584615167,-0.1181495268371932,0.0053214398300551,-0.1076706325515258,-0.0867913563744015,-0.065582697209623,0.2264164954803271,0.2172073898090111,0.1922897310550138,-0.3646986342074022,-0.0859850025048835,0.0280595968089655,0.1616163954399726,-0.0211410285514707,0.4873713219248945,-0.1856844851617536,0.3771842451286012,-0.2004547721210532,-0.3169405508991805,-0.1605040685428999,-0.1522891642754113,0.0766292970787039,-0.33197692209716,-0.1418615997575171,0.0280421536857874,-0.2238731146425246,0.266082124913335,0.1945144240042641,0.0964419805067016,0.021296043249939,-0.1817555212757642,-0.149380592476329,-0.1673291024179939,-0.016244960097933,0.1410695773294424,-0.0024572190733052,-0.0004639365034194,-0.0493102320476918,-0.244051779395082,0.1223841155294201,-0.0127886723593154,0.0621159834317502,-0.0960064236159865,0.0459776135142161,-0.0437467356881623,0.0772915039073061,-0.1127720087819404,0.0826969484463918,0.114713833161589,-0.0365267830010136,-0.0022730014100357,0.0358859550439165,0.1125688995532947,0.0537622806977888,-0.0080483492485906,-0.0933534506584252,-0.0264983471169295,0.0471557161709703,0.0362829042012348,0.0792578506474198,-0.0163782058764031,-0.0109341281519915,-0.0053739523153703,-0.0195985748427186,2.199918449318898e-16,0.0688966183296531,0.04120934573242585,0.10892795587728377,0.07757362027467751,0.09983834813746917,0.13746668433639697,0.03975285293280573,0.09390234995575453,0.06290851355225602,0.03679749504326901,0.1871295009270988,-0.027908199145826318,-0.05559547174305357,0.012123138401804345,-0.01923119720080191,0.0030335306619897473,0.04066186686091755,-0.057051964542673694,-0.002902467519724894,-0.0338963039232234,-0.06000732243221041,0.09032468345161937,0.09680481747547942
2022-08-01,3.0995310412814696,-2.947008539896267,-4.9090953390062015,-0.4981178120026438,0.9251317183724684,-2.1805568664121857,-1.2538780046099562,0.1954792140245857,-0.933431159839782,2.0689897918198827,0.1592958923563358,0.2371429786731674,0.4586115117453588,-1.6095141271378877,0.1977632020238271,0.3389627070963364,-0.6900545506648077,0.4249998177526362,-0.6045948402554822,-0.4601649797840748,-0.4906304266205953,0.0659549559898398,0.8119954039804264,-0.8278816845019855,0.7643089939047082,0.2798598634182034,-0.2850896543548767,-0.0910726319891863,1.6956891493032304,-0.1286771773285444,-0.6910247897624016,0.2139627840921586,1.7519614188528891,0.2524691486217046,-0.7298925731585718,0.6081379583994455,0.5791347505783744,-0.1638640234823943,0.1875651521169217,0.2307304522479357,0.6728963569683387,0.3166166669246043,-0.2563582446560886,-0.4660621156079303,-0.2162437370065448,-0.1311359880342963,0.376944196827754,-0.9334272231836248,-0.2396463982717282,-0.7295622754402443,0.1480306002681698,-0.1014195034057121,0.2680847878266153,-0.0587684213671032,-0.0108787905862062,0.0127974690468907,-0.0653973455006274,-0.1599287603551221,-0.0083067072523396,0.2360616917159506,0.163215147460896,-0.2449599015356696,-0.4398521210875985,-0.1815862581454084,0.1263802692858547,0.3685144274330569,-0.0596624486469594,-0.2085813251542772,0.1980040788092187,0.2424463489862417,0.3291865230028493,-0.1877169656619942,0.1538829651890361,-0.1287600686917577,0.2792623839688193,0.097938220401611,-0.1933499550790312,0.2088441105758545,0.0721338038422415,0.0889846662117251,-0.0187174953001369,0.2155384248134475,0.038873860658578,-0.1169254785338218,0.1053314595052571,0.0272775787405589,0.0897817024227601,-0.1340047624323947,0.132356361524096,-0.0385212552660386,-0.0249353704978129,-0.0979058247520923,0.0520306257070016,0.0518792982368683,0.1276646869536237,0.0601898397450728,-0.1355156220599699,0.0269897148903916,0.1520827954068182,-0.1096387845854461,0.0631659129867551,0.0058797963554359,0.038480475879806,-0.0869722946078637,-0.041633055193847,0.1169382774207323,-0.0094141665446097,-0.1281801791577909,-0.063963391139503,-0.0770969198134675,-0.0264260485414139,0.0302631008896981,0.0168359093518603,0.0013165605816527,0.0116940386877804,-0.0480610782990615,0.0262114799745672,0.0197948291216616,-0.0324059196500483,0.0035459831765646,-4.556829489610765e-16,-0.0348136925090724,-0.0353022748922599,0.02652364530667306,-0.01957856719947626,-0.028335179153975987,-0.06212741254374188,-0.01852591440946716,-0.05615709338645647,0.005273811857230415,-0.05770389102360418,-0.04495478262334052,0.005988146249439774,0.005499563866252277,0.06732548406518524,0.021223271559035917,0.01246665960453619,-0.0213255737852297,0.022275924349045018,-0.015355254627944293,0.04607565061574259,-0.016902052265092005,-0.00415294386482834,-0.04080183875851218
2022-09-01,-5.096523381167668,-0.86176945635978,-1.2386572740052026,1.740569003326094,1.1563848699506558,-1.2163129730274835,-0.5606991360611085,-0.9866282998372709,0.2005056138932096,2.234947590301795,-0.0229319837812001,-0.245142881337028,0.4312692442629007,-0.0206914978953422,-0.5358427182774533,0.1599650884010275,0.1183018021936902,-0.2384053314760474,-0.1415872056720106,-0.264778471084991,-0.4628542719509116,-0.4627201680454016,-0.3340302783090049,-1.1616693596559768,0.4551315398051612,-0.2931375379880324,-0.2619951132619682,-0.858599577334889,0.8493318016811012,-0.2320065766351682,-0.195706175100016,-0.0416420107292918,0.1994522140296327,-0.1134566651037146,-0.3067352154067439,-0.3381055627008902,0.6536960771544468,-0.0694854230613809,-0.0866993861208762,-0.408913233985152,-0.142212875827887,0.2570385111001292,-0.0571136974063332,0.0085891405149948,-0.1840148769809408,-0.0146510578584695,-0.2999169622557855,-0.1238717375502307,-0.0925242171795358,0.1470287204816449,0.2721140058377238,-0.1324661472239701,0.0308109992591472,-0.0037238979793444,0.0088468095312333,-0.4253217637353462,-0.1578971136380172,-0.1814894677757439,-0.0035300980598608,-0.0126122019551122,0.1289636545269762,0.1614880692359832,-0.3040339093049868,0.191017143660569,0.0878125470735742,-0.0073524706204358,0.4447870160070594,-0.2823832610915825,-0.1696949723185628,-0.4447991836885155,-0.2108648431081054,-0.0633786893885353,-0.4250607565001095,-0.0203102942316099,-0.1698910811978838,-0.3905233287778971,0.0694585136376624,-0.0205748294747468,0.3396981524407459,-0.0641476626214229,0.2205992190961742,0.0496054194586461,-0.0411854460729639,0.3069921996750409,-0.4870825882040474,-0.0868539390116108,-0.1350659529244935,0.2752107832811714,0.0240583440078149,0.2840700402535448,0.0243136234251197,0.0717733038121229,-0.0576672415478116,-0.0795979163088528,-0.1540902999387456,-0.0204563837501953,0.1113952638935188,0.0462263559824656,-0.0924100990669933,0.0182932330436644,0.228679584317992,0.0130187948374478,-0.0193900149652893,0.0565993691744622,0.0266992118211529,0.1531703509452323,0.0585453442936911,0.0341902445990492,-0.0299402090505138,0.0049455944250475,0.0024819186988345,0.1142665679934095,-0.0088917792132748,-0.0076815698549357,-0.0122745699748018,0.0512503168540626,-0.009281048709668,-0.027320707892987,-0.0546782573410962,-0.0781357047224372,-6.353990111542476e-16,-0.09813002965215012,-0.11934535242853517,-0.10534158933316995,-0.08139200571740646,-0.10857660382192946,-0.1218393872422594,-0.08726567837140164,-0.13954618441272826,-0.1187784854923497,-0.02925617462425001,-0.08398225007689708,-0.0019713002028155513,-0.0231866229792006,-0.009182859883835381,0.01476672373192811,-0.012417874372594895,-0.025680657792924833,0.008893051077932923,-0.04338745496339369,-0.022619756043015138,0.06690255482508456,0.012176479372437488,-0.09615872944933457
2022-10-01,-2.7416214726553645,-1.949662996722158,-1.1249345763270877,2.7163669564739954,0.801753245403158,-1.9005926118270349,-0.726154719146549,-0.97288290378233,0.1223460400330002,2.160117881740641,0.4001850162296979,0.0184418647290083,0.0621214139703829,-0.6932894635813954,-0.2260610079915922,-0.4000987484162975,-0.2574277596467646,0.6810553380262467,-0.3726475725688724,-0.4971959659993972,-0.0207730093338271,-0.4988847770387424,-0.1026855199041971,0.138448069911398,0.4862732250939632,0.1245069851100319,-0.286928156572682,-0.6605963019042428,0.7742180775760632,-0.4998026868455316,-0.5485932773641481,0.9196852375965184,-0.1517690096211051,0.4589990145090585,-0.710783153517523,-0.4672580674431374,-0.1453161501789879,-0.2859895395699683,0.2285556270692973,-0.0712501662490111,0.4083749383789742,0.512250764653742,0.0759523153105597,0.1112803041373027,-0.0856787985707532,0.2538010578033801,-0.3253278769523555,0.3637789100398302,0.0539024964080524,0.3315922336006801,0.241133432116826,0.0121700109479974,-0.4098285897298362,-0.6591467312070513,-0.0853619237043712,0.2430760386650961,-0.1866634224928985,0.0152910267356797,-0.3509170104695575,0.133085272931746,0.1933269729239152,-0.1685907230248634,-0.0276321537746547,0.0577662172663739,-0.0749114246031577,0.5176863518566491,0.3772776093342631,0.0928864620689157,0.1203289626831055,0.3891865458312418,-0.5447189219118197,0.1049772117835436,-0.0860773664705339,0.0523678363000907,-0.0675751481857207,0.0596907488566926,0.5360278481827115,-0.2526916965973378,-0.040166141773533,-0.0345699565883893,0.2941790401073537,0.1493077445585047,-0.1385528558842091,-0.3463822348782826,0.153635243041785,-0.0898956260086485,-0.1217949017299638,0.0656097325870519,-0.0897630652287432,0.0120446753802145,-0.0843538220869046,0.0185733926128189,-0.0581966805862297,-0.0350465043651161,0.0258351232357516,-0.0750543727022278,0.1521882115498317,0.0485200820659818,-0.0944123689405107,0.0607566914141843,-0.048853595328048,-0.0224810357376634,0.0803526770879575,-0.0103033061603725,0.0932857900385459,-0.2463684947920878,-0.1385821495194739,-0.0616256408947032,0.1075979003411989,-0.0155630742675167,-0.0230644122698746,-0.0221428768892182,0.0198634129506558,-0.0565787104311103,-0.0172081125826061,-0.0338149548516684,-0.0358505416616945,-0.0073337924958979,-0.0139110696632852,0.0598188288027444,-1.1212779547009065e-15,0.09541217405102942,0.00881015116738193,0.26327762748975947,0.12512365292302885,0.14439469878021804,0.07918607644382059,0.0971550381655708,0.02928010693054195,0.02629090845958526,0.10048006618477978,0.013208827865474282,0.009694883008064759,-0.07690713987558273,0.1775603364467948,0.03940636188006419,0.058677407737253384,-0.006531214599144075,0.011437747122606146,-0.05643718411242271,-0.0594263825833794,0.014762775141815121,-0.07250846317749038,0.08571729104296466
2022-11-01,-3.613130358725428,-1.5894499193097524,-0.9466458262822836,3.2092209346218437,-0.4208347505964676,-1.970283470151569,-2.9680055000830565,-0.7275775968695726,-0.1841781808182263,0.5389517230963882,0.870726377759237,-0.0046794327229128,0.5315564831896122,-1.3934341849545708,-0.2133834799791415,-0.3804648738403643,0.33498179571595,0.5007892280940893,-0.1321134016925942,0.0354544283762802,-0.1124552085288751,-0.0200919133870641,0.3539201034890666,-0.0520489587674727,0.1609910376125495,-0.5867069697342353,-0.2391383584428406,-0.693362211832898,0.3498124527025038,-0.6194619321950675,0.0546660994783497,0.2989351084508633,0.081511136017401,0.2574108695051192,-0.3590973362071881,0.0878943241450031,0.1096645324340566,0.1549387828945508,-0.3639871322345576,-0.3846725969732838,-0.0297190549198153,-0.1848674546475996,0.0140840073643045,0.0889943625090049,-0.3200100998240434,0.2232621222791571,-0.6340573607121573,0.1680793147035365,0.1028082446979545,-0.1692901084911731,-0.2170512714753088,-0.0248176037955197,0.1535600066997301,0.2026218370590995,0.7455040381497527,0.0083855347236384,-0.4613716374122719,-0.0712649994467072,0.2793549470916983,-0.2770161489541757,0.2906659676499635,0.5858968229186191,-0.2919286097976974,-0.0454029339930672,-0.3680904439068146,0.1074042568457724,0.0321706626049465,-0.1634532210384787,0.2726294127354876,0.0772966874019901,-0.0314993673634414,0.0948040433040468,-0.0936299618652109,0.2629810389565589,-0.1919175719360868,0.119541975230674,0.0379984415609368,-0.0135277730431598,-0.2357646041766715,-0.0718194848607143,-0.282747348695845,-0.2785147470301228,0.1282304155329754,-0.0086531389926471,0.1963748119261301,-0.0379263021269901,0.0787338901175349,0.175757766040158,0.1131070334319169,-0.1379923963807298,0.0248493727811381,-0.0403996283940822,-0.1194651640465707,0.0252755706157465,-0.0152344531224301,-0.1200397924219208,-0.0936688345452419,-0.1210785505747771,0.1921276431284482,0.1328596535123499,-0.3380686934771389,0.0604088526453894,0.1003916230598196,0.0882724678056838,-0.0903620007836731,0.0262773012884453,0.0227618589072139,0.1260585312305762,0.0334115396753399,0.1189724121879306,0.0859616279295473,0.0566493389929715,-0.0424349494248286,0.0543576805719572,0.0014098668979543,0.0412297551243281,0.0789542076722136,0.0303619342503942,-0.0286070793628078,-0.0393027452680638,-5.223709234770464e-16,0.11703565498983592,0.06845074983602739,0.012777798928597983,0.06856979916026429,0.07811328117568261,0.06326716733204907,0.06117711693252326,0.06833645122888088,0.06963121831546548,0.04723146863627914,0.014858243431946416,0.06144399638425169,0.012859091230443154,-0.042813859676986254,0.012978140554680051,0.022521622570098376,0.00767550872646483,0.005585458326939019,0.012744792623296641,0.014039559709881244,-0.008360189969305099,-0.04073341517363782,0.05559165860558424
2022-12-01,-1.20478445870674,-2.071431854171199,-2.2182093922392916,1.861213303228507,-0.259471603310457,-1.445899224310014,-2.3851898459740943,-0.2834430472493444,0.5614976808408209,1.3291919173717397,2.446040118332695,1.136657553085147,-1.2523551897861012,0.4776721789171251,-0.4136385474006578,1.0063985682759236,0.8546147330714386,-1.3616980869054105,-0.6386002135605605,0.3554964398663353,0.7559494904699348,0.7442512833856275,0.1367002338205696,-0.5560094694877629,0.0037161931907095,0.0815620148171174,0.1103622912746733,-0.3516939279804359,0.115242231098045,-0.582925300968806,-0.959927539167592,0.5224496973266733,0.1447585179780617,-0.2335058750023191,-0.2172467434814862,0.7330596166417521,0.5604350881968206,0.5787300444460424,-0.223565455369171,-0.1317933668382953,-1.0504360766122354,-0.5828448081202383,-0.4064632875230302,0.3944837548498632,-0.6846595060000722,0.1069584781559883,-0.1156613216537109,-0.1042211653782299,0.3775450233157522,-0.2559303497566955,-0.6840118576028811,0.2892638252997805,0.0762907534810025,-0.1339581308787167,-0.1102686854777057,0.1609401830059743,0.0424261564412735,0.7144182427980031,-0.0595908003020255,-0.206918666968003,-0.0940957649189212,0.1647213224408389,-0.0695111398714081,-0.3282972387431321,0.1259116192107464,-0.429912857395066,-0.1070674753435166,0.181294415603607,-0.3057242010698047,0.3195811565497117,0.0311048494589862,0.129247104372487,-0.3120922240577994,0.0992038062096765,-0.019161038616364,0.1826450784827444,0.148724396425893,0.0633505770558423,-0.1165699395593583,-0.1423518037367792,-0.0381458298135051,0.1016927944144598,-0.1050564553146622,0.1729510883537605,0.1692737266177687,-0.0942856339635421,0.0269909793465328,-0.0009048428958288,0.1483561621292113,0.0551323562378025,-0.1067499524707873,0.0217186331134233,-0.1335030902942929,-0.2199284027800664,0.000452324939666,0.1160690319278099,0.065016441954796,-0.0128602720101383,0.0749944016200464,-0.0733557061348493,0.0753669912130752,0.1122362485089704,-0.0624326442091954,0.0290995361891341,0.1410682050935506,0.0158161296069425,0.0956036137029936,-0.0202116320172444,0.0077705885331049,-0.0933916567450372,0.0046424279276314,-0.0797646851229972,0.0249560343895129,0.0055479257665101,-0.0129397395160105,-0.0033381580374833,-0.0596209839983679,-0.0200263606334852,0.1001091114774227,0.0006307170398323,-6.573081579138283e-16,-0.06126921409105335,-0.0683362876829583,-0.040372889078236884,-0.05811067003002912,-0.034506397759883845,-0.08473057498786774,-0.0342015400488459,-0.05886861886835537,-0.013019585058510419,-0.02280235881497239,-0.11637135229082451,0.0006668840747853233,-0.0064001895171196255,0.021563209087601787,0.00382542813580955,0.027429700405954827,-0.022794476822029064,0.02773455811699277,0.0030674792974833,0.04891651310732825,0.03913373935086628,-0.054435254124985843,-0.06193609816583867
2023-01-01,2.8615761057249367,-3.230165420375614,-2.1169910702644144,2.4406739919337817,-0.0201583908402509,-0.6711452375175309,-0.0828646727833081,0.2252385927543947,-0.0146442806867419,1.0968530759619328,1.744685806652892,0.5523845332307403,-1.4642873181974552,-1.586768681412494,0.8708102307600113,0.4723173473269944,0.3135007736250321,-0.3917549733115737,0.0983971011322717,-0.0473117824084515,-0.6610585693422185,0.1642105616399017,-0.2751635860688243,0.6795623923241071,-0.6277149351218424,0.0028457159393717,0.5242495597736498,-0.2217469714672249,0.215822200359306,-0.1606830537255427,0.1745805283175001,0.365542241004553,0.1485360272928797,-0.2622096625529425,0.8163885925495716,1.132599948982535,0.1521942554291514,-0.1187999039641645,-0.0863441696927606,0.5508100621957656,-0.2047887032921964,0.0871438446219007,0.1388747063846176,0.0730591431761722,0.0260799956147863,0.230307441206513,0.2124109353510878,-0.041558666571312,-0.6242109737699639,-0.2661908910685112,-0.1233299849377272,-0.2653193288035816,-0.3756114075475254,0.1621519330233709,-0.2852981922157604,-0.0798699257775019,0.5874511410833312,0.5672620511221019,-0.2742190163158504,0.0671980425015993,0.0447527790278033,0.563144554764031,-0.0624504861521675,-0.0403943193594472,-0.0616726079456675,0.1266334901392951,-0.0536139562988256,0.4545970578785485,-0.21377392246691,-0.3818417563439698,-0.1847572393586842,-0.0176704213516434,-0.0355778973442215,0.3018287012748566,-0.3101800270031983,-0.2111874681414383,-0.047359618102956,0.0511310384527672,-0.0725679445525978,-0.0495168292367571,0.1208163397349467,0.015703359047169,-0.1207362934033283,0.085653877484559,0.1497655795575645,0.3278419623676505,-0.0050634096982365,0.0424783332452464,-0.1334900745335142,0.0211709865696929,-0.1348146208686491,0.3291293447205003,0.1919683450568837,0.096275526208048,-0.2045135597190909,-0.0145699546500591,-0.0567816654650019,-0.0404389654752828,-0.0290749441362692,0.0558333060616817,-0.0381984423178236,-0.0690964245045082,0.0936396763676155,-0.1961229882111512,-0.1455172815433488,0.0567545023070412,1.9587940706656073e-05,-0.0432564819828106,-0.0221192023188413,0.0964527276303116,-0.0508111594548851,-0.0226962517834846,0.0138453472692785,-0.0178393127506433,-0.0245115519892635,-0.0496851579416497,-0.0105683074515474,0.0194321270194641,-0.0687948599616035,0.0292620424936697,-6.357357479830665e-16,0.09678691402459738,0.15056442658870872,0.03871279628372237,0.07570900085348975,0.042013252745128904,0.09571198692647798,-0.00377204381167362,0.11158587357628624,-0.011981395980944387,-0.014284976336221167,0.15444058297882113,0.029018656518665642,0.08279616908277698,-0.029055461222209367,0.00794074334755801,-0.025755004760802835,0.027943729420546237,-0.07154030131760536,0.043817616070354504,-0.07974965348687613,-0.0820532338421529,0.08667232547288939,0.06776825750593174
2023-02-01,3.996262668413809,-4.238714178009875,-2.112814577812931,3.872781457298524,-0.0656717720088368,-0.6582388803586212,1.2011594947739153,0.1650901766748309,-0.3998675887893095,1.1616418132380164,1.2428036107673568,0.4495650413516044,-1.627894819557847,-1.091129331160536,1.7055193774762527,0.1499359793556597,1.5913995184979,0.2018598615039661,1.3249069581860842,-0.0526177098559737,-0.4384672410205765,-0.4965396179474047,1.0908847128466082,-0.0272622577281144,-0.3337881157023111,0.8360514952670981,1.0648470935243202,0.0821688998319819,-0.8572142728833227,-0.003796757809677,-0.4334709856157518,-1.1104513398254336,-0.2607505980985493,-0.6955155161158292,-0.2238304454094855,0.1369399206452749,0.6744688455281453,-0.1809376819449752,-0.2379040045527903,-0.0998809608517893,0.6301467457245952,-0.7470950585933482,0.2382184087829498,-0.1299954687492638,-0.4970233884020026,0.4283355367276998,-0.4174756692373901,-0.6593620131443396,-0.0940785381505423,-0.4243542350083042,0.3465507446838164,0.611724096864606,-0.122499944870044,0.2820181371820043,-0.5791841056560312,0.4197973153717541,-0.4236263342823312,0.0229184070961658,0.3298608518495715,0.0410660255956979,-0.0365141163033585,-0.4227332356037723,0.1615294349715273,0.0123279131987935,-0.0270185143811267,0.0027401394625273,-0.3282743659629913,0.2777645139982618,0.215244731745175,-0.221895982566556,0.0205401767215655,0.1677572358044546,0.0579944411796089,0.0624931959638282,-0.104845969448289,-0.1989120622759431,0.0067814461455097,-0.3323484154144235,0.3177754382578805,0.051596941281361,-0.2073592473501332,0.002350078543641,0.2091369940008892,-0.0500500050291408,-0.0469394678276574,0.0552871431424817,0.0387160972737679,0.1375203492407685,0.0711011816978976,0.0304413568544781,0.1780321500509949,0.0055642158775882,-0.1763472234190638,-0.0067924550190313,0.0851851207403224,-0.0227656366301286,0.0385715258636527,0.0772820603761096,-0.2071281433805719,-0.1307995743680868,-0.0821051294424818,-0.0641629770246097,0.0804842511765591,-0.0097623878172321,0.0910067065321131,-0.0725254183522568,-0.0494156242958819,0.033585392536742,-0.0282973461258595,-0.0252169984274962,0.0024229465223835,-0.0066604635492089,0.0129651814218071,-0.0213905969424814,0.0202265442995612,0.015181039349528,0.0574536557381427,-0.0453257428003389,-0.0045383381059254,-0.0034556118194042,-4.676312622663098e-16,-0.03331370684087742,-0.028685475226930768,-0.06938729254237619,-0.022976180321869655,-0.00864018308888237,0.004118918454624199,-0.02318970976652135,-0.058635281346779755,-0.059198190471330236,-0.04641591887308816,-0.02125105662497262,-0.008171049829667654,-0.0035428182157209998,-0.04424463553116642,0.0021664766893401133,0.0165024739223274,0.029261575465833967,0.0019529472446884188,-0.03349262433556999,-0.03405553346012047,-0.02127326186187839,0.0038916003862371484,-0.025142657011209768
2023-03-01,-0.9259769299337468,-1.906008573149392,-0.5846946709039319,3.5226026702451305,1.5884472744327789,0.0071989594728824,1.332176243766818,-0.1860121840654932,0.4650885540374329,0.0998552018954145,2.082231658133998,-1.2586158046783331,0.0365367186646049,-1.2294920618318632,0.4297802531445445,-3.6499448126503378,3.1392896951497047,-0.4163207948198956,-2.1603900906068016,2.1002286664253997,-0.4049501497600923,0.1725527236586678,0.647390521599621,0.3111136964627903,0.750530906956644,-1.24722892013506,0.3338235183002629,0.8839535496651033,-0.485234697223191,1.8919316302878535,-0.4342360910405998,-0.3258972180286494,0.7727799386134532,-0.1751631378216889,0.0868489314529505,-0.9910747652716304,0.4894477251570864,0.6727818607125999,-0.1665493555794384,0.0786508834060825,0.4853130641716949,1.318525513093289,-0.3176032787350415,0.1919616768019418,-0.2238524392049315,0.0379327346903184,0.4358078693723404,0.1984137964333552,-0.2102856360477599,0.2056277315337713,-0.1306722820088281,0.0647235010925726,0.4937515399470611,-0.0438394167306513,0.1136254796845012,-0.3128951058418285,0.0871924468840375,0.1282814090304493,-0.077679838785399,-0.0224007091614949,-0.0107668268893964,0.0862058899903712,0.1336403526746558,-0.1484050942094583,-0.1080402744726137,0.0436339417869848,-0.1455315107765151,0.1944301317393287,-0.078705982192486,0.2069874516704551,0.1230344343710442,-0.0877054615074768,0.0351883750385756,-0.0417302774292168,0.1869358255321369,0.0589570300394426,0.1613745641400608,-0.0078799126308409,-0.0256253606699835,-0.0744115156446417,0.0202783130136081,-0.0383775809130855,0.0986916542634271,-0.0103916326339191,-0.084691002095553,0.0238127710040414,-0.0105685568682351,0.0733969114060445,-0.167224207755107,-0.0174788078817168,0.0221813204180033,0.0319237917238405,0.0456448458146762,-0.0038402079040896,-0.0206280137561091,-0.0597813973439009,0.0448075704665107,-0.005651498528891,-0.0022558761489433,-0.0331452387455536,0.0019739944686235,-0.0169358734452475,-0.0035692423262097,0.0309705374682724,-0.0299305717475034,0.00923018744526,0.0112278069976569,0.0075629061051435,-0.0248925911011912,0.0002794833345844,-0.0022083768028937,-0.0275853708993354,-0.0201441179124237,-0.0138057812174712,-0.0394013600026252,0.0167281574613656,-0.0088902874770723,-0.006239815299026,0.0155137615995831,-0.0075182654385984,-6.073723737999101e-16,-0.014297871596635758,0.0835516204521547,-0.010275876953546481,-0.09994374361145286,0.0020798121670875247,0.10613807538988884,0.037206922284704014,-0.021721897242490074,0.04138459910291847,0.018007553650220887,0.027483882203435117,-0.04743267290688613,0.05041681914190432,-0.043410678263796854,-0.13307854492170323,-0.031054989143162848,0.07300327407963847,0.004072120974453641,-0.054856698552740446,0.008249797792668101,-0.015127247660029486,-0.005650919106815255,0.03313480131025037
2023-04-01,6.358376379968274,-4.47052834700326,-2.16057641000772,3.403267183836327,1.5148654424829473,-1.3347972987232166,2.2265281713575384,0.8094400646321637,-1.144156071053316,-1.1339572721602915,2.7611110083485344,-0.5328867292524327,1.912042205180144,1.0898647528468302,1.1046433801926152,1.0519843122995225,0.228190456152419,0.4796398752592848,0.0857677316293171,-0.4561229733177302,-0.2387486761924011,0.8256229377506253,-0.5752895618439617,0.9043814842764196,0.2554268208663461,-0.6556032718799119,-0.1220292596207745,-0.3956767205740664,-0.1442324422103352,-0.1002547879248331,-0.0326859674000805,-0.5349939126031924,-0.0126078502815211,0.0269121822865279,0.1566026784601794,0.4397159191995217,-0.371798841460207,-0.3253211458545476,0.5149282750242298,0.5191827591647533,0.2141388618434472,0.1851093707459153,0.4271023419958573,0.0117500316025682,-0.021801741897062,0.1242609715842469,-0.2759895579716549,0.4304486401870568,0.2004105236821704,-0.1940841048120629,0.2425185347960019,-0.2900264576095182,0.1581279017283748,-0.4095358918235071,0.1284715043296883,-0.2165403253337665,-0.2587699078815055,0.2581997394951856,0.0302433841149105,-0.4930689013012027,0.0076163810313004,-0.2536841944325351,-0.556882649166862,-0.1437225893625346,0.4058116391963335,0.1232399812738953,-0.6549198660386725,-0.5759573382891904,0.0589860343016548,-0.1558928299344846,-0.1774404749192001,0.4515671277928427,0.153457306278821,-0.1424700397120987,-0.0137815426059492,-0.1171855256175175,-0.0002324497535798,-0.016030071290079,-0.0857205086425703,-0.2854367576804383,-0.1483316569696331,0.0704910315489342,-0.0657330075951249,0.0285278014685534,-0.1370421100505173,-0.0329708723503471,-0.0506931749318986,-0.1809644128926317,-0.3676748039492387,0.0740201094170184,-0.0754317717432439,0.0798711650644626,0.0338081545035167,0.0601956701063829,0.1506546756789582,0.0668016646753572,0.0800653522378037,-0.0614366559522138,-0.0191760035506908,0.0053058254621804,0.0053973970727818,0.0169449590807947,0.0349415239877645,-0.0031567778628095,0.0077128485316701,0.0442638465928396,0.0086067410130062,0.0399837430509299,0.0172430220672185,-0.0168981917116994,0.0283922161715881,0.0999261008400761,0.0917370706319149,0.1264364334602288,0.0112046297789496,0.0316296699360715,-0.0324281112226747,-0.0001711750608459,0.0399193394353719,0.0406898131245991,2.8713714123659483e-16,0.0029796811618236774,0.03611827006126034,0.038493847937853376,0.03684672024702906,-0.007607273458590469,0.0010132007653180786,0.0415243494753883,0.017084819914098937,0.02656863921410091,0.03546125006164913,-0.008217249626922496,-0.016872575615896723,0.016266013283539937,0.018641591160132975,0.016994463469308663,-0.02745953023631087,-0.018839056012402322,0.0216720926976679,-0.002767436863621464,0.006716382436380508,0.01560899328392873,-0.028069506404642897,0.0198522567777204
2023-05-01,6.808180578170209,-4.649815954905219,-3.139129464956013,2.340100091402864,1.6913881942113174,-0.2748404128794263,1.4340104686553816,0.1866358328695444,-0.5701583373166442,-0.8199732266595506,0.759051892128014,0.2733539575562052,0.6755478151518374,-0.6024568965207322,-0.3689085587892146,-0.094984330607562,1.0396199818454976,0.2043571951495366,0.6994623066276643,-0.4021156187358459,-0.2079506283430223,-0.2869000942155917,-1.2064963443274992,1.030662047597532,0.1205112157686772,0.3662410414535479,-0.5293071141400283,-0.4917691635949489,0.2429608193994394,-0.5879310815253951,0.2638761471514494,-0.392308728472744,0.714162595878948,-0.0365814758773977,0.6643227610544373,-0.1531252532727428,0.0130933370329965,-0.7847832649597416,0.7104691065967695,0.34401610042454,0.0868127813769771,-0.108225821524576,0.1094034510754045,0.3841250523526898,0.0512929433209915,0.5796217725077487,-0.4625921970394706,0.1742337001264751,0.3240569194702971,-0.0845075094061636,0.044125747666455,-0.4458501577188418,0.2410105331922028,0.3542594451755814,-0.2333190107397593,-0.471673430309662,0.3709072783753171,-0.3421488752446681,-0.1817669135009497,-0.2958963584342483,0.1449904335879082,0.1303599897992634,0.3738158661176667,0.1322919560871895,-0.0805623543592915,-0.373423100780986,-0.2365305301643836,-0.1440943034534742,-0.4853232749309524,0.2535502245896331,0.1371177535324871,0.2020829069588584,-0.0878415232920047,0.3368021976529645,0.300912969531278,0.1076403367338839,-0.2106706195438411,0.2173687036328556,-0.0304711509958737,0.1000981614408087,-0.0009224224595515,-0.1433018969555244,0.0757476994819041,-0.2106165584234125,-0.1758675088147551,-0.0065189883700584,0.1190662107391643,0.0092235741192363,0.283167044910648,-0.1393195963523511,0.0935089445751745,-0.2417876146975752,-0.1217640907078832,-0.0507815659913856,-0.2565910919706287,-0.1128070019708419,0.0043661866721459,0.1773868048964993,-0.0019909883666899,0.0931636727442672,-0.0348167389187095,-0.0849700214675544,0.0259455877040547,0.0371849715794917,0.0752802650257621,-0.02363814563916,-0.0555691300391468,-0.0854246690086149,0.0293510319535171,-0.0179743841165622,-0.084663174651778,0.0269941131317145,0.0789479045696777,-0.0731976339427059,-0.0392910611033819,-0.0429397271837522,-0.0406724257801458,0.0280200294541564,0.0078161296684245,-0.0357883327890463,1.4353534411986563e-16,-0.06865323321007955,0.03906506757858619,-0.100316992086117,-0.0425082235918921,-0.031500093707536925,0.08917305077256854,-0.061596035727541576,-0.045298025472982784,-0.0587126666920873,-0.04268704080423413,0.025362137601977697,-0.07326961969707324,0.03444868109159249,-0.10493337857311069,-0.0471246100788858,-0.03611648019453062,0.08455666428557485,-0.06621242221453527,-0.04991441195997648,-0.063329053179081,-0.04730342729122783,0.020745751114984,0.0046163864869936955
2023-06-01,6.694857799976467,-4.2767371259703015,-5.945281989892144,0.0041312476286231,1.4694441126767437,0.646009902681553,-0.5942626879708846,-0.0975308203889951,-0.0809892069120195,-0.0853022691297342,0.0589106590094043,0.7799944041709392,0.6619474815146796,-1.0054309226108098,-0.4705791890098297,0.241096021100482,0.7655330211809878,-1.1263500254840546,0.2311999622821779,0.0602740548797545,-0.4847206320427702,1.0113192101974866,-0.4440507082106905,0.53420390786497,0.3971073450765854,-0.5756184878016725,0.0622060844595728,-0.4451297490265943,-0.1122147951887949,-0.494786942057959,0.4935282472307568,-0.595497085050572,-0.2581232730457602,-0.4063519596828862,0.8606539471270934,-0.3337533509043458,0.1377343943488944,-0.4382275700175055,0.8482337503823437,0.0231584500342977,0.5469854811109562,-0.2786205137489546,0.2936632632549795,0.4840469248819394,0.5144468103583022,0.1382482739636386,-0.1039826579436529,0.1461009990253466,-0.3170688222791103,-0.3801215418963135,-0.0164643303284464,0.4104780502965016,-0.165007278186148,0.1734624547383672,0.0883372047066489,0.055457569925493,0.2558512394075813,-0.1030948920467078,-0.1138826416494718,0.5140666209502052,-0.8184963997349399,0.026909961826061,0.2332178987027785,0.3625783509537318,-0.1132190594034995,0.4671228899914968,0.3494127849010313,-0.090899037715541,0.0139732490491942,-0.1620937862827169,0.2916057475756458,-0.003553432679835,-0.1502733207600528,0.0509521198938005,-0.0865535122098247,0.3855547732641415,0.1594356627734246,-0.3014718164996622,-0.3013274448687119,-0.1057518094467433,0.1271236382099325,0.1677896766593586,0.1557251402792659,0.0242538701914841,0.1083867667174666,-0.0348925474881118,-0.0583200651920978,0.0069384284883649,0.1381564361048275,0.0801890305910292,-0.0130293329693044,0.0855130093605986,-0.0367755480235839,0.0315801407100224,0.1601008577444901,-0.1658094262960882,-0.02679459055498,0.1147454156034267,0.1717902192800491,0.0614983238153019,0.223265973791397,0.0960287105226436,-0.1002563527613318,0.0054116428937002,-0.1153130135253134,0.0072953114432942,-0.0330634263708705,0.04072813577629,0.0345159496594119,-0.0852468109970692,0.0741015206992586,-0.0629525228442899,-0.0036528858133077,0.0861800705668869,0.052320278132307,0.042457062909775,0.025284260908114,-0.0217732223262571,0.012733083867734,-0.0134769873333508,6.535440460570469e-16,0.10463903492990467,0.045629686340082465,0.059798858206304484,0.06139802593012167,0.10810524707211089,0.05831500482385765,0.02064133934203305,0.0457825983479081,0.007854707553153872,0.03833199871429849,0.1200444981315405,0.04377996838018805,-0.015229380209634158,-0.001060208343412139,0.0005389593804050463,0.047246180522394265,-0.0025440617258589704,-0.04021772720768357,-0.015076468201808524,-0.05300435899656275,-0.022527067835418135,0.05918543158182388,0.06085906654971662
2023-07-01,10.61565144094306,-5.664012198743943,-7.08451772644861,-0.4395876984784278,1.770910371523792,0.538180402891664,-1.6983191587818214,-0.0323189978564553,-0.2078859466298065,0.4343021477359386,0.923911397313735,0.3040429630060687,0.0650285272178177,-0.208768003844415,0.3327899971289336,0.2517682053109614,0.4331405989312391,-0.5385553791863446,0.9438721156234628,0.0640956392805777,0.3457453692759259,1.268930034989901,1.095669788056134,0.5663725406448163,-0.2210047352929788,0.3137231804105375,0.7395974989002763,-0.8651745385144188,-0.2409802828502617,0.4179942502022852,0.281919175469421,-0.2592938181029168,-0.2949573482563992,0.1834736978139137,1.1105260117941818,-0.6313180507137774,-0.5301424493735186,0.363978291756643,0.4245761859689786,-0.0735869999756765,-0.1188462264077915,-0.2630397656582215,-0.3702260026951798,0.0512729726378688,0.392826923422268,-0.1148646623324103,0.3873126954347284,-0.6715848679657557,1.1477986879778252,-0.0798024866368223,0.8206595803535084,0.580388400762632,0.2469666222445634,-0.2168804899692521,0.1498556490407517,0.2614838600588353,-0.3133540961025571,-0.286198302142349,0.0498555811997597,0.5217819294908459,-0.1615358405984288,0.4507591868504964,-0.214847121098468,-0.0841870400607527,0.3379148879286822,0.0190070680149461,0.0446275153744329,0.0165387725725262,-0.1306776524904521,0.2317377724630933,-0.3890279349201356,-0.2786302121645266,-0.2364448743540749,-0.1535635916896136,0.1727495626259328,-0.2825679601109226,0.0296226220964798,0.0386465196392313,0.0151420494819196,0.2343512965417155,-0.0520774622429012,-0.2051061224513263,-0.1318131164893053,0.0995444183669539,-0.1631699345897845,-0.0481835574341556,-0.1107850731034593,-0.0608301820189013,-0.0088883182762267,-0.1421344212596673,-0.2254801433309605,-0.1718807495279943,0.0936039225907327,-0.0301169280899729,-0.0386560261060776,0.0490259843743562,-0.1013910091776752,-0.1186597672599919,-0.030951760620504,0.0305352815553015,-0.0438704286166962,0.0201871272752722,0.0087688634966181,0.034757153639238,-0.0486796279845967,0.0266718017382531,-0.0039813543395798,0.0144451163523491,0.0033088407528168,0.0565358548333992,-0.0002775052768713,0.0068693815189417,-0.0757870021450815,-0.0648941090449005,-0.0210707848769752,-0.0125758527937039,-0.0222946536129941,-0.0052232828213107,-0.0087202377257303,0.0529849501001844,7.646549821412858e-16,0.03946457140374249,0.05872349467360083,0.08723080819826334,0.052759706131151995,0.03300002825039372,0.027974197844659265,0.028547593944831196,0.023010387049186454,0.03315189500608051,0.014859029648992994,0.02520175232941324,0.002895072084890149,0.02215399535474849,0.050661308879411004,0.016190206812299657,-0.0035694710684586184,-0.008595301474193073,-0.008021905374021143,-0.013559112269665885,-0.003417604312771827,-0.021710469669859345,-0.011367746989439098,0.03656949931885234
2023-08-01,7.817940940615669,-4.771400886392893,-4.925940984097405,0.2265965946143026,1.3193982098220212,0.913397203074413,-1.1493464035821916,-0.6692054590910558,-0.5121823232682916,0.854582178200533,-0.6786264612551999,0.1921838126431012,0.3518042928944145,-0.4475019503385033,-0.7530667228426395,-0.3464510219375284,-0.1702061053389054,-0.0801025223295317,0.2677388216600361,-0.8728761897132559,-0.3691452897722992,0.6272810928971891,-0.2810344713251556,0.4687777002607895,-0.72579093776067,-0.5956568889918882,0.634652002020744,0.2263898714294995,0.0719584980155438,0.3379528421965539,0.0319548428662125,0.0094871359209134,-0.1682315391894953,1.0327731182721325,-0.9517088130737263,-0.2304026367877384,0.311515892471222,-0.6654512356989033,0.0015396955161848,-0.2831165342303718,-0.0285279992506341,0.6135964889216392,0.5631178733158225,-0.3258076890374168,0.4896692455206858,-0.5052542994558674,0.999089887120458,-0.0070369515825842,0.7823575262994438,0.3273946054598265,-0.3012934660577388,-0.4193547204838985,0.1697956401990903,0.4207590086679257,0.1489738685986271,0.2088643766468164,-0.5124530654777038,0.2222145451721122,-0.0216310846859985,0.0821293334387829,-0.3453189915831204,0.2130156216913486,0.3138766569234476,-0.2795698554520904,-0.1377515742022513,0.392954246905801,-0.0527644822185934,0.2541523787933425,-0.1419107004619245,-0.2932640172238602,-0.2178223304612745,0.3545926157979104,0.0295910486256385,0.107210441396195,-0.468718798768285,0.1966980096240596,-0.1123823802038142,0.5693151664782747,0.1105744508463473,0.011740964653667,-0.0785044092377379,-0.0668913037618457,0.0849355226139903,0.1257054531884149,0.0235033291819438,0.088896869584157,0.1422163104179396,0.0276744897622078,0.0705249268748633,0.130831713303465,0.1550466431195724,-0.0714135182444888,0.1226052062269339,-0.0145930104656137,0.0038123667545587,0.1120063234807381,0.0556896455972362,0.0191923885670527,-0.0294415324154734,0.0024684828255296,0.0602656700195839,-0.0396456458794491,-0.0071782474881517,-0.0370851405858904,0.1941557737840364,-0.1221057571295726,-0.023557255080369,-0.0279735591310996,-0.066633118915416,0.0212871864809577,0.0607120451368857,-0.0003087440694007,0.0246518848539327,0.0260055204096958,0.0393725052727564,-0.0044180864307445,0.0310164621522478,0.0191836195711236,0.0296617935092206,-0.0177345335262606,2.545576465823813e-16,-0.03301448135076612,-0.015409182806075727,0.016460764916644832,-0.02688948699966509,-0.019833353340489857,-0.015082890919531522,-0.03947164237217915,-0.030636195195762106,-0.0612792716878241,-0.007007164768966012,-0.017439869264079588,-0.01676240616180613,0.0008428923828842638,0.032712840105604823,-0.0106374118107051,-0.0035812781515298653,0.0011691842694284693,-0.02321956718321916,-0.014384120006802115,-0.04502719649886411,0.009244910419993979,-0.001187794075119597,-0.01625207518895999
2023-09-01,14.60336711882626,-6.808288213493394,-2.4653855228593557,2.9400006891486954,-1.3082256546596682,-2.009029528919992,0.4168896926491915,-2.51682616030403,0.5868152861893419,1.9140501606128035,-0.5946799568231533,-0.097876692107979,0.0874806884895975,-0.486976733347085,-2.132544295865419,0.2182675340283231,0.0201268058235197,0.8174046555216512,-0.3949690567944049,-0.7843671632951178,-1.4686085758522631,0.4227424666784857,-0.8885826282601134,-1.3183516256895946,-0.1407212245788057,0.5146273380425408,-1.16372877434989,-0.0362177043926637,-0.2563672788425477,0.8128154687387441,0.051863059275898,-1.4019920665797525,-1.1761018702508967,-0.065675992684368,0.4985812062151666,0.3451202912483485,-0.7701260456264545,-0.203986719413619,-0.3828170530579252,0.0830267464835395,-0.2418068622590023,-0.6784834462182564,-0.7769867876535342,-0.9413690262210545,0.2463607305221197,-0.350958157548105,0.7165521117030982,-0.0673997845143721,0.2569091113681349,0.4146502398632205,-0.2300557951738397,-0.525883469828677,0.5109903608417701,0.223477712148385,-0.0400497398620277,-0.493465761443537,-0.0222615146633445,-0.0661328853143766,-0.1485431627819124,-0.2424032118430083,-0.0466291453467735,-0.3540085807693076,-0.0343225703960144,-0.3951007130513117,0.2913580160278916,-0.0677265939435631,0.087876848037583,-0.0886725231521172,0.1051095496671528,0.1173843308001388,0.208007867471023,0.0744571160951323,0.1209702729989525,-0.0150998424392597,0.0523085248438971,0.0289918037779931,0.2660811160252428,-0.2569617031841919,0.1224625933836711,0.0448563682261805,0.109403059098752,-0.0988492823258888,0.1024889729704891,-0.0138377365191622,0.1681295131009798,0.1752220786138722,-0.0395476380328773,0.0846750512359436,0.079090870355585,-0.0205350972680811,-0.082503434090812,0.2294072513053445,-0.0857063350744005,0.049449987585644,0.0448282690209319,-0.0330767890867257,0.0160015167999729,-0.0256088569645356,0.0862446396353894,-0.0212986599216541,-0.0284676980001308,-0.028595852906237,-0.0208589829043497,0.0499169899229289,-0.0452561408194785,-0.0333737110413283,0.0083191484959805,0.0684890440901108,0.0423867947254245,0.0038994075706457,-0.0848710445039852,-0.0195773871225176,-0.0007375062539348,-0.0396752599233873,-0.0348554711169048,-0.0058151843720324,0.0020778668042372,-0.0131547217102787,0.0024886765814942,-0.0023936912053309,-1.8196440500169994e-16,-0.052358554258064904,-0.03189133815076595,0.0165319854268553,-0.035194773875872,-0.06329135486671522,-0.0667769829924475,-0.05428827756466614,-0.07968682881299849,-0.06400883743877683,-0.03355588599309334,-0.05699718076042681,-0.0015758202543262323,0.018891395852972725,0.06731471943059397,0.015587960127866674,-0.01250862086297655,-0.015994248988708826,-0.003505543560927471,-0.028904094809259817,-0.013226103435038161,0.017226848010645335,-0.006214446756688141,-0.05078273400373867
2023-10-01,4.336924683478113,-4.724310961368558,-0.1621982598663111,3.65336251922971,-0.3448073176761193,-0.7650059883969998,-0.2752244207218242,-1.6311693144942978,0.8373432007426218,1.5369577512596555,0.3997606434626743,-0.4908147061577289,-0.3090701135189411,0.0188274328914823,-0.94449502083166,-0.3558030989145282,0.1084707590591071,1.4633953162218365,-0.0408697147208702,-0.602336218648391,-0.5903203107210397,0.1718650180154998,-0.5969704990221721,0.508799262397933,0.1624300829613102,0.1718162290345395,-0.3629201636644291,0.0194700736491025,-0.9247984350628584,0.1002986952057722,-0.0007097115343219,-0.0173644768996247,0.0303592763950514,0.378183538652088,0.0190444438205033,-0.2962032720338088,-0.7436410045571648,-0.2830708412766662,0.0345793013962959,0.4669413153546474,-0.1165922144557409,-0.4173166912886399,-0.2726374886423271,0.0465044858563448,-0.4062974301049141,0.4514675589910254,-0.1613808280622043,0.3777115548023145,0.432390582875354,0.4875220509040971,-0.2817204150958917,0.1680465830514945,-0.2387188029138309,-0.2649366763087343,0.2872888224643124,0.2942702702802781,0.4830431240709133,0.2332532501684815,-0.1481892752903168,0.33910229962955,0.1906036967621317,-0.3909117131240968,0.2487958880747452,0.2880672435090229,-0.1749029217522794,-0.0662475237497705,0.0966796617620562,0.5216638712153383,0.2423700758711244,0.4423073302898294,-0.0075626967607981,-0.3148362882186993,0.2031660008763862,0.1065685463987737,0.0621707988703807,0.1078304241375065,-0.3731952497553826,0.2922959609211256,0.008025126899807,0.3187869348204844,-0.0434065279983615,0.3690207459464897,-0.1519911769432017,0.2936420424209518,-0.0034946203665916,-0.2648780230705759,-0.1086377270818758,-0.0644612122545931,-0.1005569754310327,0.1499075779681897,0.1088619723426339,-0.065025360195467,-0.0721512166578826,-0.0037757363298438,-0.0214326839757829,-0.0747275494198111,0.0371887210598616,0.0381088203898049,-0.1182331951916019,0.0218649377503381,0.0098313723287591,0.0516797741188953,0.1178666230483285,-0.0600186279874492,-0.0314930533533984,0.1773478394139799,0.0455395848083223,0.0974868200408448,-0.1125085814667169,-0.0191373022263933,0.0370277861082999,0.0641684167016341,-0.0100123362672586,0.1029683295593876,0.0328090013556508,-0.0415021899651757,0.0351558244976012,-0.0031286154074316,-0.0165514663596339,0.0155834767058866,1.7047183230640464e-16,-0.02703183386896002,-0.01050100657954478,-0.05057382383227349,-0.02005883384632745,-0.02583643282944481,0.002625491793702306,-0.0071226855497933395,-0.02072492670698667,0.021104382233416485,-0.028656053097666834,-0.05348170507621397,-0.008773967673551875,0.007756859615863365,-0.032315957636865345,-0.001800967650919305,-0.007578566634036665,0.02088335798911045,0.011135180645614806,-0.0024670605115785227,0.03936224842882463,-0.010398186902258688,-0.035223838880805824,-0.018257866195408146
2023-11-01,4.726976750972797,-4.745655634770484,-0.2838292644622269,3.683418341879349,-2.2355015664776,-1.466706266939377,-2.8949813455075097,-1.2783567935711035,0.1618932507953854,-1.3961081293297484,0.8343856143455793,-0.2067963934728995,0.0985456614740996,-1.2991817348166117,-0.8768769379252421,-0.7090362431927765,0.0581422282899558,0.6774645594933552,-0.1263763371294427,-0.3957295986943319,-0.159393364189198,-0.2675883858051885,0.2746644651378344,0.8428591768969049,0.1859411178711312,-0.4400646737344369,0.2585479370138303,0.03564001396362,-0.2454460238095143,-0.0636447977966206,0.8823144861907334,-0.6318257450027416,-0.3748321842156056,0.1114771838132253,-0.4356971676178942,0.2127325875569766,-0.1772782373975774,1.0987973665618034,-0.329417045225074,0.3779270072823739,-0.4445938923327029,-0.1613774995025983,0.2646154039278095,-0.4487531670975769,-0.1144355887661297,-0.1213895432271723,-0.3143857079777357,0.1212828789820146,-0.0966226168726265,-0.0125052587672163,-0.69489069285727,-0.0132191712119266,-0.0815808258273382,-0.306313466564763,-0.0065665110678256,-0.0798279616788768,0.3711208657548033,-0.1103341725991224,-0.0492807066648535,0.5391337215515953,0.0972602934093566,0.1698019045055044,-0.1727065983850577,0.2532778733810542,-0.3789654593114304,0.0477292394706675,-0.0841987893256684,-0.2423840968429946,-0.3340176437432614,-0.3630637231459964,0.2073815865437009,0.0617493405480526,0.3139923942816418,-0.1989677974944864,-0.0830416731368186,-0.2742774589537491,-0.1652412313657955,-0.0224835467504943,0.021308999803971,-0.1007984266281757,0.0388090182832966,-0.2646003071411781,-0.2362638627430188,-0.2514078780629958,-0.0215329894229859,-0.2433468918702241,-0.2214725990966685,0.0627698967653932,0.1735533879718724,0.1137475970884514,0.0438809331329972,-0.1684413793857158,0.0267085481764216,0.0778115236358982,0.3068407560348984,0.1301333598606828,-0.0405166795158176,-0.1109120595461912,-0.12457318602505,0.0615416387109099,-0.0252659116299815,0.0351436182280596,-0.1895784478355919,-0.0775667201381965,0.0610292580865347,0.0433300569595807,-0.0423903078683268,-0.0977605318160161,0.0222003045544502,-0.0568944689173455,0.0254574808564072,-0.0586442679866948,0.0348851659271997,-0.091908163902116,-0.0105933497192631,-0.0003193178746207,-0.0275357913141472,0.0001609488659309,-0.0361184107266504,-0.013929500974732,7.332731765170344e-17,0.08348668924748437,0.07802832756164158,-0.007160353498425032,0.109394340001983,0.0883488792061502,0.12895547216724346,0.04126154995108133,0.12477361236812268,0.051432504497926024,0.054360216772499026,0.10966461844643605,-0.007857122773951675,-0.013315484459794469,-0.09850416551986108,0.01805052798054696,-0.0029949328152858445,0.03761166014580741,-0.05008226207035471,0.03342980034668663,-0.03991130752351002,-0.03698359524893702,0.018320806425000002,0.09134381202143604
2023-12-01,5.021162140922446,-5.7130957072274455,-2.0081270075996445,2.0545488783846686,-0.4002738066718981,0.0127545927306118,-2.179289966909657,-0.975665562719876,0.981977147590719,-0.5442856108629559,2.7699185897567222,1.7048681443251306,-1.1058571310805272,0.6885367915100781,-1.287249073057847,0.0066839604640642,-0.1728443311414877,-0.044674617403446,-1.9599043176111877,-0.4193220649819059,0.6405469426005481,-0.8519667137551399,-0.274112041024295,0.5841441980767194,-0.7353196179744822,0.3469781722273778,0.937082903699206,-0.067798181240981,0.4775727352996033,-0.3270299739784355,0.7541809306817646,-0.1194167490023286,-0.6322582402113684,0.6643711700861147,0.0239007876989285,-0.1835677587317992,0.2621841776981543,0.4046727141034268,0.5756245492382901,-0.3597115315160086,-0.2999635455905283,-0.0735852423312025,0.0202682157807898,-0.4416732420738317,0.5190722218229412,-0.3033441891923356,0.0835455431242167,0.8256246415862734,-0.3308197589239623,-0.041399825441577,0.0195136905337716,-0.028475322990568,0.0887770555627066,-0.4618963788924071,-0.0233319253491385,0.3071771512166083,-0.1789142116921955,-0.335864182537023,0.0008608476141289,-0.4603842507677083,0.3236567965738368,0.0250629793914862,0.1631005111717769,0.1889107498494657,0.18583177856012,0.0253817743142333,0.0580472003209689,0.202113993398964,0.4523271935865533,-0.569246734545291,0.2152460755921527,-0.1769072690534497,-0.4725926587831446,-0.200158076411457,0.3198165655931999,-0.0365422543504238,-0.0501672850014638,-0.108254923487403,0.1298367819533662,-0.155132420048938,-0.1378562739982533,0.3925878584466795,-0.0485656254687765,-0.0482825354686663,-0.0632096115138766,0.0768268927344196,0.2463557345066024,-0.2086653693028921,-0.0385300155128264,-0.1384097718014049,0.1294024223120019,-0.1439210251264879,0.0225057044288089,0.0956274084999363,-0.0612115644610324,-0.1229126525505823,0.0474843852941001,-0.011976963075561,0.0036193141025169,-0.0878545252361584,0.0212493529053381,-0.0660748724323124,0.0458825093883136,0.0322403855263113,-0.0248183718326292,0.0208123949898593,0.0930145782433848,-0.0640677939786754,0.0299105957339117,0.0329585216547371,-0.0362362002271839,-0.0485702854770192,-0.0362129096200344,-0.024069982975312,-0.0039364499785873,-0.0119874526621895,0.0341801554724522,0.0196389831110993,0.0290126118472025,-0.0067664861226521,5.72927678733024e-16,0.03798101391740949,0.04142211933047246,-0.008749109400812749,0.047353616039047086,0.06482944594375684,0.039533190412035735,0.019388569973946668,0.07601390498261873,0.009082241166060046,0.038610693294544474,0.059426484268434,-0.003452142914347922,-1.1037501284949514e-05,-0.05018226623257016,0.0059204592072896745,0.023396289111999424,-0.001899966419721677,-0.022044586857810744,0.03458074815086132,-0.032350915665697366,-0.002822463537212938,0.017993327436676587,0.04143315683175741
2024-01-01,6.656140631914361,-6.331519393221374,-1.7978599865406102,2.2885307025618635,-0.3012598374615031,1.62426305746939,-0.2930113643318439,0.2428744029804209,0.1857302055709027,-0.4390340947449752,0.2732629224597596,0.82705583804857,-3.369252828507421,-0.3377823795798371,1.316172893461452,-0.7031661135162082,-0.8486750481928753,-1.0802798368176714,-0.2063047177233753,-1.1743932858069783,-0.6753597527441214,0.1745201910843637,-0.578453989080884,0.1387209020687488,-0.8911546943980638,-1.225522638528468,-0.7368227967104835,-0.9798434085771508,-0.2272159788939919,0.5562410493580497,0.6309478740744279,0.4065430570389013,0.5069413636153351,-0.2242614777886661,-1.2073893910981814,-0.5235094245122297,0.027298792083285,-0.2091797790927049,0.2982085369836449,-0.7516496161656298,-1.1182277763845423,0.0836036873533906,0.119700732779107,0.426462014458548,0.1401932252021153,0.0483840641132156,0.6168598227597443,0.526968875094753,-0.5521576983404151,-0.1254095436353223,0.1490857736728485,0.2221205277729558,-0.427960029602376,0.6192490764430775,0.0832486561807353,0.435247001873932,0.1564734244769487,0.0238195518235594,0.2158378994633651,0.1315934230521443,0.1237879999640656,-0.3749054969653271,-0.3944853514812238,-0.2090023755239737,-0.1131328040945642,-0.5878838660820495,0.0300303498863711,-0.4603088248488148,0.0565250847957554,0.2172635728967573,0.0450182557149448,-0.2424681337977767,0.2960978254756938,-0.0981409609813287,-0.078433723543865,0.1397505066695085,-0.1466143170451574,-0.070928650807093,0.1928764319926256,0.1094886341051968,-0.06865085496883,0.0681580391244227,0.1587511944653935,0.1164755705962781,-0.1523594956056339,0.1556884334672233,-0.071938403311744,-0.0874119296082741,-0.0695827881291484,0.0549080800378787,-0.1324771693595607,-0.044139535911948,-0.0263266353769967,-0.0306329463227121,-0.00320701752749,-0.0069723395327449,-0.0369670174092815,0.0273359938834669,0.0271146570463037,0.0033417612094198,-0.0515383916542056,0.0005743560536443,-0.0472958844816378,0.0334806695037482,-0.0722483068572443,-0.0637770518611948,-0.1346306623139225,0.015491667925181,0.0899464831607691,-0.0170518039400337,0.0039459849959365,0.0270914295850434,0.0137953820212483,-0.0224375431652893,-0.0275529794475712,0.0075095451140852,-0.023418038056144,-0.0038197185788547,-0.0103896569076849,0.0060359591291673,1.121100297141695e-15,-0.03221372631293373,0.046880728799773674,0.004426939066547453,0.03595470113983823,-0.004231289672680161,0.029281559839226867,0.020030462607925292,-0.038053327423925754,-0.020545087569316278,0.03393865610947722,-0.04241512079750853,-0.052259082178825245,0.026835372933882162,-0.01561841679934406,0.015909345273946718,-0.024276645538571673,0.009236203973335355,-1.4893257966219764e-05,-0.058098683289817266,-0.04059044343520779,0.013893300243585704,-0.062460476663400044,0.020045355865891512
2024-02-01,5.711564800939585,-6.35363835687009,0.1814638046482482,3.707388385170874,-0.3390059340025467,1.147437800643964,1.5763894431748262,1.4336962013283137,0.214948241697538,-1.2062140538888644,-1.030872074241539,0.7037953246580047,-2.6723220144777287,-0.6507935960727128,1.4514779527493444,0.0478239382028794,-0.6118139242728694,0.6397268217042468,0.9784160671011278,-1.031830171730636,-0.1765431813886641,-1.2151583031748707,0.8680936700731997,-0.8549742946052009,0.2221523264887341,0.1986041194091949,0.1679326966432507,1.1984352310925368,-0.0120683235415363,-0.3294205822031448,-0.2295814218746086,-0.4184319582225875,-0.2908255888009015,-0.000448500938583,-0.255567862651082,-0.7521647076188571,0.7901673428426966,0.2553441986777071,-0.0865611919415662,0.2064118638725381,0.1551818761736368,-0.2236132673984912,-0.5228558993417417,-0.0631366096644832,-0.002247625963651,-0.5332740922972471,-0.7846706809408253,0.1609526042760801,-0.0826418170600302,0.1578456427864997,-0.380185680008022,-0.3863944434225053,-0.2633933026526736,0.1998149384589688,-0.1447105033001834,-0.2918374519125952,-0.6723873372990723,0.2278326272079982,-0.2624022574783804,-0.406869513912113,-0.6978191601633663,0.3015872131289407,0.1993888835818066,-0.1459821613689116,-0.0659897484578882,0.2891218289272469,-0.0722749259946876,-0.2977857594389992,-0.1807389364911559,0.2767012604325873,-0.2417537903757483,-0.2970253160958166,0.0070793437863636,0.1527454812033583,0.1223422505883389,0.0716843532397695,0.0206552480373948,0.0114299380801872,-0.1163924632134892,0.1965380048868808,0.1594205645181195,0.0814245859792164,-0.2007165420481823,0.1421702554480189,-0.006437817994336,-0.0170291664738272,-0.1521842836411268,-0.306693498950202,-0.1227963431343379,-0.0894935594649762,-0.0210056113085565,-0.0646203315726459,0.2211564736717523,0.1426573096125351,0.0048556774341696,-0.1430286519393823,-0.103242960690858,-0.0002258549223182,0.0426609415984762,0.0249691066624892,-0.007323065532786,0.0946522037898706,-0.0121611981299216,-0.0377379163040068,0.0334108000134836,-0.004303816328588,0.1491552983555422,0.0118596050059558,0.0492799499864857,-0.0253369420848997,0.0011159174264172,0.0431467361289421,0.0254295206320025,-0.0479440736600994,0.018344658472434,0.0200180606061121,-0.0109599839865099,-0.0147869931439242,-0.0003567490412863,-0.0344756148256895,-1.6578937744634522e-16,0.06507711688347384,0.045861747133640884,0.03272975552331636,0.04076380184095174,0.07183972342583633,0.047045991524013564,0.020981876101482166,0.02570146904517734,0.01057764585932608,0.031628106496091046,0.07892584976060091,0.012890225213363804,-0.006325144536469152,-0.019457136146793674,-0.011423089829158295,0.019652831755726297,-0.005140900146096472,-0.03120501556862787,-0.026485422624932697,-0.04160924581078396,-0.02055878517401899,0.026738958090490872,0.052186891670110036
2024-03-01,5.539476784326048,-6.272403286956383,-0.4137367900728588,2.7234974193825714,-0.4137183130046749,0.5332449936032178,2.199437263954351,0.675577724231167,0.974659039257125,-1.540744036597352,-0.7882461733307766,-0.0544277344181589,-0.3813798296118626,-0.5328197234449834,-0.9339948388187036,-1.4282110562479176,-1.391921582597298,-0.7292752337728421,-0.1518564793512549,-0.0223997970125144,0.1844093482252817,-0.5547569723073494,0.6297494273055845,0.796423535193871,0.7769369575938265,-0.963931291339746,-0.5774005144919193,0.9009440360852676,-0.3590939168889212,-0.5519010761282048,0.3289138137238246,-0.4079391723712207,0.7127743752978349,0.169079815592084,-0.5300740187563703,-0.248499928410379,-0.6243420163856555,-0.2049926987546054,0.3447515515495625,-0.6249989727414194,0.3717524921132296,-0.0381684082595676,-0.163644007463854,-0.5108624135484752,0.8586315373802913,-0.2541910571093624,-0.6973491157583043,-0.2928845799993814,0.0122570431340198,0.2819767844689561,0.2756276075204169,0.012238197548704,-0.3089922506398593,-0.0486213295047008,-0.1811202979265845,0.204431238595177,-0.0483295844881888,0.1130982273220284,0.2438835630660042,-0.1769414482869504,-0.3697068875316945,0.1745604107298563,-0.0039815113536038,0.0035019676461458,0.4583531029709264,-0.5522767787413221,0.0416200214592953,0.047623829163595,0.2763877128357391,0.0367957656711934,0.0777070129194504,-0.1170772482853714,-0.0849522125603411,0.4286457736117381,-0.1102130002121565,-0.061384583068583,0.0003543459822182,-0.1407307822423007,-0.0118826969019792,-0.2346083742725938,-0.0688135033745031,-0.1268737084550447,-0.1493156144551411,-0.3497245488857251,0.1066085735616757,-0.1214450256172473,0.1887199038552296,0.2087395831392164,-0.0270320726538443,0.139797750915083,-0.1100641641996366,0.1616770756976975,-0.0240772917644836,-0.2278959205362062,-0.1235656535479054,0.1990988771402353,-0.0484932745980884,-0.0332135338742911,0.1052874956506128,-0.0545324641389272,0.0607732378975238,-0.0275254476357626,0.0310929507001304,0.0055574759873643,0.1111697550265881,0.1261082402883738,0.0249790861225934,-0.0083214467709371,-0.0864933466362242,-0.0326569722735961,0.0065044466218714,-0.0152363737027807,-0.0442254334062888,0.0160566216095976,0.0299733321314221,-0.0311635658341177,0.0056646704928121,0.0139440659204806,-0.0417537646252196,0.0501295755122336,-1.2225759909393162e-16,0.06087254781048723,0.02898191995449051,0.09600647233789417,0.044124656014861596,0.04099168966671818,0.006232399608830708,0.025654804146512333,0.01073910482890117,0.05716587610151014,0.02009419602107987,-0.0028199175459550085,0.03136925428882753,-0.0005213735671691921,0.06650317881623447,0.014621362493201895,0.011488396145058477,-0.023270893912828994,-0.003848489375147368,-0.018764188692758532,0.027662582579850437,-0.009409097500579833,-0.03232321106761471,0.0295032935216597
2024-04-01,6.46220174244845,-7.388380695457424,-0.381778591277395,3.5531413722045557,0.8099395524642613,-0.4848256324539535,3.836034693212796,2.0936557013133967,-0.7525075849746573,-2.482131140333728,0.7943756281011002,-0.91559794834568,3.4097315727849207,1.9577437755073137,1.7236446856483454,2.3626729221449194,-0.5455285238211875,1.201773630473,-0.3227851677719058,-0.0746679613878006,0.3839749828942661,0.7924165287214004,-0.2479033568817895,0.731510357074996,-0.0135686606056365,-1.082445597676667,0.6204054026120555,-0.0680701619231958,0.3851097954268184,0.2210110134972159,-0.0482099532034144,-0.0288675868986304,0.0339648243788516,-0.1614545910111293,-0.0531355341253925,-0.1902960973047019,0.2145280725888015,0.4184795605200084,-0.5108851350898058,-0.0548996831164394,-0.1898263556740927,-0.0504387689615511,-0.4714569534722077,-0.3224924775953703,0.1319941979686038,-0.8925807865729762,0.0430270053607406,-0.811256941568519,-0.3808034863425603,-0.0327285728122476,-0.1107926145826117,-0.1785426923797666,-0.0664948218159624,-0.1662618372047565,0.0572619836297084,0.0441964607865287,-0.0388334082549152,0.0526661019457899,0.2599224970214721,0.0921779793845622,0.27779357005353,0.1567789594046196,0.1687601180327804,0.4164440508469544,-0.4542742101687488,-0.2587245490450822,0.058298783778367,0.1784778121583311,0.1447446281613991,0.1173237090131041,0.0664440931617707,-0.3795263588175744,-0.148515617740019,-0.1186122387496593,-0.0717342624665167,0.0203615002939187,0.1061778625237707,-0.1718071708617503,-0.0465952961647535,0.3663696546993091,-0.0508778760957244,-0.0247637242741472,0.1243206044279401,0.2407195313185128,0.1745739295400529,-0.0196988165716362,-0.0333254769588699,0.0662047567834243,0.1317380736215538,0.1313219778654897,0.0779890172803941,0.0717170978522046,0.0456797833752463,-0.0648943439315622,-0.0368031612862282,0.006173623602111,0.2313681452721879,0.0436021567918557,0.1001524293426106,0.031249107814262,0.0148788605550532,-0.0085731507637448,0.0082263388341105,-0.0529080110458515,0.0366247343394989,-0.0592126582207086,-0.0702948756241256,-0.050492060627943,0.1132157825189874,-0.003338071533852,-0.0393068838952521,0.0243432953278554,-0.0260160919255821,2.1960530709424466e-05,-0.0297393289740598,-0.0316562902355312,0.0106311396289912,0.0385557721792577,0.0149916989192659,-0.0170812565082886,1.329267114258912e-15,-0.04243318113843253,-0.043954071928733796,-0.0014217209362672456,-0.038177523590952944,-0.03226776278302834,-0.056061368841039516,-0.003983261282307637,-0.07825984372873862,0.02500224009370955,-0.046661292430528856,-0.04289217530866907,-0.005095223436252461,-0.0066161142265537265,0.03591623676591282,-0.0008395658887728752,0.005070194919151727,-0.018723411138859447,0.03335469641987243,-0.04092188602655855,0.06234019779588962,-0.009323334728348787,-0.005554217606488998,-0.03733795770218007
2024-05-01,9.383031562685645,-7.881863040235962,-2.447272042207368,1.947704552905056,1.5810025358883604,1.3728173831776465,1.282499491217462,0.4506032580353603,1.0439045428366835,-1.976078402896959,-1.0162071198633311,0.268096127752482,0.9375509473547332,0.7418094854172328,0.1335724680813262,-0.0461623908085638,0.9202805511471834,-0.289613525734595,1.5582611616169568,0.3900402825718966,0.4134978421072804,-0.6108899204396577,-0.8365460448266832,-0.3876352059590958,0.2483149342671478,0.5268792601933237,-0.5548258426239817,0.1249824749672197,0.8388230199152011,-0.5542893371198097,0.2086394875196972,0.0802979645530466,0.2344018881085319,0.5580462435768497,0.3113937837622602,-0.0531778284417843,-0.1366002479512487,-0.3354780897743322,0.789852381209883,0.2359508452371859,-0.0216565545077673,-0.1098851152744354,-0.3798448916101594,0.4311339396415099,0.0032190932054896,-0.6579470637820933,0.1555774402581877,0.370841769407072,-0.4271350217744433,-0.5412382200540509,-0.4739860377541126,0.378037184226126,-0.3175833286953985,0.3653650675185467,-0.0777103732140541,-0.1197838772215507,0.0453674547342873,0.4611325326937574,0.2606386596322178,0.4673247714285404,0.6792168466975408,-0.0893325721699562,0.1246524316260946,0.1019464410495681,-0.1509756615213206,-0.1601334427446667,0.1298040888265037,0.200796352680061,0.2955152059146083,0.1207539587634133,-0.2495237636142294,0.2052167222880078,0.1591712102254672,-0.2061274539897601,0.0253140753817576,-0.0585881971807753,0.3374185715840638,0.3876065414464035,0.050205715877329,-0.1419045443907963,0.3556472755475626,-0.0819278186740534,0.1969003141337251,-0.0908209816275076,-0.036949698308702,-0.1344058798297205,0.075949688341956,0.0529382509783421,-0.033381105316674,-0.2242054928006778,-0.0747052499796434,0.057388763868203,0.0255585922232076,0.1106432941794364,0.1670029767080945,0.1225376175492078,0.0011087713736283,-0.1125807100995482,-0.0545624553633271,-0.1488689994453867,-0.0314647594285856,-0.0243972153669808,0.0506536871293946,0.0778837222460523,0.0255161207627989,0.010783299052283,0.1048816869470723,0.044659308484125,-0.1310131955067094,0.0574706553521496,-0.0278869025506442,-0.0272025317947325,-0.052426316455531,-0.0283001625847412,-0.0136331257141729,0.0768693736210444,-0.0155378086194786,-0.0242807841683197,-0.0059231309900948,-0.0293357323301425,9.463226859296129e-16,0.032720282998611516,0.06935529744601987,-0.003421736676816667,0.031714610515341635,0.016375929001974043,0.07076988897366632,0.024370933152404683,0.051395435926016475,0.08960125048472212,0.02401462798514209,0.001993102112048506,-0.017859250938081717,0.018775763509326637,-0.0540012706135099,-0.018864923421351598,-0.03420360493471919,0.020190355036973084,-0.02620860078428855,0.0008159019893232422,0.039021716548028884,-0.026564905951551143,-0.04858643182464473,0.05057953393669323
2024-06-01,8.838802543691777,-6.79813629261295,-4.156010618284874,-0.0368036978783854,2.1123741563329137,2.739411675787802,-0.9145415255631654,0.1697635921952215,2.3575418495834906,-1.690071846593563,-2.206784011773786,0.057530798514957,0.9477874798906126,0.4969159757555788,-0.4407644198901648,-0.462458535302562,-0.0001712631660152,-0.924549975958632,1.5657827006916094,0.2843310438035827,0.0714936865751798,-0.1031884797887128,-1.2893883539392692,-0.927683523732462,1.550422479527682,-0.4226891663951373,-0.7004502003702501,1.3587068653805587,0.7988618987960119,-0.3019078112755706,0.5905811885436227,1.0638094294153642,-0.7088942310258388,-0.7937533377965403,0.2591045689182093,0.6491047175456575,-0.7671085960077078,0.6382803116335769,-0.1490208045558435,-0.3113339798467404,0.3366658274753066,0.0069234637387848,0.0809013864147355,-0.1814746410958132,-0.7120285259881666,0.128346505267172,0.3287765006043229,0.3096232282874369,-0.2777629632661099,-0.057485208847147,0.0423664029109848,0.3856450920713797,0.4588470343672606,-0.7570324117530993,-0.4996869234065956,0.4701947099245097,-0.408729936250665,0.1816600177808041,-0.2372407672573159,0.0224798142403536,-0.0650845039709595,0.0715984422981684,-0.2944790779797285,-0.3099665841865626,-0.1106688550671477,0.1896868985943784,-0.2615855789047506,-0.0299419493246083,-0.1237657255412744,0.129718127440239,0.2590736933152753,-0.3505525444449479,0.0443897975175268,0.1392325242850749,-0.1856007151513842,-0.0697076129035717,-0.0410868715630879,-0.0107608936881739,0.0226986337426189,-0.1666963067512382,-0.1740786722674464,-0.0163109294481167,-0.087863664320549,0.1478395641451212,-0.1712203065833843,0.2026806480745415,0.0144594420123169,0.0613819718204677,0.0329265274323937,0.0513882824188729,0.1166356625570427,-0.0810591586608561,-0.0612475252355517,0.0230903038511454,-0.0453498183204318,-0.117304475230354,0.0554944486641523,0.1134341869755028,-0.0764022235263483,0.1078026060037219,-0.0614534636271691,-0.0698683643680522,-0.0153496369815716,0.0240786004822107,-0.0167133840705399,-0.0260067922737474,-0.0249773472393377,-0.0486962911645287,-0.0306340445577319,0.0173575300000605,0.0172754490586028,0.0076612728115777,-0.0083358708331226,0.0175049181408898,-0.0129564097760019,-0.0437818644837365,0.0227536489123036,-0.0043923971255137,0.0116330912120317,0.0057336921123415,-1.3435123023597725e-15,-0.035179767358513025,0.02882534189353625,-0.021995685214380556,-0.012728012378455889,-0.013278177601557917,0.07646562503102006,-0.009826629576410784,0.009461208048676895,-0.06298127935213305,0.014265938245254128,0.03654020740147157,-0.06713097435049886,-0.0031258650984495873,-0.05394689220636639,-0.044679219370441725,-0.04522938459354375,0.04451441803903422,-0.04177783656839662,-0.022489998943308942,-0.09493248634411888,-0.017685268746731708,0.004589000409485733,0.03195120699198584
2024-07-01,6.545756998603444,-7.0009628550615135,-4.693543706133421,0.155426710809853,1.5209273858246688,2.7754538311128933,-1.5256252481958137,0.2306353530546273,1.205934762668263,-0.4241924702261998,-1.625608902067371,0.5535079019062098,-0.0724303367775997,0.7124594267377953,1.286029601592091,-0.1140860559337861,-0.1790150124320714,-0.6431830963656435,1.2944573021779282,1.4326436755119465,1.0664889932126191,0.4622078609226261,0.2314587040779378,-0.3885501822680032,0.4268829114345963,0.2295091996888185,0.3539198510227256,-0.137352617693051,0.2073295118371441,-0.7512785627321729,0.0377430081010286,0.1778144804444729,-0.0103029619006903,-0.1841737117346903,0.2781631255659802,-0.0839118446403191,0.0608239103285139,-0.1841984192605089,-0.2306550756382572,-0.6387426755396771,-0.1402388263702233,0.9342388512967308,0.2572033142031794,-0.5588490525773983,-0.1412158399368138,1.483899725064531,0.2111109680395964,0.0215023631719355,-0.2557541435432141,0.3774363239212516,-0.3118832912192683,0.0180883856695095,0.0247938708387075,-0.0876328627816156,0.7110447594109996,-0.6657732014902842,0.5330874644258174,-0.0171396938552812,-0.5876130684960746,-0.553038305429971,-0.0772280059034711,-0.1939911388693246,0.0309668849388747,-0.0720853112092338,0.0082482186573995,-0.0602607606219094,-0.1013681997840326,0.1133370307544042,0.3057681773111291,-0.4222493286560448,-0.1089288935314527,0.1260903623201131,0.0589033924938108,-0.1667524306745963,0.1880537258389802,0.0266861114643301,-0.04669363707597,-0.2615183563127194,0.1735660619570743,0.4866789412145262,-0.0414167554975136,-0.0042150700897929,-0.1034306402339487,-0.033748757108032,0.1056775970669709,-0.1508267274399085,-0.0747195746382856,-0.0517868773533846,0.0852504628625892,-0.0114606446986946,-0.0347105587625029,0.0218613074804191,0.0334015735298154,-0.0922196237076692,0.0269624333242103,0.1386964206557779,-0.0500057819467439,-0.095627446431106,0.0665342546340038,-0.1256556652097936,-0.0006100993915256,0.0970847302500963,-0.0165833706722232,-0.0509012900203381,0.076064826891209,-0.0596478043344476,-0.0272580435893751,0.0747026260961739,0.0124572959246946,0.0331708788468006,-0.0453590746615882,0.0101570967209327,0.0172424797239884,0.0007829958177931,0.0265223452898956,-0.0085417743512955,0.0213850909249789,0.0151060919120181,-0.0163789349977843,-0.0154720664924587,1.1496749601864138e-15,0.04834030598496941,0.0041657452870578204,0.030812118229176733,0.06818736400871273,0.05275496648743383,-0.03114591888647178,0.024258847879622403,0.08327162925873766,0.07685499556759146,0.030643605920414707,0.030116876335863907,0.032966120032072554,-0.011208440665839037,0.015437932276279875,0.05281317805581587,0.03738078053453697,-0.04652010483936864,0.008884661926725546,0.0678974433058408,0.0614808096146946,0.01526941996751785,0.01474269038296705,0.015374185952896857
2024-08-01,-11.752137132054186,-0.9409939855057902,-0.0778853690821939,0.344031061023566,2.2678316299420884,2.4184796456364372,-0.9721586436823544,0.3321404221635243,1.3409347273657677,0.1314580007206121,-1.2397604370084634,-0.756493756242196,0.6736254451288001,1.0598057304640485,-0.1145951989882158,-0.2548573663488356,-0.417411236752498,0.1433413465527947,0.0561558896964466,0.1176214789871554,0.0964536764648299,-0.0890549643266793,0.0959345243618356,-0.3417553262458164,-0.0513584904907095,0.0878060706256398,0.7018265228516261,0.7715104684106674,0.3695030013862268,-0.0097125774925369,0.5385746725403215,-0.2473689170182954,0.3598016182712802,0.680822234024001,-0.589571672106587,-0.1612588597333651,0.1868030909887363,-0.1145044059044036,0.2515369538972981,0.2066640608497111,0.179291587049042,0.3464091539260263,-0.0819173108951128,0.1819769100799084,0.138715364014565,-0.1791763465211087,0.0351523179453753,-0.2873621767289028,0.2200489573746218,0.2027520054030099,0.0421161834366223,-0.1741630056438329,-0.108321669724985,-0.1129135208523448,-0.1995999689017089,0.2203052839834355,0.2134086457042223,0.1832017712228129,0.0252815706883882,-0.0474407861415796,0.1717165469846837,-0.2320854304809109,-0.1449154603818772,0.0648627401773641,0.022977731780439,0.1834922320403456,-0.1441912482645811,0.0593687932612143,-0.4560814551776776,-0.1938006846322588,0.1397580593985001,0.228658381957762,-0.1315904056420846,0.1685439910138483,-0.2057243115852296,-0.2986786247595239,-0.1522500787758612,0.1923800962006238,-0.0777598965478362,0.1335549394713683,-0.3034596834217195,0.1521323104421581,0.1510903065832338,-0.0696333224476725,0.2756784997040499,-0.156083417431407,0.1637156909351875,-0.2121255201916127,0.1126050139205295,0.2083441705058798,-0.0712473015040461,0.1034943802913505,-0.1596850201170934,-0.1903535688669286,0.1659614658907992,-0.2496956343598453,-0.1314037011184789,-0.0316731537007144,-0.0339471207757478,0.0091001422399047,-0.0004904160144374,-0.0772262098054643,0.067887826555276,0.0432050262806293,-0.1669030513130343,0.063947634405131,0.0231019071520458,0.1872289177191784,0.1751284739144729,0.0043941869127517,-0.0768778535494542,-0.0012010753166232,-0.0327856054396996,-0.1004150104166326,-0.0494209125370031,0.040204369808698,-0.0778964037600087,-0.0850525638185032,-0.0012244987608089,0.019240896255167,-1.8987622682749688e-15,0.023225479987800002,0.01783413554705815,-0.020705883982336193,0.04572484538664723,0.028155841639423196,0.006992644623921462,0.05985867898696018,0.05729549974422832,0.048083499206651226,0.05059137310406192,-0.001973402625252252,-0.0001399550082281653,-0.005531299448970017,-0.04407131897836436,0.02235941039061906,0.004790406643395029,-0.016372790372106705,0.03649324399093201,0.03393006474820015,0.02471806421062306,0.027225938108033754,-0.02533883762128042,0.023365434996028167
2024-09-01,6.826573271403995,-7.412687999944652,-1.3295707997209634,2.6002045061895154,-0.2806456484690092,1.3797025950512345,0.5317264715173373,-2.5220659240256587,1.5989033886820272,0.678042731340268,-0.6647413491641233,-1.0772211779207217,0.9520882281616488,2.998863145909908,-1.3449013557305036,-0.8299752447391984,0.1076692016996587,0.205614842558635,0.1614355510170114,0.5017956567831806,-0.361413137471603,-0.8756602600614467,0.92370113551679,-1.4770327365793758,-1.5526878605068133,0.3001093415481549,0.6466809603009147,0.8662232511580102,0.0883662671430641,0.1978406209273067,0.9272727978284176,0.4578676598616821,0.2330898332707608,0.3276317756099076,0.4526578451934636,-0.4708690518392494,0.3701797828348061,-0.5684658611766035,-0.3939084460342179,-0.4191172037756033,-0.1576501961045872,-0.5148789929381556,-0.2572836585213917,0.8589012447714578,-0.687454982244018,-0.1755523763431974,-0.2607266889991236,-0.8780293863710105,-0.0381958925681748,-0.1327117227808963,0.1153118946702463,-0.1602419831294175,-0.3279655681910907,-0.2666933286550713,0.5524627969629494,-0.3771402975725637,0.5666060081706963,-0.2596119790960073,0.3495182536431225,0.2736438712578919,-0.196436263460744,-0.1205295324876544,0.2236315346074797,-0.2240846263160311,0.0016099921043163,-0.0663128559731316,0.0535453571468671,-0.1729014026388474,-0.0430487866399193,-0.0546067978485943,-0.1740602016645382,0.2920485752965965,-0.013318839064333,-0.0659697777887103,0.1563426563468024,0.0319481754989904,-0.0074183419784758,0.0077816639914343,-0.0386667952016828,-0.3879433322394562,-0.2117433067143854,0.229708005268121,-0.0433098215207134,-0.0732797015003208,0.0012481399991865,0.2304665610677887,-0.0907719657072295,0.0622805655015699,-0.1035337167990089,-0.0388342412568885,0.0663469598979283,-0.0199015043658962,0.0774195043355037,-0.0179247142447518,-0.0707630516462333,0.1076426043604623,-0.0221873859701138,-0.0115023411775085,0.0150593234692714,0.1094875956696037,-0.0832720154419769,0.011793455170127,0.0079586323966283,-0.0419037027383919,-0.0490744838663887,-0.0288781545507075,-0.0384478088618193,-0.1111920093283345,0.0504481524341593,-0.05250357402696,0.0758480992191742,0.0051617178380525,0.0360932347954254,0.0302671777812589,0.0320210450328561,-0.0193263297157401,-0.0004078118696335,0.0005637487580526,-0.0103245150197575,0.0102885578279687,1.2308173359898093e-15,0.02227408067938197,0.035272685226407585,-0.03812446296430361,-0.009182482522203217,0.03027526559640492,0.024644774001064684,0.005938735633952419,0.025717423921682192,0.058854448755813804,-0.020229016183212933,0.07081004537284064,0.004391489660567016,0.017390094207592632,-0.05600705398311856,-0.02706507354101817,0.012392674577589968,0.0067621829822497315,-0.011943855384862534,0.00783483290286724,0.04097185773699885,-0.038111607202027886,0.05292745435402568,0.017882591018814953
2024-10-01,5.284830133735101,-6.71019442137559,0.5783616120539891,3.00804235935232,-1.3045774268822874,1.2390664531969389,0.4768466554167152,-1.3861612485667358,1.2055916416785406,0.2566198168840157,-1.552097151556146,-0.949543588424782,-0.3279210328911269,1.5014256273520634,-0.0255472216349387,-0.4873908328323155,0.0700096505606101,0.7050050989032564,0.1053974040361666,1.1906233936090558,0.4470749979267771,-0.7594159858768396,0.247304701097216,-0.0184869152611091,0.5590579796399534,-0.523480519883253,-0.4493677335361085,-0.1878326316700673,-0.099216425761983,-0.051181752356292,-1.104595158784228,-0.3898210986284526,-0.0592653324179449,-0.019027174223442,-0.5088692798379763,0.3128299492216241,0.1274798246801944,-0.3892426665223449,-0.7189476674392699,1.1029948216243508,-0.1207748834619057,0.0491226806260288,0.4696810075461108,-0.0661270861035546,-0.8408722056366239,0.1981439335356661,-0.0921928708878094,0.3038504702483683,0.1829767802925999,0.0799821435447129,0.4832204360666948,-0.5543620080224997,0.2096490541469956,0.9012774918455382,-0.3823700928529528,0.5377265363759215,0.518996233009434,-0.0385780448312947,0.097389333897346,0.2225261362787505,-0.1382474404864974,0.2271185111090803,-0.5139719063606281,0.3798182136788093,0.7465316454749681,0.0291005233545995,0.1378936784639133,-0.0227589429350294,0.0879331761251475,-0.0573825677089097,-0.1490124899286962,-0.2176647460058278,-0.4748524350290094,-0.3594675066860904,-0.1103249842956109,0.0298657816501533,-0.3050119511821154,-0.0474606689746694,-0.3453945641805927,-0.0040179067701815,0.145473787921024,-0.0997415572692513,-0.0451434352188302,-0.0548284558534247,0.0906396339469373,0.0226821551875469,0.159389272164362,-0.0619013848566586,0.0531980845872292,-0.0251523757690489,0.0292211383369461,-0.1368210787784486,0.051361422465003,0.0885053436871562,-0.0180133958394859,0.0464631373966736,0.0267943338564216,0.0209580506643797,-0.033440695979205,-0.0265859271849597,0.0118877298649176,-0.00076004169584,-0.0754039719035764,0.0097606861891197,-0.0536524779499509,-0.1181081362745786,-0.0260060838147253,0.0090802465942777,0.0062980116270841,0.0261340636152682,-0.0287134813469803,-0.0432615378083602,-0.0661435178458853,0.0480755646624317,0.0011574314926866,0.0348744718334982,0.0085435589768529,0.022891731262281,0.0264475957968499,-0.0080510686232868,2.6067745305719863e-16,-0.026698063437296193,0.0212316360313618,0.01733035139201622,0.02931538103190867,-0.008679127493457783,-0.013823485480728093,-0.02956916560446876,-0.02612906177876584,-0.004066533012242246,-0.04286596999990411,-0.01534026883739037,-0.020814442883411055,0.02711525658524694,0.023213971945901357,0.03519900158579381,-0.002795506939572645,-0.007939864926842954,-0.023685545050583623,-0.0202454412248807,0.0018170875416428922,-0.03698234944601897,-0.009456648283505231,-0.005883620553885138
2024-11-01,-7.223072570928425,-3.1229266599489107,1.176342689088954,2.460536983368831,-0.5145900635850796,1.0497250672083955,-1.5597917115559163,-0.3098245338058158,1.3472529914162827,-0.8097650756504721,-0.4149452819022672,-0.6237634055627489,0.466456189420131,0.5100124407731895,-0.2004633470140518,-0.2118234602514219,-0.0988418188669067,0.8269401313134953,-0.3046772661748678,0.5833101992743887,0.5194911405974292,-0.1133426105187645,0.8836619858705567,0.3105487445676893,-0.242892888222482,0.5327565718607687,-0.0347404685238027,0.2039704162799689,-0.9459630055766566,-0.3530819085322033,0.2068742344819421,-0.0507657709321966,-0.2691882731697952,-0.3465627866749964,-0.615074872063296,0.7181154411919443,0.4171251161521757,0.3320967543120248,0.336974211183061,0.5397956325508546,0.0499677392229921,0.0311092056881808,-0.1203827950317645,-0.2530171361135103,-0.168420358814863,-0.0492938450639217,0.1813495539061127,0.0248241050410833,-0.4329226699636001,0.3102393948671463,0.2432217238962274,0.4695022841162794,0.1916342118465961,0.3520109099786465,0.1893923049032408,-0.0875299336133708,0.131497144502721,-0.3117582207922403,0.5937000956828052,0.0993001225682817,0.0095193678045831,0.0099703956262705,-0.2012125894789883,-0.1238890028772304,-0.3808745350628261,0.4985770878276931,0.4183816460558961,-0.2661464929942204,0.108738654791301,-0.0756652950429978,0.0713296869832627,-0.0377917026495569,0.0311977501826899,-0.0567404040750589,-0.0626777901229833,0.1039692975546718,0.1992446599144783,0.1932005000384165,0.0923415006252705,-0.0032672671544466,-0.1719780363962622,-0.2689743860002893,0.1424307481264707,0.1413313330262157,-0.0363305696804453,-0.1564491604053722,-0.0334085717673944,-0.2583085625071422,-0.0412606176903214,-0.2969561012220159,-0.2799480910615551,0.2041337263891408,-0.2082880795206385,-0.0129507005985446,-0.2266203484587506,-0.0702372769796671,-0.0538574152559645,0.1088335297010154,-0.0614598498199884,0.094544788866796,0.1973249488675067,-0.0391872084450814,0.008071567426788,0.0205567127871024,0.165239264517284,0.0557465705582975,0.0098641115831081,0.0055065302259858,-0.0234233468754878,0.0668079260392136,-0.0327743820033033,-0.0124864218992711,0.13979987777459,0.0021876447160602,0.0554099624138893,-0.0748552131665334,-0.0183984091080113,0.0269039713733461,0.0255071559264103,0.0412194914736119,-1.8081960438577184e-17,0.014883821492403415,0.06910038838372823,0.07833838593376274,0.10456106262201326,0.07591718608063003,0.05170073598371716,0.03869188072477381,0.04166650788205284,0.037792475604972564,0.003676802256925349,0.12905684606899648,-0.04474976585682078,0.009466801034504035,0.01870479858453855,0.044927475272789064,0.016283598731405835,-0.007932851365507032,-0.020941706624450385,-0.017967079467171354,-0.02184111174425163,-0.055956785092298844,0.06942325871977229,0.05963358734922419
2024-12-01,-2.430887829771947,-4.61412294003452,0.1076823254721574,1.6938402376520376,-0.7159930943957515,1.4677643432480418,-2.172206377395762,0.6935126498058563,1.9856624307141104,-1.2440760602892849,0.936587437182578,1.1280904792349185,-0.4014766942460901,0.2197318237820522,-1.2443047314348432,0.6799591169674317,-0.6493247888706789,-0.0055819169413581,-1.2285980154754903,0.0077488599062994,0.8860041987079909,-0.0637360457056264,0.1323087537489255,-0.4596377113144252,-0.326358763124632,0.1379918604299306,0.6668083000587018,0.1407175206694975,-1.0532478358286712,0.0294109893767654,-0.8699070992658104,0.7109317540586001,-0.3285608754113108,0.4450804754114548,-0.175599430772148,0.7689465697505447,0.0326059822833949,-0.1835519592978448,0.1470820099922931,0.3268725968587698,0.1460384723646503,-0.1075366738906885,0.2209036641470918,0.64567749259816,0.784113818573548,0.2932252174476937,0.000495284453681,0.1386986870002074,-0.1666812326131724,-0.4008555893412716,0.106526779367088,-0.3820882496924263,0.5220263709589825,0.159416530754509,-0.2797229668081961,-0.0966164412168158,-0.1265908734865913,-0.0273314574182395,0.3202040056928067,-0.2665055517823445,0.0317947133119922,-0.3997759746650978,-0.1039065405265027,0.2601170327782212,0.1371404589308563,0.2932059510944164,-0.1048219375300293,0.0917834243567435,-0.5145789582094291,0.1230945204511017,-0.1758395447609542,-0.239226844226028,0.4591016994901107,-0.0525227769756484,0.2085730714705578,-0.2223537545055805,0.2521985209854694,0.0031080952212663,-0.0368613113895495,0.381099679483766,0.0386928643061534,0.0498211807656647,-0.0157485625925436,-0.0328136532357912,-0.1485502541126255,-0.1076200597955165,0.0207993328062283,0.1814150040816891,-0.0123180471267989,-0.1028244529073596,0.2506747576732041,0.2317911837221666,0.142626676786295,-0.2583538924505902,0.0720425047151908,0.1215816489773876,-0.0334510596181004,0.102107146764112,0.1210041172769291,0.1636392035466552,-0.0440855386926241,0.0355490082194215,-0.0432700098350785,0.1417163201080192,-0.0528485627907975,-0.0239180920257285,-0.0291314755988931,-0.0709412637204228,-0.0516628309241923,0.0131633089316074,0.0510953576702976,0.0126225834300421,-0.0455371403467625,0.0218403569908917,-0.0046450471304697,0.0080609704579274,0.032481748751013,-0.0274997909750645,-0.0397375550520334,-0.0082558540910993,3.1005865359555075e-17,-0.11225992209280422,-0.01615859518343421,-0.10331824538639289,-0.058628737263173525,-0.08493638083969623,-0.00517678197571525,-0.05539514766994291,-0.09622211508767087,-0.08730257399602048,-0.06675255524907375,0.009221848216047546,-0.08492607307186484,0.011175253837505172,-0.07598439636545351,-0.03129488824223414,-0.05760253181875685,0.022157067045224133,-0.02806129864900353,-0.06888826606673149,-0.0599687249750811,-0.03941870622813437,0.03655569723698693,-0.027333849020939383
2025-01-01,-3.6850565924777015,-4.479128377388277,0.877443466786625,1.5210170080778431,0.3732334835589519,2.3165214892374237,-0.4811691472746299,0.5548780949797163,1.5339072763735293,-0.4970598520941002,-0.3623547863222414,-0.0790755590767756,-1.4637632844736663,0.0749758739862259,0.2054882071045287,0.547611456056342,-0.6276565220230086,-0.5926971569768343,0.2134709725279899,-0.3850537251388066,-0.0219825475678903,0.6097746976426823,0.0826411258283802,0.0331611840613575,-0.3026914023237535,-0.1073137074082951,0.0688964123239646,-0.1843303432137796,-0.6954306199626368,0.8571339959248531,0.1866880263839379,1.2831676811614237,-0.3399714395747614,0.059497948852101,-0.4978347318685156,0.9524807792226438,-0.3259718797469744,0.4997744258160781,-0.1430179194887628,-0.4812477677413849,0.6756193128816492,0.0129709552231972,0.0554197459624551,-0.0143445045254377,0.1022354497160895,0.1195181326705647,0.2759126435434123,-0.433269474880522,0.4460190896268337,-0.2747173286559407,0.5106400956225671,-0.3795525381877049,0.1453196810160221,0.1012403798258301,-0.0325424784734864,-0.0391316073073268,0.0494709418652551,-0.3218572386276156,-0.3746439056282023,-0.0126780997382656,0.4869805214248591,-0.4445287982656988,0.2734517860153834,0.3380920828710374,-0.1701558231926033,0.0577048351245966,0.1127797764474108,-0.0582437750518133,-0.0364746330126504,0.2430150379742049,0.3373344212590173,0.3821312097226895,-0.4519253798188745,0.3283314225127084,0.1025740961640485,0.10701194880743,-0.1586123210246039,-0.2444227008561004,-0.3227838285153738,-0.1995913548919835,0.2655598971231147,-0.1787355051347264,0.2576564063920811,0.1535568118998273,-0.0691520233379306,-0.1712642662094478,-0.0674392686906249,-0.0028865743049435,-0.1979890952314463,-0.0709024812131033,0.0787997776269416,-0.0185696198085257,0.0224662645202853,0.1157398468120317,-0.034539528083009,-0.056098700764613,-0.0027529039918522,-0.2440851397269324,0.0231856453804194,-0.061515148631955,0.0229426528812062,-0.0452842290039138,-0.0187517269083547,-0.1766985821247679,0.1149929041199079,-0.0026590882789947,0.1066387987966316,0.0185860380341562,-0.006088190938499,-0.1012048906166293,0.0326685464962955,0.0143130980630345,0.0234551859565195,-0.0118501027134952,-0.0635491887779267,0.0476099455046763,0.0045495833740551,0.0130350477914903,-0.045831958461438,0.0059940329470535,-1.6659011617871388e-15,0.060768337730279454,0.060284708164263456,0.03169782427664747,0.06951169534968993,0.05529891048735647,-0.005727741428089184,0.012330218172395213,0.029393444641233613,0.03745819848634513,0.07243565675680053,0.036817408534985496,0.03045598839361152,0.029972358827595524,0.0013854749399795363,0.039199346013021996,0.024986561150688535,-0.036040090764757116,-0.01798213116427272,-0.0009189046954343194,0.007145849149677197,0.042123307420132594,0.006505059198317564,0.030312349336667932
2025-02-01,-5.871999850051958,-4.0116709927472805,2.0070325738123,2.24064510050598,0.2815319933028115,2.0613100128678266,0.7899020608820805,0.785938680634267,0.9046800946834996,-0.4543981900606341,-0.7338436706187738,-0.1330186449489354,-1.2629375015157038,-0.2449831875319666,0.6607899325088861,0.2667501318989821,-0.6491872077006489,0.0864362085588376,0.6817531415187381,-0.4772157218645026,0.1040987833377077,-0.0902444105803494,0.207182328028074,-0.2623496669112505,0.1246199744029936,0.2710451647186092,0.3065796884396443,0.2422914093358083,-0.5263914178233577,0.3092177835366862,-0.9383602177769892,0.1682078104117713,-0.3413834619648528,0.1252495360513962,0.0697790463683454,0.1743614047205119,0.4693131522695438,0.4401939213340005,0.2312279794314231,0.474083814948407,0.4869435741700507,-0.3399436512973557,-0.0086403531533226,-0.0094617750505643,0.3506253106455605,0.080083213380011,0.0600537083696258,-0.0209448763260137,0.2937372653608985,-0.1304239099686046,0.0245068795616555,-0.2049412830646208,0.012906616395451,-0.2370229608013977,0.0624125355870077,-0.2499177744475071,-0.5178954113847164,-0.4153996900246313,-0.3830918474120236,0.086220476011612,0.2224082914804297,-0.0298669623557019,-0.180103274196401,0.2343298527652036,-0.4812556351500678,-0.1613994223168415,0.3483226972195573,-0.0346496697137814,-0.0016459532769842,-0.1141976882046285,0.1202279243451205,0.2961208039137555,0.10977790214016,0.0173852900038908,0.2472249823122776,0.1293903489396682,-0.0326060898672437,0.3371762809476025,0.11406373841044,-0.008550765896706,0.0380698927523767,-0.0759172231792278,-0.1674183163018308,-0.2531383486010131,0.0578609792694687,0.3055372350616422,0.057323310035466,0.1967325684554619,-0.1414337222270524,0.2769800304689944,-0.1420105020576629,-0.140632814555961,-0.1484718880205643,0.0371836263691547,-0.1184531689815355,0.0586020803018211,0.0899226508227034,0.0401390035866941,0.0158187548665245,-0.183027699530236,0.0325513706030426,0.2220975745952352,-0.0149114142375691,0.0172341203052185,-0.143395105666014,0.1207570724311704,-0.1437572162417037,-0.0048688089248221,0.0584741192978089,0.1530158667399354,0.0300622696706046,-0.114426595009508,-0.0265070364089466,0.1055857837948614,-0.0168992037709158,-0.0238075690832285,-0.0372703689428868,-0.0254524347147621,0.0601218624351505,-0.0127930321972298,-5.441463725888934e-16,-0.000337760665274911,-0.003711652456397041,0.03833860028794689,0.013794555761751814,-0.014600838216200618,-0.022876039443055052,0.0519117273996863,0.04176756800668002,0.017206034074794374,0.014025855573368329,-0.06981942426622423,0.012356970573180304,0.008983078782058174,0.051033331526402104,0.02648928700020703,-0.0019061069777454032,-0.010181308204599837,0.06460645863814152,0.05446229924513524,0.02990076531324959,0.026720586811823543,-0.057124693027769013,-0.012694731238455215
2025-03-01,-15.563718129966537,-0.5160704101334974,1.476441974137146,1.739102080216123,1.55943892118642,1.57810498249566,0.3252526250812267,0.2513744302203226,1.4275117526733516,0.2406843020450807,-0.4154164364204679,-0.6355686903714212,0.5389382979336419,-0.1711618609666655,-0.2135647749405324,0.2266286824240309,-0.0709030525074053,-0.2795789553040141,-0.5438341478751235,0.4150954006214882,-0.5079965087585409,1.26948232421808,0.1366530991770378,0.246308841066297,0.1471776096160617,0.4875032712165661,0.5072180507572785,0.0756724579576926,-1.079786613620704,-0.6092592856857414,-0.9304206897433164,-0.3151845282109947,0.0532477062488849,0.3659426334804559,0.5145573154056601,0.5287338626100969,0.32442377680962,0.0448669047251658,0.3466337612179849,-0.14723922839364,-0.547572027133513,-0.1605188914179535,0.5750068676010653,-0.3500438319446974,-0.2510534588778019,0.2144342003646346,0.2049199834985198,-0.3161019520977305,-0.3098201726044218,0.2486350142362592,0.381228978454983,-0.3741441328695032,-0.3765315373730635,-0.1346348658994961,0.2082083167082944,0.1401863572506459,-0.2320593553362381,0.1558683908050754,-0.4689233503999894,0.0094355723090055,-0.2537110851045675,0.5023526819788648,0.1787664205837532,-0.1219381183202777,-0.0365538444347308,-0.1354978951290028,0.5006502235562055,-0.0200275558994822,0.1547678512816977,0.086012386133091,0.2103383127934456,-0.0324238885926953,0.4815297748245595,-0.0317943200778772,-0.1836076107120081,-0.0439604434142907,0.1888640623435158,0.0520428462509725,0.1146745219334386,-0.2287027986993182,0.0988111261150036,0.0815419418550477,0.112317058942573,-0.0038440957226306,-0.1347707422565756,-0.0060382154393865,0.0565934092890108,-0.1169736792240567,0.0173443397617365,-0.0517048093240845,0.2196030740740172,-0.0376365565145984,-0.152123752469659,0.0671184835890159,0.0462829644533075,-0.010539914165378,-0.0884946872852851,-0.0101459326376349,-0.0319519615817634,-0.0588995674862844,-0.1382962586230768,-0.0231271231073644,-0.0474988315289628,0.0487186504254854,-0.0434009823807858,0.0163681785696544,0.0037522982871412,-0.0809169325580405,0.0253650960970288,-0.105586955179477,-0.0856523744078068,0.1673490063770749,-0.1467029373640649,-0.0240671231871669,0.0482288188958405,0.0386354870418051,-0.089803423749839,0.0970927669932731,0.0186044896262671,0.0167493176730725,-1.5604266941800905e-15,-0.03132047313389119,-0.054411817758917014,0.026923023257841905,-0.045419761761197774,-0.038582769087088464,-0.08446764369635351,-0.016971534138835342,-0.030127621933715987,-0.004670590828792176,-0.019606482208473386,-0.08566404565447094,0.027230799989916732,0.004139455364890909,0.08547429638164983,0.013131511362610149,0.01996850403671946,-0.02591637057254559,0.04157973898497258,0.028423651190091936,0.05388068229501575,0.03894479091533454,-0.02711277253066302,-0.05855127312380792
2025-04-01,-22.333171651353883,1.7531687317982578,2.289749086036992,0.9736818004421136,2.590394390574285,1.6689172445235738,-0.2028519061701298,0.3683670593987105,1.1357624933579766,0.582911796281298,-0.676205362007767,-0.801478347692532,0.7349189993561638,0.1013520174174747,-0.1627446284514938,0.5321267650209792,0.3538519064576611,-0.5334168162351831,-0.1920778096620615,0.2290423358423107,-0.2401380727832011,0.6597160340540917,-0.3728308714667349,-0.0200148860383922,0.1909352872527216,0.4930647549844837,0.247579035807654,-0.0024057777850327,-0.1253228567113555,-0.214366052777217,-0.3363301980920917,-0.5202850863339611,0.2167982201754529,0.3741613141599196,-0.0458103447978932,0.0718726913932418,0.0261211276864145,0.0015425657309589,0.0130573159437222,-0.1134222697770206,-0.1750662057141255,0.0921620289047555,0.2369786474275174,-0.247457383564889,-0.2296371295226179,0.0055046643678296,-0.0293074186226731,0.0844703643201472,0.1782205513650004,0.2324895079041448,0.2209582677233321,-0.2600970760512098,-0.3649594500594347,-0.1178853675800672,0.0033627480501367,0.0918632585467548,-0.2058871150348167,-0.0163025494430985,0.1218965874285375,0.1241603587791273,-0.0701185218247853,0.1223657051746206,0.2608334915634963,0.1018402247512189,0.0043698399005127,-0.2693255642937422,-0.0136899355454187,0.0061873257973116,-0.0335353100321685,-0.2574726338801573,-0.2786137417256727,-0.287754700423902,0.0715040983080875,-0.0294892424866365,-0.0582803012465233,-0.3178718146488236,-0.0651937427177837,-0.038760251991887,0.0715016230823817,-0.194762887762842,0.2336608824861378,0.1001512698314166,0.2430159244835747,-0.0027267050791591,-0.0063760937242481,0.0605272073151573,-0.1890160291571685,-0.2697890614449634,0.0270387266245994,0.0596951895897546,-0.1361824689212109,-0.0956029701356247,0.073852231729712,0.0592773300264137,0.0178770180169422,-0.0239370577311611,0.0503629891214822,0.0664328405547807,0.297285972680276,0.0202001099612878,-0.2164885713289037,0.0554341612783023,-0.0413721866149259,0.1328840683987413,0.0479435608408772,0.0423795525078502,-0.0438270974882998,0.0521749979094085,-0.1474486208630041,-0.0946268979770644,-0.0265713786470014,-0.1406886215788239,0.1730264549285607,0.0286525911471647,-0.1447392983251366,-0.06099470499771,0.0972604524365575,-0.0398882160353937,-0.0206352873401208,0.0095292297396382,-4.70368062562831e-15,-0.01965702942950176,-0.007543088647937957,-0.13185831757577327,-0.01752457854727152,0.004219714891421811,0.018687853639658414,0.007266567525930245,-0.006825645045574258,0.00773632883611719,-0.034220347585208866,0.001736798829367281,-0.013968849546333817,-0.0018549087647700135,-0.12617013769260532,-0.011836398664103576,0.009907894774589754,0.024376033522826357,0.012954747409098188,-0.0011374651624063148,0.013424508719285133,-0.028532167702040923,0.007424978712535224,-0.005688179883167943
2025-05-01,-5.7763949124245855,-3.798849321985697,0.3084412977374086,0.3476776972921371,1.457964515459015,1.3215219191501224,0.2559248658238175,0.4061221197351825,0.7140765296425714,-0.2212864077713677,-0.883963121350801,-0.309438974543031,0.6682236617950161,0.0265887501487004,-0.1014046637565456,0.6276795413312068,0.5748823460451932,-0.1023912751455241,-0.1674387496054084,-0.2669920841028974,-0.379301594758974,0.5878916251857275,-0.2606852013553493,0.2160250784280594,-0.0533270581820503,1.1252094958204564,-0.2478435087207608,-0.5368324422653026,-0.1324733437213388,-0.2665812662003385,-0.8857116220912158,0.0890866097052787,0.6782101220935074,0.4104481182466375,0.3845266531727114,0.0155403283682253,0.4313136973657527,-0.3093584384360516,-0.8541877577424204,-0.1052270122548899,0.0345222028858781,0.3562641468824773,0.499056886577201,0.0881063599873896,0.2272251942955717,-0.2514853053689794,0.0809360629810561,0.3773236027150556,0.2212721046293468,-0.193340756028627,0.0730840821081819,0.0333924266233127,-0.4774405662412619,0.0117743348531549,0.0702053758762387,-0.3448117484924119,-0.3337075842056476,-0.3570264556655857,0.2302748471466962,-0.135972749093159,0.600855564210098,0.2065468584203341,0.0043534166993152,-0.2031518091110272,0.1483038628393854,-0.2277186332556024,-0.1326345105002412,-0.1679730250762954,-0.1920204212528624,0.0336005091127322,0.141373190118659,-0.383473000606897,0.0574255238386744,0.1541968651271956,0.1390865070810775,0.5001101510548044,0.0013084841831565,-0.1776476102490118,0.0648638702329063,-0.098211991034968,-0.1647096737114669,-0.1617671195190159,-0.2805294580790953,-0.0726898481691403,0.2047360627070945,0.1112013264898141,-0.1972164434044646,-0.1917624256257646,0.0700949128714979,0.0635092393986447,-0.0043420402279184,0.1438412592791423,0.0891543967268689,-0.1078718550150322,0.0317702927079326,-0.1471768073994001,0.1248669392077136,-0.2335788613677195,-0.3371288602524633,0.0511062466869138,0.1104221891855789,-0.1556249236563338,-0.0806632729149525,0.0496991623770035,-0.0839362333872317,0.0152960968044175,-0.0198073299871558,0.0327292929845721,-0.0967595973650112,-0.0604483292425474,0.0616036473720424,-0.0716862977989593,-0.0321943517671918,-0.042843107283479,0.0913874829041394,0.0038002636190019,0.0544842877117823,-0.0109916734951391,-0.0009976972902211,-0.0103732908178953,-7.917686307242333e-16,0.029204806407059136,0.06244769871090772,0.012795057618598227,0.04511906446269509,0.08840111072377366,0.09972846872939423,0.01222037569242862,0.01041167277212085,0.03827628860073973,-0.05574148113021571,0.08384879950139768,-0.03364006830084865,-0.00039717599700006545,-0.050049817089309556,-0.017725810245212692,0.025556236015865874,0.03688359402148644,-0.05062449901547916,-0.05243320193578693,-0.024568586107168056,-0.11858635583812349,0.021003924793489892,0.06284487470790778
2025-06-01,-1.8184190445533703,-4.991416609618768,0.5378036426369078,-2.0723196256468426,0.8181976856632978,1.984547606196189,-0.0798209678878354,0.1435020290192015,0.668580600447883,-0.1196815124713514,-1.1390285542944936,-0.4972802905249338,0.2912615273497005,-0.7447088552180364,-0.9182919252954096,0.7554146930579702,0.1788012234376229,-1.4337639027507871,-0.3953317996660509,-0.3709992874747372,-0.497424215821739,0.9608143430162284,0.5733448612969242,0.0939300650172588,-0.5847933148308474,-0.274044890948096,-0.6530746343415387,-0.3282026661830347,-0.5706588655535588,-0.6810658739330141,-1.5657648642126445,-0.3356051809252376,0.3217754743869867,-0.7655421639806312,0.9673463378212972,0.1355197806354163,0.3290013252788571,0.0186292913621562,-1.0300632841531396,0.1479037598507639,-0.3481570538760615,0.3357778125068972,0.3366031611493477,0.1532578427217731,0.2933960817104729,-0.4687513583522714,0.0089695390790197,0.2531393908593561,0.0497021095732036,0.1899402066684166,-0.2464556380181178,0.5061054865115809,-0.1083673537797206,-0.3189594041495306,0.1802607797169758,0.3983884776048064,-0.2234552144819419,0.1102941959591577,0.5191549611522073,0.1434245605064981,0.1652445469935565,-0.3461417708248901,0.0770160485548716,-0.1928284724732245,0.0512162267927123,0.0759963500619605,0.0404399509471055,-0.0502308351658111,0.2893142292687964,-0.0191113767336669,0.2184319738893475,0.2336120205136919,0.0681056226604034,-0.0601306696238892,0.2344712645431847,-0.1028215882394738,-0.164832979769867,0.1051772614630761,-0.1029539719064487,-0.0856422692827638,-0.0329960790284974,0.0768555131812654,-0.1755213388036747,-0.1344803493647258,0.0920916653081347,-0.1922046024352083,0.0191501354304005,0.2968418990125641,-0.1826904989011554,0.0893131031788029,0.0253627259527682,-0.1564818708610056,0.212927836727101,0.1100095106143766,-0.0742248336731649,0.0286603647130618,-0.119497043632725,0.2483201686020777,0.0496657119851535,0.1175888848564656,0.0637636220924484,-0.0555975967941956,0.0694104474510527,-0.067239846098365,0.0344567895675029,-0.0557783627293603,0.0990435979344405,0.0695148250579586,0.1337656469141835,0.0616198338257512,-0.1030518882736682,0.0346257083569406,0.0767724782753679,-0.0652916711083986,-0.0364709010340178,0.0251896691430676,0.0131687395373197,0.005641108614311,-0.02777825085732,-0.0226802877749585,-4.075570253351604e-16,0.01702574304168447,0.07031543625285774,0.04023056834757699,0.02766867220915259,0.03290864074333233,0.09666099928576788,-0.022455594134301538,-0.007428882609447074,-0.0031738469494297927,0.016209226213859562,0.016510762696990033,-0.03126148407107543,0.022028209140097843,-0.008056658765182911,-0.02061855490360731,-0.015378586369427572,0.04837377217300798,-0.07074282124706144,-0.055716109722206975,-0.05146107406218969,-0.03207800089890034,-0.03177646441576987,0.0482872271127599
2025-07-01,-3.2876530111912636,-6.340403077831008,2.2702167167544065,-3.1681697779740827,0.5251612787624724,2.629132828209873,-0.2098600850261145,0.8003066541627314,-1.4013769487164474,0.3153741221388968,-0.2552159359575668,0.1260175991379496,0.6192012008627857,-1.4566860277495788,-0.6763822006680128,0.0010179266991219,-0.9807129982252516,0.1403782224873924,0.1022564586895553,-0.8705365733250108,0.2607219493894811,1.380861216671309,1.6685991248402408,1.1970704640540413,0.6048937030735285,0.4800535849201137,-1.2442616529908288,0.479541276238594,1.2132049435785786,2.2864642886739515,-0.0589301143834093,-0.3190077589458427,-1.2704774329594395,-0.4816029168461528,-0.0711514869995702,-0.7888210801368537,0.1989012815415549,-0.3789425284636654,0.4934414925181287,0.2872620449894301,-1.3711425290337216,-0.1537479086057121,0.348646570972086,0.0552252124138371,-0.7910340162672247,0.0840205061694372,-0.3476971774612313,-0.1382800352437203,-0.3486368516111248,-0.0509820641733443,0.1015588824829183,-0.115392205029497,-0.6245894907942947,-0.2357881978898649,-0.096504497863604,-0.1047632387182584,-0.0187987765688443,0.3081413852685073,-0.0113296949724713,-0.4289708051224029,0.3263659317881383,-0.1320655452079565,0.0224784952803942,0.3504520357326947,-0.048149459068443,0.3546205153010265,0.0574779430588433,0.1163476470280602,-0.296250640229497,-0.0730701702631782,0.0322947780054777,0.0128600874802073,-0.2124462809812207,0.0535272658201624,0.2053623872170442,0.0155694314461767,0.1502210980976948,0.0421000327846904,0.0720210259266154,-0.0299587483879165,-0.1647474723380666,-0.1354780576280177,0.0343543610862603,-0.0142550122356137,0.0387797148165589,0.0624178538995378,0.1066992716678285,0.0379980058120336,-0.0224644606801082,-0.046000484484298,0.004725478134597,-0.0226258111703191,-0.076602202886891,-0.0536292212913175,-0.0215269487109216,0.154765017534083,-0.1307946844967045,-0.005658832640324,0.0035101851618357,0.0238164809475282,0.0384523401282708,0.0054311760332637,0.0097681846448807,0.0224262944355881,-0.0429263302718178,-0.0553387424850704,0.0304186543963827,0.0066777446655666,-0.0708218844758206,-0.0559388032270307,-0.0043000735274265,0.0146904737124139,-0.0081980338565047,0.0470355971570794,0.0049462318922027,-0.0079089100547756,0.0294550099758804,0.0032008507893616,-0.0087862662818574,-0.0008791759584083,-1.0677435347051002e-15,0.0041784916113025705,-0.007917580865544949,0.03666360396180801,0.0034271445171532022,0.033572658819138956,0.03927441696081391,-0.007937694496512493,0.008802578819089524,0.05639014408402798,-0.027727169235987947,0.021031546541395274,-0.02187743794593211,-0.03397351042277963,0.01060767440457333,-0.02262878504008148,0.007516729261904276,0.013218487403579227,-0.03399362405374717,-0.017253350738145157,0.0303342145267933,-0.05378309879322263,-0.0050243830158394065,0.02605592955723468
2025-08-01,-3.3628405686689806,-5.411041410248944,1.7586169754147882,-2.5533885340255384,0.4733638458083699,2.6600488815574748,-0.4644250006056906,0.240305353141215,-0.0344616555309272,0.0414199147399118,-1.6330680484075644,-0.3312730533676289,0.3596190113896265,-0.8560281878160685,-0.559591189302396,0.2612368786827322,-0.3370211779733477,0.2225261462144881,-0.4992423317632721,-1.0815980600340729,-0.1421514182769624,0.0058492679828697,0.8996606039621897,0.228055058235885,-0.4308045382617014,0.3275862715517804,-0.2350707567024141,0.0878494029113528,0.7504702118708145,0.6250499275527641,-0.4091681234542892,-0.0777561263555624,0.0812300113610007,-0.3435402106319641,-0.1497692757282195,-0.3423541310156621,-0.0687965066097964,0.2511257825697465,-0.3268823365243458,-0.0066848663360982,0.6248546153463459,0.1753807718533772,-0.0496602084337787,-0.1565103024809309,0.128329900352431,-0.3445098997848342,0.1753622830045868,0.1484607170766613,0.1785326455410921,0.1212556005280709,-0.0633020087690823,0.3964717251675987,-0.0018549321508731,0.1515436501281868,0.211781042601629,0.3053855189089931,0.084414754428721,0.6180158632872249,0.1527632816538798,-0.1574675636320195,0.0934382976957182,0.3732402063511388,-0.0642705445534777,-0.1521835847138115,0.2043143800876422,-0.5116507729850016,-0.1203496192080243,0.2158192460482835,-0.1183826708531024,-0.2209238908081719,-0.0197357180830616,0.581900306552645,0.0863132094017973,-0.2498893778366883,-0.1030753574604494,-0.0500273454816171,-0.2357389393094313,-0.2859472570803291,-0.2171892237242094,0.2864352677212097,0.2503832846867397,0.21312273999179,-0.0531523707045714,-0.232618077694921,-0.2402695617360343,-0.0732979276208854,-0.2795475560547116,-0.047400661620619,0.2043530985460252,-0.3233407615098669,0.0438949832545353,0.1710896235567261,-0.227544471160862,0.0519228918222942,-0.0573915087719975,-0.2113230679001503,0.1535031408836301,0.0315127271520754,0.0762669456347354,-0.0150924220193607,-0.0394923836267487,-0.0016883093161038,-0.0094351296419278,-0.0401615345650794,-0.0176623769491095,0.0975039550025825,-0.007808461946942,-0.1663950119437151,0.0123983835311854,0.0557552837051757,0.1225440575532004,0.0531465052880087,0.004714959916451,0.0487957853439984,0.017073648459787,0.0003381170447011,-0.0149765869188078,-0.0326315568933695,0.0216811969696584,0.0174833999058583,-4.608796457420067e-16,0.051863569269227305,0.03705422740809228,0.0364636245502703,0.030933778483985375,0.0,-0.001103824843464496,0.012534294890033326,0.021733795019659885,-0.01575824532060699,0.05366858268083252,0.04656106511787472,0.03134403143380671,0.01653468957267168,0.015944086714849703,0.010414240648564776,-0.020519537835420598,-0.021623362678885094,-0.007985242945387272,0.0012142571842392869,-0.03627778315602759,0.033149044845411924,0.026041527282454124,0.020519537835420598
2025-09-01,-0.3535139471300119,-6.84870893784726,2.9838558757983633,-1.553622771184997,-1.1271674440044548,2.502599713498578,0.866153753426585,-1.3443440596662568,-0.0385277973206986,0.7047375861421855,-1.1967953853391275,-0.8246207408468518,0.9199615521013887,-0.2292966110757085,-0.8855503466576824,-0.617162328959987,-0.3346279942253794,0.3016451498461444,-1.7980311732314684,-0.9698369467742668,-1.380493091188735,-0.7654013394110386,0.3342016006281997,-0.3275543881106866,-1.6583070063723018,0.4706634715106548,0.5180234048350244,-0.5488278968535348,0.119818248724426,-0.0844491674581703,0.1794829870905787,0.111864722021153,0.9593633190977296,-1.544471423792792,0.844926866068864,0.2779182641756578,-0.8907092535300691,0.7436581980706738,-0.088757755511876,-0.5285614202726122,0.2678803627650116,0.100831931728783,-0.0579610504513136,0.2075620784578772,0.2366709504128664,0.1697752486490791,-0.353938224625501,0.2526547457751066,0.191735603594542,-0.158715731266957,-0.1865676935474063,0.4794554535963904,0.0534267195005348,-0.0624870932816441,-0.3865316020634401,0.0870660555975025,0.212845714522698,-0.1389507193536195,0.0015954567954729,-0.660765033694268,-0.106292125062252,0.3593222489613074,-0.0810923979263179,0.1348058197701462,-0.4621447485057123,0.3093142709199529,-0.1171886249001465,-0.1751255490611533,0.0416820554480297,0.2934694680834572,-0.3811442751729045,0.0783383482149304,-0.1913714503159859,-0.0363815969531714,-0.2563567258384929,-0.1319279302750161,-0.0646044560512212,0.0611099066239606,-0.0176231638155924,0.1670332223139941,0.0839554890951598,-0.1137230240038948,0.0788177732586693,0.05122464141859,0.1012435200644523,0.1022765485552431,0.243658954798191,-0.2205751042144374,-0.114239564394426,0.0629364228929481,0.0350782154617108,-0.0502085675242522,-0.0274016193361238,0.0007345170947511,0.1704423053864062,0.1398170216423061,0.0653186758655671,-0.0135978724276718,0.0094210217150061,-0.1038856961516292,0.0869311692485717,0.0554833830856664,0.0287483348832705,0.0732886248772953,-0.0005187989465305,-0.0120714096680633,-0.1112823283269396,0.0442202756018633,-0.1048796289009342,-0.0625324128282908,-0.0562041257182675,0.006204253224149,-0.0263515863805473,-0.0057087063233144,0.0128255440233923,-0.0020061984237689,-0.0194944544570059,0.0263687569343845,-0.0017463163947902,-0.0367247585924902,3.0300998344653716e-16,-0.02882520674350808,0.0626627752107285,-0.011616298609965603,-0.0022226285104356425,0.014604389440918908,0.07395696455392797,-0.029834055171375384,-0.004254223018109182,0.03427424590421024,0.012661058175183593,0.03408989014356978,-0.06158234491536152,0.029905637038875055,-0.04437343678181904,-0.03497976668228908,-0.01815274873093453,0.041199826382074534,-0.06259119334322882,-0.03701136118996262,0.0015171077323568039,-0.020096079996669847,0.0013327519717163394,0.03275713817185344
2025-10-01,-5.972999538475357,-5.318931576901319,4.13427525366022,-1.0116992553747657,-0.6171473705576067,2.6593097524890963,-0.2764572977165787,-0.1712409551104037,-0.1013868054486506,0.3489353141787676,-1.3039701798434251,-0.3269064043955,0.4119309259955103,0.2536038230990189,0.6346508678852556,-0.6502169517278664,-0.5729763363236986,0.7954448244177034,-1.315068419404552,0.3447964005519033,0.1773177137905085,-1.0068685766336296,-0.9547709051613976,1.4709445640848249,0.2012641086129827,0.2622877485402367,0.5936005907185586,-1.3028716786304702,0.3567497727831394,0.0144053326139374,-0.3345665645288451,0.1830345377883284,0.6147866842036857,-0.2894303367543342,0.3009982839404359,0.1624753341915176,-0.3446474975092379,0.2517937764351985,-0.3094489271243313,0.3137503090458628,0.0291475710358071,0.1601312647130944,-0.4548289033445142,-0.155730105804573,-0.2726790326350966,0.0812042818987121,-0.2852489779504856,-0.1847183949982689,0.52858014123639,-0.1525052562489146,-0.5284118849226992,-0.3448480574283999,-0.2257013220957037,0.0392078760298694,-0.2385493514318896,0.475996101106841,0.1920794077690795,-0.0662013967410753,-0.4338046999920181,-0.0430941170526616,-0.2857170439345314,-0.5105296936052334,0.2769793308250566,0.198200923974752,0.0425607608190774,0.1224779317634214,-0.2160939339406208,-0.3076963567982664,0.1371053207824291,-0.2043705962824575,0.1192941063316347,-0.0626636739132819,0.1327388965787439,0.0266043922406274,-0.0029620017475306,0.11089018657476,0.4024732019409779,0.0217081407069276,0.3167805801648295,-0.0810626893249631,-0.1109825447755469,0.0001168363994824,0.1738140400280014,0.1744051279513491,-0.1349840425699101,0.2170992347675688,-0.1515829495583763,0.2702609640031928,0.3039742313165619,-0.0244028520756444,-0.2400923942805467,-0.0597853096783737,0.2393181252861373,-0.0203418679518268,-0.0161689567663384,-0.0817972707250734,-0.1617397497473818,0.0020999433598494,0.005690685434575,-0.0390177597617584,-0.0541462804296558,-0.0782519415314355,0.0350156628686671,0.060889051325511,0.0743028917885082,0.0204389422917856,0.1395172969354237,-0.0193548166564739,0.0415391884900086,0.0548263856929723,0.1099261715944797,0.0007952428328545,-0.0358149329627481,0.0374381155911105,0.0274876155206898,0.0136277546517413,-0.0306400531551023,-0.0198534997071619,0.0144038474525216,0.0512662346488906,-5.60153894992773e-16,-0.03953873932006269,-0.026692540637359707,-0.005125713213600447,-0.024644619182423444,0.009535202607311,0.06814171875540165,-0.019989253057701828,-0.021785686628483902,0.0285489705658184,0.04124233696432045,0.0029760448593725286,-0.06621469863629337,-0.05336849995359039,-0.031801672529831126,-0.051320578498654124,-0.01714075670891968,0.04146575943917097,-0.04666521237393251,-0.04846164594471458,0.0018730112495877194,0.014566377648089768,-0.02369991445685815,0.02667595931623068
2025-11-01,-4.332345138391102,-6.709762128007353,4.89174770791298,-1.3653047351596994,-1.2517604729944627,1.5621911625802662,-1.4873101266396596,0.4199288236509289,-0.6666842785857583,-0.3918808369599537,-0.2104157680709584,-0.0108456521080422,0.4123063305186864,-0.7861361576322673,0.295129298576552,-0.3865306185918601,-0.2157355023610181,0.4070591690715524,-0.6629030944154122,-0.5714433638050573,0.6777416643988965,0.1115862896600003,0.3981273420077394,0.8701127095072718,0.4893821019700691,0.7220728817170599,-0.1866146402096602,0.2542952996660778,0.6957875045815594,-0.030368410789874,-0.1875025103148488,0.9511021446212086,-0.7845578454090845,-0.4588473388609749,-0.8103880851544087,0.2615609689460706,0.0973619894136628,0.0491838152921204,0.0306681078910224,0.1997099358123703,0.6143296898959587,0.0980053035391478,0.1120195750039194,0.3907617237767419,0.7335739874240784,-0.1172082481576989,-0.4864908395306995,-0.1157331305659808,0.2738585908607591,-0.029020264669131,-0.1082260953430178,0.2023623840306767,0.4636532873614559,0.3001820525687937,-0.0389510889993465,-0.4503927216333471,0.3498394070981305,-0.45304561683654,-0.0874117272087949,0.587635475908718,-0.4434663696859667,0.2585794170327927,0.0148807441761654,-0.306082681774981,0.4066254145943063,-0.4468852185959142,-0.3986218433694093,0.365626978143472,0.1856799333974414,-0.1410078295054726,-0.0659917067787948,-0.1499130000650674,0.1466693202955986,0.0335845295757673,0.0388493385228531,0.2332450443902639,0.2119061145243177,0.0511559632079627,0.2810270119502117,-0.3213447857930117,0.0464946718192384,0.1584688405084669,0.0430667882211869,0.2811835810685122,0.0111829956386195,-0.0568418964510861,-0.0940252894106193,-0.0751894931080009,0.0266065048424251,0.0868386463774141,0.0722195126339114,-0.0183716777610817,-0.2061410234626325,0.0918952310026891,0.0477995396214172,0.198836324342397,0.0496116752037415,-0.0591006718797657,-0.0377586947444638,0.125407761879992,0.0140730823822162,0.0858668705124351,0.1679783285498703,-0.0338188681401618,-0.1494696110025508,-0.0675708101434078,-0.0104769711334613,0.0724337661008869,0.0545704028952368,-0.0046510692059854,-0.0759458304321161,0.0486843612581026,0.0525290642825184,-0.0613229137388243,-0.0488138933735592,0.0167024259527098,0.0185067138284071,0.0312797020476146,0.017553735242725,-0.0216708755650757,-1.5715532650327118e-15,0.043539222164447944,0.005051864948486751,0.02632478542347183,0.018331163227289782,-0.00883527582919763,-0.04809087904861853,0.04050864025145895,0.018826250209896145,0.01717172147144086,0.09289422803895753,-0.014462479977161768,0.041589278312967215,0.003101921097006022,0.0243748415719911,0.016381219375809053,-0.01078521968067836,-0.05004082290009926,0.03855869639997822,0.016876306358415416,0.01522177761996013,0.0909442841874768,-0.016412423828642497,0.0019499438514807288
2025-12-01,-0.5430336977717629,-8.83418339633301,5.442525829857789,-2.887969055216262,-1.249020873011366,1.912295079618131,-1.9311689621283097,0.1692636648419729,-1.045565007371189,0.6414050995663786,3.283239263437333,1.291558984990252,0.8740985250668669,-0.0503070309965959,-0.5059516330217378,-0.2319965213911473,-0.6777257193534431,-0.4530786880610302,-0.5378089859150164,0.7145392108184645,1.5008020434769975,0.1682495085209266,-0.5157517858054586,-0.2553365532440409,0.4313098257700732,0.5902214111627665,-0.4960036730706027,0.275063726539452,-0.0441243436264331,0.5075922073874872,0.0646325053952541,-0.3311711971511059,-0.4819911515836731,-0.1462658120835856,-0.5148758780826603,0.164241235281974,-0.1765722367144635,-0.9742495546785276,-0.5072630634399615,-0.4599938710442859,0.1985940561887877,-0.6197743065465818,0.0290197847507495,0.6725614141230233,-0.3602804484449189,-0.1381242947677562,-0.4235600074833924,-0.0886025708273165,-0.4007537948636087,0.0458173255090532,0.2507935858265895,0.4094676098642961,0.3895964744617262,-0.1625327749649902,0.3031596586112512,-0.6080575041441711,-0.3535745016051061,-0.1951855141433619,-0.2711593397290813,0.2055806452657589,0.0772625642344184,0.2030958218912753,0.15934257297274,0.0075040049721768,0.1596259796027395,-0.0228364273190973,0.0080511935191098,0.052161213206248,0.133858938786433,0.1042350816660669,-0.2242610031870253,-0.0590497351407139,0.2422752544317127,-0.1240793542083203,-0.3593147995703365,0.0806169585498935,-0.3667292878915083,-0.0299159773156446,-0.0704464746198444,0.2178884842388657,0.0562089656421448,-0.0583247855692041,0.1323118487953091,-0.0356352740801821,0.0255808733265776,-0.0030811428406979,0.2331697266609042,0.1270003863938738,-0.0240648699307701,0.2173990012668386,-0.1213096371529514,-0.0012892934915973,0.2857934317668384,0.1089721697883572,0.036415198497477,-0.2622319274066729,0.0014324767276904,0.0283461835561077,0.0263645605379086,-0.1410049525048061,-0.02953427584735,-0.1163926624506646,-0.0655306758966132,0.0179105403056041,0.0822349563028438,0.0841950589927208,-0.0437200896781489,-0.0097273400200158,-0.0164938854949285,0.0062259440726789,0.0024777987908529,-0.0227755131411094,0.049923430645861,-0.0485931393455955,0.0328421838244326,0.0116648767535453,-0.0734832520310259,0.0190028249081976,0.0053903472956952,0.0256067495436784,-4.210000089522688e-16,0.014541386446340177,0.020192394839428474,-0.011387581931594837,0.027001698820839692,0.009304454209617452,0.006009286408331649,-0.021292708753446132,-0.031677381757063694,-0.05792784267640061,-0.01807800644555535,0.009980507272212114,0.016692506660897055,0.022343515053985352,-0.009236461717037958,0.02915281903539657,0.01145557442417433,0.008160406622888527,-0.019141588538889254,-0.029526261542506815,-0.05577672246184373,-0.01592688623099847,0.012131627486768992,-0.0021511202145568786
2026-01-01,0.8141907260830703,-10.409421363744306,7.823835459006528,-4.497675988589537,-1.4314631137404847,2.954238770319876,-0.2631004166647677,-0.2088965550496822,-2.6785562774332212,1.6454778759138342,3.7729160481118855,0.7285211328194521,1.0096766827840469,0.3543566723208137,0.8787466546507086,-0.7545229430508821,-0.8733033722391703,-0.3916807966709417,1.0930801262543637,1.7756370198233442,0.4675819496053063,-0.6694303129302624,-1.909020493864178,-0.3682087886878243,-0.0280276740215426,-0.3645128881931792,-0.7243053332678472,-0.5012018597539611,-1.0735413549108337,-0.3966510294372221,0.648925887781177,-0.3039720479984595,1.0210308939011432,0.3997484084230698,-0.3054472415573522,-0.1508332936872856,-0.0848679152740313,-0.4531165035126928,-0.5943100444039835,0.6852107302187792,-0.1257697921514149,0.02804246827318,-0.5015377777753712,-0.4744530452266086,-0.020835258518391,-0.170026925598228,0.6121515884420037,-0.2792444028893892,-0.1349911972900113,0.3908508328901324,0.1595024186915778,0.4710994129650448,-0.1145962356329784,-0.1551836573706897,-0.3383631662670935,0.3600996450288218,-0.3847329283084327,-0.09413821799262,-0.2200079491616,-0.1167875694024377,-0.0708932523196659,0.2773876734954039,0.0625931528797344,0.0448654161276439,-0.124159710089863,0.1343726721510334,0.1861925402607736,-0.2446708000262293,-0.2275076806895525,-0.1054660634493894,-0.006665365219275,0.2035139787543853,0.0258447367448327,0.2148362727318492,0.2248143329410313,-0.0617344784251144,0.0490055379843865,0.0049928674052919,-0.0661894006222806,-0.0219295320219626,0.0343613127681821,0.106769852356977,-0.0954685214086319,-0.0496986694192338,0.0221932633474284,0.0405173496015366,-0.0896061814436582,-0.0674283761038891,-0.0253956062973394,-0.1605244352698724,0.1243119442977762,0.0444301231900622,-0.1883002965574859,-0.0235416448110028,0.0178782199862875,0.1458963173911687,-0.0304245247726312,-0.0593744799580024,0.0003753806953011,0.0742335111767855,0.0377157986267167,0.1111231077659185,0.051600697527595,-0.0629825388093879,-0.0504527501563704,-0.0429108513172064,0.0380502071000347,-0.0007845432400289,0.0099965322268922,-0.0341946622107384,-0.0010862541845658,-2.4512143258133053e-05,-0.0321603202694071,-0.0047680357888288,-0.0211943252595358,-0.0126491909453065,0.0582442923477464,-0.0313549875957533,-0.0022325593100789,-0.034465952761251,5.072833312326559e-16,0.09204705908730282,0.023349819667000782,0.15153584090705352,-0.020873232132380792,0.07018202870732515,0.0008908275056329629,0.08367647003186551,0.037987253713978486,0.02070795662716529,0.003869154471564107,0.01675010565117696,0.07431077999911384,0.005613540578811804,0.13379956181886454,-0.03860951122056977,0.05244574961913617,-0.016845451582556015,0.06594019094367654,0.02025097462578951,0.002971677538976314,-0.01386712461662487,-0.0009861734370120168,0.017736279088188978
2026-02-01,3.155801978239035,-11.20557107534856,9.811998179811606,-4.269197008245736,-2.5091491529112404,1.8171389002382956,1.5977463093622968,0.3329677081748098,-4.333602536195353,1.8413194309290868,1.2005883057465845,-0.1881367849125682,0.5428904913383236,-1.0976083056118575,0.1889181720783819,0.3242600492712131,1.3479323089589883,0.1492006646401448,1.1865007353043542,-0.6459612566757095,-0.269561910405222,-0.7817603347406968,-0.3146926740361235,-1.3929863655275212,0.6473818251068698,0.2019811695149739,0.5768765742321514,0.0492399476772247,-0.3537985026285122,-0.7036327106969427,0.2497058138792939,0.1497147684317609,-0.494915900008454,0.8777805909663234,0.5981949093440758,-0.3924155186986638,0.1603902261972513,1.2234763904521189,0.8310206688190609,-0.7949545308073149,0.1656849470079336,0.3914924566578822,1.0132749079424888,-0.1765839743167095,-0.1494577852082024,-0.0508011957147131,0.1580016244094167,0.2612803051801849,0.3076872543065929,-0.5340525931291311,-0.0883054738426235,-0.6453769101798659,0.0172268472173759,0.2806758256632701,0.1660961863334902,-0.1398481268744969,0.405368791973422,0.3414494561726409,0.5629746138070577,0.0900986907226897,-0.0589719950187193,-0.3777429778901068,-0.1111913214899785,-0.296754065085444,0.0172680352414332,0.1269881253839266,0.1216101687416613,0.2633250925319375,0.0295766132006448,0.1681354085347461,0.3285016351090365,-0.2484484870966116,-0.1852129697841829,-0.085307264385297,-0.0390020767342821,-0.1026131589906563,-0.006664390597587,-0.0513112565884043,-0.0255431237722678,-0.062952919357532,-0.0137850260355621,-0.0885874778981017,-0.0376289644753569,-0.0188006065707095,0.03934293809407,-0.0989122945007541,-0.0358146635751048,-0.0351427243142691,-0.0200805454781152,0.0717122349564201,-0.0878967375677891,-0.0200966593481084,0.0349675850631962,-0.1185117886243835,-0.0829436991497343,-0.0233911261328648,0.0258187988439147,0.041457641482845,0.0207799186419998,-0.0060421026825942,-0.0615564883049535,-0.011946323594759,-0.044093264160171,0.0207052849222513,0.0241718679772281,0.0095250804563979,-0.0324849851304561,-0.0241577369894118,0.0244981729877908,0.0231496834310215,-0.0215107185575827,0.0231824651354307,-0.0026896620264588,0.0345750171123312,0.0172937003518178,-0.0031375623822006,-0.0127930947669701,0.0079684826460987,-0.0097350806415736,0.0228424157947794,-1.001382150024827e-15,0.08402677699239214,-0.016905346783045005,0.09539665848374734,-0.03761222018676169,0.07072043608262613,-0.03558535174154043,0.07783495460586964,0.05817040326322065,0.1035837780437574,0.03528493724752524,-0.03556987522013977,0.0926687287154846,-0.00826339505995255,0.1040386102068398,-0.028970268463669235,0.07936238780571858,-0.02694340001844797,0.0864769063289621,0.0668123549863131,0.11222572976684986,0.043926888970617695,-0.026927923497047312,-0.008641951723092456
2026-03-01,-5.026918344024509,-7.775641719942016,8.146412899021387,-5.590120033406147,2.1834231134395026,-3.924267465049723,-0.1472053616473302,-0.2906686379568347,-0.9705195040905138,0.8765837838165295,0.0097008986743415,-0.9730472908818132,-0.3733442560483292,0.5297846559940714,0.3242681888906285,-1.5651421203826974,0.7778719798204782,-0.4399615095242228,0.4172493222551343,-0.474667319422926,-1.0578449250714093,0.8830133906571288,0.1620934824022102,0.5232994116399677,0.014705824166041,-1.524002511051203,1.3571791173422183,1.364108772914425,0.9509972273888772,-0.808704706050671,-0.6868600393218967,0.001166285612623,-0.9098542427702836,-0.6386336158078869,0.1750014568076844,1.169271363486303,0.3985047160381996,-1.1883165793329462,0.4912553474304799,-0.1663430189606368,-0.3325564044979139,-0.0406554335335026,-1.4094829058497145,-0.0434016906917223,0.635111590527701,0.6496267954490449,0.0621953307965226,-0.1277017961359899,0.1055123644866404,0.2285499735049375,-0.159885849030104,-0.3364874221497155,-0.0616285638622276,-0.1522019945728105,0.2221757134863846,0.3129770873613559,-0.0022280749639704,-0.2047424738008679,0.1207430694586495,0.0972987655059322,0.0799276612425348,-0.2355586328216492,-0.2736104242412089,0.1602052631380401,-0.2195745052649322,-0.3284132743257949,0.0375598141963071,-0.1568403790933764,-0.0510317295033018,0.0906327522889837,-0.1396950505870918,-0.114465157173469,-0.1637741333836259,-0.1174384449845164,-0.0264437343461993,0.048868612444323,-0.0006024579468464,0.0316631087651222,-0.0026437211662263,-0.0154419133821592,-0.0422083012270325,-0.0661191238228911,-0.0754114615712432,-0.0851091696956291,-0.1007672160933196,-0.0617370425243663,-0.0307932597964946,-0.1094346739857803,-0.0241110129236131,-0.1150398307779455,0.1234630207485769,0.0533310539548366,0.0336705652590707,0.081351654165534,0.008892759761382,-0.0448587092002329,-0.0315124165039112,0.0130848010491962,-0.0581414440239957,-0.0348902952003636,-0.0248039695113164,-0.0471978839962915,-0.0847819653675466,-0.0028774944573155,0.0188906783301973,-0.0150142879096724,-0.0085013434967207,0.0361899248592646,-0.0228182365146469,0.0142132475360372,0.0417366668539392,-0.0485214979783884,-0.0139869784216637,-0.0184180592453597,0.0262739130666299,-0.0001387778523451,-0.0002873072054834,-0.0136261521934803,-0.0080643886846398,-0.01311761902496,-1.6447348794598093e-15,-0.06440735650351581,-0.06090646351091378,0.09549362861067423,-0.04005451976192265,-0.08699334290328053,-0.042231187466157394,-0.08921230547242887,-0.06865873067041917,-0.03855016992396865,-0.08483138152942227,-0.0674310689669474,-0.012438738340880828,-0.008937845348278795,0.1474622467733092,0.011914098400712336,-0.03502472474064555,0.00973743069647759,-0.03724368730979388,-0.016690112507784183,0.013418448238666336,-0.032862763366787284,-0.015462450804312411,-0.05196861816263498
2026-04-01,1.399368134676682,-9.599935923824017,6.8506181396701,-7.104741291697038,1.5318409235877903,-5.536718219800931,-0.8293921728100974,-0.9558901904512782,1.2742702068714165,-2.9720858931821525,-0.9632367352189564,0.5347976385087524,-2.248469134894324,0.6973555696138953,-1.0360679492850824,2.0925740042927483,2.4980157880427063,0.596702245441785,-0.310511256443822,-0.2391314322991711,-1.0923360571003051,1.6556375431616748,1.4831603533283049,-1.324057890713935,0.0593453534948254,-0.6539887691739521,0.0876135640797294,-0.058116314035503,-0.0553167110521741,-0.2237983604059462,0.8257818433651518,0.3175529420047599,1.0199314473900312,0.5130313011733971,-0.4154521977188319,-0.314645206386592,-0.2524341044020045,0.1290395589640279,0.1333896250347626,0.5434504844091426,0.3146624345523404,-0.2642191122848738,0.7795482543702033,-0.1184918062690493,-0.2169007568283663,-0.2416747359039944,-0.2320885828108752,0.2879814550309678,-0.4294349317200701,0.579180680493502,0.4735178598408166,0.2397428368810256,0.1141842564100193,-0.0222726798856099,-0.1164822819142239,-0.0701734313476094,0.2044679891549923,0.1395486400692061,-0.3987013911253483,0.0844294524159556,-0.0763279208032789,0.1678563382365789,0.1550580627780283,0.2542667075503564,0.1091995428307616,0.0422218801010284,-0.1346680687631379,-0.2579550573401354,0.1185729736012279,-0.0883238262310451,-0.068137145649002,0.1461485483316427,0.1350230080610037,0.2033441214321264,0.1166852425793446,0.0247897793943065,0.1485551400289634,0.0585353702330552,0.0308228576925651,0.1918105728616981,-0.0649035688352514,-0.0186985020145999,0.0640870409136821,0.1246986601791165,0.0272870543258949,0.1468350660957722,0.0027553735113885,0.1286273406360085,0.0827962370937133,0.0143983434530923,-0.0223599389087211,-0.0480035429630175,0.0372703255087817,-0.0340197221513046,-0.0251503208384056,0.0239787518630847,0.0324848400691135,-0.0696119366823688,-0.0389840081850302,-0.0342961328429639,0.0055094548029556,-0.0174671796299063,0.0359226275843055,0.0350179515482587,0.034845648147836,-0.0090448817001319,0.0349649912101166,-0.0068471805311977,0.0100190476129695,0.0150890478144499,-0.0196593520640865,-0.0211331356839713,-0.0181377310552719,0.0116282314162017,-0.0325911637067639,-0.0025471220660707,0.012650575032437,-0.0060190426284249,0.0172185637253901,0.0213525353324212,-6.97489850947402e-16,0.0345985918624927,0.054318985503043926,-0.01991939928916231,0.06133220439920839,0.0824865995713302,0.20164277902148298,0.0342102241253015,0.09474477653479685,0.028057216534671525,-0.00013533431651890915,0.08816057420282153,-0.07347195974175236,-0.05375156610120113,-0.12798995089340737,-0.04673834720503667,-0.02558395203291486,0.09357222741723792,-0.07386032747894355,-0.013325775069448209,-0.08001333506957353,-0.10820588592076397,-0.01990997740142353,0.10807055160424506
2026-05-01,4.88656378435339,-9.594957318602518,2.645485267986873,-6.444388607087581,3.7060230930449967,-7.104686897958898,-0.5943830605751449,-0.4361536980951687,1.7451501712934894,-2.981231370217191,-3.4245085473766275,1.048869254361741,-1.641773947699294,0.9924471185323214,0.8220134530218152,0.0928307665886737,-1.0059366131421617,0.1516589853743819,-0.5456131494324591,1.4750845959270786,0.9068107214674652,-0.8961430125489068,-1.2371490007817312,1.2335200418329573,-0.6050556695800898,0.6246596105813094,-0.4159917800806699,-1.2190336559754211,-0.4801985257819664,0.8414641789349759,-0.1572986855230037,-0.8559166303833823,0.0977523313141226,0.4529456754917269,0.1242290329827317,-0.5487304714334496,0.2617517394298965,0.4916452435691968,-0.0819752857382884,-0.2701434114172658,0.0963255374473999,0.0032472873205632,-0.3767344246888274,-0.0303625024617313,-0.2763433922957573,0.452415008200581,0.1580713150594037,-0.2545444222847055,0.0932814415554201,-0.6773118680583095,-0.3167843578697993,-0.1954854591722535,-0.0229570228019818,-0.0275402091657432,0.0954575432939157,-0.2159478084269648,-0.3850900907826974,-0.1082904923857784,0.1779285320005576,-0.1221597857148645,-0.034384164958158,0.0293149398073563,-0.0872979303798147,-0.2669410700902649,0.033049131771149,0.202455830336576,0.1106167619369728,0.4350051015051155,-0.1763117332701655,0.1090151324708766,0.0064811296318054,-0.1070962027422372,-0.0631887458153441,-0.0173297352521682,-0.2293163200046277,-0.1338551615716279,-0.1006452200841697,-0.0677857314794237,-0.0382060736720131,-0.2502171776237906,0.0141488843643572,0.085159690617183,-0.0166306899414985,-0.0650616882403361,0.0038028967276147,-0.0906724252039308,0.0527302689528316,-0.0151779340023712,-0.1344840433911187,0.05714320809196,-0.001915862944557,0.0455153371087986,-0.1066367617668695,0.0152429263412815,0.032411404058792,-0.0079825316365742,-0.0261782972204158,0.1058963509354419,0.0234604262314308,0.0512850110022045,-0.0084874365180061,0.0142049241582364,0.011881427280903,-0.0707036737256495,-0.0369588864362807,-0.0020661100419137,-0.0512593041733595,0.0060626962381523,-0.0300284138345283,-0.0174306256215813,0.0223891211919953,0.0338192973917512,0.041995683500047,0.0006375764970838,0.0066531827665521,-0.0070039210794039,-0.0195640333168495,0.0133277570412696,-0.0037993133342788,-0.0142283737625206,2.7434508594408103e-16,-0.022925981682338503,-0.009012127993355379,-0.0026823108687212827,-0.003644781076409087,-0.016095758558377415,0.13097178300720014,0.005811950033844049,0.0036036000430956783,-0.03201707681652466,0.026714115691070406,0.0070131123088792435,-0.06046813306424148,-0.046554279375258356,-0.04022446225062426,-0.041186932458312064,-0.05363790994028039,0.09342963162529716,-0.03173020134805893,-0.0339385513388073,-0.06955922819842764,-0.010828035690832571,-0.030529039073023734,0.03754215138190298
