date,PC1,PC2,PC3,PC4,PC5,PC6,PC7,PC8,PC9,PC10,PC11,PC12,PC13,PC14,PC15,PC16,PC17,PC18,PC19,PC20,PC21,PC22,PC23,PC24,PC25,PC26,PC27,PC28,PC29,PC30,PC31,PC32,PC33,PC34,PC35,PC36,PC37,PC38,PC39,PC40,PC41,PC42,PC43,PC44,PC45,PC46,PC47,PC48,PC49,PC50,PC51,PC52,PC53,PC54,PC55,PC56,PC57,PC58,PC59,PC60,PC61,PC62,PC63,PC64,PC65,PC66,PC67,PC68,PC69,PC70,PC71,PC72,PC73,PC74,PC75,PC76,PC77,PC78,PC79,PC80,PC81,PC82,PC83,PC84,PC85,PC86,PC87,PC88,PC89,PC90,PC91,PC92,PC93,PC94,PC95,PC96,PC97,PC98,PC99,PC100,PC101,PC102,PC103,PC104,PC105,PC106,PC107,PC108,PC109,PC110,PC111,PC112,PC113,PC114,PC115,PC116,PC117,PC118,PC119,PC120,PC121
2016-05-01,15.27087370947725,7.058146881106121,3.219538086291668,-0.6611070679869252,2.3133370101430164,-0.8545064158270078,2.2934059312522943,-0.6953721259796778,2.241768598930764,-1.48879049181355,1.7940979173201248,-0.35691841533235735,0.2315842489752308,-1.4810704797581364,0.02945006934746461,-0.023278929219661872,1.3732302655135136,-0.9433723460481807,0.04253844863215555,0.14481488388325564,-0.7240731102165877,-0.20785102623669455,-1.0261716972626354,0.28652403137042515,-0.2983885964842246,1.6077570815153606,-0.032583353689293236,0.10989252595243373,-0.2794882897868765,0.5702959415453337,-0.5434430482222499,0.27296000676020094,-1.0602572967368322,1.0044548474150146,-0.997322714095974,0.9684728192434379,-0.2396564248764207,0.11194426905727616,-0.1403419183291364,-0.6670301024511821,0.31784347159103743,0.73461535394329,-0.7352046854406928,0.350169938182773,-0.3597024296316339,-0.24399540360289557,0.09120075692093949,0.17623565620551168,-0.012961557741116528,-0.23673781017017162,0.3274414853066447,0.1395266634356544,-0.7871904454288984,-0.4868839557111573,-0.2105633100613472,-0.02535867034154037,0.39590425843255483,0.011534867775092975,0.3878122100346636,-0.10846356392150415,-0.5185445292062382,0.13770416268572708,0.2641606892916199,0.18289599550714547,0.2789727500681133,-0.03163865462668242,-0.04046264275597345,-0.4479766083270398,0.28708174540172926,0.02964648408273183,0.14463329759854268,0.1049484067573412,-0.11076949661598322,-0.23097168697287926,-0.06111766145644929,-0.16579300871961777,-0.015096368282098671,0.2849428096404636,0.041430922738575744,0.34805291805245986,-0.044758521379950726,-0.20648302663254578,-0.22308017261505228,-0.002220997796390683,0.05363697929901479,0.05940804251238876,0.015312636569284778,0.08188163880419343,0.18765368684253184,0.027225785124308784,-0.02316060965891666,-0.05052998265887685,-0.07141254104479806,-0.0012344750490238764,-0.026699335161048058,-0.058538504385600876,-0.061309156512035126,-0.07241267150306936,0.10015444347316127,0.02899064125278798,0.059579591762209116,0.0888494252674559,0.03922244462361612,-0.04085514974258929,-0.05915032170435008,-0.07053951855066791,-0.01397192562493952,-0.006463740763020854,-0.005144598875319299,-0.013254648067998871,-0.0075118787608887405,0.04583342265314675,0.020055680319313755,0.022726883202106796,0.01837791795778866,0.008243199202224943,0.009282797160136393,0.0015051258947472326,-0.004769827163237081,-0.020934759361374698,2.659943677325536e-16
2016-06-01,1.7115603334799017,6.787313825168821,1.8050266535075299,-2.0833830765219683,3.336154234541883,1.3016029303779404,-0.6792203647685187,-1.0320933156784478,1.956375473591653,0.08132558320775438,1.772260404544814,-0.9745754080541879,0.6001902140766467,-0.45260520694623835,0.07292540718954578,-0.053182003785481574,0.03322256434745295,-0.5942897376280936,-0.10457243513589155,0.5279509390315479,-0.4266303886237609,0.7329636421524398,0.0858092563227424,-0.012557936032978452,0.1534236216338306,-0.19466664056430863,-0.9691870654777339,-0.03644195395967112,-0.6813022098444986,0.4440304138815743,0.10294156004009604,0.007467955190754933,-0.5119211292341115,-0.31341346785869073,0.07410545518997086,-0.9233506494331234,0.2351291108626107,-0.12217665690774972,0.3584506886978882,0.1559723648756257,0.6930453156373625,-0.182914213976054,0.049332960672231474,0.0044655287274301845,0.03228043974457523,0.14913701012150932,-0.7381185616866577,-0.08603044678672274,-0.17538618892870822,-0.5758542406740966,-0.17167413662082406,-0.679308682002091,0.2775360631450004,0.294438822119103,-0.015542181843578078,0.21269826065105837,-0.20631970612271805,-0.22231051122124826,-0.10611587276896782,-0.047015403617768466,0.3338559861503443,-0.5380266437831999,-0.022573165835611735,-0.3136931634171839,-0.2802714817150209,-0.1750491592499188,0.03277572790289397,-0.10219138831324474,0.5763183426463014,-0.18872621787298913,-0.2978179061589541,0.1964294149907838,0.06174028364892909,0.13737863424618876,-0.4203036852158879,-0.14668922422007583,-0.16566348175983528,0.08960077289070759,-0.23652041703564392,-0.027772599236532712,0.16419008230060364,0.05127105153946316,-0.3474197179889925,0.3485491902147838,0.11086323443183724,0.17492194287121213,-0.06138215708244815,-0.15749069298517537,0.18303967026123782,-0.22573084007300342,-0.05203408413938056,-0.08067617156955727,0.008015962140257028,-0.21609828039283155,0.09786232216987462,0.14274396685810115,0.0651505436969418,0.08725709498838698,-0.022175597413376193,0.025421985679399045,0.05129685304279241,-0.022546267198745175,-0.06690710333430702,-0.009524709060811024,-0.009443356682799746,0.04248300912941674,0.0655091627886647,-0.04712396405709011,0.06685929481991293,0.011215551246838778,-0.018381908104179254,-0.03924713119025553,-0.0805467087509135,-0.07878344472718571,0.014284942595720461,-0.06618780760925222,0.010624845019607006,0.004989988963073002,-0.01774055431009266,0.0026773453794724914,5.095184829904451e-16
2016-07-01,17.449748717802766,7.474902913885075,-0.19048088372507335,-4.443894348005863,2.81204564832097,1.4330259286485394,-0.9024578735860723,-1.8168405585748468,2.0323504839008795,-0.2951008765260107,2.505587504633238,-1.0366554263488978,0.48908788738309844,-0.336671706207377,0.8429158243290822,0.13925825534117472,-0.6755336039187139,-0.14703440291852693,1.0384889132631259,-0.0069105408161626155,-0.10461579535091818,-0.3005841638959284,1.7885607867804454,0.007638218213462436,-0.03899612890440728,0.29121313030953183,-0.03716717300857361,-0.46619188226699804,-0.606941543089185,-0.562215083579699,-0.7279334859387933,0.2588932771969572,0.14175832084937445,-1.0920200620433926,-0.8665937639932322,-0.8969219876117305,-1.0625077246863304,0.29769731910747416,0.10177337347349574,0.35586253224815795,0.3707745170951702,-0.7960747580077038,0.0873875919788781,-0.6090105952219869,-0.1178028085291033,0.23592368493574248,0.7420694654215071,0.10486597895094196,-0.1129481469875244,-0.35415476423844444,-0.4623461665462489,-0.932517182661217,0.3093350438371212,-0.5158203805261379,-0.18934638325518527,-0.07508121458538342,0.27792412336290956,0.2222614317083054,0.4298551284054904,0.2455674713658108,0.07756498062869635,0.4009317537978304,0.3007461321459847,0.04509148973554411,-0.10646687553689338,-0.2116840621872712,0.1409465819690649,-0.2227100843041586,-0.18793675338743177,-0.05239282614364932,-0.20859063816090903,-0.20323113453473063,-0.17148012779846003,-0.01776637155836452,-0.011236318625382874,0.39397280608973745,0.118976265075267,-0.02270392674574001,0.15128008035731852,-0.0007124536291860184,-0.12965260178977386,0.2565759471599366,0.17163463737319656,-0.2811662861733596,-0.074343830064148,-0.01555624856281358,0.07654218549644902,-0.018215660577576044,-0.06396072615640871,0.09032763403054336,0.04571766543518569,0.07757215924549474,0.06285872073991838,0.040162066407315,-0.04319758495975339,-0.02265792713520379,-0.046048043501813934,-0.0504557111044045,-0.012257063897704023,0.015693528604060016,-0.013327696821593701,-0.04014444628226329,-0.0006337755280762922,0.02261124762939596,0.020276271127419206,0.0021784576477342542,0.014407235762430276,0.05355406760121615,-0.00720954648068089,0.027748840735049154,-0.006754597325668228,0.026273938056044215,0.045009895305898155,0.00996106406173623,0.0018385314484109891,0.041918491808601854,-0.019293073427730806,-0.014615829893736706,-0.01707771928771645,-0.014496140559862454,2.3217082153869287e-15
2016-08-01,22.880847500940668,7.531968251460719,1.0818168720371972,-3.988856972312016,2.0213279846390813,1.2212056955315562,-1.1231804231056985,-2.542898623896565,2.682309146150983,0.9005771516143822,1.7478724878329894,-1.4832481670734718,0.4050270518342445,-0.5321647791690178,0.5043018736125837,0.6908847966533406,-1.543804376385973,0.9060439775416455,1.0577815005190723,0.4631982043562387,-1.119225886886999,-0.07931509946364863,0.006739071994796278,0.9993558998612795,-1.0055782524115302,-0.09150947014386204,-1.0368243876197454,0.9610681725280024,0.7754806186725242,-0.71368910354194,-0.6329011871655685,-0.7041474235821498,0.4283547474817179,1.1961235553618672,0.09802436688905512,-0.0073039014309891305,0.7432800485443688,0.27056580229972416,-0.8030571263354366,-0.60897809054534,-0.07361165344414147,-0.2585106902630169,0.03335473877884472,0.34698941549308665,0.6657762583407876,-0.10993273552555582,-0.6861949780927536,0.03249037257385898,-0.11123561983836082,0.11836776099314048,0.39705708126508144,0.3241919125932828,0.461812258111531,0.3379211225192522,-0.11665118378057397,0.19278333348253457,0.5148745615473258,0.4007197253294868,-0.6027915408507227,-0.3178358350113622,-0.005367137703894027,-0.17400328648855787,-0.11478487994941138,-0.09440236743600079,-0.2356209785755951,0.16856326506847344,0.06781519281784361,0.3649744170113525,-0.1470703883086058,-0.03621836743137642,0.2239881614285775,-0.2939851610239357,-0.006081921556857659,-0.01810271998431029,0.23270327184762185,-0.061963132528232726,0.05397313264284532,0.04454293802110605,0.021082377369426898,-0.1204304895297574,-0.10619665480227732,-0.2162069109301962,0.170870288605772,0.05645193625550305,-0.23732119453066972,-0.020277129374146944,-0.09812403743324159,0.03656798891884539,-0.1751825819791547,0.005715900177284603,-0.1151388065434306,-0.004558656561839034,0.0013933055479577587,0.05188459769502749,0.07179797590059135,-0.0072998837318649186,0.09153958802042682,-0.05485999496553045,0.0418542147839975,-0.005751590178175161,-0.035628585638782156,0.023046348941341433,-0.002380520267285225,0.03372963411731104,0.04044212510275173,-0.017147358870199834,-0.06348734647794356,-0.006416524080830645,0.023876791492607477,-0.004935292338044806,0.007798156298884925,-0.026350513524868037,-0.0015682666470143835,0.010074892091670538,0.02409394297486468,0.016596750316026587,0.0028011213335491347,0.00037099148227069006,0.023307034444751244,0.012693502186048986,2.1275150577949938e-15
2016-09-01,18.340890038782884,6.591766309012068,4.402957782871253,0.5548951482667273,-0.4001350905736749,-0.6146989019660961,0.6155300384640404,-2.7196100987060046,2.966654781808553,1.4354318261053756,0.08517770453796943,0.15287643139176746,0.1999844594424521,0.3796337417546909,-0.47888376921963793,0.3891355370767447,-0.516588392821557,0.5800330123751366,1.1133895510699632,-0.17662817475567,-1.369471140237625,-0.34796168020654067,-1.371964756796635,-0.05297809288900607,1.1586599872875807,0.04179324680832395,1.0839559782155155,-0.8539012183365067,0.1321066293921846,0.4303623889655331,-0.14017490142241235,-0.2594578557351835,0.01676937242733395,-0.7386795789018046,-0.7401029051279262,0.015290220904708973,-0.22981346016836943,0.2604114438374766,1.0191532878834133,0.42260810819056893,0.0052723448077992814,0.5196920043542661,0.8828691921141328,0.043599310219622545,0.03721506706311641,-0.39984304327606907,-0.029072859410047724,-0.9205901087915399,-0.2776798160723502,0.17225741974620443,-0.35397423824742485,1.0307004589620186,-0.185139174922782,-0.06329892100168341,0.6774723702006287,0.17387813183140216,-0.18560880872875565,-0.42178709063735376,0.08548842033799259,-0.5274785090071106,-0.15062249458724233,-0.20862600411211776,-0.1941422260738075,0.12391326672689933,0.13583729071219353,-0.2186605159340041,-0.19720385507978178,0.3637618291698281,-0.2865737359967897,-0.07855054165166106,-0.17263806797722048,-0.04523742165080013,0.03240082279782074,-0.08585522300927206,0.09584270886960472,0.2872575976327526,0.02242738567622184,0.040313467168982875,-0.15775395868098036,-0.09968335236758936,0.18562876589410496,-0.17662149163429333,-0.00936703675085086,0.041511819282236205,0.14944607359084391,-0.0022015146615028394,0.018048734200680948,-0.08081185992717158,-0.08164206231165187,0.02259457930292196,0.15087523234434605,0.0450640045672974,0.10353317778938183,-0.01962857726127198,-0.15745311406162363,-0.008908235759252248,-0.10733775938160106,0.042436194039308005,-0.01586262253243903,-0.05834496912417392,-0.07087135091531667,0.006116348385206173,-0.0970826868228985,0.05931420294985506,-0.025679121916225178,0.018062360501695816,0.0733722972342279,-0.05137689276761292,0.029243242634485793,0.020181753218213774,0.0010248367424139663,0.0043778500491292146,0.004878056843752737,-0.02616825366304291,-0.03026225922529132,0.008767112369353914,-0.00892508970414798,-0.003110502257277931,-0.004372596440168923,0.002186248481126624,5.659887848291166e-16
2016-10-01,18.12251871469805,4.587010146870865,5.5308161724942595,1.697402398020273,-2.598623149585704,-1.663041730386916,0.8007459216471488,-2.9632242756077125,1.6656175671005224,1.9897633108585682,-0.3911719180500404,-0.5806034308016269,-0.26897629822698027,0.682614320720718,-0.23243518050187648,0.5299066572361832,-0.5967518330700529,1.7056347358833115,1.239285160775284,1.2593398236476965,0.925125339802227,0.6282907209445799,1.5234119434753435,0.03606186006613657,1.9276686409465709,-0.1129529142115924,0.5294553267159202,-0.18669157477954762,-0.293815179463235,1.0920148572187247,0.2456706362229133,0.5448263838732821,0.4215081044547609,0.2779478850963417,0.9127950310357266,0.8873000520993923,-0.07497605990847385,-0.05882085577412273,0.25994555533427255,-0.8234813731543362,-0.6399128150090821,0.5738723584824476,-0.18249939027260972,0.3356707636238165,0.4547812135081526,-0.2090421134158682,0.009852233415892784,0.39120644469490196,0.32518326063245734,-0.03160226859078852,-0.3808868243450071,0.07808172256326093,-0.4300049816177613,0.40603103727009304,-0.7234106524741555,-0.17061639772345397,-0.45288802625988867,-0.044091072931840176,-0.11153968401682697,0.49049696867112996,0.3559356310262445,0.3054673788028186,0.10236466270196777,-0.1642681116144788,-0.22570081485561422,0.05012947948965808,-0.12751636617237866,-0.18676942955496206,0.10799662634309738,-0.2953512758646678,0.0658039155807753,0.068269636808719,0.04129224233554567,0.12406465283741067,0.004966547815235505,0.10398907180953484,-0.17302605119751613,-0.275695003185664,-0.038417180009929004,0.11101768892787879,-0.007754454318912745,0.2336725296189444,-0.08894734333506392,-0.08643485643471538,-0.15186522915126813,0.06901355334019064,0.12409473531785051,-0.04766857090619629,-0.00945258207694396,-0.07845519827313577,-0.04935352187322926,-0.017235594617967382,0.0022892999238240726,-0.05864714935809421,0.06307944524301191,0.010129225341299316,-0.03634629781805876,0.1139551724293639,0.12389447613283311,0.050128566210214394,0.04680471496829324,-0.04675208436342186,0.0642102501328846,0.014750791432902246,0.03239327100546114,0.000810219474410815,-0.05350674327856336,0.04650008771365296,0.006366942146522317,-0.030464419654886672,-0.005219786875124556,0.04951285534498617,0.029294491545520322,0.001440760299772765,0.00041797526924504776,0.02013016859599123,-0.0056996409518579715,-0.002194692793938983,0.02405896871736256,-0.0034737412181293234,2.24254440372064e-15
2016-11-01,-10.729063583845457,5.602746412523153,4.6920105191603385,2.427638561859754,-0.011154667408966559,-0.11814120367893068,-3.166503345999149,-0.7363738338548774,1.057061812941162,-1.4388231033768584,-0.01483751555988603,-1.536830995792762,2.019063123271432,-0.708123185530159,0.4719441417140082,-0.15075694332763848,-0.5332031815187499,-0.2819604023658328,0.9794344107265041,-0.4116170271380943,0.11008056759148079,0.16504085070587887,0.11452123244762343,-0.2987807272638077,-0.2111962972848395,-0.09274887180210699,0.1775119816912729,-0.13490442011279785,-0.2627200097461761,0.20150936907975875,0.4590616468177636,-0.30098157699657285,0.21086168031920285,0.2608951567284454,0.0174800376846306,0.03482714404858231,0.2530484402777712,-0.4100920747928635,0.45233838871682025,-0.09428677599255943,-0.3456971848367946,0.06142481237956703,-0.1716087479413212,-0.30457356247407613,0.14253874170166114,-0.1899419032905124,-0.04312571856836162,0.3298798862812447,0.10892600922392076,-0.13503511493572762,-0.020153901783759653,0.13398586843181332,0.14202338226661215,0.23531975619505313,-0.09284063984792476,-0.017870414136363186,0.012210914767100694,0.07689859059022995,0.18338477562337532,-0.24794779166628708,-0.00649051529668722,-0.05395380512276898,-0.12883344222782744,-0.14443898554915513,0.24193644763357772,0.09822308209993377,-0.016120122517625294,0.13300233443976225,0.029320381794839586,0.42198652539396736,-0.08602736527345052,6.702612168484354e-05,0.22979097826023234,0.2015322837707202,-0.04011970168455569,-0.34071480752409644,0.25155779567341013,-0.40374707853030156,-0.34681186623226073,-0.030362131031635486,-0.3795393412729988,0.39007381674393643,0.14013394153718906,0.03390241709011371,0.06489370362674445,0.02382636872947236,-0.22698427919237713,0.10738825111643183,0.1948316391877124,0.09560442874396484,0.10504944593840838,-0.19889657338185554,0.06840100376985334,0.11990816087705261,-0.15568133366586276,-0.013721670724060955,-0.09158024346904567,-0.1204824935682271,-0.06843103521179543,-0.21508931696296565,0.22571853272193515,0.06062332755102957,-0.01949884016531034,-0.04836246923505926,-0.06587205665085101,-0.11120154020867597,-0.01765347821444644,-0.025029180607399736,-0.12709540493870877,0.11743305447346881,0.032458270000406006,-0.041899581820883054,0.043633312956682574,0.011868091500463503,-0.03940221852308153,-0.024075241342292115,-0.07028787333450404,0.05751989846028006,-0.017576717958429168,-0.043664965357522796,-6.476433050234648e-16
2016-12-01,7.130150014314588,5.252341916450184,4.172504008761274,0.7717948656715831,0.1091904357647677,-0.38928592287136726,-1.4461369081899853,-0.5162746123270622,2.1161654265676493,-0.5464355412289744,2.1969585851689644,1.154252003218095,-0.9709170308580521,0.8351666432715125,-0.5507062464328337,1.278867369089576,-1.0617923675036895,-0.005084559547685048,-0.6935365474574521,0.19024418788735828,1.1505644327394495,-0.4265821105028047,-0.014007551813608956,-0.318349734916661,0.3597226837345127,-0.24818899765052757,1.0324058454096465,0.6726538328398297,1.2602030619786369,-0.8868579528918784,0.16859361749980495,-0.17274601349880006,0.2310714707419613,-2.0159200196704066,0.20614090198286453,-0.8462176692270718,0.013492833563290965,-0.33170271724708666,0.2681091435115338,0.24079811223127257,-0.40985605240944534,0.4038380336099744,-0.04941768065404626,0.14445193112437707,-0.41859130985473225,-0.3332753135520134,0.6747047952354093,0.22132595426598511,0.8174436552041586,-0.20135549911328213,0.5753652358087693,-0.2429910488511976,-0.1822061591143146,0.6592687090252257,0.36337341769409226,-0.09335335513352323,-0.1080069947195141,0.1414287529022311,-0.0766125886225153,-0.25454452512109477,0.004768211886844878,-0.08377248111041563,0.5804227323091383,0.026014216315669934,0.15850873527885964,0.24261261422093353,-0.1048058583666483,-0.06837830045180991,0.3166478417031457,0.189879161207586,0.34164437694372957,-0.05112149792240789,0.265870179148477,0.04059644859434296,-0.14385080178220724,-0.3266633906292085,0.052971661824782294,0.1552485520213097,0.06863925343625979,-0.02248630861621957,0.0945137120908419,-0.25756316221419606,-0.0339355001124179,-0.18212099642304191,-0.003943585494631186,-0.06383790089158738,-0.1359297783068177,0.10349944898909201,-0.06990253407651224,0.046548161015616166,-0.050083873689806685,0.04005560314086807,-0.12952572606972226,-0.0016519006847248831,0.042646335953587106,-0.047480870123471346,0.0402847604827705,-0.008196221221449683,-0.07390626263470294,0.09410516809823279,0.01118079013080831,0.018244869517639182,0.015740256002886935,-0.1339466591883214,-0.06250700735959841,0.037381491443922936,-0.053548267325595374,0.025218298853562603,-0.003502173538088801,-0.05313015687825023,0.014556447535053753,-0.03858530999703429,-0.02898143996043139,0.013800632234456746,-0.014104354461686945,-0.014350301808518899,0.030010348923299953,0.022580130420633882,0.013638440223387165,-0.009919275691439414,1.0397447494842206e-15
2017-01-01,9.373822429900015,4.983689296309687,3.9064316766067715,0.8917369843954681,0.513639870904289,0.6860701168355268,0.5587741159410836,0.02897796562215995,1.2750283333094168,0.24012862921148953,0.6065124979433256,-0.6758427887933464,-1.225368524616653,-0.44934684487189447,1.3456772385016866,0.8923229890804847,-1.304710216112317,-0.5532953523187127,0.05562347669006639,-1.1750893171192978,0.44095900009868055,0.4289772804795076,0.060518667310988664,1.0617827378272062,-0.9475851019370651,-0.10256721837403704,0.5676888270864517,-0.5803297141385203,-0.13819676464672262,0.8797693246329422,1.6108898311921453,1.2095699896138292,0.3128302239186147,-0.06969294337227833,1.1858638181787746,0.5081333306121241,0.8237766143999529,-1.3814482135256008,-0.3165355084420251,0.0037086845599692184,1.060126725156646,0.3063925290637754,0.009545941051672826,-0.8547160296395306,-0.9962824216255651,-0.3448224231694827,-0.15372207791353643,0.4626899244431688,-0.14862013660261936,0.5431899926263566,-0.1478058436567998,-0.03411433414614335,0.30634244568109886,-0.06534317903003072,0.11118818819707116,-0.38296306534820773,0.02695035458142498,0.10420854248627004,0.43228645944370303,0.021166858535745226,-0.37924092031899115,-0.04050521886638258,-0.3590256665982226,-0.2535166827266281,-0.015198631689209428,-0.0803161632360425,0.2371499311618868,0.0751075827709731,-0.25269881153772916,0.2052588610697448,0.04856378670884419,-0.08545321085664612,-0.07774735685922532,-0.11442522338795012,0.02545763930530901,0.04736134632018127,0.07523109505820859,-0.01935408361262065,0.19606636223290533,-0.0717767536626901,0.08758251431554738,-0.0384111359802672,-0.029340146332487126,-0.0757006941070878,0.06823158008340885,-0.20031765854480982,0.13604554059419205,0.10153098923103135,0.06267759358344474,0.033875361551661785,-0.0052646954117489,-0.11842791387630436,-0.05564297813049591,0.028177881580450533,0.1281856031163068,-0.0019526901067613365,0.051506611255973,0.06021779724224685,-0.008236535988344444,0.024901684211916308,-0.04678226478155944,0.017335437003056484,-0.02812468011642959,0.0809194049965097,0.020356580817889186,0.037705393662738125,0.07272530854328475,-0.023019547551814876,-0.017122539002972677,-0.0014189452712510605,-0.05678987661866761,-0.031229440945719233,-0.07817953952749267,0.020280734669235564,-0.011762579479967901,0.0038949767372379028,0.023589849149419532,-0.04275514759940274,0.0006064721365528103,0.02213740447638592,7.511750239147837e-16
2017-02-01,9.802916723492269,4.3769909909130655,4.770190218269055,1.8736463100939902,-0.7496954801252778,-0.08931784183313514,3.245470763787382,0.42719240963351746,0.5446999198540716,-0.06543067381823274,-0.7573163177128301,0.4458542612182288,-1.1913604463127638,-1.7385980926157878,0.6963829812138417,0.5455341834655179,-1.2136339717364681,-0.6977152638399868,-0.1069728613822854,-0.18791034707295715,0.7186786691416577,-0.9303952863068997,0.44681867410508724,-0.33399988110531065,0.29695104977798686,0.5592175121874203,0.4408715211200662,-0.11740427021058374,0.6415760634123906,-0.3404034504081189,0.5033880126362891,-1.395160565534823,-0.45003940646000257,0.284285551399786,0.6586282921015574,-0.3182200078328308,0.6395195922493632,0.5434414295081588,-0.508757752659854,-0.13803776354934102,-0.660223576982049,0.6976180438222591,0.10566476141663579,0.5425349407578645,-0.07083359470538773,0.011133323876853427,0.29706093368217606,0.3510738420615156,-0.0791869271992875,-0.24645343897479977,0.14814022910572408,-0.25788414454240116,0.7610627659710067,-0.8877750232105087,0.3035501841395377,0.4896977454286925,0.2246426643059181,-0.4194130070621274,-0.42125098572341246,0.5608627826395631,-0.019988144299459124,0.13351913664445025,-0.41278936669602473,0.39540022930558094,0.2596483302129373,-0.25523383775235675,0.15984228747669535,-0.20842750114866646,0.036696085394549,0.2818082456963876,-0.1847625132337603,0.4955592987725207,0.12548423202218972,0.37101162404272475,-0.08324975551153455,0.1705408448695031,-0.0161231135872991,0.11943032634732155,-0.02405824856673955,0.0879623742602534,-0.1661021683769613,0.026838685151417418,0.27348279063271685,0.10859151714099322,0.0968701943104751,-0.03786778186983734,-0.04988086871434664,-0.049076042202657356,0.05622540300944676,-0.08008519214431835,0.10248880333267558,0.18718289890793224,0.039299957392412724,0.00426584990602716,0.003778564872531457,0.11300630111558145,0.0679112966538463,0.07787071149932427,-0.02779603880802834,0.00471536580865213,0.011186735976767092,-0.08920031014649274,0.002302961015005937,0.03953258927956038,0.012348758757776662,-0.0013007188699268395,0.0408222149149401,0.018903809355644716,-0.05679483742144031,-0.01805044430983341,-0.001960949759282483,-0.003558745871912111,0.010631190492714881,0.0011177431727690125,0.011738644318745238,-0.03296843330652513,0.02593869066439028,-0.014013245077639139,-0.0013498986864062092,0.003168190018634548,9.258333381621376e-16
2017-03-01,8.73032526534482,4.42479610360958,4.425557400284313,1.864164762578182,-0.19307593896492428,0.07334916389646959,2.8291897095436065,0.23806266353916508,0.6227680164350234,-0.1845972077854742,-1.0272102334453312,-0.15114021369274333,0.15611530126880782,-1.4172312849163826,-0.5561553665299283,-0.8330632884274243,-1.2103636475446389,-1.455830578519835,-1.5761109077483546,0.6331509432286906,0.9970489074161724,0.04835567353199652,0.9188475087430559,-0.006705321846032046,-0.2838875222621305,-0.7442387555383931,-0.31427890325362734,-0.7007206761028696,0.7681918118700216,-0.9237124148443243,0.7863748873253609,-0.8075386101396729,0.037964346774908495,0.9662641481270557,-0.14448715146794336,0.36920913146742,-0.6573325880598245,-0.2581892963162067,-0.15572240893973016,-0.44407981599837415,-0.3501370316672535,-0.5933972316835271,0.6060002673757928,-0.1874982375771556,-0.26553047424736514,0.8892245630583162,-0.1512797115041126,-0.5545709457774477,0.18253840784739647,0.3055214570011519,0.472912093396808,-0.09813608507847492,0.0928507092240683,-0.09554487173978173,-0.2057333565146258,-0.15680652163327155,-0.44600027115520574,0.4204420450703079,0.4886769905516925,0.3866023182208282,-0.14950614490218742,-0.21533095821259435,0.13152104059011321,-0.0821187283131819,-0.6250910633506583,0.27022896148244935,-0.7569411709533553,0.022580751408915186,0.00037756048295411066,0.018510210809142738,0.09182857276811147,-0.018171941389525388,-0.050278260035292316,-0.3763787506859949,0.1847536725254396,0.16812895109598927,0.11514286315374232,0.12480009850473921,-0.05381563983439947,0.03771905473832981,0.3832176218784765,0.07889728875323225,-0.0922561568276686,0.08566851234821855,0.0559526190658742,0.07204252274898755,-0.05598663126453966,-0.048126110005920104,0.01569269570041263,-0.04863823851697218,0.05580178614513581,0.06261143821680508,-0.018150308858022685,-0.010379621699785355,-0.17415969766373224,-0.05601701646885164,0.021154016129174627,-0.05158852102213849,-0.09561011973744243,-0.033155921597011966,0.05732115025420955,0.010296455400991378,-0.0277310825882085,-0.007542007771027864,-0.08465345181646569,0.014937934776682654,0.014020833466343686,0.03620943474607964,0.012076190879890217,0.04428470446031329,0.018718732459080192,-0.01735845597078011,-0.011212466923229041,-0.023364690019719903,-0.03390111520991071,0.012694354704471729,-0.01535008651975534,0.01311234499269202,0.021244994822404682,-0.020348296502525,6.982049638392895e-16
2017-04-01,12.132875648554256,4.477473132313028,3.676449057802621,1.6732430143918755,0.9368920551327765,-0.19660280815197886,3.007004620923503,0.4138070035599455,0.1327883802805675,-0.5841529138014337,0.48898834297198013,-0.2617600184613856,0.8445938849531669,-0.6162774616122004,-0.3298336103656922,0.16256050487801293,1.4630129881962097,-0.737628777283737,-0.3956767737456148,0.48430149629134145,1.2197468682798416,0.18465191829471078,0.009378943391330729,-0.762945703033826,-1.0807330941171327,1.8015784439891593,-0.6668564958296502,0.5514769896424742,-0.02778567245447005,0.04011524542814011,0.054050234909375855,0.8852583471964436,0.30682249994373384,-0.4133692435834343,0.42495428607478486,-0.09275674772791087,-0.5102036592547309,0.3145207026107071,0.22263732587274893,0.3720237274593607,-0.6321221144877406,0.17290551811881869,-0.3900789653920944,-0.842323351283564,0.9281653777722114,0.527347835483773,-0.4396814907529906,-0.18421554247965527,-0.7238925101737923,0.3862823217210807,-0.43650314419387315,-0.2704620259674144,-0.2613403851392337,0.666346196771682,0.8455173743221307,0.5231174440723834,-0.5014056062994088,0.08943391035149927,-0.04226667920453891,0.29621824124399343,0.10613639118865406,0.06823475359280991,-0.19297263208222795,0.0675973193905111,0.5489558254418844,0.4524073633495971,-0.1495376351221807,-0.0632344260404719,-0.22312337675231658,0.10901265989290815,-0.06756739309654328,0.02153478762527384,-0.18040746904682753,0.1077489292836592,0.17926699829381393,0.031585131809914194,-0.19278453479421642,0.03699454170439012,0.07352118486603158,-0.11852259166362414,0.04614478214257894,0.03424652054091842,0.1418486696096876,0.200494367495077,-0.09295472178955064,-0.019630911624125016,0.07383185678125034,0.06644457497376251,0.060654248259559077,0.16931006164824466,0.013468818623163337,-0.060351477653991466,-0.09063532009405677,0.027222552480179532,0.08497770339279755,-0.05132631500470216,-0.008838206142291121,-0.029266731761705248,-0.028745032594693805,0.0006354956638252642,-0.02760924520822001,-0.0009067263036848168,0.0030090220973122014,-0.05210535361601268,0.0687103565161825,0.01114151335363576,-0.1272368800944067,-0.04656471544209725,0.04989920877509502,0.013122992392428031,0.06719052421993342,-0.026710904330833472,-0.007674617905380816,-0.005792146512066905,0.004346358996387717,-0.0015806073665810317,0.0024646939585819903,-0.03038757405911496,-0.010184347627074859,0.020284186261705358,2.0439731863613564e-15
2017-05-01,14.478890259188548,4.851216253513894,2.7311679477819046,-0.03164064382205201,1.122653705729654,0.6452992525356861,2.2675718119048964,1.769426019076946,0.9222927114881865,-1.4800446747543075,-0.45726903024880833,0.38267946709516565,1.1337920192340567,-1.043313760117988,0.2808120257217073,-1.047289035854362,1.0589888717749971,-0.6905071755070114,-1.4505586103557644,-0.07722879910846413,0.2214279233626702,-1.1429071832820084,-0.42246586904264327,-0.5479786120229778,-0.16710099498046133,-0.015625011232946826,0.19982956884678882,-0.8679430888399737,0.9686294640810604,0.10452828226777591,-0.5113418684569215,1.172598921658545,-0.09226012957770607,0.5532416628367358,-0.06217039292081388,-0.038609594726554036,0.32086077286054526,-0.02674636794447271,0.6193694889409413,1.3847844704515144,-0.6546002758574044,-1.0198802221202257,0.5270618803228839,0.7493729175599136,0.23905008318083443,-0.08145777294707804,0.5701757744204438,-0.4925096873654569,0.3711565936638474,0.8585376051136184,-0.22863592060774154,0.08004535933317526,0.12542918453239865,-0.060808691877633346,-0.3766640031919156,-0.4132050265005606,-0.031871791690695955,-0.043015554432798316,-0.12179377559824035,-0.07285345752719277,-0.17945713658140422,-0.15678355627576318,-0.2203935744800841,-0.4099523634500594,-0.31270052329016773,-0.22038868068048478,0.3368885605035452,0.11294508644134296,0.2926427723361414,-0.14042576427224635,0.0028821246714508457,-0.007465407731032987,-0.11355233398606196,0.2020867815996284,-0.013805939796451916,-0.24798262826724746,-0.1288317884600962,-0.39521657983691044,-0.19112349880563134,0.16990838395005506,-0.28891074491360613,-0.11432656569028632,-0.01762064223939942,-0.12948445681396595,-0.10063023043069193,0.02902641906074011,-0.04391199875774195,-0.08589890065240417,-0.025588190834662378,0.08306623234871965,-0.07062144731521994,-0.03130638321984627,-0.032195589794635264,0.10683653686139473,0.1422933790480358,-0.0033724546152411167,-0.026882470793444555,0.0546065697755927,0.008619373458128722,0.009482721289732276,-0.0367883935901649,-0.030856334217090702,-0.016001550933307927,-0.048134497778474,0.08145986434605694,0.00934682112983511,0.025530633137708907,0.030934308337293215,-0.04320384315611642,-0.028969167020880527,-0.012596931996600632,0.01643289931596309,-0.0086042714009879,0.016059060012046128,0.05330592033455954,0.010928805691372693,0.04309464852610476,0.0035061910822877258,-0.016413173154092922,0.01259360225690894,2.720968414934542e-16
2017-06-01,16.365779198036382,6.062650899905121,-1.2819765133744379,-2.6888635469121795,1.127648045808139,1.3986096921184628,-0.2639307747996661,2.3815455621431854,0.6237661074850993,-0.46255790699257776,-0.48703749424365933,0.4340596037880927,1.4073134516542452,-0.6117721808236386,0.8250218708660528,-0.6713055687454619,0.1169846396738082,1.0885608271241425,-1.945411938706629,0.7230654757304905,-0.8245415154382177,-0.5338283503550805,0.26560469421983424,-1.8107399746894908,1.2771537718720014,-1.613369976030744,-0.3057845307199561,-0.8245225728858375,-0.6586398916914317,0.21317720690628636,0.5888893784220054,0.6426121218276193,-0.909786279400447,0.012067118392064338,0.5736834518496186,0.014241553658296486,1.3600491049659846,-0.12661786621890525,-0.6256722328537901,-0.28583638471601586,0.3489739285113807,-1.335771229244617,-0.1826431544877151,-0.42407200978337223,0.5934795996268648,0.07862639687180992,0.23767236846809317,0.4144361501132788,0.30524858067383576,-0.41025607575253853,0.21565944797423484,0.24088063452875252,-0.8960830285936621,0.115814353335163,0.3278599080565413,0.21312715977639193,0.22805751889867865,-0.08554045847219376,-0.309277533229765,-0.13282010805101077,0.1586432268437524,0.0954493050527346,-0.008036031366798872,0.2678674097505831,0.27063813514629187,0.16331031914843372,-0.29902179817209373,0.07327757031104207,-0.2248793727553062,0.05224367333890615,-0.09129993032606101,0.02571298636676426,0.12156237140196172,-0.09620114108748122,-0.10169823126604008,0.03142478400739897,-0.09037935691349289,0.15504872345065124,0.22035996901763755,-0.11240274669602829,-0.026178006832268102,-0.039969860554847754,0.015156111197833099,-0.09809979456221518,0.09196396370035555,-0.1778042857122257,0.08389258613432854,-0.059054736326189,0.09222741703809993,-0.0278432034028642,-0.01592286401770429,0.040939168544459,0.00852868173613444,0.04875379953977286,-0.09132550766124066,0.03193294516532047,-0.0007178032664526402,0.01633617544094607,-0.06472056089413752,-0.048301748756928053,-0.020591639363344974,0.03180571426999527,0.049177719556277665,0.03168841228262312,0.01773692519349734,-0.026320466345501798,0.022217104342334565,-0.017108564737861754,-0.006891804417736567,-0.02872502023930959,-0.013147639603691029,0.028207234242405423,0.04963889018346079,0.020269085824496675,-0.03793465085208955,-0.033823362627463424,-0.02557976823790734,-0.0032532689396021757,-0.001442788988562026,-0.0011069182523111944,2.3997042431840264e-15
2017-07-01,21.035215660595306,5.617194937541709,-2.8390449239681446,-3.508025901663586,1.202205061872446,1.9796004627042958,-1.9391849070683946,2.3599245950886525,-0.9868947054004676,-0.8410126677242573,-0.8822022804542217,0.2843735473547784,-0.9416270890217722,0.07539978857649124,2.414999756485185,-1.1871202912972862,0.2526612334509933,1.5820580732001115,-2.190705224171865,-0.550096540354406,-0.5643009822384552,-0.2262366905530178,0.6117627002122369,-1.0839847385651578,-0.05204627575364465,0.0805679434443401,0.6017416787045691,0.11039902709203252,-0.799420597769,-1.2675313908240924,-0.09565288337310308,-0.5969154233754285,-0.8165482327083453,0.3278839606915409,-0.3326925024703225,0.18646862860258734,-1.457696239702585,-1.370913700676647,0.0488579714705381,0.32439676508958315,-0.5083653086979313,1.2197452405966145,0.0014073252729623978,-0.2804351690953628,-0.5219372836261119,-0.31601753941623156,-0.6478148996654401,-0.1911484526765369,0.23124210500532705,-0.38103289626930104,-0.21176262063653345,0.45508952280804676,-0.022622888274616542,-0.03738533282406641,-0.04505385353860522,-0.25916185034159933,-0.1269121027085305,0.11513039227075442,0.010904470968770664,0.1862465519393804,0.3955228143453214,0.1190405122474556,-0.0015366899477394084,-0.017576775502058672,0.06300161994154892,-0.08465283803629206,0.37307350422742325,0.13033458141484747,-0.23170556887761432,0.0016606623893681478,0.3611992734903807,0.1202794474441903,-0.1218940824454812,0.15549425630628536,0.10516324180138771,-0.07773512676165087,0.011231436126972602,-0.14091035076797964,-0.040123675062650056,-0.11504489807890302,0.043848541510431154,0.003804627275564647,0.019604418757852765,0.20465498795563566,-0.031528632170761454,0.14924667254751325,-0.037976951901503596,0.052160821692945544,-0.07823294291514526,-0.04002836137902005,0.04003541014667921,-0.061303388312356454,0.015142842280549037,-0.060834229974381045,0.0643447245231006,0.02619980974503101,0.0608980252179818,0.03313278547841557,0.08773835412691897,0.018359632460469236,0.005838607309457456,-0.008311707633825665,-0.01450654783559358,0.012853891895972183,-0.0013622147121071235,0.04044459241479871,-0.05415005924324373,-0.004862895005850649,-0.0031818378106504147,0.017129385455237026,1.1565538173454641e-05,-0.01467238805875496,0.013626773372696693,-0.008147273415756655,0.0024191917244816958,-0.01109402343773679,-0.012155369657191181,0.019258412392449038,0.01167033183769135,0.006826782409273539,4.075447120977622e-15
2017-08-01,12.522449006080846,5.932175711136259,-1.2042096131814424,-2.497402712235809,0.5916356486868374,1.1050811255083037,-1.9807447930875777,1.3818403639438839,-0.3370492475098009,1.3005969077966295,-1.0062546030608714,0.9832743487968029,0.9682036953996896,0.4132245425801724,1.3979843259873903,-0.31576079969621584,-0.14442408409109192,0.44354803656918307,-0.6830896386816037,-1.2613397862681492,-0.40169946635676884,0.8738063206199465,-1.0944784992229026,0.36584446509713525,0.25919580746923687,0.11028858547122514,-0.4263011907950824,2.0737111442699345,-0.15622267559580547,0.46604630563223226,0.18759831360629517,-0.03715949475691154,1.8160993529345473,0.45520742580915735,-0.07760031134110151,0.52387892329689,0.5843169641294529,0.7992359663390017,0.34116584920506515,-0.04463926038717566,-0.5226307503686407,-0.8592464865301808,0.023107644061015547,-0.11296566572116704,-0.8387283767838559,0.47379924578158217,0.01513715699196955,0.7292670125914625,0.5662790064957345,-0.22411346990648562,-0.5321062760440274,0.19888436905240636,0.3048833053961853,0.06819171207045482,0.25783215434153317,-0.09435850503311617,-0.4630072181821478,-0.3454620866501846,0.4854756662407359,0.21796350018403896,-0.5004492097279578,-0.16886962156486365,0.20090939242495395,0.6659088615234172,0.20412828882845843,-0.10396942346666212,0.1180685593961432,0.007142140423351552,0.21877223403034612,-0.1458804072523674,-0.2416612120361407,0.1880947922512872,-0.036044825297534576,-0.016203988093139488,0.12185464472449736,-0.07098488786476075,0.12488705013430226,-0.1654563002591325,-0.05961066987788183,0.07736942484063655,0.1349818288222117,-0.0264236993161328,-0.07901372158201377,0.012986184661751339,-0.02678843135970697,0.09772917755202741,0.059401255520515055,0.006884173425474285,-0.07327605945111718,0.025184619033087354,0.003004902565035718,0.14884602279073594,-0.02450018869905791,-0.04798137234820853,-0.0632499468007637,0.0088729800408418,-0.007910548347857996,-0.0962357023237976,-0.014928723117649664,0.05514923236074805,-0.003063081529260084,-0.11132075976747238,0.0012398286262563396,-0.05461189913754518,-0.009121679588232156,-0.020805503067193403,-0.063865887616168,-0.0020458466478773373,0.034979126824155285,0.018551999216040668,-0.04007234901003003,0.007741155881409209,-0.010815021419631858,-0.03605418737363797,-0.004168796913342929,0.011969246559732206,-0.004848029259207427,0.01732234029892074,-0.016936702365683357,0.004812056679309776,1.7431423491217867e-15
2017-09-01,21.360934769080675,5.030946537700226,1.7480797578580158,-0.2682457512974662,-3.3293520887531507,-0.7627981788018626,-0.23680766453578364,-0.17455855729881078,0.2150165880938817,3.1692726047793287,-2.0427161148915385,2.287191508947193,1.6576485702079646,3.4445550914781267,1.3748062842159956,-0.4976882825771269,1.462526491742241,-3.524791308764496,-0.5313788165858913,-2.4506040767421227,1.0457107427341454,1.0862345805960407,0.052750375509715126,0.34520372372652147,-0.11608256862538406,0.06870162409058111,-0.19544687154542648,0.1232876022746773,-0.8608925388649666,0.06880108999266726,0.2554832718932551,-0.8413842912263649,0.040526724319941684,-0.15235606898462334,-0.6870822899156661,-0.2205056588436176,0.32219437706484083,0.3230536013710013,-0.10192505028648659,-0.11646303907609296,0.5362710323107478,0.20494895658740242,0.16853697900595996,0.030324278424762253,0.16117335982226785,-0.14194174643451607,-0.17184583171602147,-0.36530742594282833,0.09421936791024331,0.18364811973638745,-0.07692030565654064,-0.2906801071268964,-0.21176871492848529,-0.038179972059741864,-0.3863483952196554,-0.18664533383524187,0.4868765402046377,-0.04615367943626181,-0.35468091976189114,-0.13915572473895718,0.5636098993037447,0.23026768918416024,-0.20420664817251424,0.07237723001393809,-0.0076863136496384266,0.26704579888805585,-0.10382570112695833,-0.045441962981094604,0.046311499549456826,0.07490053726425278,-0.026041551818197055,-0.3248668206232803,0.14676074623869348,0.15286636188249084,-0.036019651231923654,-0.09542705894598236,0.14250027571718765,0.11946855919181698,-0.03094899514906969,-0.01908474844391262,-0.017398774001332933,0.043733866540340435,-0.09123278491899187,-0.05716470200274382,-0.036885368623289595,-0.050198589498093735,0.0070250265175439185,0.06088419334511311,0.03220631758058925,-0.11999564159688907,-0.00585859755188362,0.02307849059816956,-0.07248153964712578,0.16940160711194002,-0.004213251567885416,-0.022328522820362386,-0.041609522841176555,0.08217511403518699,0.02106338139920396,-0.01585295302610269,-0.06093899377079621,0.030797751114679098,0.03549541012699024,0.013188180741479616,0.005580768067579721,0.019472777661907182,0.0034125337250851015,0.004202351526896599,0.006077240355634431,0.013145573339324198,0.04585559772316241,-0.017201765271503897,0.006463590684169274,0.009701510229097505,0.020386142752317222,0.004601493560470511,0.009850808303315963,0.009444955621561597,0.013171603459614286,-0.0038900105083089507,2.1731554646815676e-15
2017-10-01,11.214301167552463,3.7061102944728668,3.1785906853727175,1.532266816030933,-2.8519498281998157,-0.5114765929245454,-0.18538270453064198,0.4319746820541882,-0.4157848479684202,1.7649274795919083,-2.084913894184528,0.7936272681138092,0.2136302687669323,0.6626214287171623,0.3313125506504655,-0.5494782754841178,0.708666017693315,0.5219672903913644,-0.5243383731976151,-1.1566551873987418,0.6450487729603398,0.6002148671568234,0.2126793393964235,1.2305315940244839,1.0953562242512997,0.43664507305764677,-0.19048970219572628,-0.08389189684912025,0.376002649420711,-0.6755128453650673,-0.10124325413487942,-0.07859787106140115,-0.01719720362258867,0.4967354128698821,0.21601700812646202,-0.06280321008960676,-0.7234183431949462,0.39997767474674756,-0.17459489241000084,0.6002620141610306,0.8794505967720259,-0.41255220666547476,-1.2325042810779363,0.7461262200410553,-0.12995829546916038,0.12110812086734478,0.5171680666982,0.50132595414432,-0.820533593476153,-0.30209487526148554,0.9853643996669563,-0.09736770119905983,0.03443698805326065,0.3153755452983641,0.7289689073645899,0.4487612453355104,-0.18104014911116248,0.2433365619414091,0.1096040391812775,-0.3002819370636613,-0.10543340185999471,0.05867650997004335,0.26422348312132804,-0.5937034726915215,-0.3111776584680297,-0.05852423844955022,0.26358390461116427,0.06365440232241565,-0.28698957824159677,-0.3216334543268396,0.0552349353112367,0.20675084176578945,-0.010384616512261496,-0.04354322427398906,-0.018480186537032275,-0.017053706495706002,0.004800760621634167,-0.2042845868651297,0.019525568218126847,0.08026484146249503,-0.09083593311721157,-0.04907745726196504,0.046927764940429606,0.0011155430987778725,0.06313695073370013,0.03668768052564625,0.041320955608700284,-0.009261453608269748,-0.005169566665239155,0.13461424980346384,0.09062107617853618,-0.19223873804812835,0.16886243198118858,-0.15201438393652142,-0.016988294730539477,0.14235784592103418,0.010961021666931496,-0.06695435309935975,-0.08790146023326387,-0.004432086496770072,0.031531437888100575,0.026339582950091794,-0.04474670665883188,0.01864607612985717,-0.009748865685015795,0.013034914485311903,0.046947434718024206,0.012142533770033957,0.003342756807626311,-0.05333369607497705,-0.03897660200980367,0.013209349487096685,0.03937250645892988,0.011211386368706491,-0.04143113197628549,-0.0044246827743789794,-0.010850256367561853,-0.009998067345236313,-0.011623470395983194,-0.003328174225276947,1.7482621961778641e-15
2017-11-01,5.707908769543123,4.355895601368391,4.004096323769384,2.6585550972575454,-5.014993735252043,-2.054169770298845,-5.312031168807617,0.9817398588036543,-0.6585470376025562,-3.0794969794807563,-1.4940633761080424,0.011841475581605535,3.129848925444516,-1.141751464956632,0.30126164953533113,-1.223276979023927,0.17697741253984065,-0.6019969350037879,1.819202530089832,-0.8569913598768509,-0.7214078186621737,-0.5622668713256648,0.3737513499171655,-0.4960192933270911,-0.8004846665453772,-0.8239438100851543,0.39145207758838296,-0.4593904108875752,0.25168084910358357,0.7711587100974656,-0.6119611606073684,-0.18200269141861436,0.2347265735415254,0.08361432622691567,0.6928410284270061,0.0900517582260011,-0.07234868742092262,-0.05286362499261547,-0.09867808185361288,0.4805618940660236,-0.5271698225293926,0.1114625172712179,0.18548163946591736,-0.07757197720627078,-0.1300820731885874,0.28652675917157117,0.12310430816304643,-0.06836167778320511,-0.44690635183828065,-0.3298704576531957,0.6258007459823147,0.007148228714396315,0.10425939069510372,-0.03827628146365818,-0.3242154804231086,-0.07736232378334801,-0.12877838657612964,-0.26143476896365686,-0.08897595803221867,-0.32855333104785805,-0.14162090855883697,0.04892115417184792,0.3841931063033739,-0.003299070671443271,0.19568093739570952,-0.18556324005628985,0.09218128191702873,-0.023099425561409377,0.17990603879075306,-0.04706455712959477,0.08480069107334107,-0.0759385453494481,-0.19344786639112926,-0.028213085580218563,-0.021393432270556748,0.2534597787955272,-0.23333984166544824,0.3696736708723821,0.25586663805905635,-0.0943640535553669,0.16819003462106616,0.21014148107268302,-0.07039747977490562,0.10113140865198926,-0.009246734515049105,-0.0917086700054178,-0.05305237966682096,0.07332255091337647,-0.17158865828514264,-0.04752035047090116,-0.0142821385977421,0.0893166652513637,-0.041517236235977285,-0.20573136454990165,0.15037770801196063,-0.16655107547385123,0.08103396789269457,-0.048173932644618604,0.11445424517006474,0.024560943298673636,-0.07080583317694732,0.06180998130537254,0.04463981243053603,-0.04444179970773958,0.07517559554084238,-0.05423893425343879,0.011732677768792187,0.02761547999270554,0.0034979396313936577,0.013373417857123522,0.013358945689792252,-0.031194120340783033,-0.01603764827292505,-0.03813940229342563,0.017288014001093366,-0.028279801244825254,-0.03319374724850826,-0.035245001589747874,-0.0011511975616468025,0.031338707295028904,1.5735083830441195e-16
2017-12-01,2.291630635402917,4.315251203471937,1.9717136951181593,0.7837740197977965,-2.316312791190968,-0.42903406718965215,-2.3664473501300005,6.513617017819159,1.0988295521543185,0.18232101528863792,2.2305596448598375,2.3447339357428434,-0.6223336621671559,3.6417592560989713,-2.0035644600766354,-0.42374179446238214,0.28548512916086244,0.6475637107216276,0.39344400606035884,0.8734804759056788,-1.0700046026851024,-0.5787028209598575,0.9518087804273668,0.7531997276244518,-0.4266352792405582,0.19008960685887535,-0.7498734744637385,0.16952661200742972,0.7173975472713001,0.1299551573814612,-0.5249384140509246,-0.45139011631357717,-0.23488606821717697,0.24256490243972165,0.680451970821625,-0.05688853447296792,0.22784035051998436,0.14883057037698583,0.18607846372759643,0.13869266078734205,0.5632711548326338,0.29117233766944894,0.5745779213939564,-0.7689804723190945,-0.09802979656354527,0.21946531783845982,-0.09107002066363573,0.2189668709454593,0.10991915500270062,0.1812708766760337,-0.21697453461027613,0.11114080551741391,-0.47799394065959205,-0.3378882881147543,-0.3241285113411746,0.2512209404705586,0.053373647683317024,-0.08825019257234437,-0.14148575225089177,0.3330897563312107,-0.16409888445667603,-0.3693762408017842,-0.009278283620888868,-0.6352034917550816,-0.1728761163611792,-0.2362253258739124,0.11759299578741346,-0.20095763247116596,-0.08524830322116271,0.23121506627060714,-0.2382385954101876,0.06902819359117647,-0.11338190749975022,-0.02396671713824073,-0.055169405378748745,0.05930900163123321,-0.014331942161734534,-0.031491339731288,-0.022002924590680185,0.04487467723661031,0.04195394931156949,-0.19899078531088657,0.2385514566820631,0.1028117866402587,0.015568384103084951,-0.07275768440012516,0.03893922878004608,-0.019269313140337523,0.08584124890940069,0.07761819074842471,0.054405807188215465,0.053587972766107925,0.0692481678424496,0.006225259676614015,-0.04877557203820026,0.020698913026037605,-0.061371813094953216,-0.06428488047566085,0.09547271326490285,-0.014241125137350047,0.05884157167946121,-0.0522017498514854,0.024453222616078317,-0.053112477223207936,-0.08103146524198131,0.032614000307371376,-0.10453473952804172,-0.029003845990381562,-0.01697290930903041,0.04831012131217187,0.0518556295173955,0.0542558134626143,-6.508138449450322e-05,-0.019084117272240412,-0.01876168942215845,0.006948231651730728,0.01823531214747045,0.0011127666389721977,0.004778409860062827,-0.043452138832050125,-7.446865901407864e-16
2018-01-01,-1.740293537425488,3.6285787500720157,2.1306991858419337,0.45441458592485423,-0.8675198482330663,0.4522114534323139,-0.17104994518331465,5.423044967391317,0.5075517756087388,0.6296804545120868,0.35230337662237915,1.2094671647606245,-1.4376952937632976,0.9431150744980547,-0.4937418970099809,-0.47668319343609844,-0.03305912824892532,0.5452166517521507,1.4758663068560602,0.31012405307450575,-1.690095619470473,-1.0679660369432238,0.4427154997811097,0.34831481833038447,-0.7921129233008379,-0.5575610660995568,-1.296522915344554,-0.9638135710060319,0.3835552798416854,0.5119009644562311,-0.16741939559440333,-0.01181095573606183,0.03208678918770635,-0.48876022531457053,-0.07780315111129539,0.6556410320119377,-0.46192642304403997,0.08724801294838326,0.05362238713316077,-0.613465409081014,0.3483969353956984,0.34300522045217374,-0.05494929994668673,0.4960061427677988,0.1758404943566293,0.14421856885628342,0.31558054969716254,-0.31482741801627884,0.0957898771962149,0.27615629344986614,-0.12546441360475166,-0.249181761633039,0.345057681170574,0.07178401401896684,0.8317042867691178,-0.3082629977921179,-0.2182096511778459,0.31550739642292724,0.2917329730020107,0.2700497833688298,0.032320260712076276,0.24061019981721565,0.13417058417534106,0.6706380265973382,0.12737418196313896,0.3156509957605998,-0.027339672110449877,0.10199857727641787,0.10904918850158053,-0.24168127778529033,0.16874264583284743,-0.32363766603782884,0.1213534069312602,0.14932035039289054,0.07015402436787614,-0.2581378368085702,0.06384955296418122,0.08079582075885862,-0.30004358980659285,-0.0909755079049308,-0.24946098975147774,0.21317496234158917,-0.1860376512005223,-0.06348214617057786,-0.005665970744903678,0.19601832143530376,-0.02924249777486082,0.03472500666740618,0.17027458499306358,-0.12069864635343003,-0.0026871638245903324,-0.009620437802371791,-0.023157390204834698,0.04742814649398937,0.05401467981184055,0.037957747671200325,0.13977541331249263,0.04160963413427109,-0.11325056890681501,-0.062105462597299106,-0.01676831892737841,0.077118713716132,-0.020902819259217248,0.09638951058788224,0.06219273490240108,-0.02378423468582511,0.04753170241788159,0.038615650265632205,-0.005881439661748091,-0.0768495779751542,-0.09114027562373772,0.012185325432267396,0.0181430546816629,-0.022107753132852955,0.0212169477558613,-0.004344261320692979,-0.02659151525444439,-0.03086285737553767,0.029930775552166073,0.027906941881578176,-5.30480916075751e-16
2018-02-01,-16.757265341059007,4.565882539150192,2.727520268992648,1.3917156077610398,1.7158723312279067,0.7911682633365958,-0.1816675300957137,1.719792316459754,0.3993559890969723,0.9289218673477431,-0.39737923903451167,-0.21069369333544027,-0.23836507259795173,0.10224462424937862,-0.25334789037213873,0.30267630586144056,0.4364383099895728,0.2624486857494961,0.48147964424258044,-0.07661003042080035,-0.4022398948130247,-0.04673907278173925,0.03687294256010545,-0.19221562767821943,0.09091397470998329,0.10595567420976212,-0.19942468784640885,-0.3154168307329965,0.06324115262430066,-0.01588947165791313,0.46079645910232314,-0.4407306521563096,-0.12443282932104693,0.2268160911949086,0.07053122088162955,-0.12115007816544833,-0.36381099088550894,-0.03449866973289599,0.06754876889592691,-0.11487649890833795,0.4716682948657913,-0.09593531730544158,-0.25930829290885293,0.10857605303187433,0.023864310632919408,-0.1962315935303123,0.19508001583741608,0.10854174732554092,-0.11531777322976236,0.031895138665358105,-0.052700224987135835,0.2380784170292121,0.11793923505996787,-0.13308768359862436,-0.13269796923561597,-0.1306956050266591,-0.02541858392666569,0.10594124984572244,0.16824526098174333,0.019274728521303092,-0.014292812982063322,0.019621103858411426,-0.26928396928055853,0.034505494142140256,0.22317552378310312,-0.04960322128937526,-0.03652337638157569,0.1735256030359615,-0.11593205669863595,-0.0024778320588687928,-0.05585412355175635,0.0638138790384301,-0.1492998141153996,-0.018902154689650535,0.1545510935032497,0.1266716620532545,-0.12889551873818267,0.08071306011444805,0.1668917415419164,0.13990027653220263,-0.036816018376994095,0.05657176732175288,-0.06474063381809385,-0.029105984409155503,-0.2231708344021172,0.058914009492164666,0.01782040615852276,-0.026072250612835735,-0.03379844464791641,0.01173085236682162,-0.15732975950935224,0.19956404537316752,0.01809683423382314,-0.10798430826180395,0.1922310027859144,-0.01952451064052485,-0.18271681281376412,0.1269696846589826,-0.1487533152037761,0.02837012955993403,-0.09909387849829594,0.01732375839166781,0.0882287444883026,-0.06472126271689667,0.12902697039398395,-0.03201828064322883,0.031129486795328357,0.008545047886098668,0.1476884772043401,-0.08336338280612028,0.08581712576896144,-0.16679632769198333,-0.054985700943451954,0.09606350614002145,-0.056508504413095594,0.003743671719737586,-0.008193166379162911,0.22761449314181184,-0.02978891646308882,-0.0763377661683685,-2.1024487425095984e-15
2018-03-01,-4.903672884378654,4.0129088894521985,2.071160436866649,1.820052017672013,0.7043951166665572,-0.06995482586579366,0.8115869774139279,1.4883167745292945,-0.6398799181357968,0.7241339146811696,-0.546464352476823,0.1345731747767712,-0.4133085472804187,-0.051208160685474936,-0.7959457668979923,-0.8516320032181949,0.9544746110005768,0.17699528358742792,0.21042520214479618,1.1377001003812792,0.3839897176760219,0.573260103549897,0.8796778453944214,0.05261055808485535,-0.0871964912340336,-0.4841882887404796,0.10723398005045263,-0.04760694226005348,0.13548989561695823,-0.3214849091180511,0.603849360586965,-0.3969767819786643,0.37699531884133797,0.11363801496934557,0.23484166964796305,0.5076641685384544,-0.683275887906442,-0.12437874978692959,-0.5541326363970303,-0.6269572791212608,-0.20318535355352757,-0.3734780873589735,0.11795881645018175,0.16905736993710602,0.1300708691651466,-0.17169524401109312,-0.046949881593702954,-0.1772638735638202,-0.08432152886856631,-0.5665403553857292,-0.3806147889296908,0.12216952856697266,0.41746656604032734,0.0995712441907469,-0.1828551907678958,-0.2578630285185422,-0.1457965320669091,-0.04427927555816175,-0.15196460180796942,-0.5711269268084312,0.23016022939424946,-0.16584696009729538,0.29317866977510504,0.12765506050629474,0.41790985745776005,-0.3419627163913313,0.3540756723495407,0.007424092517127962,-0.12115447801233645,-0.09224802648294086,0.03795599941442151,-0.06944845484461708,-0.025106471294785795,-0.0571656701718056,-0.292388623254684,0.14975167873548778,0.44145568337943847,0.32759992030852253,-0.13998464944643194,0.26974223120148855,0.021320136258317374,0.01880640780610201,0.004179256160702982,-0.01917525014777758,-0.020222250805839056,-0.11886089760083356,-0.0040580834491112374,-0.2751526529421273,-0.1372985756564653,0.302247185011939,-0.17636098322280017,-0.18635269390214304,-0.22322612753637988,0.18604390569433293,0.031783932303178,0.02960371503473038,-0.08587603245579979,0.08672566991770109,-0.101862298828163,0.03348509231832845,0.03770223911626932,-0.03721127181024079,-0.06718755674059555,-0.037984989023817056,-0.06534662612013382,-0.10634427751846115,0.05809025645777497,-0.17629476035009947,0.06226181989764944,0.0707100009901584,0.050816629708082345,0.06013525948383696,0.008555607553338913,0.03696073222055567,-0.009095027396099756,-0.010675954493250196,0.08682943560635828,-0.04589829567267547,-0.051809211215889724,0.041738561599326714,-8.744822959575419e-16
2018-04-01,-2.7890104829007627,4.027184987482071,1.5920653149912678,1.4872908009162766,1.4519109646793147,-0.287924437858109,1.2212930123895875,1.7148102237099143,-1.0385519634656932,0.10608681397402533,-0.2550317869873554,0.21588434581209465,-0.05118526608364462,-0.5567542909426733,-1.0070531689365045,-0.09892316410790351,1.291641059367832,0.5273261103668191,0.3596051806123583,0.021949311284415907,0.12212162804675514,0.28728403985425766,-0.16798977555165687,-0.11912911599322525,-0.5726471636293513,0.2785101743926874,0.23560284630145048,0.4706609437162206,-0.229031490901948,0.07494422616802338,0.457906263197514,0.6249609354013832,0.04904546836957981,0.3632525295580086,-0.2591063714758038,0.09414507540489739,-0.16466241507366533,-0.09929714758562212,-0.27308221742273747,-0.18539788513491526,-0.26686332969665105,0.0339456651808007,0.0296768682025776,-0.36077622769523393,-0.08797697379870163,-0.5241074242514626,0.16303540506448844,-0.11141164921138189,0.05650236189345591,-0.600276601463722,0.055491793013596476,0.10637146151083321,0.27413437261140805,-0.154045952496592,0.09390378645463106,0.22149690313930617,-0.08961595610851525,0.10646012083969086,-0.589076639171331,-0.3839589557516507,-0.1459098138683265,-0.402626483813363,-0.19721227196627877,0.05762925129036181,-0.03851583541832242,-0.13433970810069482,-0.15776774922723694,-0.1493240034408161,-0.11723154710493282,-0.41473228436956805,-0.41366171962093773,-0.4732889125211307,-0.06712641096175334,-0.05868805465267358,-0.043582757552849634,0.06324256198465347,-0.10624186984077148,-0.09391687436911114,0.0325756382736947,0.08161230302760493,0.15852303176149343,0.1632974370486947,0.3278165784637045,-0.27849982972525583,0.33740594560257087,-0.016500640876635064,-0.12055340491771906,0.27019664138274113,-0.09271480505432034,-0.2877181758637057,-0.08233425889828527,-0.19788990152769714,-0.09585600467957876,0.03050338866279716,-0.12213723804592518,0.10905095907998237,0.06801738448903197,0.16185762685760335,-0.045869636267716424,0.22892179170350474,0.043481221079326324,0.02081244527432081,-0.0497760187371136,-0.10135633350078777,-0.0412839214330503,0.1274641314823718,-0.024852774258889935,0.15622624193753104,-0.08132020550536474,-0.03631690611503145,0.014612045862431835,-0.009159665960179655,0.0019001143648538254,-0.04689023140656682,0.08083729647146737,0.06508806599809866,-0.061806458208690684,0.05137039386949237,0.025240122662236925,-0.002390377808767747,-8.427311417515763e-16
2018-05-01,8.39030611022916,3.7861787960024205,0.2325315446381274,0.3443766494665245,2.098528134496558,-1.3111769111782878,0.9668645263937495,1.397050810780232,-1.0443792209991825,-0.42943824222428356,-0.02538367165449603,0.6445787151809204,-0.013324925895869706,-0.5252833448709473,-0.8823968585987291,-0.3981656326023629,1.7139763948043045,-0.038235135392464994,0.42595916081026436,0.4390779242134896,-0.31916303703052445,0.48562988467270474,-0.5964732216358306,0.39651822372449536,-0.9672245053639347,0.9323302900914068,0.13202302477356823,0.5137279677809294,0.3220464185135986,-0.1660670553017049,0.2880777855519858,0.6156841519094693,-0.09874110343943665,-0.762421761116678,-0.09774302985499184,-0.6517942057509044,-0.5091348800861594,0.10374256040713033,-0.5353473072199253,-0.20604415867341536,-0.42897863766436395,0.2529551174125046,-0.036062623972653515,0.04223527987164758,-0.30563998269450593,-0.28389246638686694,-0.31343319294875827,0.1110582120647564,0.43250244548820543,0.06578707937217883,0.5556482252573781,0.1383684078150546,0.4465770439550815,0.61492804458879,-0.5533942761054851,-0.008546673796722273,-0.36502576113988255,-0.34215791709303833,-0.3512811528730931,0.1832236455893165,0.1170991060575883,-0.19184633353930972,-0.3956910707496641,0.29964797029955575,-0.4975478955125228,-0.07451357380090905,0.25350596437347306,0.11004822044988194,-0.17667486032010046,-0.07279014469724134,0.1186648675798324,-0.007748910629184764,0.30072591456211245,-0.25327868098090134,-0.14025573423126908,-0.014543640310001637,-0.14052719307027492,-0.095541156566922,0.1717310874632077,-0.2780271027815125,-0.035559314730378815,0.28562497448402874,-0.1933225991351274,-0.16652390884009627,0.1707424290272803,-0.25264168885680005,0.05091383178811635,-0.15866333539038802,0.17122071699793476,0.024320253910324136,0.019788639299193226,0.2455251085553484,0.22002537457803276,-0.018252487541022867,-0.18714695265379797,0.03665082339967522,-0.12812105439332203,-0.1718623301808616,0.09039776420336045,-0.06866540509577357,-0.021767852299000873,0.0702447352091732,0.04405559936725283,0.0687495380219195,0.040272076462701575,-0.0608695620736767,0.05657115961764652,-0.04131467589019211,0.07887706219522217,-0.0030438189127883703,-0.04563670914828533,0.0485708066087137,0.012690494866528396,0.12542756824531945,0.013916983932195117,-0.020868615596318637,-0.012626931667305686,-0.016077050135057416,-0.002674590320475539,-0.018077510909594023,2.6303078344507766e-16
2018-06-01,6.200966930998759,4.997683805501912,-2.054053668038043,-1.4322402831337915,2.082528956585956,0.8589943336380881,-1.0888694831275858,0.7169263727005243,-1.0699606518817653,-0.3297162637624408,0.11561270105861633,0.011519224487772216,-0.3762828639129158,-0.15483150667767276,-1.8902737064041508,0.11534191374907034,0.07023272647738393,-0.010445369810177792,0.42469072720191503,-0.05674344155125578,0.4504436866252333,0.38168561410451335,-0.7631748303354808,0.14453604259132558,-0.11722884850673158,-1.0797412871343874,-0.6935416007980743,-0.17731015309720427,-0.42482488573601546,-0.44901584624067536,-0.1621275119630881,-0.004826229869318023,0.2747678195865002,-0.26988880569297324,0.14572578602871186,0.3639580367146585,0.24515440544605796,0.37707279634995894,0.18953090545961382,0.1450112268191875,-0.22506712853562807,0.2651870876767105,-0.0800957308920454,0.8456807926293525,-0.23601653591874147,-0.5442049930710338,-0.7472953611144962,-0.32788717357719693,-0.4085864085001222,0.2554151700312803,-0.4065931480788184,-0.5555171851303495,-0.26691879170077254,-0.03162525428998217,0.0010119125833650661,0.03682692491548835,-0.01879928130307061,-0.7462294465970469,0.15517838075907012,0.2663247987211709,-0.22153005166626655,0.0001534639566639245,0.1204761585162255,-0.2837861900515959,0.2520990097475167,0.458969230395252,-0.10440611830765784,0.05188759624562794,-0.32582286676052014,0.15228054837172827,0.3833927225633002,0.10302780245310388,-0.20766403566216582,-0.13934571481595417,-0.46584712626819824,0.04100684841675072,-0.08100766648421782,-0.1990560391356499,0.42912731540629767,0.45708159696970874,-0.0048738120128703,0.13237511232325522,0.06516459651071912,-0.24813611442906547,0.010240011418651317,0.04191285526060281,-0.24507598053290344,-0.038971515986179026,-0.2524430335426111,-0.1522528784103213,0.07585422632029931,-0.0495095614926126,-0.09334399973409668,0.038138410169053456,-0.08025867974887882,0.14505814714805618,0.11181248558105535,-0.12513551164412426,-0.005171824472118305,-0.20135449935296287,-0.06090084175675289,-0.07350348477044796,0.050787396317341915,0.03402001879484466,-0.010859624639650177,0.03032699268659324,0.05446771538565329,0.07220373062469791,-0.02108826698226575,0.04463200107960653,0.01599124133960198,-0.01914888519500142,-0.035678909243678364,0.013855906255741464,-0.043394986629917455,-0.023634649789893037,0.014623203087607064,0.025805651709420854,0.026275565257831594,0.02349024076615183,5.507534683812609e-16
2018-07-01,7.427447884466779,4.29032468631016,-2.169621105962828,-1.7123262452978825,2.2000298966489003,0.9372225278458175,-1.5239350094442778,1.2922930719041914,-2.2112473763417704,0.29902828656456626,-0.5781305219807146,0.8141247513100212,-0.41112825260369923,-0.37591403974353427,-0.9319638033479356,0.27873480342070894,0.10734893008821587,1.7916459498311559,1.0191021150851165,0.20333321373337995,0.9689045018657306,0.7721355613871077,0.31956900008675726,-0.26337153435291927,-0.1541035545818047,0.08462961891225834,0.24487744844265733,0.10628771966884325,-1.2350283268279927,-0.05427094178764239,0.3540727928471847,0.0342149221027053,-0.21819574070127726,-0.051128576617931264,0.01004366387642153,-0.22229429631586758,0.0029391938993197503,-0.14694406414419853,-0.13687271559318265,-0.11908150807512816,-0.14854852705366953,0.08512715847907153,-0.04348587300992051,0.8776092464345224,-0.3798631687786907,0.19963395247575,0.29652904422247683,0.021365728996849725,-0.20084909247927824,0.7454914069093178,-0.006187504091964555,-0.5634324011991704,-0.1534042929329059,0.05201510083435007,-0.07265523897490597,0.6673829273160554,0.11443047073606537,-0.6799454692463058,0.1832812579836359,-0.5633024128281567,-0.10927405298313812,0.3619099055516164,-0.6003705167070195,-0.0561432633070516,-0.31232935849900245,-0.29244718371605927,-0.4583613015481023,0.27023612784699663,0.41049030310720913,0.15989920592160856,0.17955303006934253,-0.04493803829586398,-0.13646408830333404,-0.09648630847876191,0.32279090664442844,-0.11444386818314156,0.34461308502235355,0.20528030307426995,-0.13706584448225434,-0.19203056559100834,0.23363513290227764,-0.02391188279551484,0.12571050112890003,-0.1328437482239894,0.021413172627233985,0.12824756709886667,0.006523210371622772,0.04746774056763,0.1562067774740071,0.19670849957729336,-0.09224434896470929,0.11072920455966957,0.06939890982332377,0.020351094885456705,0.19605254802729216,-0.09971829039108517,0.07912055394845888,0.06052489286909955,0.005372846059988005,-0.002427091059692657,0.1006255462641353,0.05015105383155172,0.06081666484050169,-0.07579650518263642,0.020212206280760744,0.05350031533004275,0.03443934426857655,-0.06535846116338369,-0.06156858455999059,0.005916948210260444,0.05533676579813111,0.058135032647876034,0.036840577289077484,-0.06776362016175569,-0.000948061374664019,0.008709927236568934,-0.01292682682275492,-0.007411240594339188,-0.02635676410295591,-0.008490163659688413,1.4805652515048295e-15
2018-08-01,7.230094042381968,3.8668906133614125,-1.7874700383845596,-1.5246899810756982,0.7533949944517809,1.2411447323433331,-1.2651205287553513,0.8159485468473429,-1.6160000964192176,0.5563614173968509,-1.2955250017922195,1.6604116381218277,0.1386049775997391,-1.1541035210252724,-0.6581316035704647,0.48894443534981585,-0.012183601448870676,2.0308335784642946,0.014862723854340546,1.0413937217405875,0.26023128969843545,0.33975899629609024,-0.631370083185442,0.9656466197491204,-0.42355849928823036,0.34957941554312644,0.6355688039548919,0.7015744737932995,0.19908366435687766,0.2356677446455068,-0.34864393822784806,-0.4843247951156494,0.19701197337188314,-0.22618124470720355,-0.5389290104491302,0.21197605816443874,-0.17395258986412132,0.127469124112474,-0.35433183762738135,-0.36212483841398596,-0.04865515634209972,-0.26163236943418616,0.388990201192919,0.21287361799876847,0.559224370709544,-0.07628687111464,0.7227155988285272,-0.5161208576192594,-0.4682008021718498,-0.05860300420976625,-0.1752562702856906,-0.05835057387570288,-0.32948165752363356,0.07086532384198048,-0.2019759943631851,-0.6588326916268592,0.4133199301305862,0.34022654018511006,0.06429892400408095,0.01112487211940736,-0.17744719055092759,0.1928958123979271,-0.30296440811025754,-0.1067087861565749,-0.04487753583894436,0.05950105132968665,0.023619944653138228,-0.6452368858656293,0.37208677551094255,0.3207187290095364,-0.22275629669084082,0.20480937547615896,-0.021629568561406767,0.2654797631150886,0.10050699534662728,-0.18595612468771672,-0.012750577852463899,-0.1963781777510757,0.13133742891424943,-0.2148718045382245,0.11041356453102663,0.10872693431095234,-0.11095276696064273,0.20313992354670157,-0.004905979008241781,-0.3483059089185539,0.17027207936676564,0.03750971655987142,-0.05479416577959152,-0.08009398308740638,0.10895234408208977,-0.20649719739756053,0.04699683265039038,-0.09742453964143592,-0.12166147788497077,-0.0944402460385625,0.08236592211038353,0.09876252987995826,-0.15928062559382494,-0.019022175497163132,-0.0940525004081423,-0.023348174209243316,-0.08545303229821209,0.01804218036317193,-0.0638832644450459,-0.01497289101455997,0.04882331176391022,0.05253693463921609,0.0136792206317126,0.031252456076672104,0.03938409821961759,-0.1034994382985001,-0.06819859459997626,0.06895684095888094,-0.05413041392737901,-0.049909832892496626,0.0006031585493679829,-0.03351419883806047,0.013849371566030663,0.010716399515927882,-4.33893221407956e-17
2018-09-01,8.611487386271197,3.374041942702145,0.3296570942253025,1.3714661526344918,-0.9673435875373281,-0.025052099532775755,-0.20436062063245597,-0.17059921332143452,-1.1067130361034618,1.1408980184740825,-2.6928766534283604,2.7207540857857113,0.06729800059268073,-0.47797327789874317,-0.9214843504427259,0.9086677285541049,0.17024704395927623,1.275840433358862,-0.6242988671447817,0.8928309052988176,0.7812605631320837,0.19875943120763384,-1.4763186384725866,-0.2439522486000182,0.15180784052997626,-0.32952393690139126,0.06455865674102737,-0.4084095706640187,-0.8357805008611026,0.27339110457025867,-0.47944463064869064,0.7380507048930586,0.12037342734620597,-0.9905050586481512,-0.06922754131117412,-0.6194386517836106,0.93926670575663,-0.3949091384789937,0.8019973120395015,-0.820286463431981,-0.2562595653805878,0.14869785493239118,-0.2679366446058053,-0.6141590761283995,0.4849649515032997,0.0701053440203429,-0.7759958733111985,-0.22751249190113007,-0.2549762540038076,0.15017372205358995,0.3880198659030453,-0.16583785556063807,0.7973996992515522,-0.602620741830205,-0.5078441262707564,0.19198665346124955,0.24331502654667053,0.7178615791458082,0.4282052988655412,0.17017599438033346,-0.011430746783248347,-1.3585581429817542e-05,0.24646519172993017,-0.022793527099422648,0.04206974213678831,-0.1805110819744311,0.3023670032342539,-0.15048243342103976,-0.15927108058212242,-0.19689678591319185,-0.0716164403349009,0.16567918301399787,0.11781224274131272,-0.3159075033523256,0.0943090046866455,0.08969160987019394,-0.04645898677523762,0.22843591859160278,-0.28325500168346446,-0.014621274802583536,-0.17009904545194016,-0.23658666572535478,0.016175835022621123,0.004949240466475257,0.00929912839097891,0.1575793974072226,-0.20995711731709432,-0.0386563585000108,-0.04917017330869587,0.021937300170676213,0.002556227309229719,-0.07240708433880667,0.021129418665295358,0.009288015846303361,0.05439873735444603,-0.08262571812028886,-0.03163858249176937,-0.14437315023436767,-0.06177811817000575,-0.05234232752797335,-0.061967173893657954,-0.0034233082363993405,0.11926459681327416,-0.06593756576946182,-0.03734104750385672,-0.002524282337264158,-0.00823354908343124,0.032013610824449916,-0.03847670048393669,-0.027895317692905246,-0.03666256363259181,-0.03045278375160105,0.028143721650662784,0.0016475707319656603,0.026038456247837648,0.0021956591930793142,0.008329193259012982,0.006922376884340968,-0.005337340240070675,-0.0045108428471007595,1.2347840472887292e-15
2018-10-01,-10.46897477625181,3.5882793808328706,2.362920403656566,1.9817673596002578,0.9287629843751194,0.4930463555633956,-0.5188989301015084,0.4169903263187078,-0.6673965563293281,1.4014190653857534,-1.6488346938044234,0.4075474139721331,0.02021952541084951,-0.1334835984569609,0.015358503170235476,0.6970238584968552,0.29140598806173823,0.8559008778038517,-0.12437157427660749,0.3163483805083084,0.7123353450185854,0.4659619412927548,-0.399043579671212,0.18769870219910198,0.10904160717158691,-0.03665098885814259,0.15533830094098025,-0.46769134485702746,0.04812653504222804,-0.08695150499574372,-0.27584537886252264,-0.1781085787300355,-0.4496884520683345,0.10622674084719694,-0.31489775344726106,-0.3427073492321644,-0.08234138054306095,-0.13277785333948444,0.21189106959390502,0.08250310833691347,0.2595897818865043,-0.2011628943943842,-0.19134946525439292,-0.017145301686175025,0.02291321297981122,0.060151515092312945,-0.09153720703888056,0.08945796027812965,-0.049063418966975324,-0.0807559505085946,0.0742090169032904,0.3234508052129445,0.03142580212840039,-0.08789902216996098,0.16603997876705195,0.06324970171378577,0.45600287700155645,-0.01167061685995622,-0.052962907435894005,0.17918988994006116,-0.10339813491131988,-0.06907522878507032,0.2294085060712412,0.0530596303214027,-0.07697790959561485,0.01615589869888382,-0.4509782625661673,-0.060743678655696756,-0.062455434065363316,0.2923063372351514,0.011538885560434102,0.017563974065491903,-0.04690687475753196,0.19261751858579784,-0.04407486614498225,-0.09728584081242544,-0.19853553970560628,0.05252465433375245,0.20735990509822422,-0.15237262627957676,-0.31036666566774496,0.2565868838146832,-0.15245704523300485,-0.05002740922612988,0.13676047930734883,0.1786485241056784,0.026761199123859884,0.02864972192312178,-0.2805599588675377,-0.11073025356160267,-0.18963233115139908,0.1208438585943853,-0.053031496095339935,0.09471982206691511,0.017786822614416817,-0.07657424196042772,-0.03850223152950168,-0.10187291195555206,0.13166914894701331,0.1161812614225596,0.09436599792689515,0.0078087989585516595,-0.29342296734510637,-0.014370169117511477,0.23281836163652414,0.012585182411883852,-0.1029992306138881,-0.13988868338708757,-0.04712345687592942,0.11091624606107467,-0.1275270120052665,0.07152576031208446,-0.1538782620811349,-0.02238717237110471,-0.050224889139886035,0.08185598534209994,0.06648386146521942,-0.03592754840561323,0.009403479745659573,-0.05299778161888685,-2.023913478212967e-15
2018-11-01,-6.437266268973896,4.049978083419939,2.2992125617906978,2.6451484581915587,-1.3861372529597977,-1.5235271457191084,-4.523457371795482,-0.24124408077346687,-0.8408262200997987,-2.297114678018108,-1.009912245007335,-0.18642140071251298,1.6549922281802874,-1.332727701772432,0.02827032904899924,-0.022182803649810297,0.28958742787183434,-0.292269478990345,1.6026967700518089,-0.1670844753732195,-0.09810877826463045,0.13039713403766476,-0.5843778783049183,-0.24236694333440753,-0.6992696895638125,-0.37358620871586445,0.7541596869918172,0.031516945271484575,-0.17480122861439834,-0.0880381055577413,0.04238202609346,0.18449541648640688,-0.01494326562094107,0.06242344970979142,-0.8297354375659259,-0.5582448991787342,-0.03866948559511886,-0.37636289785919125,-0.6949028208653699,-0.12705563596565933,-0.020805296623450417,0.33855061285918575,-0.18994019400385034,0.014442198753758006,0.32542109669352015,0.4363363714043191,0.03646623709161783,0.1901251764473999,0.1442153551764113,-0.11461838353836945,-0.2494452255417098,-0.1286045081335946,-0.2607625805630836,-0.23274079436875209,-0.020875168227643723,0.11669939372887439,0.019025907042743224,0.1468516226759372,-0.06693668504033548,0.2446991157951797,0.11263316154190318,-0.11670565762412023,0.24877015898309907,-0.06697819971614484,0.08958401686720005,0.27859845991997384,-0.07775981541681844,0.20509422970510524,-0.01752377422360665,0.34763422366860014,-0.14555529883189477,0.16407260929633743,-0.01005538128107777,-0.19406020056441867,0.1416650305669973,-0.06126261526088253,-0.006334099449892814,-0.444523029945313,-0.0929318374770031,0.07485639826039198,0.10062250472343608,-0.27478065801493007,0.10151676523261201,-0.005681079351119338,-0.16193876908207447,0.23310067955348843,0.31055269019979903,-0.13463753783945107,0.05156869799215864,0.08988820456163892,-0.175700738537756,0.06718514528338017,0.013913427527769334,0.1480608291768785,-0.1448988275014606,0.21776685447719535,0.0097524836679461,0.10610852939172419,-0.0853264367121193,0.039572840274769594,0.008167946955556497,-0.05694730798545545,0.02405772137669952,0.08880864135561294,-0.09275861197762535,0.22235702851637726,0.09085735985555936,-0.07592580492587281,0.10878922722769303,-0.11386565216138853,-0.08602722272254794,0.0191774049170963,-0.009132314330898051,0.02125079942841935,0.04290857804102043,0.015634449619994308,0.05797070500898262,-0.01100179974026052,0.058084558776189496,0.0024179991930891633,-7.877461221587015e-16
2018-12-01,-16.28668720515106,4.751102728863061,1.8716105579881739,1.0110043823747437,1.7982628254776696,0.2718751983789458,-1.5523348105922525,0.4770779707236561,0.45535425510248534,0.4820658187304654,-0.04851113754190251,0.24270031716095897,-0.33480010297460383,0.4864132853038776,-0.6178417849591067,0.9140000087576929,0.2395795020406035,-0.13518616650442386,-0.44932027468557006,0.20653499598237973,0.703125054131865,0.22008483916646832,-0.5924628356883151,-0.15853697681794088,0.4635222220245829,-0.20947234091547837,0.33017988765246076,0.053504605617630874,0.3204401879625862,-0.130039684841584,0.2158277433615899,-0.8437581924008519,-0.07606066974190864,-0.0395461791658165,-0.2930978737735133,-0.10756132972013868,-0.16729529907091317,0.2778971346816933,-0.009393949330580883,0.13186461437148977,0.3075081001645784,-0.2053173111907938,-0.15386218354175604,-0.37893236541437947,-0.1362945642025678,-0.11165397892261429,0.14861103477756563,0.22677814117411552,0.09453059499490814,0.16842816779192102,-0.3262535206441963,0.1960146358892562,-0.15893651746754398,0.2949271560839855,-0.12505972169938964,-0.04574686812275712,-0.07339522875984315,-0.10616477899898512,0.08949573490276598,0.33565936618860887,0.1641278302669634,0.061809882176094164,-0.03299553026032774,-0.13387801491795442,-0.13421072146572405,-0.11645980987144927,-0.4525363684201703,0.02215775419146312,-0.15869969489589264,0.02784248210730623,0.02680461656931969,0.17036798102010317,-0.21593602890593028,0.07384020001310392,0.1449695153974674,0.09791782882863348,-0.10148974671805981,0.07343723557510047,0.05466776847194374,0.03203341692353978,-0.14050052377665112,-0.10032502698178744,0.08264186119573064,0.07195145422824706,-0.15234408608604025,0.015802399931043924,-0.007980647721196778,0.08680844689930813,-0.16440461075832907,-0.04555499247906209,-0.0210798913927276,-0.06557182020623027,0.04106337764909045,0.038457534258918895,-0.07087367494217856,0.017610677650988605,0.22019274660215973,0.0386877715833968,0.16755027717754395,-0.05659283778614919,-0.024649502626728787,0.17142100315328593,0.022614289656433823,0.0354422575527276,-0.12025854916354767,-0.19406690621383918,0.05702805593574492,-0.01870463275933967,0.004468692356305101,-0.07931371378485401,-0.10409927497353103,-0.029208311549006643,-0.024817049701219136,0.03227704976860781,0.2227648567526448,-0.01871410572077635,-0.06355760101715593,-0.02390574209783811,-0.15702572064007964,0.04180222250903228,9.928874419884169e-17
2019-01-01,-6.786119651451257,3.7404267002181877,0.9643989170029194,1.2689268384060977,1.2841743181194478,0.580468399924787,-0.09861367690670612,0.34460448210686084,-0.7273374991689547,0.767437853951639,-0.42614009814240505,0.3060953382448631,-1.2954611852144395,-0.8696954743089969,0.29666685103797147,0.8701761093081072,0.515683871226874,-0.0011636482861198739,0.5662656887290102,0.25511327170000214,-0.16832947659078265,-0.1448415284053656,-0.7787901794076487,0.27491301447180505,-0.3991860175211679,-0.5144995958369657,0.3708100076465672,0.06888570319481557,0.6734719119182385,-0.23349849139731696,0.5132566058410768,0.1407406549918603,-0.2142568139512055,-0.30052251326603024,0.1539208887035879,-0.38500386665632375,0.0431074351321385,-0.05853502845344809,-0.9717720896126482,0.5495617193010959,0.3113909353513461,-0.31548644801008646,-0.23070948984543166,-0.10934880735645798,0.12661908028250682,-0.1673586080313793,0.38689528812050883,0.29349665657743546,-0.22537922516055306,0.06629045968085397,0.04094420430155968,-0.10832391208694356,0.098287262172158,-0.11918797824316395,-0.20665149176489292,-0.20220575154728176,0.2835931959591709,-0.11464600853141818,0.27084698842582455,0.32921265460209914,0.34212961939638514,0.05449540023612416,0.10727988753332178,0.03832729431370533,0.1672294538356891,0.16279153881303735,-0.12565707025457196,0.2250202414837568,0.20503182868893652,-0.21690881543387666,-0.1618681003574708,-0.14491090710240953,0.039798158660083814,0.12791422816850137,0.2540377596827005,-0.13626614985861207,0.017373709627868605,-0.0344977004599052,-0.07047773708246481,-0.017296116331308033,0.17736310704360672,-0.22002455928138648,-0.2289957890608668,0.12830377849650654,0.22811702447664944,0.09522416284322657,-0.1179002503241309,-0.05058497813895247,-0.23987253554327875,0.10556768547291698,0.18808665263781904,-0.1243395327311881,-0.25185727381455636,-0.13435013432208626,-0.02004758606730658,0.01997756902940747,-0.27215469895649885,-0.011810168567610557,0.2798942780224056,-0.14163603176239756,0.061628016167977855,-0.19776328465261245,-0.0015885675714490844,0.197441809168113,0.07293892257938704,-0.02220008515657759,-0.06429479676766611,0.008243762439879558,-0.012437328145443679,-0.036757286353117195,0.18093140693022491,0.1051616395826623,0.043989898949246674,-0.02908661404461762,0.03838464429534311,-0.0020013116340421174,-0.07247161060335175,0.021933309580783617,0.03722969199885183,0.009679037759562885,-9.375524693890304e-16
2019-02-01,1.6531834645517132,2.667226027439591,1.8079744863035707,2.046083729042272,0.14726291527315752,0.053384395251305,1.3018722407957048,0.62206377419785,-1.429038852343551,0.20498549022833598,-0.13163690093996808,-0.1975451611001972,-2.0999517604132056,-0.47907958412011714,0.07589425766783346,0.6570975763485075,0.36189286891347594,-0.2925162829953476,1.0540980907395359,-0.25122882956492293,0.6713886341929424,0.05948443693774837,-0.05014873359331007,-0.11692664634419285,-0.4278061743854534,-0.7862890914588354,0.2707593877388207,0.2761028015785884,0.10942683541380867,-0.37780792402368796,-0.3447569115560809,0.12619112560655482,0.10776288439258111,0.25752819303848573,-0.02113647935409601,-0.3686847703603239,0.19476703917133426,0.2979475589868753,-0.502308374799167,0.716826930706124,0.09049886453160992,-0.36498783751628533,-0.32781699430716377,0.04537618542925293,0.0495287621438426,-0.48523607823183734,-0.12425437596742671,-0.3056442975426376,0.3236070646469533,0.37973984000679073,-0.4329517231643873,0.1310324477905117,0.024233453944101615,-0.7431717288025697,0.22074802820038875,-0.14287113148332664,0.19918439561474335,-0.0998681622275319,-0.04701277466926379,-0.45592385073476294,0.23287270796681783,-0.06595647610429366,0.1963412118378236,0.042892890375276896,0.1841863497010168,0.18952603316780153,-0.005394579686293982,0.04735231392471559,0.011369792660393525,-0.06084966086083534,0.29334707430166684,0.07482817207257848,0.22881319214739,-0.3683841916480256,-0.3725401184922643,0.2748898695468608,-0.03169271339253291,-0.1422847864543735,-0.1599736619937804,-0.300929594590583,0.173381206766169,0.08013065367411146,-0.0010362598603071943,0.16036075913418285,-0.37870144946792716,0.0013224971040896292,0.375524752157989,0.007103753735695858,0.21559622663333006,-0.25355811260300665,-0.1095064832371173,-0.05560379827239126,0.06945124683323886,-0.24339868449229998,0.004166482810006431,-0.06092822042400906,-0.09925356794626249,-0.06519052595330134,-0.04581436772448158,0.011955173135813194,0.11083078986956138,0.06233008162940063,-0.005730567576701923,0.012151817682899158,-0.08677323010494457,-0.0681800871875265,-0.2185770185834309,0.0989554469699215,-0.10689428331114989,0.016039477929334228,-0.04808958620962514,0.030274146157314406,0.02022350060961561,0.004171398604349062,-0.04202147759390815,0.0006704669551086591,0.02241164297256098,0.023163704587331753,-0.054832059540219774,0.032549323127758524,2.072213070827345e-16
2019-03-01,3.5105572158269696,3.440318763247937,0.5465318622344266,1.207899757877639,-0.5549034540637073,-0.81039470517339,2.4049149129740917,0.024665313575922613,-2.2430644114864835,-0.8411996329161828,0.26470783661111175,-0.5338651392517062,-1.0094502220532704,-0.9010459471151909,-2.0776924411059743,-0.2799784339809418,-0.8335151770986807,-0.48330714376211226,0.06094833981544982,0.1996930608200191,0.8242821300330283,0.3678417470571649,0.3902510461866489,0.7176343069034076,0.47945027563615206,-0.9092014596178332,0.32899864832906867,0.5880249973332643,-0.319331563895141,-0.2447959156132141,0.39697219578381615,0.3466641199465696,0.9477426676960872,-0.12772730038422492,-0.3081415629938037,0.22580421514640228,-0.7153824071329749,0.2906990341500155,0.04121550416810841,-0.17955247118422749,0.5849740215740069,-0.5580965123813653,0.17271265509412595,-0.1765125994215405,-0.2890129724576073,0.4041648206167839,0.025308111096604694,-0.38364675690664235,0.11289545618140151,-0.4023447633843466,-0.09331005039878738,0.0031500895248198794,-0.6270724814645909,-0.15695289739985666,0.03383615353186765,-0.18340507995003053,0.07064655290683344,-0.03973227793611793,-0.0043929657369475884,-0.34346527590864606,0.3089137235851108,-0.09518507911679915,-0.2787691135994575,-0.1031261896777857,0.40271510915314523,0.08702829293431989,0.6652311564574592,0.4736747210775024,0.06555106794122526,0.06648012302366667,-0.24143322894994892,0.19732298225976522,0.12690458235775526,0.03331369144524911,0.19123450414082752,-0.14681118721602032,-0.33447659132517366,0.12600442589178468,0.2839193923772301,-0.07401201701483795,-0.18380510572356012,-0.19527831746777435,0.04534787882444876,0.11448316921262819,-0.0845945660174305,0.15222408420609376,-0.318863331486626,-0.0750267706817771,0.14276964887648189,-0.06103533820889528,0.0813878387069248,0.0981263721783178,0.18722111463411378,0.1522424026735701,0.10039180727756906,-0.1288193629392347,0.08828818712393191,0.033601762789222125,0.1243844076830899,0.12704757586211987,0.12659060665205427,0.0336900178714998,0.023894950895377694,0.09412142425316974,-0.02398145395815526,-0.1324020811656301,0.027944927428254673,0.05552483662298566,0.015502123606844337,0.026740801490245006,-0.042730258625477836,-0.026521566200228552,-0.006934331264974745,-0.036086665099417214,0.016029164898239464,0.02383637456712286,-0.013084970094541598,-0.012785323971187753,0.08114213262718954,-0.032475619810605344,-1.38307928376821e-16
2019-04-01,5.750891706801487,2.443952125740027,-0.20922152048498294,0.5191718953426999,-0.32343906237870446,-1.185628916332614,4.04577100243873,-0.017439870696794712,-3.099224625503361,-1.694914813259256,-0.4855421481469876,-0.357308972583681,-0.2907897539984445,-0.42491326780409944,-2.1167173038835445,0.40152741089656685,-1.375856027216722,-0.8095670764147037,0.37294361008546995,0.08421032635484813,0.6693458662397541,-0.31420272538131794,0.47241428081378534,-0.2687524496239256,-0.1906198625211221,0.15388461584618654,-0.5264387517608791,0.504150749189471,-0.1657146308580925,0.5052947074691068,-0.8278502914989008,-0.16335117253033457,0.15302708178809477,-0.0806575866504364,-0.34676382690572793,0.19732799079008193,0.4859364504487641,-0.713735357882621,0.3041884655195606,0.35570221382275186,0.22070303063634866,0.07912511387958288,0.16159706034510052,-0.7626238111126559,-0.003778528861085,0.36681541400909906,0.1335002756954582,0.4265219288698573,0.5207220688010047,-0.6717554506904733,-0.18307977621332672,0.7987688917083501,0.020831778982107637,0.12137227779794142,0.44221626505969025,0.22123029265937866,0.7703862420562799,-0.6431833049674568,-0.24246322442959317,0.18015670924605798,0.14933037115956596,0.35048917931201784,0.022036021142642238,-0.3275852931373819,-0.3981697705165127,-0.037233627699466934,0.0009154628246081212,-0.161368656035989,-0.1969661296197017,-0.14928462466026052,0.07540963708138924,-0.2436669362031929,0.061136488902220724,-0.08197674223491276,-0.1136280755462008,-0.40381678265299786,0.4163732294687241,-0.008950282658350716,-0.21982490564080245,0.13731527221290363,0.04293467751181705,0.20808974880828301,-0.03383303220496915,0.07595654152801802,-0.07251573359463813,0.19350675792404728,0.15385555546200574,0.03512886161157594,-0.16720908028921766,0.0923114540354,0.03066777611602695,-0.039824902436767055,-0.0032118729880042146,-0.15629602091265152,-0.001239972661720152,-0.11995763840840151,0.04799282251123919,-0.10250423469622355,-0.02408868389560821,-0.0274072317397207,-0.126576654211227,-0.021251431383458325,-0.0004792644656320413,-0.002789269679018207,0.08292575796118078,-0.019847120277689742,0.13349998234707117,0.03436225369275192,0.07391012254216706,-0.06022508392072035,0.02602755994895622,-0.01712035934849261,0.016437048515888175,0.01600249196024797,-0.003932327600960106,-0.003445524927424118,0.011861251806840141,0.01195930144636169,0.003428068955283516,0.004678969270662926,1.3175587488367144e-15
2019-05-01,-2.539320729199859,3.6421090443641493,-0.5367876419270069,0.37890372219503593,1.0067635447030616,-0.3787746399778581,1.8851103370493596,0.07705851834629097,-1.9046733719429714,-0.5658246812971225,-0.5955147549078963,-0.5384922719499939,0.025750827463842735,-0.5753436718210603,-1.5940704054561177,0.9172386033485739,-0.269230317041091,-0.6693265352689234,0.2839446937066661,0.04276845694424816,0.42677759923617925,-0.13166912974508674,-0.2744310509975039,-0.6446746115249966,0.05413117901200813,-0.21433557898575867,-0.7455626748616344,-0.45125518593841996,-0.15324581165830428,0.030392668109094464,-0.1008663882610883,-0.1411457548815624,-0.06368900045309865,-0.11523799096775068,-0.32411734989650315,0.19881260594376637,0.11531647011001303,-0.060198278360634475,-0.02981196699473249,-0.13943436973289167,0.30130373530915083,0.2955130350393437,-0.29661469890932723,-0.009596128579823166,-0.549463589520044,0.0217795050456013,0.3611875446764351,0.11654364445362718,0.4427940230028233,0.2745653656168277,0.240990971927537,0.035199255096211975,-0.23756494678195203,0.42970064475291525,-0.11886169150640778,-0.03241477537831885,-0.042297406723878155,0.22904552310827855,-0.3020640883713847,-0.1727187307154537,-0.246845791243545,-0.019927076309177276,0.27208004639912453,0.35812834101970065,-0.17359312685538358,-0.08533593034686487,0.06247615769549948,0.012924457227010647,0.17262099147048063,-0.08404093362367328,-0.05872402669169133,-0.05980665904150025,-0.31016213158043443,0.04575567851110296,-0.06661718382344572,0.3134669805306061,0.2413429888505297,-0.17845140536041015,0.06303077785283771,-0.050235983519992415,-0.4542204865080541,-0.03334118139877952,-0.1493181301497515,0.24899177567818057,-0.04109398072153942,-0.266717248982523,-0.011354687115999167,-0.04302118028129851,-0.189668716805591,-0.1460243341121702,0.2112240055504163,0.02343812390220008,0.12463826531068635,-0.003332684821222634,0.20759967010868885,0.1436035197960742,-0.08167887766466066,0.08544580318794365,-0.020202666130390082,-0.030264807782442314,-0.10601776862266588,-0.05905158625753034,0.09133860823736342,0.04310382688412297,-0.12406314528548483,0.21835715545663115,-0.14811145498650133,-0.20226848584822177,0.01042349804191369,0.1156893452251292,-0.017505284346792774,-0.10228927941167062,0.09397826851165345,-0.07981044694788027,-0.004607644732188811,0.04960295975320336,-0.04867508619389466,-0.012927144363172063,-0.009667924779351038,0.005943900757751654,-5.964004081628697e-16
2019-06-01,4.741221616609481,4.0634573850651705,-3.04835789541101,-2.360212518734246,1.6176397937818066,0.8203905379026474,0.20369855177602827,-0.7623385448014948,-2.477131738180733,-1.1515791819652548,0.03845148556574107,-0.9858153342826278,-0.3919008560893365,0.851203690531565,-1.3866921443361573,-0.125955901759457,-1.0474183157081407,-0.6749140618263324,-0.014208904674855034,0.017126874768643642,-0.20624707041051604,-0.5600177738876008,0.15570371922856635,-0.5437895519653242,0.23277416685950608,-1.0680510154947367,-0.21376095726065755,-0.658714624000964,-0.19387894619606372,-0.30453604427227676,-0.4705663619796481,-0.6680630926162777,-0.4808898934760213,-0.10289300828360351,0.43288552169081673,0.6044135101207212,0.33589226525124777,0.6241005263747691,0.5673258119048579,0.2597978703015526,0.27871625292971025,0.7759048849331173,-0.534662935380531,0.4277996993110192,-0.25596747679624526,-0.3747990607361631,-0.305559227510978,0.3158392709189355,0.04692560480057213,0.20910249210304133,0.21109464355303503,-0.09574174613079973,0.18929036323892137,0.022720653751072684,-0.27816489956159884,-0.2204083517543357,-0.09883051219359876,0.10987715724549457,0.40321656297404096,-0.26221750108666236,0.18510069045789374,0.09333410643886232,0.008294337521202125,0.0004952068636426332,-0.13657856907531657,0.11005890865086787,0.07853260749505526,0.2048206675669563,0.159752825238519,-0.11208664421321225,-0.5450196849821872,-0.016470908917584955,0.4508831703409951,0.11460540159292606,0.3888482682955682,0.09279103163869558,-0.23502532525903166,-0.12244975158423461,0.2683787589030302,0.031357494591955866,0.048356459617298106,0.14196082804640858,0.14393969221158226,0.23636205759560625,0.11628433729047002,-0.03343960758734547,0.22516554785050436,0.016939334740230898,0.230520912671263,0.16353420542522815,-0.07102436812161025,-0.04026610959164114,-0.1967274681346751,0.12457975818799845,-0.18451269744367382,0.018702667391307378,-0.10390138152656707,-0.16361118195556726,-0.03709991301546877,0.10477325920782414,-0.09516584217108695,-0.025262979530311803,-0.12617530209159383,-0.1877882156604239,0.028319603360695347,-0.028679462997980812,-0.03786798821392318,-0.03286374324499303,0.020059303665537535,-0.1017787712023454,0.052198662468212566,-0.049243267059112465,-0.03555258864330506,0.013121127323865105,0.019341481962709132,0.05635537334587623,-0.0013633708908837208,-0.03826719849914188,-0.010557567120687244,0.046932862681745784,-8.195383683309628e-17
2019-07-01,6.705435480164847,3.8146029483469848,-4.370291466137698,-2.454325048728084,1.6566414917810834,1.5102824531073522,-1.0190361429219466,-1.1509393798210115,-3.385873352483369,-0.3604887756748776,0.10742839994399621,-1.1303306200408498,-0.8285791812390254,1.4411938935464166,-0.38542465135456483,-0.3661268586319875,-0.39224936920079734,-0.6156988772170713,0.7135332719095099,0.14516251629322738,0.5939100510627328,-0.14507025785768432,0.592818959717199,0.3822124345201557,-0.3146859301061288,-0.04465128752902138,0.9885981845767321,-0.51696753416806,0.17097975898774964,0.29411208461616306,-0.26264150760230187,0.40523602782166185,-0.4764941909320156,1.0323221920437622,-0.09160488321004771,0.30494664983921527,0.05160115298678947,1.1173518618666496,0.3101735220817164,0.36575476205310636,-0.2615791474672346,0.03136855751575582,-0.5391579237118734,-0.25672097338854954,-0.06465423841035337,0.2347742758948999,-0.4409441302979294,0.08220211616826821,0.1868284948206218,0.46630120795935337,0.22839680338893162,0.44154023300300255,0.27969504376186627,0.33829872054064375,0.34688885740624253,-0.2275804743880823,0.08601181296129999,0.4339430231660801,-0.005982969783605992,0.020345705758233638,0.17273982466227122,-0.17128641818788973,0.3632842025943751,0.1500893657054969,0.08329464066741037,-0.10243093053734792,-0.09674526282211363,-0.6136754568050758,-0.05785429043949144,0.09796255520767443,-0.16543860123393533,-0.2617941240605875,0.15277076902036438,0.15753212636953035,-0.19121925358277336,0.09659550964209714,-0.2955506964171681,-0.11694636176329821,-0.010913900244966754,-0.23274787941526087,0.20725626650905046,-0.13144102818107833,0.12662678799389732,-0.2003422724612008,0.1980198582865466,0.13082754465613722,-0.10447584548258819,0.11833829485036701,-0.0830365444936847,0.09429264564912401,0.07904221829788721,0.13233903753172013,-0.037760669965872434,-0.02954474544959012,0.167375123017566,-0.08120932044326139,-0.003182606382470664,0.22625955151754154,-0.06486005672536775,-0.1248758124545801,0.09471490987036582,-0.03460985034940755,0.11563731903190982,0.07335809042039321,-0.1002785338644453,-0.046454270825282314,0.11401487329294478,-0.08532610283663664,-0.010901170544161185,0.019505304536065977,-0.0467770457119158,0.05215679106809557,-0.012122996428639617,0.01296560648633096,-0.007019110992001326,-0.08425787551131046,0.0357598149472354,0.029743665240191515,-0.0028799082317688125,-0.040066123214716254,1.24718426205099e-16
2019-08-01,-9.453247653579398,4.637591665093571,-0.7733964889665154,-0.9334242068522752,2.146705457618604,1.5955092109104283,-0.8492853369932425,-1.2622789262751306,-1.3038275763394027,0.04896762338539368,0.06838123594816725,-1.3764074558191148,-0.042525631610172004,1.2007715052032695,-0.75631423868267,-0.04424225377634762,-0.08895877298482266,0.6295214704007024,-0.3649716849997532,0.01823651541395206,-0.0331337755868711,-0.7895646780996789,-0.19000903756604315,0.49214852416033256,-0.5098926885300482,-0.023778250099011695,0.5769212834990416,0.28474074450758363,0.37764582475613523,0.22684541676330394,0.4741190682232506,-0.28934837094030164,-0.04783424635328054,0.25191393560413716,0.20820204765932263,-0.3212841949211678,0.20155739300190395,0.36817163566133726,0.32917542030155356,0.11602865862668896,0.07445326905625232,-0.2041165706181935,0.18131960660870197,0.05198614801216455,0.013517905042352913,0.3255235360051787,0.3808822627754578,0.06592995273865564,-0.4807862308876054,-0.36030299507169916,0.4012932939288877,0.16361235780579503,-0.07529417216797932,0.2224174693859372,-0.1797912879590712,-0.11622340978788823,-0.10701188364770949,0.16740143987529946,-0.09400368426568718,0.0885474834153849,0.2688631484589375,-0.11229206723768279,-0.1696463188043213,0.06552596533377991,0.2993497707845655,-0.16402934786750925,0.03807191496265909,-0.3066580431124686,-0.36608176414869087,0.21920702934742606,0.2894471515272471,0.14624064025972663,0.08848755858725985,-0.18831379430955064,-0.1493402695483759,0.27165163963438843,0.3123374907439989,-0.1368957593857669,-0.1504157721654508,0.07088200549503591,0.009423192166647464,0.00035763544621739986,-0.48135301866892455,0.12046763724939974,0.023068792697050942,0.0850568817024828,0.06578149107716029,0.025274223717492744,0.171737270505072,0.16606962983129478,0.14899800383958364,0.04737302662639598,0.05442637516594845,0.24177274499575754,-0.10451118046528339,0.055599202949821264,0.015638189174594478,0.11562312483008222,0.11286777769616016,-0.0030544796051554567,-0.08575228684643124,0.20476113280602135,0.15655547398973996,-0.07849393109779877,0.2257162030216066,0.09461470745132372,-0.047225283489041724,0.18621408095566114,-0.061674116313791355,0.020790041586546473,0.009545865718646388,0.004525324610103271,-0.024360301091924916,-0.13726606168191394,0.01789071699663273,0.03700079881342143,0.05064851351429602,0.01866209304685926,0.011267311972722405,0.05350776898245099,6.159911529481504e-16
2019-09-01,6.051776737038751,3.27258647012783,0.05587528470357887,0.42540533234731526,-0.11725065049717531,-0.22422670278484455,1.022185291695178,-2.852927992238369,-2.5185499083709564,0.4023721425341526,0.22912569671442312,-1.2827613850030233,-0.021405588994748467,2.435907864187822,-1.3062907983962988,0.4436169051678268,-0.8039205047325194,0.2723216863782536,-0.4127594860513465,-1.047810941750747,-0.8740837444827624,-0.9556942712662564,-0.6044199446297734,-0.13018526175647482,-1.117381334712403,-0.40811914535682614,0.044635753138226396,0.5523184031921325,-0.40860379443553657,0.14646118018690948,-0.07011528182222938,0.631624509275273,-0.48608055028478614,-0.180447774056668,-0.23725668065016797,-0.49138075024115413,0.6408543499914667,0.021750967736737258,-0.20293121825777521,0.45127233118293025,0.2501594415874055,0.34951363605304,0.17916818861093278,0.08191305703626228,0.1319327210345084,1.3334756022986114,0.09697068593985853,-0.21113270323375266,-0.4676698884388212,-0.2995769129202221,-0.023339300689934565,0.2896836935121892,-0.0012826144746724266,-0.13983010201857987,-0.2691001306992979,-0.14314079668201718,-0.9292804533276768,0.3350301664692743,-0.2868609902036555,0.4153476521888769,-0.03924966570637433,0.40020533950712744,0.07520615179293096,0.049353137680350004,0.1708491200166366,-0.3179957513653626,-0.17772421564165292,0.22061705889170072,0.21642091210955813,-0.03281819100701698,0.46676653854821976,0.1139504838462769,-0.1328075688018593,0.1943412576989208,0.06505700922500626,-0.11144768768216297,0.15583695200106448,0.1155356352075337,0.08797378709608619,0.19358810981009897,-0.0476793828855912,-0.043666400193373665,0.055104773398882125,-0.06281527586569272,0.1307076226370864,-0.19766905021656758,-0.06068680575390711,-0.03125200921619164,0.090786119121635,-0.13607992206700176,-0.29616987790918725,-0.09137495064284823,0.09487950978437791,0.0037188744887765375,0.02810413156125766,0.02741318182096326,-0.024087196107405336,-0.00262179393233402,-0.016834282609193268,0.054465625238113276,0.06840453968427374,-0.103531724563264,-0.1554643837118386,0.0773455117111436,-0.08484421760233755,-0.0564844133168584,0.015752638545294788,0.023284881395003922,-0.06131234272533317,-0.011000128992693313,0.003157303029056476,0.038174868821178445,0.024422145274266407,0.07342496328656858,-0.05372816107387762,0.015020468532518545,-0.025672595258127456,0.03263594716388082,-0.03704937750018424,0.0031412871458565985,1.4236989757674812e-15
2019-10-01,3.708871704606364,2.4709560903491052,-0.09900377904096147,2.485163585121239,-0.8220090570583848,0.13372135029106103,0.07567709492579587,-2.469137080101437,-3.1260912624290835,1.2855058577564629,-1.0935725765740136,-1.9759598530489961,-1.4545162139144105,2.800841214169441,1.2041166507919785,-1.0225804278597523,0.31411827606504805,-0.529177092303445,-0.10407938519827269,1.7116463700023585,0.11061188681716028,1.3548921650249526,0.7872267243241694,-0.27755038617637207,-0.26452181706144523,0.46742575493717264,-0.3600422333223321,-0.7700505650214268,1.1408052258660444,-0.1351385040121994,-0.8412385977405767,0.34461038094338864,-0.33677110768181645,0.3589393438064968,-0.15566979077479665,-0.1874390911703098,-0.4072954072337497,-0.7200113867260853,0.10456070295342751,-0.1810577470454253,0.07775130590807708,-0.4895446290187873,0.8018727766481492,-0.29499826666036144,0.472866807803608,-0.6566421100102476,0.30607352633293583,0.6438460212287472,-0.6149140508115711,-0.4121450179283154,-0.48606841476434515,-0.12991329336258184,0.2852759402516936,-0.31218711378211805,-0.06762189956679271,0.17383524673073034,-0.1872751205446833,-0.47253668480400834,0.1532672128850964,-0.3251170708362686,-0.6720007949636173,0.0032855654952431636,0.1460211874864037,0.5324483554710163,-0.2261182505360671,0.07835376693744213,-0.049635719239473346,0.196035306546218,-0.06828931467081006,0.3363323863922545,0.12657634640020876,0.08170755937751197,0.16460923331825666,0.044613356727091484,-0.009891898515507992,-0.2987841044900605,-0.2478517419323101,-0.07795837229741241,0.10723920351894091,-0.062041695270621325,-0.08888650116122164,-0.26359441595623856,-0.13187671493908287,0.06267656808660478,-0.04785454433253127,-0.07071676148621137,-0.11426896161687629,0.02453372418194744,0.07032484033192447,-0.0757402349610947,-0.06251034155594502,0.03549293074284012,-0.05559344204031795,-0.0364913629818407,-0.04619020507158969,-0.011792844496138393,0.041652310211907,-0.02095222787831845,0.01591965647043498,-0.027719373302639242,-0.04237010329267277,-0.011974799504333385,0.13563017439362196,-0.08462304261596107,-0.05224702792180659,0.05018558299827437,0.03623148012569912,-0.01702544465014978,-0.02587832525618236,-0.04341103636771881,0.004020212592482561,-0.02681968840605193,0.01680846521283003,-0.020012016872098654,-0.0039029723078118543,0.004870039013684344,-0.0355161636850696,-0.016091731711767938,0.005645160013611024,0.004215477159108685,2.6718368413275764e-16
2019-11-01,3.0673570587629664,2.9300834013107337,0.6007716751135428,3.023884178737631,-2.437388257569273,-1.078071171167212,-3.201198864770002,-1.9252639864761656,-3.5283691167398072,-3.1826007707298176,-0.1368792330546781,-2.191504231018047,-1.1129142210217795,0.48775697020705155,1.6085854318373507,-0.9403582843778696,-0.17878119832969683,0.470424594082321,-0.8692455527101821,1.506266065619137,-0.7833817683167311,1.5048601527909744,-0.23363584368218504,-0.18926277552770995,0.10872558112969209,1.94410394278906,-1.7542736770528375,0.08739204998584253,0.3217143581316226,-0.8769814424199708,1.5681662101082958,-0.251848167186746,-0.10054704780091508,-1.19280154150909,-0.19570681037854173,0.5195258368637898,1.084488291941258,0.46296161960176196,0.22682265776418295,0.08499876244618547,0.36562569494314634,0.1858641189427862,0.16095793509848386,0.39136042753949607,0.34480703513201666,-0.14207972940451727,0.3100786219269496,-0.42339874538734856,0.7046174987632385,0.27208505359295143,0.2218764788105056,-0.25418781945991875,-0.42607482175534456,-0.3694133701792958,-0.030552261532848388,0.10656561512559677,-0.007082625925935433,0.32395302446230795,0.13307338201190208,-0.05097950759493588,0.03378411308461626,-0.26123708961949355,-0.04095573596355197,-0.05094368981924977,0.02756554898759618,-0.1779284097047807,0.12068730615927056,0.07306129299388409,-0.141252753397941,-0.19098276034096723,-0.09051227394277693,-0.09061299060794949,-0.06677999997440424,0.078154606357368,0.01081581762231733,0.11746848699901946,0.014983440932995183,0.10477026781962046,-0.1311156704061938,0.1688811419709362,0.11662808947472761,0.1580562286841906,0.025712261531513507,-0.07504094579881643,-0.04742751230241137,0.047651591974522615,0.10263433622505856,0.12120901497764236,-0.12482485784203945,0.0036476363451810965,0.05763858238569204,-0.013741868733557273,0.09337098816797663,-0.02408576573344495,0.039938710510072986,-0.0558902886499363,0.024513658127111003,0.01203229556448732,0.033079325982879104,-0.026605326756238713,-0.020716483436758734,0.0005155319018502517,-0.06975776210876147,0.08354200059198524,0.029063744360007936,-0.032281650845701504,0.0025108552114895552,0.007431319644454327,-0.01146686237406326,0.024554169818274404,0.0024641065391862254,0.025619015219904076,-0.03733894287467478,0.007337096286552595,0.01658545284577117,-0.00768110725424791,0.024063880644320468,0.014670543613955664,-0.001754143552406595,-0.0015447470487667857,1.9118227068074245e-17
2019-12-01,0.10473887892752197,3.941869164002606,-0.910433653686827,1.2042244879202182,-1.7934623033954118,-0.6505638576753127,-3.6454386641326706,-0.8346168599639043,-2.1862507815708394,-3.5108612055394754,1.5285882667558037,-0.11291622457328189,-1.343770153557632,0.5526944594547036,0.4658253531293433,0.594365017109304,-0.6077956690200127,-1.223489365421015,-0.7852633176476542,-0.2278396279626352,0.026857743425385265,-0.5274310157903909,-1.3428035397760825,-1.0637433216145882,1.1823120398255713,0.4889663571687834,0.9114185132404113,0.5892120650631081,0.3661174698638825,1.3791407923773231,-1.8180655744108998,-0.11144430975563306,0.6485525587993535,0.39276020787121485,1.1119624390325349,-0.6649565616617876,-1.1645290774826402,-0.48705093813720485,-0.31689699581348774,-0.9745892868519517,0.5974855557023141,-0.5832449530367112,-0.0011708239713070225,0.1384495835228076,-0.0735301282549196,-0.17445944505809202,-0.29024428262118085,-0.29394246616673986,-0.002965869278488511,0.4930647475015183,0.03004171865066445,-0.22863837707738707,-0.1905996996129987,0.1544313857821017,0.21441311375682087,0.28534531436643223,0.2919423482931755,0.22915718926564127,0.14943320844032557,0.18272326590470206,-0.07624347916412785,-0.07940657825155291,-0.605724732994972,0.19999406173897183,-0.2820936717729075,0.005607889275106535,-0.04552695675108558,-0.031464127502066244,-0.14441588533689562,-0.4038751768198322,0.08744900169784238,0.04252727442845178,0.010081296036862178,0.25269419471470717,-0.04041749895405146,0.09769451349861585,0.210768054589316,0.10993958655123773,0.03832734778606312,0.04763659891396786,0.03510003205831229,0.01497916241288366,0.008638589284059762,-0.004755181558062094,0.07344243586068197,-0.05749518324054765,-0.009966656213493385,-0.1515752877840653,-0.01784682319875712,-0.10699771524928485,-0.013944416077623896,-0.05656980663147756,-0.1029706017593439,0.10360431158649472,-0.03986847955381587,0.05192953756430289,-0.038313789083898264,0.020114669858681294,-0.0815997049219424,-8.152579083343215e-05,0.06555544867022703,-0.042231029999745,-0.03615496146245122,0.004518935051362746,0.039170958841262864,-0.03981354916025626,-0.02915533273616951,0.023795834077537874,-0.0010642931369097737,0.02455566676004315,-0.023456048954781046,0.02857478533531501,0.031013617424205452,0.0005568976926852293,-0.009531456813145997,0.0018127062779930846,0.023770909250605345,0.036010007171151937,-0.0018145136858034405,0.001471203749694944,1.088657455243525e-16
2020-01-01,-2.94407557819488,2.7321559692373993,0.014671452373802716,0.519768852204265,0.02643514266154539,1.0018323712659556,0.42936316758911,-0.19695676310413987,-2.075120456733663,-0.5109880974351514,-0.49078490016451226,-0.8338446575966026,-2.506395828968451,0.27418515124113213,1.7999837007888309,0.2989344569769195,-0.5700150597694197,-0.0326660807989967,-0.8474728942990238,-0.4815274812564547,-1.5784873894168026,-0.03827898819579194,-1.1431580791542966,0.11654377804964774,0.14568627406634663,0.08691150125229352,-0.18105751441989465,0.47485919530285803,-0.03127388985696106,0.3092068562833335,-0.2963013790850553,-0.031888945399407974,0.1256207425383773,-0.05203002047521715,0.3392652692203707,0.39572893836424594,-0.2767352355071067,-0.006335542576571806,0.2380123055661537,-0.39444108799766814,-0.387786117429962,-0.29819011088920894,0.13409931394873867,-0.16882487655658962,-0.18564555371571687,-0.23086584961979306,0.020025387674394067,-0.08559145291032587,-0.5202008339598393,0.1494804307229373,0.16369881070344877,0.04994551253330439,0.15514967713771044,0.020935693515766934,-0.12837168343941674,-0.186609296916575,0.041935137666124125,-0.4925033483843538,-0.4442328072933132,0.3039384131577093,0.5528267754531587,0.28458561056777393,0.5713239035529619,-0.5570322261305247,0.14944256339123896,0.43171554248078836,-0.36184736820492613,0.04243991826626535,0.3967109711955259,0.09498957908195085,-0.415480007646479,-0.03953721560852873,-0.3058997786634639,-0.36418456569176555,-0.023402891017140725,0.01533124983433619,-0.022184071941376563,0.1261988403433979,-0.3104431687458728,-0.05125561654322072,-0.24994243948016023,-0.04636626235502336,0.1925934771817152,-0.3145522145267437,-0.14035111835405795,-0.1822046577262375,-0.20638820607485064,-0.04742813984751168,0.22141318295277523,0.17833605456485188,0.15246478501006364,0.11150757601931342,-0.01735677015144792,-0.20336292301370978,-0.04084054758033754,0.07198967775213203,-0.09531680316696146,0.06049789880035138,-0.023589481614142923,0.14337044704289034,0.026320698256062484,0.15861042956414925,-0.03829198771039809,-0.003893681678303414,0.02722888947678469,0.05713805163644992,0.053582462997823294,-0.027775578853855416,0.009525400529576095,0.06085212217806681,-0.018427169601718855,-0.040167838084164645,-0.026251523988174805,0.03670621638964738,-0.001868927471828449,0.033703932551534185,0.001221189522642772,-0.02443989023893868,0.013439802743512195,0.019500527646888453,-1.0070967230349697e-15
2020-02-01,-15.49448419025924,3.5194571548852243,1.3454675492729722,1.1689416785657452,1.2402603828344503,0.8328607918481765,0.3340095732139096,-0.23917749721533169,-0.694529939686806,0.27361206203159033,-0.5054652442277588,-0.2968572230902713,-0.621544482324989,0.07199832764562623,0.6177470122317905,0.5520093671197739,-0.152090092503342,-0.14223734823998274,-0.37196171148670926,-0.048916555024916125,-0.623363634906752,0.10359902892524941,-0.18165431375124416,0.34860464018484144,0.28221852844696566,0.19703499457991297,0.4152635296810447,0.014288991763205429,-0.29744173586328526,0.016762172429273584,-0.04297036995393705,-0.007221075982865486,0.03044333664547919,0.14959193888660802,0.30634811716520655,-0.011587947197417514,-0.29407620218512,-0.0145359885414759,0.8174679273170846,0.03415114739194825,-0.11350096685018686,-0.26178235383376974,0.04436682155513548,-0.03290628902846612,-0.22065241272288236,0.07738766301181214,-0.00016368299834017318,-0.22575929705954115,0.044465492978274006,0.20377727331229853,0.18292724355631174,0.18263201424165348,0.04094479672955307,-0.06198652542195357,-0.08104351017702097,-0.06281192563961026,0.15739865995659558,0.24734271777620906,-0.2482854095471665,-0.04135848606208191,-0.13424841269517607,0.09539335166050243,-0.09561574096448129,-0.0694006077927403,0.337015346053912,0.291555352166829,0.16137838852501235,0.04963892926711685,0.25346187088484146,0.017071863085666075,0.3214946353862805,-0.20428490512392844,0.22498811145632228,-0.26048171445305673,-0.038960105262014745,0.22943890263293706,-0.11968221940917087,-0.03653274117123764,-0.14887371346644454,0.06110152294958259,-0.1063610966376226,0.01886652526083567,0.005629764110613391,-0.06292377424583157,-0.01633454335555602,-0.018953858651102183,0.3228670374785805,0.06475643649633508,-0.07128585285120564,-0.07242404381508627,-0.15096047804082108,0.01985722516453717,0.001297811636445029,0.08520641610140883,-0.030427408054262292,0.23548075447645092,0.2625874270258576,-0.13720580077391434,0.020286337405208535,0.10319455598751827,-0.06229947987423305,-0.13697833302181275,0.03981893905404737,0.01416435946372673,0.045800745150277676,-0.027155076060817775,0.045760697645503064,0.01948945221006886,0.07751825476039645,0.0003365735514371092,0.19742590070705995,0.019126779526395372,0.03678254543569411,-0.08523165760499211,-0.006720168000836127,-0.09844049817481562,-0.0569631147691581,-0.11434947113647621,-0.037122916919072386,-0.1466246270223026,-1.9926958849000314e-15
2020-03-01,-25.279180757260022,4.379769165335775,1.6161500871952297,0.583735552013992,2.815065534089895,0.6912453550793716,-0.24097914685759056,-1.2061375970789627,0.5172222346516047,0.5112356229447605,-0.012842189157885993,-0.3799824269054006,0.4062369537144103,0.8321103680697411,-0.09673597704703628,-0.2958241600098175,0.4679892594344273,-0.09693721585988381,-0.5488816235256846,-0.5429341480821003,-0.04424281409438581,-0.9131956085949668,0.03797907208257795,0.1217711364430813,-0.38319033459761775,-0.40460863623351334,-0.07765068997463787,-0.06641670169108273,0.19888671506258254,0.05287158340083729,0.6892641357198542,-0.27209922062916136,-0.21391605273960998,0.023826398061244113,0.07707670659640857,-0.1620602631474169,-0.2769491028739118,-0.01690542723554994,0.3756286487890564,-0.46688031038718836,-0.03417967009225948,-0.3755041251217761,-0.058169588101046096,0.2905777070790588,0.015055410270154484,-0.0001633140486565728,0.12547268130588696,-0.012136842006377938,0.08082190930124615,-0.289440069787498,-0.16033823595870203,-0.12713456765263545,-0.30096192398037996,-0.002993651306123235,-0.27784399663835285,0.06109824792802345,-0.11959455632906493,-0.0877824721209735,-0.20040204381394428,0.0430290665741121,-0.1560922782424862,0.5081104426337748,-0.42052299559410566,-0.1055857400067285,0.19226809640552306,0.054426299346191295,0.12913928185202372,0.08757998847035034,-0.09180347823318245,0.03318853793494975,-0.04349673910361631,-0.2770727552223214,0.2614976956836237,-0.037385701980133544,0.2719286497841892,0.16893467492620906,-0.04414336430063829,-0.003820269783799207,-0.1192202403058621,0.05268869992441621,0.21562286385902268,-0.16716269651065038,0.06363771679479854,0.06670721312893127,0.01347858805463162,-0.007738300631214364,-0.03352718394068492,0.29825508519895083,-0.05388056638099495,-0.16454953724351004,0.14565724546228234,-0.06080948598117697,0.01965183875086228,-0.2783188649628774,0.16021020640850964,-0.024442721427392188,-0.05485148796140118,-0.09659107679331323,-0.04919761181585309,-0.17307018864649382,0.004616120607323329,-0.134847401667679,-0.05784933521257938,-0.2291631809846553,0.05020473592048451,0.03335906109466792,0.003516559418370716,0.017503601335739426,0.10672389295485334,0.09499453531791029,-0.19068440643912907,0.05569556879652086,0.13210570903062538,0.10068915767042633,0.04644684181046306,-0.013177706257887872,0.08293702043070897,-0.05200634602074415,0.051828073077086395,0.0027794403550661074,-3.565259846241414e-15
2020-04-01,-18.985784226246647,3.271193738570639,0.638530541627954,-0.48786268482796874,1.2807584980644637,-1.561925633858843,1.3932225035539645,-2.3232615060006703,0.7039465652937095,-0.9318550744665519,0.817608201234115,1.4575265246915923,-0.2735129681991361,0.8585639659261751,0.93861992996456,-1.2365385427944504,1.5444392747584328,0.8728352429865385,0.4434080848818694,-1.5803392787598651,1.0903028326195487,-0.49781649704640196,-0.3157723704289871,0.06432379429353438,-0.1278210008072422,-0.3607144066812478,-1.2696722543418044,0.18823602581801385,0.6099564622711331,0.0018594468705366166,-0.05260581266386182,0.27776977690481025,-1.0751038614244963,0.20286295446929173,0.5385249234199885,-0.03845122783561654,0.2431198956412043,-0.3556016800007943,-0.25519906061926473,-0.4254927860573651,-0.039974774105603246,0.02802285839618393,0.3106471785768325,-0.1005636250970786,-0.3268643853106617,0.3840478695051576,0.23486375527441603,-0.8521676061826157,0.4144652739085773,-0.27810152302147734,-0.5889502321513997,0.2615833505971084,0.2031603667706426,0.20863814887648868,-0.2310820766459898,0.62139109310976,0.28915472788457475,-0.020345631319811725,0.4099127575103735,-0.32346240616590743,-0.04435096244500053,0.40574668440744943,0.14952149908580004,-0.053886925265314835,0.018560415640844034,0.3351092293629577,0.16681339157874306,-0.37914626350723685,0.15342115283123772,-0.3050556152888524,0.07219139253135166,0.07774586529320247,0.4583993886460676,0.19055365604441238,0.26272030686065945,0.1828357060252471,-0.23272595998465825,-0.12030661820456527,-0.018761271997073684,0.10755635208794213,0.09992384766301952,-0.017813923200842505,0.14481501774978592,-0.04572494753528826,0.025877632861526233,-0.11713602311377239,-0.05792069237274793,-0.12179784479942207,-0.14853883560376435,0.1850328262947476,0.016091403936904017,0.04375644010958842,0.11345485438825682,-0.00027217779684855434,-0.06558273647336613,0.02133151317317734,0.1167203695903827,-0.0502449600602081,0.024857664182943818,0.04618433829997096,0.11198084616735798,0.07821204978942405,0.10941595137964326,0.133382102031218,0.016571491347776766,0.050954217415843724,0.0030659334352887845,-0.05161409236137397,-0.010506426327727067,0.006964813089610771,-0.01387264684804412,-0.03778729006178143,-0.09895818296441761,-0.038966823511042206,-0.07058523936512517,0.012545070294073427,-0.025663529313338283,0.021833362805190156,-0.01667225255016277,0.04345997817226771,-2.686851190976391e-15
2020-05-01,-12.005412509383204,3.3182647777325744,-1.5285398820880791,-1.1695888980190676,0.6914017931624235,-0.32178445563627417,2.148833886131337,-2.5977347435146068,0.16357659248244372,-2.2380217344707445,1.4156531480645844,1.3615560294312554,-0.21642718566431524,0.9067243882078919,0.2711134375045816,-1.3366152801460438,1.3586832964482378,0.8422431652359548,0.8886870878382587,-2.1791773900608993,1.0156879063077118,-1.2084063256941344,0.6838908702363795,0.33634061160192413,1.0360494396316051,0.3149148430947817,-0.681338353889123,-0.3068356903478607,-0.5064293103042186,-0.2557741506045028,-0.5891958962518689,-0.04155202717582493,0.5614722945893255,-0.7641936063100327,-0.2870065346319034,0.5174606228262457,0.23424885243450091,-0.11357947039524931,-0.3784658997594616,-0.6206643064156573,-0.3275981112524927,-0.24070623063191215,-0.05216065622186815,-0.2621178119789597,0.41701928139021105,-0.14920157109968107,0.4187896122938687,0.38710678950103367,-0.04955184180341629,0.46280939855663655,0.5604224055538777,0.27418597707720416,-0.060431026481050774,-0.19236958919261432,0.008781154445699938,-0.5616300725931578,0.059554180958124536,-0.025928574582095257,-0.04205070603268003,0.03859531990734346,-0.16315158047068598,-0.24013089608652383,0.06751946096130142,0.21312780085212424,-0.16538357642707,0.26191816149357805,-0.023291821038129625,0.22975885620680914,-0.36551300762346395,0.14752126074184832,0.016392880257725014,0.29132175552558165,-0.19714593764021493,-0.22703526255047404,0.026255991978798313,-0.11515673327202859,-0.03514458994127241,0.07817586338763717,-0.0774976445865385,-0.2615198493017299,0.023544510125167225,0.15775588173956476,0.0765725853125023,0.16114454828877833,0.10800719276904884,0.0519995862925443,-0.13114183147611463,-0.10384034520236435,0.17061283103022015,0.048894550138567305,-0.1666462877364833,-0.04059021208358585,0.030047359404657633,-0.10735847052713633,0.07268177972661125,0.13469283922277903,0.0675224546027995,0.12598605912537975,0.13922961556315333,-0.058621050145210005,-0.1348598254146179,-0.1691528147374905,-0.11226833629424998,-0.0898172812079306,-0.09290643729378414,-0.000527946151655963,0.031839911056335914,0.041425412867049934,-0.015181599634776916,0.07544013149940319,0.06007472359368011,0.0537479425091632,-0.08418409226124947,-0.04142931220021266,0.04401845858777423,-0.027233684567030424,0.031398745979516515,0.03181134272962053,-0.002153077957817409,0.0004893495741353398,-1.095403447047773e-15
2020-06-01,-15.027317865701578,3.932856981261961,-1.2048289331853734,-1.353671038841194,1.449900434581597,0.7688219167585608,0.5938561989551393,-1.7014068799534725,-0.17706636792244979,-0.90425400605167,0.2472133632440423,0.16566545247645856,0.1858199139259346,0.7715909327678285,-0.5623186693565314,-0.32139740060724786,0.36050741013395904,-0.11139852821875429,0.04580181513203652,-1.1125542542350535,0.24262269122326288,-0.5097843364415995,0.6397096781682664,0.32804575996620666,0.8680313307800308,-0.08994556758746586,-0.3804599233467426,-0.3045356650000471,-0.40051970833558803,-0.29551105779108106,0.06198756886921866,-0.3923899211643859,0.6259010636338643,-0.1365305185563639,0.07142291670442426,-0.0008415362462865032,0.2570798394633055,-0.3435866636924417,-0.3749412996222888,-0.21074514683432036,-0.4435025009166474,0.06876888241170892,0.04702930871163272,0.05980339681643484,0.4354783424337756,-0.25720059047497124,0.16288073523439606,0.044604959526548436,-0.20637798731566845,0.013852556017045284,-0.14182527847192408,-0.017483522265900227,0.28474659755917076,-0.22592456024887103,0.09880245734736944,-0.17025322193139833,-0.00027742798778630686,0.0072291693970840286,0.08476103588985345,0.41055838871104255,0.04194324178042806,-0.5205806610033427,-0.11026018842269115,-0.05180148280952175,0.13103434772293365,-0.12097520648212005,-0.06442109022675938,0.13775262388945958,0.1777075275312866,-0.19250093804896337,0.1729825465064142,-0.06426032244829709,-0.3875182098960304,0.24458879328133074,-0.1821729114582827,-0.13087816765819366,0.060881032288142685,-0.2045185862836033,0.11029139699212503,0.17648914984060732,0.23892402819752132,-0.2586399742098155,0.06775716056959037,0.05128102365055334,0.13931442757136742,0.11587418417910386,0.1843425102161218,-0.041808706615644585,-0.0788201323210735,-0.09811694904642598,0.09268869338847797,0.0016479129094457744,0.1225357863702156,0.03911209805387675,0.04944654636248674,-0.1585318713532271,-0.20337581401565571,-0.12984306454038222,-0.1829399620858013,0.1901110285474067,-0.10534796381335279,0.36541360035414744,0.10835829062523726,-0.017120172795711756,0.046494350977913164,-0.027636943700618977,-0.05217537646092407,-0.12496251273481179,-0.0870405505662169,-0.02396504790652358,-0.009499242234826174,0.06402887560672844,-0.006563692178099817,0.06832945099704182,-0.0038706162806922888,-0.07192873460322925,-0.07792871917417744,-0.07035307918231096,0.06119756967309803,-0.03170919601128436,-1.0285267022778627e-15
2020-07-01,-10.060067378719236,2.594090598139234,-2.9023625457089883,-2.386514381591591,-0.129544244948911,1.1807739661808578,1.0060891705626207,-2.2555423268168258,-1.0686918741285425,-1.1152228102612132,0.06142641985374633,1.751666515320856,0.3000110048118132,0.40373380714646984,0.5696418414359778,-0.613333866416005,0.30022711425434495,1.298952697544955,0.17117894618793053,-0.9311316541832774,0.07632955849774899,-0.8834104541802931,0.8644034382526169,0.3510190363482018,0.3177777927004691,-0.009343962487296537,0.07057670926047879,-0.32123656025464414,-0.6444872043103306,-0.09966074894268707,0.08849518766064578,0.2474617865180407,0.4953144269112461,-0.050512587537016616,0.3809472612321137,0.3421837082991608,-0.20345790881414885,0.07557894222861385,-0.03858575674252351,0.09498736402610247,-0.6625515518385454,0.21857816544905923,0.08819016674711845,-0.08299361040382235,-0.16899957778165225,-0.3693060118895787,0.10915927737354747,-0.3370673675675642,-0.2931469059763896,-0.3066973686498464,0.19373496857853026,-0.5454727120237199,-0.061586207936107425,-0.17384347910239553,0.42909119675121316,0.11326969140388941,-0.15908625415273184,0.06978056429146152,-0.6049796138882784,0.1830497888729322,-0.38908516669584137,-0.374697820487798,-0.04698521328252374,-0.37415632278273436,-0.21120489754877791,-0.23562938718068627,-0.20250714744820417,0.14990580964572,0.001274964495808416,0.05413497592114093,-0.27532755970351774,-0.1175919583674651,0.051382512753830725,-0.07931194795273827,-0.08960633524779717,-0.14340809742956775,-0.09135069233608699,0.1543826228298365,-0.20794736500148647,0.06504032562311501,-0.08733929745928347,-0.06472521537539679,-0.32951299199456197,0.07181496936460019,-0.10586259926359746,-0.145927587125248,0.19029883233066786,0.2586805619165391,-0.007611302170689595,-0.09290126287304,0.027388563364879596,0.11600844386418063,-0.24725443324380242,0.18945113444416523,-0.061470174727066236,-0.15140548903261355,-0.0018440351718652086,-0.15231466268697474,0.053728473797064386,-0.0770222092298192,0.20589655999852083,-0.07897090613158146,0.07761187951024748,0.22798969402417413,-0.03494548965577755,-0.057259206564989645,-0.018365188030136363,-0.036759194652990705,0.06077965317060252,-0.08177714938208677,-0.018372774139645373,-0.12568417363133158,0.0683443920214124,0.009918492571567315,-0.012340392629053508,0.0611172053879767,0.05857509571850335,0.021687320127952037,-0.03649756798571783,-0.00036943041421022674,-1.9604498802675464e-16
2020-08-01,-6.706240278773083,1.5719666598723998,-4.007668713764494,-2.8976413540692447,-2.3179898985527716,1.0218814286236093,1.7345378221887269,-3.1486060428856493,-0.8202381606111084,-0.5180552235339496,-0.25250999844672367,3.993653075077011,1.1338802103932804,-0.08722247317354141,1.216950516167495,0.3861093492353694,0.31288689342868065,-1.1585487964415944,0.5188423746258347,2.0504497410976747,-1.438365866159958,-0.8376815359275664,1.0261040459466728,0.7874654010523142,-0.823344759641928,-0.23224900388631395,0.20175054359407668,0.4550027427232648,0.6543798730675456,0.08824060024645089,0.2605241584241726,0.5031598240925645,0.07452184677156808,0.10604065640623869,-0.2193701789076954,0.2993479979549344,-0.4490228006132916,0.08748004932575962,0.035746393621378034,0.15273275352602408,-0.09328922401779438,-0.11355958624018483,-0.19872931000893956,-0.283911935370887,0.03134348197232086,-0.30658759661682433,-0.4713104064358976,0.3568676978913978,0.38390221347125425,0.2504249010398453,0.12218904777844386,-0.4648090867595164,-0.25012588819131215,0.16442744086802563,-0.1371708468315169,0.20791025498078322,-0.09280322908895489,-0.3469930557211436,0.07819842301161671,0.13881717603350252,0.19180212900787713,-0.034825904246006074,-0.21824166744475865,-0.07433067497774655,0.25434411204835566,0.13805807831948935,0.07844165165056904,0.2776261987897548,0.052446133257786146,-0.06506384032840534,0.012096587026461306,0.34555374124449006,0.26594221379034155,-0.1478260060915386,0.04359977295150511,0.305055020316969,0.2683554913176458,-0.07932199803784674,0.01570352724132094,0.1659445603592506,-0.24645699665734982,-0.05100923470312411,-0.025740242143723432,0.13130010669432318,0.12378278415275794,-0.009478197725307851,-0.04387995952105412,0.06952704572947524,-0.1819975533890449,0.023881404119137164,-0.0647686216337962,-0.03607858224594714,-0.025672518734060738,-0.10664248277660546,-0.016899904317264725,-0.1779903659485843,0.11277528415752595,0.17373425912524645,-0.04092568929043323,-0.0036289497417341323,-0.08037591717945451,0.13365094845827571,-0.19970020595928487,-0.024814376032273572,-0.02445119423856836,0.0866115954492526,0.04257866598178388,-0.013780265961261338,-0.10247487733643575,-0.07271489034380008,-0.042984366601981225,0.048177874910157285,0.00931863928593491,-0.024807257567835198,-0.0680765358069338,-0.0020584126430524766,-0.02705658282120422,0.034289009675206567,-0.03319432004987383,-0.03445444177986637,-8.788922136671504e-17
2020-09-01,-9.195312517003966,1.6613942424251076,-2.1794977571028538,-0.7767977933029107,-2.6248124135946083,-0.10116162469108866,2.397384229502067,-2.617478025968699,-0.28744416618092333,0.24524119775257475,-1.1446439181603838,3.3474895661082935,1.5271366169219722,-1.179919290351159,0.2168805020791395,1.5513123479105824,-0.44545618398489095,-0.86817663514832,-0.557950208673867,1.747609334887478,-2.3388698785257698,-0.5162013594309288,0.43529697397749506,0.1921662078180883,0.06509220242161382,0.13388700001040635,0.5310479826176,0.558629362125243,-0.10032498641400117,-0.22609894529346236,-0.1477294272682415,-0.39337903945951547,-0.48457620389898376,-0.2116396262994255,-0.3126409973938042,0.012096339347226802,0.23120149074419064,-0.1965270120459157,0.20328573698391555,-0.1481929279301556,0.3069579396022427,-0.13634299260552427,-0.09943120795653002,0.32098242961135515,-0.5014917709920992,0.26637415977086454,0.39742491367931526,0.2974042629273158,-0.21610607897426903,0.44691116142203036,-0.1125198819541524,-0.06942984225337782,-0.08237845262071482,-0.09839758566537311,0.22569994041839353,-0.20236178044330014,-0.24535134583326879,-0.1553156834593785,0.2011275065539093,-0.04034706188750747,0.2208696718726808,-0.1855930554828547,0.059980054802498226,0.10147857181782048,-0.050189773211706444,-0.23253662161521893,-0.09969772053044615,-0.09987301081692418,-0.4520265470909614,0.09018640303165669,0.10440139775203011,-0.3450879212718722,0.04451671751953836,0.2506607097262818,-0.09413307386751465,-0.1595086625487835,-0.27760801807944224,-0.1225045108234459,-0.06287018262271045,-0.07578097710864697,0.22145336254773895,0.11006108366710304,0.16765012643858998,-0.0307027573286699,-0.08877929727440162,-0.04945374009408673,0.010207846720781793,-0.06498435433951147,0.08244190407079402,-0.01111739121367438,-0.13340462573050066,-0.16102143476460185,0.022657114293463915,-0.014247762435824575,0.12554763841453048,0.17303642813119,0.043035591550880346,-0.16686550401696343,0.05146739574341472,0.1052424634809812,0.14520634569940383,0.0003357764584441151,0.25085143896398954,-0.010559554830821022,0.03868523037660076,-0.04006717771290568,0.016833879153170264,-0.0477658149952449,0.04616517289074123,0.158044167504038,0.031231578959365697,-0.021319942855867722,-0.04591572547895794,0.005456436662501702,0.029278330608540504,0.028894808651173807,0.0032866649895770283,0.027918065982853634,0.03447158397984341,0.04830918933015864,-1.2316555638846988e-15
2020-10-01,-9.266519354386212,2.156615570008466,-1.6708155426050404,-0.09928267969359067,-1.8381510895164876,0.06674042185261489,1.0272643810013788,-2.471377194133027,-0.5295917861665552,0.02249661271739133,-0.7428117192987892,1.54055256507485,-0.03787240835321218,-0.10037397428862599,0.6522722089306675,0.6310224429495538,0.5218569897901651,0.3482102184402658,0.1936141469285196,0.7762595238068294,-0.40910185515417974,-0.08045292611844829,0.17911329369222342,0.9882923248453346,0.6773900447587374,-0.4491703208373897,-0.3188689855832001,-0.0756899152676713,0.0022156121760238856,0.21153095811462297,0.20377088202985735,1.1015687715238833,-0.34517858710293425,0.5998483796670839,0.3084135541695115,-0.4073816848616842,-0.16404570555665415,-0.18907093701095443,-0.32983638198088877,0.33522282557144034,0.4601239742530271,-0.025182333027351643,0.441248409519776,0.2719731637730355,0.050175376115360805,-0.16507674932272196,-0.40762840667751776,-0.017121072697324324,0.365188392666136,-0.017090915219041054,-0.19373595840201382,0.20410728113623117,0.24405830181292662,0.001534640317629945,0.24204893237352168,0.21304674910018934,-0.19102513222090117,0.2565442453438301,0.1617039400128497,-0.4014205224751583,0.14862899601709148,0.1823200787798905,0.154084782410504,-0.07310745492117886,0.032515185680259864,-0.13788816090362416,0.06449319209689279,-0.41420590246241573,0.1759733928339257,0.28594948300885287,0.2944983668206292,-0.0031323283404578028,-0.39138132151427224,-0.044665504101835236,0.05035126599750822,-0.38615142187585105,0.05754226984220679,0.24272306736341379,0.19098170681834556,0.10935731619635174,0.16103867640357297,0.3141403926316665,0.1957379791410647,0.032746083260534554,-0.11157018397590093,0.001220138747287462,-0.022755948728822827,0.044592939232951274,0.043797980809486915,0.07172156840605257,0.19425676852165522,0.3239737739899732,0.010430580168768954,0.18499232184067285,-0.03748491341121777,0.1452067045643939,-0.22832534965363224,-0.038238199036110206,-0.02373922576292015,-0.06981723340943553,-0.08026293282415538,-0.014545704686471062,-0.22925663014348063,-0.02781962388026524,-0.053481552950240936,0.00552985127197443,-0.10379935540888163,0.08842310709726801,0.04794283025431786,-0.018982861064839766,-0.02290816158315939,-0.08139875221558758,0.06282487624894645,-0.06265239798996897,0.11023650456198474,-0.08519923183602564,-0.004595616310671397,-0.00416211373982672,0.022004908165380265,-0.00014827395594211597,-1.9544955617157663e-15
2020-11-01,-13.734376646342907,2.9426676370690275,-0.5141053407653013,0.1775575255126092,-1.6740047273250238,-0.16282244535922233,-1.413534800796288,-1.4628679087024212,-0.1254394244210586,-0.9653934691191006,-0.21420372736885193,0.6951713950844183,0.5109201823756795,-0.3221492274645632,0.18146451451064538,0.7997227927857947,0.19261091360178703,-0.3696472014728154,-0.007094494016804802,0.21480220097055888,-0.18656218219039167,-0.120860454407713,0.22039339511945324,0.23335974558190375,0.3460635173948239,0.21660106475431695,-0.39721793601107797,0.00813966087047975,-0.5796206137825732,0.08062747207402125,0.6808843741206656,-0.017344411052050056,-0.1329367711574249,0.08626702945070011,-0.09880441887969489,0.01945525970209256,-0.13577066900450657,-0.10467876794697692,-0.3958267840953234,0.46069464331757,-0.2691061451490569,0.040945699875872155,-0.03221495653293481,0.20452775359989486,0.24147827537778857,0.014392015498364592,-0.43917480066956555,0.023592900135894417,0.3341024266190384,-0.10493566954827506,-0.2089569403610122,0.28718982492561373,0.28239465901028615,-0.10417233080770628,0.5163829748210863,-0.20140471114121744,-0.0026152822866842037,0.27844395754694773,-0.11346757788089033,0.04819316036524937,-0.09719856338592421,-0.049136012345337064,-0.13606353551192044,-0.2185371068340068,-0.10600660331232517,-0.00959016258438381,0.1701789353736045,-0.17092718851208924,0.16868142226922453,0.034497836503031024,0.04485806498206635,-0.36691488908210984,-0.13914694454293716,-0.028967083755813722,0.043040364866220475,-0.06561763118130448,0.10000738742082237,0.19253268723605443,0.25446541984719545,-0.050739806884545595,-0.08920505271958586,-0.2464908383734773,-0.0894183224376593,-0.20183970276092433,0.02420779732313188,0.20101869137009246,-0.012049017556301578,-0.3500401920825828,0.15669423024150783,-0.11903102784607011,0.2238130953318056,0.051553929452286956,0.08484657562222786,-0.06635334014090188,-0.12044961223466145,0.021257887478174486,0.13549421049003532,0.22545179509322869,0.07590677777699956,-0.1697729200767162,0.049002761032243845,-0.14484976969097837,0.11789647552145033,-0.24187418562680624,0.03760697289837087,-0.053254613776542545,-0.07160846777527076,0.018470782421419023,-0.0049519065280478475,-0.05987431528149589,0.04909655451823774,0.0024728285235060157,-0.066113044176218,0.09799997912003625,-0.10232825885431122,0.1352192836716099,-0.04829511208728274,-0.08183648558755417,-0.057380250993460745,0.01634449288531511,-1.872256849525711e-15
2020-12-01,-10.10300953385307,2.383052365711336,-2.861680150243809,-2.129329689751789,-3.7784436193669966,-0.4717123698249098,1.037359459109825,-1.7251852378807033,1.1045884366287304,-1.0659126868074575,1.2078933028772456,2.4226139569777305,-0.0616662963584575,-0.46430393780258095,-0.5654073161655566,-0.06005768513551302,-0.93860680955912,0.3955402032283424,-0.912667880422674,-0.23921828531314276,1.038683141277012,1.2168679539701415,-0.15363688599024064,-1.0018022512116924,-0.7293822700568969,-0.36981363829688463,-0.735298429779866,0.7481607211163603,0.029368058586051633,-0.17295972224596212,-0.051853188308001646,-0.19179857895693445,-0.286090287557315,0.6813740626163067,0.7695952323790477,0.37482955593085837,0.07888958347486798,0.03332261654761904,-0.04377472233082486,0.5472692273910134,0.5738892628388051,1.0437692152663718,0.20502827347294833,0.0363823423585457,-0.04856795510512996,-0.2064701200331691,0.44062090834274953,-0.548862350367808,-0.28832133443996083,-0.36757913319266144,-0.13751052850975587,0.055520746526480494,-0.04901462361778613,0.3065882136371914,-0.10033115953740132,0.11476750194799848,0.019623226739821205,0.20413236389626802,-0.017233258189154818,-0.05057812787535769,-0.1454805704809932,-0.06607503885103023,0.1114004666949876,0.6042371801193532,-0.20272728316990563,-0.26911603089334946,-0.15576274720908417,0.23618448241504322,0.07169473210292357,0.3180620943756977,-0.4697428268177828,-0.05928424417214811,-0.1542536158502837,-0.17001989563805162,-0.15531057651302546,0.2418271117585023,0.016400385284562332,-0.24789606468470704,0.0928595907611148,-0.25143921817309767,-0.1662718616586016,-0.09820529244308826,-0.11443648187741955,-0.24072639228190332,-0.23090578156578315,0.19396342120011703,-0.16243704689902166,-0.10617942697581186,0.08356153445985776,0.07389812188509386,-0.04797318502927913,-0.1619358410558398,-0.09141944951032266,-0.015786994946285174,0.041153370381629306,-0.03849371557424663,-0.11487490579028731,-0.02937733718566091,-0.05739239722227144,-0.004112143878759703,-0.01432873562239571,-0.006947852729631686,-0.022983573907533444,0.025772006065088924,0.10519726697410371,0.03279659692356441,0.026561756940961426,0.15890118530980626,0.06319523353749688,0.026229839013778386,-0.02558546022547887,0.0918354738921386,0.01770200196911349,0.04567032988230147,0.01277268154226098,-0.0791902909839454,-0.01954446115926482,-0.03147093629512034,-0.030508090505795924,-0.037084205129585796,-3.7694984810812214e-17
2021-01-01,-17.249464553020207,3.1523591805894196,-0.59492635681924,-1.1099265921945776,-1.416758965567317,0.6260796925587963,1.0742674903428344,-0.15748092500208377,1.6848560415159588,0.10033099256528456,0.037098485252343376,0.44898322238496935,-0.08086371863387962,0.08422343642053126,0.7532192375073636,-0.4822397467897155,-0.7014855352891232,0.49532524713187304,0.04999831302492035,0.08071361694431038,0.13292317545594182,1.068156002558804,-0.5094385704595198,-0.8280476052177026,-0.6019172207534318,-0.2723905826273069,-0.2688167350016956,-0.05231163972654077,-0.07822988988770013,0.4540153818090414,0.22526986803032656,-0.2636728707874776,-0.017627640084697478,0.0020594220934217317,0.3502132611797815,0.2548894555856294,-0.28972917886068755,0.18419558976007297,0.7192592433588275,0.6762275946153813,-0.03566347616845655,-0.062308054048521015,-0.542363445975121,-0.33489883402230075,0.07664279244811575,-0.0012572282939436452,-0.13549319247142885,-0.02904999752404664,-0.04339210780062386,-0.0558640706383769,0.04936915668584911,0.0815414098629291,0.2549736367324761,-0.05732527305887926,-0.014329238333085888,-0.16812148620632456,0.26839363099319963,0.3269175423307324,-0.05091572296427824,0.12338299427134966,-0.015031821560562651,0.10963247032823954,-0.39203941511300744,0.1898552598850292,-0.10626963760878354,0.08132280982456531,-0.008383444080775987,0.11061935078630289,0.2908878009146701,0.10585812276783296,0.21337583992500936,0.12133321376143227,-0.12364598037004668,0.2274313370986277,-0.2464095993919688,-0.09767526667273048,-0.08362495123564759,0.06324284025940477,0.27429753391047856,0.014294024887344976,0.0818239113542595,0.04655206617063814,0.0027708993948537515,-0.22195804797560842,-0.008160465907119632,-0.13901490149262888,-0.01437504616119648,-0.03974801275934729,-0.02842430549754993,0.07851952676526905,-0.09390042910055457,-0.07943613929763069,0.24032613474388678,-0.24223734914910422,-0.20514282239567866,-0.0387235959492765,0.040693350138066804,0.00984220406250837,-0.0744145532980993,-0.05465080500364109,-0.07233193788137057,0.09985147911893717,0.025424285412611162,0.04133482114794812,-0.12367918730288545,-0.10340767962266517,-0.001017999059852759,-0.10990585269829906,0.008214704205496845,-0.06249250715635834,0.10101783588024092,0.050098353395886586,0.1119723675923826,-0.14703620010046772,0.07557796024700622,0.12077999978793434,0.12625394164209816,0.027517395687426952,0.08192500760661792,-0.00134294022203957,-9.030133144763613e-16
2021-02-01,-14.736424539051773,2.0120569224939184,-0.9580410294457432,-1.5016090543328884,-2.093493664912674,0.44689893376441736,1.3836013910258713,0.5996481547756725,1.0542549517624793,0.7043059228638369,0.0569298531257275,0.30561006353212755,-0.6650253492733305,0.5446091808087614,1.075395428265277,-0.8161903120402092,-0.7533719129929018,-0.7186048567445338,1.2877497798598654,0.9196535752334697,0.2836866888474789,1.1870883103208143,0.12489599703323391,-1.2488732842601753,-0.7374222784337753,-0.3463714786116458,0.1715167413316911,-1.0317305366755751,0.13852962838356847,0.5535589207998923,-0.33216715629228344,-0.3856651033055402,0.0964363446504334,-0.2649831595506476,-0.7126856731381023,-0.1704717480153916,-0.07469072445271331,0.42260580551027416,0.4391205141891877,0.1787017412624819,-0.2641429273154188,-0.21642158585206012,-0.8336438098498254,0.09130368191318435,0.16344464354604124,-0.2248787451242216,-0.45197949744834287,0.42421562140278835,0.117086074879031,-0.3870080286382725,-0.10094640068793401,0.17490221347023405,-0.1937778843539039,0.09944639439233899,-0.14842464950263895,-0.38071462678608275,0.08389182756144827,0.17797380315659908,-0.3286013614726146,-0.002661810034732811,-0.4141184668001341,-0.08374852930954407,-0.23817159944997313,-0.2083015988729869,-0.03399113815920804,0.02906808090097664,-0.06705531942646817,0.12537581322570346,0.11523269872073225,-0.1452490878856504,0.2626387192254102,0.22702670058022284,-0.16715013425847294,-0.1547641016923382,0.2580152509374898,-0.08739090078439163,0.11371417955101111,0.17700301555070164,-0.03323175449669644,-0.013116641073556484,0.1260923913566932,-0.029142033516407023,0.07538404405380292,-0.1155416247865235,0.1679644878676359,-0.04881780017131641,-0.0028076119845691022,-0.04662817935186085,0.13157610054597454,0.10362090367548331,0.3363199418295711,-0.05576904523239883,0.11370283806474078,0.1437668459949372,0.02131027536751184,-0.0615938055477748,0.1242586480775276,-0.11419718146209393,-0.050186271065788164,0.28226025328208704,0.0402534923632898,-0.2057621290027488,0.024979110282945475,0.14136076781830928,0.1069025224975443,0.09932420565482365,-0.08438710956721948,0.044169414160391364,-0.006829647457023115,0.051424284418900144,-0.027169652745004227,0.0154642617996246,-0.04872361766976296,0.06269097556724443,0.0028780710910724264,-0.08750376741967265,0.005667864793464818,0.04508764664772579,-0.03411414897404485,0.055568044760747184,-1.6233299275557e-15
2021-03-01,-9.507519665392458,1.1870195989976189,-3.3240085330331395,-2.3359559004750343,-3.9346599239962567,-0.9075725142416808,3.3161538371411297,-0.33776491777997025,2.1265558208666,-0.5897242796078551,0.9637570200791925,0.07614604657711983,-0.08120977370446766,-1.0619635643042094,0.43985391960508297,-3.2520741909840845,-1.492371644965221,1.9013546300161563,0.6165937507509889,-0.6262976297051568,0.6170588854575797,2.709512080432865,-1.3917499964764852,-0.4835823247784275,-0.9566492231756709,-0.15868452772264713,0.6549694267657785,-0.33200034509031023,0.6907094829671985,-0.9633457059560407,-0.7419368038533084,0.2928300860291941,-0.24111003225114916,0.04681568986375854,0.2930681139181668,-0.8386562867594467,0.025745388286820485,0.7492920781011428,-0.1177723285472553,-0.42984815841334406,0.5000538143479897,-0.18875073962375305,0.3186520479628938,-0.10321005686825041,-0.3745590841637858,0.17273261758154787,-0.14161637670208635,0.14086115488531673,-0.08913446544281718,0.47614166339830905,0.12117498186229766,0.04394829061257008,-0.24626482727895876,0.10339621351408092,-0.0901338250545754,-0.20561766886157476,-0.12511580067201167,-0.3738533724671154,0.15156510910734514,0.24621826792112567,0.3218614818729567,-0.06378789977727953,0.12473636739316867,-0.14691248701857426,0.35464826611749295,-0.12110296660503363,0.011632205445728102,-0.20624316191645797,-0.2500803396338285,-0.15314845334190788,0.045592983281437426,-0.18133700137879297,0.03682524629356637,0.066851437195727,-0.02120175187617392,-0.1679676845748475,0.09664685517122286,0.09513796024365563,-0.16974571126795754,0.13237051655203186,-0.1208108089018261,0.03271178639934617,0.014784571914196541,0.16058298231141588,0.09499989431321496,0.031160326035016173,0.2065181095187702,0.10028760164799592,0.003624820635169349,-0.1858114709087154,-0.010224241062171879,0.09285679809589248,-0.058127189642203356,0.04786304792315221,0.06990739074762807,0.05014648606489377,-0.028024907836814383,0.10348284081871326,0.01473269095834892,-0.03348679050991308,0.0011699033697665044,-0.00949263211657275,0.011661851048904628,-0.139998847922052,-0.008549441010620124,-0.01816862217283619,0.045798091240608525,-0.045099600751822636,-0.049755957916892773,-0.03141670379682178,0.013414745802865233,-0.050654359751094634,0.03605998162512664,0.04881755115950756,-0.016298433691640527,0.041364580468515204,-0.039875097827566944,-0.02833881251269956,0.014600869046141003,-0.007529030526827481,7.068575612065585e-16
2021-04-01,-6.02848160207164,0.805119772524982,-3.2258225541366836,-2.821387812114748,-3.9589452095964717,-0.6825033279633276,3.345034290655305,2.2532183917707718,0.6851121164245846,-1.1209460230185497,0.1592148839752202,-0.8592019840618981,0.45926763401216425,0.29408041521585837,-1.3316560535687285,-0.5343464264222785,-0.7640299430601469,0.37232229685168605,0.0064212247314058765,0.08103460009228292,-0.39866520516364523,0.7035398114829002,0.16520608308595772,-0.37640505418316217,-0.20783020808568597,1.0592828123051623,1.0227434071101131,0.1299443685695239,-0.541095211456152,0.31448122439510734,0.383523156021126,-0.184002083533607,0.8285329670390168,-0.0675000447959979,-0.6363445176127734,-0.17291434695593538,0.2792083437518312,-1.0721517270360894,0.36298230560786016,0.11725156526970436,-0.09730244353275111,-0.18570689778083443,-0.31345776757537236,0.8269995424332263,-0.11666664839365491,-0.04792675785296794,0.18208750310957394,0.5416513632924115,0.15924828465598762,-0.4202407071568005,-0.21824011437292234,-0.12017831762821185,0.381206233166851,-0.537517682388056,-0.02740560443830377,0.49665047993224165,0.049938737875693646,0.2424926136768098,-0.06123145791942412,-0.07687542209729306,0.12603318357400448,0.08548243193803177,0.11941308493595397,-0.30835746985800616,0.007978844488249957,0.49483492931724754,-0.1467139056004659,-0.07871504117764166,0.07756083761932833,-0.3833249955063341,0.08248927927116508,-0.2848541336629839,-0.15635074024966752,0.19553312499313139,0.10513738927630246,0.30043520659637163,-0.2580752984900479,-0.1954569546182053,0.016645255158702722,-0.1519958279014346,0.14054785369967876,-0.24753308054612932,-0.15512114243638567,0.15372119784504568,-0.06842172165758517,-0.27026094751600693,-0.2421624950829472,0.09293048025568526,0.11777830104163883,0.08549763863435883,-0.12786347601259113,0.13204957057185246,-0.11844930459594785,0.12177011994060498,-0.06871533916338839,0.07659324290074532,0.006512121636008179,0.05607064652243328,0.02285024000695878,-0.22199180794465764,-0.13248419824151586,0.08417009564072532,-0.08963904151533858,0.03296699514010717,-0.0050613315504067545,-0.0728967001617307,-0.037453965764820754,0.0027380598125332774,0.0163559962765675,0.058110081547537745,-0.049269587136399735,0.05252713483996229,-0.050402368886932246,-0.022333104427183132,-0.038342590349695074,-0.03289291732860758,-0.0022977798951436365,0.01016389878081018,-0.021006285302094214,-0.008127478836571939,-4.688655574604741e-16
2021-05-01,-4.458393890312521,0.8690938200665658,-3.8883673059592745,-3.081135235056425,-2.8157062264318693,-1.2088112081516753,1.7540138694728946,3.293174248426047,0.7395327682288781,-0.6948368359598815,0.9227412692757927,-1.0083684569673546,0.39439938677636077,1.64883701552246,-1.012588577640044,-1.3132114963735873,-0.13134768970815944,-0.1421635952663532,0.4500427000914299,-0.07172513294581487,-1.3981590473170886,-0.19204542090558846,-0.512749551450775,0.48907084369479364,1.169074546035329,1.4935892957469443,0.7556816400089647,-0.48938002854860635,-0.0619921509708446,-0.23067709190479724,0.38268184542756617,0.36926092419356016,-0.06422907957101459,0.10164520479501239,-0.4083494716531463,-0.1627334784830691,0.6565740952410335,-0.03721396069338315,-0.2978319093785152,-0.24230749915684163,-0.47713711952972243,-0.3134744187347589,0.07359808959041243,-0.42919121150270434,0.0965380245925816,0.010576333539009513,-0.2508011343100979,-0.11971417290471599,0.08133506568624749,0.06603144408842682,0.3039366713691982,-0.2798887075375724,0.36599669980558946,0.1790909842148754,0.2441969935008772,0.020160226751509375,0.1601604655316146,0.3031830567710221,0.07710733000715979,-0.19906453228935755,0.1890622121856684,0.5826650248374542,-0.34416588642434026,0.26091468133711887,-0.17529285986846452,0.047877699503203065,-0.2018769372898593,0.2736420215308977,0.2719997773027109,0.403432474621711,0.21968014482914533,0.3576546360619502,0.2068702873781459,-0.17738999446693268,-0.23913232065714005,0.181149977044738,0.02419821348846942,-0.22030491835807464,0.18925032595334804,0.15755655572230723,0.15847388940400906,0.08174955352041999,-0.018301247041726604,0.006230285948959244,-0.14610585344323276,0.21108827492848817,-0.10498476033155922,0.019383246055412025,-0.27086004328905805,0.019641263804838084,0.05150118211528386,-0.18933388090910497,-0.03911534604250073,-0.0846008657568224,0.03654178609527472,0.011080366581793955,-0.21264361277599034,0.038969300763543345,0.08630505875081496,0.177237279637845,0.15981649440455697,-0.07698059391135893,0.026551115252503053,-0.011754072851291254,0.014190525814835955,-0.011608912802114065,0.04953518575946076,0.022543092836617606,0.0025761995278704565,0.008059617181461746,-0.02624221265397396,-0.13336173828669384,-0.00743242429417455,0.000409305237025938,0.008180373216787518,0.02303748848142766,-0.004475025347659806,-0.06298584054495053,-0.022358116246289163,0.011487804147168856,-6.720530782452472e-16
2021-06-01,-1.8857612869306448,1.0233872581641876,-4.629492957689433,-3.984750846469065,-1.984168517147464,0.12848235721048926,0.7966109641853212,1.3221918493677705,0.25277945283974546,-0.6718903413579264,0.22563191030598845,-1.5890258700279771,-0.27925397889273906,-0.07319980573037976,-1.0833487667306565,0.019543378468645838,0.02531358432381289,-1.108898235220553,-0.07460868267234602,-0.5313165411281485,-0.469462506749358,0.281771001369472,-0.10556532341509423,0.41911428123305133,1.755058249602211,0.5515367355830268,1.1089302443758475,-0.9636884254083184,0.4655904880423554,0.22123663509274777,0.8861472831132501,-0.13168096767989695,-0.22382842995111943,-0.1253690495504294,-0.0945490327596006,0.13145036584130398,0.36291538289754177,-0.10138753183315684,-0.8572122348553168,-0.11030042619014803,-0.03385970915544295,0.02563618327993283,0.005760048141688898,0.10419599031956947,-0.04030533400629944,0.11123866045424086,-0.07032842302326824,-0.3820184028263622,-0.4666846028784461,0.2871192114476934,-0.6301036318313987,-0.08406890253733146,0.3070914495349685,0.5074749023747851,-0.41019646640739915,0.4726633500264672,-0.07607637171652817,0.0847081835055953,-0.14138988636046088,0.12562046509208738,-0.1305247009642105,-0.2756571509714024,0.5367078637916665,0.0017015420052863318,0.2301851621177827,0.00029243269150474465,0.3983279904304363,-0.12187994482214679,-0.042633767337757304,0.30483303273791307,-0.18589097122575846,0.025501951627559125,0.0971266937839517,-0.05759821729310132,0.3561360419986303,-0.3682902253697696,0.004726718541788951,0.11528945583170544,-0.007072394062434296,-0.1548398364780959,-0.09403744467450903,0.03682483258181162,-0.0863689192416672,-0.11842468071321309,0.08605759317353241,0.0887307014717974,0.218638491196685,-0.14326579026058403,-0.10012728971322031,-0.10006901767334637,-0.02420287302962377,0.012461653623261596,-0.011868328738390839,-0.1521587777938535,0.003630301637917177,-0.08623235627874382,0.2642367105676054,-0.1466142043649304,-0.06829417259493278,0.0019118974550122437,-0.0333430584108766,0.12586722548163276,-0.08998388927939266,-0.003603023749897542,-0.005184371377649553,0.07903661330241599,-0.05518932374487292,0.07299867434592174,0.031244663633142402,0.09129076746801233,0.05560487956041621,0.07111095603843662,0.10912493454123462,0.004864302765751086,0.018868131415883126,0.036984787154451255,0.014562475448292853,0.07816151885073766,-0.02735563141186042,0.00576742427333713,-1.5231119831280706e-16
2021-07-01,-2.962231955224646,1.6397002764815332,-4.839788038677564,-3.8381299934235016,-1.6725795818711917,0.3597425730499042,0.05430195284836372,0.41858592793549265,-0.0034928517627098653,-0.13519757291686496,-0.07951743966571431,-1.2880689061013777,-0.4126229503535583,-0.49104149138327186,-0.11755221130454538,0.5629803563450101,0.42410210940228943,-0.4074214706396269,-0.06607727122829928,-0.05855535730727291,0.517590946807718,-0.5064481642411943,-0.07993663216923337,0.0255767125043263,0.6198521092211828,0.2439753521321599,0.888059088231872,-0.031000718709365393,0.2720511898187196,0.19572572804705057,0.6117574233165598,-0.5066215395896382,-0.644155319462769,0.008918270729493832,-0.18514925673397742,0.35171579971061817,-0.12328353466906894,0.16943735399396545,-0.6004188309878532,0.3601769391626341,0.02200700470490595,-0.04999080822392293,0.014326212573960757,-0.3304891995459059,0.21938422243570274,0.38165949185711584,-0.010429484840276214,0.12650669900955014,-0.3970243639311642,0.21850943201603373,-0.21839131534938197,0.18173781124167193,-0.09855983209098643,0.3133228645411149,-0.13801735517650268,-0.16461244213576676,-0.12864743113398336,-0.35832910547536795,0.4701897238608847,-0.33359082196266465,-0.042032290231135624,-0.21438267803039568,-0.11600482574821325,-0.09708703373281809,-0.056785579277673304,-0.006717585765922328,0.09426535271220426,0.022445065571227437,0.07891210328904993,-0.07829441649486642,-0.12691127011872752,0.005061412957216827,-0.07288746764452052,0.1573878999674408,-0.17453311793125725,0.18478530410348243,0.1567387164234916,0.42634884521586386,-0.49006718438537894,0.026682001450101182,-0.0991996911257886,0.2577861712898488,0.02254168194348061,-0.08218106093937062,-0.18866595915900258,-0.14030093870237062,-0.32569883589368337,0.22205498586652264,-0.0584029279226235,-0.04226036090773719,-0.18948569605828067,-0.06626433859237826,0.169243682150676,0.03769404788564944,-0.11805495376147881,0.04451160904493191,-0.019669807194815623,-0.12398074149626832,-0.005066101791159174,-0.04063148147854619,-0.07794312464479689,-0.1417938992163275,0.1372152260946043,0.00016143664638178636,-0.012391090676757907,0.07224787145463323,-0.1778980995332315,-0.015543741460882554,0.01920110305772498,-0.2192376988095897,-0.08651690686899845,0.03065065411869475,-0.11423735361542091,0.027034565663958118,-0.023630130330912616,-0.022793998776003584,0.0034601039750694605,-0.03741485623788615,0.06876055586448805,-0.035861533217638734,-3.232093029511438e-16
2021-08-01,2.5560828650731375,-0.17145118762011471,-5.787723284923638,-4.792286721281269,-4.52591594921837,0.09299841554016099,0.3005158014968061,0.29748693914347546,1.500550774817576,1.0986953016059966,-0.5741172769793321,-3.326797246783842,-0.4013480518915537,-0.5791582579410564,1.1643759489728753,1.1682333138195748,2.8768885000136803,0.924989525887447,0.1322174591512434,0.7286924141091428,2.575627555128451,-1.5965406132544901,-0.8966255368576299,0.08707830776552566,-1.3597771771068679,-0.8697776307580357,-0.03551784042624078,0.522126869425488,0.5650779656069899,0.9622958659819971,-0.16402265519664116,-0.9481293812035095,0.1044258542617456,-0.6104026272438525,-0.2558056961945089,0.8922744983116476,-0.013007760381253924,-0.2862762059879226,0.5095476109183976,-0.2617988825438837,0.1284320270629581,-0.3194109943960416,0.807627899471411,0.005908251422564836,0.23306753824867021,-0.04062881886565883,-0.1563706518621101,0.3416225725305744,0.23236832969584487,0.3141177156784073,0.43440113352003107,-0.08796063270230013,-0.1465192842770304,-0.4391982916619133,0.3255551897409311,0.25237745571879383,-0.22023611676044644,0.12836485671997128,-0.03960433924366095,0.009714088674497516,0.22340585206797825,-0.05079398120658974,0.08496652150969991,-0.15016651836392794,-0.035002964191041645,-0.07353332807967286,0.1927391851849897,0.030778801469863188,0.00875496840542344,0.21606260063453944,-0.0005344185139098149,-0.15264230123020917,0.03316264395748629,0.20088789705171567,-0.07410322977211747,0.08525528660044801,0.04595193353554023,-0.02199454626184293,0.2115206644825614,0.07137375312031359,0.10248922311639894,0.04666438765383424,-0.04153710243468078,-0.0490986882545365,0.06806349051408475,0.12501241932145657,0.008884889567238376,-0.055654501831277216,0.1118383476090755,-0.037964131950665336,0.03967897197500084,-0.021151729229873902,-0.006240946450017887,-0.028842354828289778,0.059562212753155735,0.08677476031830357,-0.04099374676819517,-0.10151366391930013,0.0513858955118878,0.09437302122125356,0.08102781065775179,0.0632840451815237,-0.03771677263787893,0.0240261265141387,-0.022003017148334168,0.05537709784196008,0.08107976466717239,-0.026063467444972746,0.0688378692338626,0.003204747027932381,0.011378119329536954,0.0004993574273590348,0.056720834718471655,0.01754494899642222,-0.008894424854069398,0.015168695978234187,-0.0284039386016427,0.01451580489983618,-0.0449131411477833,-0.014657988690061442,1.942714709968345e-15
2021-09-01,-1.936604203945673,0.9802877132260215,-2.4927707943518693,-2.1602042155406136,-3.3132503930031074,-0.173212974824811,0.5163644682709538,0.11233374875310081,1.0386554489055648,1.329216316127616,-0.26981595149812637,-2.057343966043732,-0.6108668058832256,-0.2789961072042003,-0.4254381123357942,1.2647001667876592,0.8433854328464674,-0.3106824523719808,0.022145031695283056,-0.6515958086715373,-0.15937457325868673,-0.12050777877155854,-0.9741909288390571,-0.3145073937899676,0.2177246843228768,-0.40401714081679235,-0.4418124398344603,-0.10868256667234304,-0.08273758324978238,0.07105809807137962,0.2710104520992705,0.0993313862594189,-0.045363877644691984,-0.20497592688349398,-0.15578612721633558,-0.16068672975344628,-0.5556023770448548,-0.1592291213512517,-0.5868011200549854,0.3924928909177607,0.21595510144411753,0.335953734842312,0.15335516495923002,0.47555939607551084,0.1750707418487826,0.21395118732618237,-0.33800232006774544,0.13549553197746197,0.2551356954657381,-0.47308521700752393,-0.13258806401923404,-0.5137631938084337,-0.45871012286075563,-0.1148806854195664,0.20937945208595513,-0.35613081165043425,-0.4210799728857859,0.2472234300820374,-0.24132645576839729,0.30160941502400246,-0.32621099584696994,0.12440501848961283,-0.19051855192201836,0.147782865283247,-0.23653392507082668,-0.30598846115658695,0.009223230167900538,-0.12183528029270407,-0.09994694836962792,-0.2333735185470319,-0.06769770330540695,-0.05394218306163664,0.18409519584321035,-0.5600563958862756,0.21630674119616738,-0.157722288064112,0.013311538773552602,-0.1141363650097959,-0.12487375580769992,-0.10154132658102336,-0.3369914638155562,-0.059458070956915354,0.3769572327620321,0.024243747496422698,-0.023264548977632974,-0.17513779117035955,0.1559342185652754,-0.05576814168821529,-0.22439658373668808,0.03301029062476562,-0.02476249443557201,0.05574932294472794,-0.12028424986310934,-0.10235677412044704,-0.06990468534065304,-0.13523514960222727,-0.07839090011962636,0.04452079441636449,0.0344765108559597,-0.0728052682237658,0.08575464100806192,0.07169350807849355,0.10979647313422139,-0.12361069828697208,0.05863183431345562,-0.09272271246668846,0.06961244389657592,-0.0572257257020639,-0.09122230922190927,0.031611151261033574,0.036575064649564795,-0.02860689227553005,-0.12844592444793243,-0.13834227873173255,0.006827450179009537,-0.09694097667520064,0.042335806526367495,0.0059794628711823585,0.03728102912942135,0.003925460549053444,1.0087273834640032e-16
2021-10-01,-0.6408138655387859,-0.6983202926037098,-2.143378019216546,-1.4623612333964913,-3.5370455405709147,-1.5313834842091756,0.1314514945651904,1.0079787007018919,0.36528430317923805,1.8581205117851904,-0.6830097752371621,-2.145275926291612,-0.4823563400600536,0.05058704118954618,-0.3666454870612088,0.8005253847760587,0.30595509801003135,-0.14882999637550332,-0.21277053088282427,0.3017058640373454,-0.196003081891398,-0.3992706046906816,0.1982999954297667,1.018625056949512,0.08921226933565843,-0.09223847040362573,-0.72072336938884,0.17509039416176236,-0.6613333300222296,-0.787043217193439,-0.4670708645480242,1.4036153672906035,-0.28860329894521497,0.25259105269812865,0.4801253313483181,-1.0907549877400242,-0.10126338284594559,0.007854576613308373,-0.28674806188879337,0.061110714820783334,-0.9999943967790548,0.28530147213039686,-0.5715746088993433,-0.32349286267318583,-0.2946397922378864,-0.11166171827741492,0.33251247848763155,-0.11810994184975594,-0.07703702310608976,-0.3141823813399669,0.4997702490265624,0.38852766818465945,-0.18383997310258995,-0.2316818852603681,-0.3036545724202035,-0.5396839065243202,0.12651354684143384,-0.1891014504216125,0.4664544864946168,-0.004182080173398904,-0.2645227739111553,-0.39726574256548725,-0.2817361162190457,0.16696385419996362,0.181520809185384,0.21210994640918837,-0.4215352140179785,0.16885318910996777,0.05471876106345807,-0.22925313160148514,-0.19443518197108675,0.010957570733395783,0.22814968096067978,0.6046651691698738,-0.20493367073421662,0.1114616078375918,0.1701814898926711,0.14610151922201473,-0.09658446089639745,0.06258873811573708,0.07375236197419385,-0.10572504362741772,0.1579936931172239,-0.14377066535332395,-0.24024936539575611,0.013506355995611095,0.15266023661726666,-0.18718837045884365,0.08830319528199371,0.013806224225630005,0.16215814049518112,-0.05078361379873009,-0.007606749890300848,0.07407934495852209,0.05411099893214625,-0.08408136228939277,0.17490348636719405,-0.05345827554643707,0.0934913707044739,-0.13004805589914678,-0.018892295858441068,0.07832953050818492,-0.13612765795049925,-0.04281989910349537,-0.008343309343743641,0.10107392818712745,0.049968534019770715,-0.0015954170580214089,0.1013716011904039,0.057478981317025425,-0.009827493512534717,-0.03757627554647398,0.0030202939122019974,-0.01971907933752185,0.018136209119397912,-0.0059702780636223555,0.006114194751911188,0.021335731825902305,-0.007179345128048384,-0.0038314756019474355,-3.81487125233516e-16
2021-11-01,-4.435630469188682,-0.3213199759328967,-1.6283754397777932,-1.2394277286025377,-4.622229466228052,-1.8230288228880727,-2.036608853539952,1.3252495219480176,0.8145236238962672,-0.16797603133638997,-0.3722842780222828,-2.5222822708415986,0.9675443550906079,-1.4603391112991546,0.3420959298468393,0.9825482122142908,0.1451405194150779,-0.6280476531203236,-0.4963515569140278,0.23445599676088186,0.4460678287849286,-1.2466590607549923,1.0365543136498319,1.0447793331078736,-0.518852621954664,-0.08039141823161208,-0.8853269359072024,0.17484113378988425,-0.8657077661236456,-1.2683718236040233,-0.4325225077836257,0.4154172632070011,-0.3056080660061724,0.2252072217817214,0.19066765490759005,-0.46021699357668766,0.24256754619880436,-0.17146176459185894,1.4237551589268613,-0.9832252518762467,0.4777465933080104,-0.2521131739714904,-0.4562163062776679,0.0005009893323580464,-0.7978879799315406,-0.6794075102748454,0.6486270331234621,-0.4028175080344394,-0.26822712597460985,0.45350939682724867,-0.6400370930035392,0.14555880492339007,0.2598460379271737,0.38117974467066423,-0.07964260284722409,0.06333146374952343,-0.07005957114295527,-0.17249171964702953,-0.7161292776208568,-0.01598098981417139,0.1949155952982108,0.02833424874673762,-0.05782430869754395,0.2671691162770047,0.1239932205656452,-0.14939271925846076,-0.2519305258380739,-0.18180607539161506,-0.12210965246913637,-0.0903288866105806,0.03619455472016057,0.25488895924725946,-0.06876933708987507,-0.24915175423304659,0.16136879159570194,-0.17991299816758075,-0.0846844764464919,-0.01152098545659828,-0.004645495418570833,0.018129913235716805,0.044346178976519414,-0.08091874661502796,-0.1407167367662459,0.1229341347525165,0.17464817189637746,0.0280368104556472,-0.04713207634638245,0.003541751636936927,-0.11803597250910634,0.0955440514089834,-0.018486816650142412,0.04523336094521844,0.07903443382098722,-0.029034528236654783,-0.09095220497705384,-0.05183756268574329,-0.05524895758610701,0.07418261723886883,-0.05843785736298115,0.04274945172590194,-0.023666024584319243,-0.10986938739569892,0.011105696741554556,0.042273230412880225,-0.07272763970571848,-0.0807224865187678,-0.06613510289756036,0.0364125679260064,-0.06890920978749547,-0.08117700570087348,0.020894781088474694,0.03350771344049155,-0.02462858398764378,0.04024306935066225,-0.017089590140173177,-0.005577590658973944,0.024505114032074202,-0.016905983740092934,0.014059504980443283,0.005523071248551273,1.850867399900053e-16
2021-12-01,-9.5819722794999,1.604776682602589,-1.9528671266766522,-0.9565210436871359,-1.6918832770525019,0.031033075586359055,-1.196742848521359,0.845698117076535,1.300456916709433,0.7424312552704947,0.7700509109724056,-0.4228423825165291,-0.6021578029569182,0.1021633167694074,-0.09899701931986486,1.5687438479579825,0.3239677534940391,-0.5869150672703207,-0.6607449210793152,0.28264891470579473,0.1121322619188852,0.009867428359908323,-0.4849374493963303,0.3421460747938984,0.691632300890467,-0.16365064613634325,-0.06746045211512332,0.9593085387589988,0.26377705952619207,-0.3761236613256026,0.273590608670774,0.033834265216215895,0.06918511111909742,0.14305841490351115,0.10870826754356712,-0.6619399924660956,-0.06254634400787538,0.06444975327158721,-0.17492520617955323,0.2216458799262037,-0.37774674032641437,0.42793585312152504,-0.2502472378919207,-0.5850185365754123,0.6308242868744075,0.10347945285061932,-0.0901894879923828,-0.20479574435264902,0.13430544801904204,-0.41107173275429737,0.27317303611603116,0.03140841099669264,-0.3487705369532939,0.05016629085533515,-0.17505319455247795,-0.4049376994386681,0.13775213858750027,-0.4211030360350336,0.21345650389818058,-0.2670253484088894,-0.421165506438996,0.0786970320476909,-0.0769757514983078,-0.057316887555073325,-0.46208221038941993,0.03691137728476555,0.24832181148074275,-0.05715264780457269,0.06746456154982979,0.18681745599110725,0.12350978183512235,0.004402811209916861,-0.17837198731043585,-0.17678142939127256,0.12130681778700106,0.1368532582149814,-0.5285744009554818,0.005863988810167787,-0.25328306596335703,0.11591555376665928,0.0384786677965849,0.21239355498565415,-0.0032323780189944303,0.12794625820299776,0.10127701277921786,0.20511870906998156,-0.006967890040610208,0.21713805414403434,0.08477044006254532,0.039619691199673374,-0.07024449344387902,0.16929427473110223,-0.1430595328693135,0.0978037780962708,0.1431629081514964,0.14408050805819722,-0.0051611657046449965,0.09110895493140266,-0.28791761040011155,0.01014226220875522,-0.1619704733454884,-0.016970258585601104,0.006481971069689507,0.14551545322301007,0.039819174201341935,-0.11112353768123547,0.08746563451548782,-0.05521543290392359,-0.11820951743390327,0.07083330855043678,0.01686493597175621,0.06075442456430744,0.09065084205208342,0.016485209745716177,-0.05969368330590703,0.08564205149349252,-0.03802025148415278,-0.012926780974634677,-0.007993998998024845,0.06280670536284354,-2.9486672208372786e-16
2022-01-01,-8.620174434959665,0.21677908488414785,-1.6127867574420798,-0.3777425653254833,-1.2581257438363096,0.15346672143129506,-0.18607035891195176,0.9770036783045903,1.126436259691955,0.7167345324002692,0.6456281992176861,-0.7321933354183824,-1.468284136653264,-0.14061768119100324,0.9157241369620912,0.9626433422263695,-0.1767818176724746,-0.32720217646134797,-0.023460249321843357,-0.006662977599340491,-0.7532437030239291,-0.1600593658394466,-0.25281030884217615,-0.7332341244186352,0.5292438431354188,-0.46493169581397426,-1.0551751569768935,0.3695531475221842,0.1806340320998629,0.6395413789382997,0.4923468521752933,0.37668502074083504,0.36153179461443086,0.3950350380308314,-0.17064317311385518,0.21257762214841208,-0.4409514375462723,0.2982156260767207,0.2768292996638298,0.3334139311343808,-0.7198696260967146,0.2975626054030117,-0.06725438784205964,-0.050825645722128984,0.2784625616130424,0.3056069072260414,-0.17864731626954636,-0.5879094016337599,0.015917103277232357,-0.10601970075271591,0.49597816758964663,-0.29557556019451564,0.3102210370659309,-0.2080287749300551,0.08126110533882222,0.44737525521716776,0.3682188695097629,-0.5699724289250919,0.43461351831592143,-0.20107841438328247,0.08845232412794454,0.3525644699963243,0.6894244541795082,-0.267332720796119,-0.047963117815653676,-0.21621834034982235,-0.12989814615853637,0.0940199719119595,-0.35270004191040016,-0.07362498599321216,-0.05812791092188884,0.2083924135047842,0.18645113909762548,-0.030481288085519476,0.018966824953045244,-0.22218984647705328,0.2682654510830056,-0.25327020240524795,0.21867288874513532,-0.1184407793146609,0.14847132109349395,-0.03037182824532569,-0.20415610440718046,0.14571702756826563,0.22631378681907466,-0.3202156845234701,0.12438195568814983,-0.03514375639979157,0.03832249285787185,-0.05462608844122882,-0.15928079032631567,-0.08888299283474302,0.14625250854596444,0.2035884180229759,0.1087620999959226,-0.09931945046626262,0.030156453999680907,0.19480055865053417,-0.028182268338839935,-0.03187173461191157,0.0007381432903123936,-0.09455933963697952,0.07951332733737733,-0.014317677670031666,0.0150421321640503,-0.008707734135605825,-0.06705512002983055,0.03307997931533333,-0.013075150569531567,0.05136419432178644,0.006797921653699912,-0.026726086634716994,-0.036734521045256006,0.10670937058104928,0.1185623314912689,0.013597989231524629,-0.00013594744145352419,-0.016024113476415032,0.03530301272726538,-0.061647131047536975,2.1823609036632024e-16
2022-02-01,-9.886615019032883,-0.011471291366081682,0.011869814356506386,0.6619249212474865,0.532294054866741,-0.9064236298054271,0.2625967970715094,1.3542229369318353,0.24230567999201835,1.279912196730151,-0.11404521446301295,-0.002641796528789685,-0.7956190589263789,-0.2542192454281276,1.5091160449783692,0.4783779305031447,-0.6005383656299995,0.11758383041578747,0.505614876657964,-0.22791045816728775,-0.17706104959452063,-0.6577064335814814,0.5719301765359458,-0.7983806435505924,0.43562341754574213,0.730527097809626,-0.2778268404998637,0.4756097609218355,-0.45446552841878884,0.024192223542617505,0.38149659247808876,-0.26314988470009054,0.35964896541878894,0.2857280275436637,0.4363308032442974,-0.702376357790865,-0.2000231928914844,-0.23422476259574204,0.04804988710636478,0.31607935653306274,0.10458411084835527,0.18053077740043788,0.037203160065583246,0.6896685910384058,0.8560819960521211,0.79472671449332,0.23087797328866355,-0.180475619623491,0.04598287391947406,0.49815049516869847,-0.3841863376411307,0.4042033763787363,0.1494819326820649,0.1461487106496047,-0.25112411089163694,0.17291732187886646,0.03795976705044499,0.06789875401066654,0.23614523533946857,-0.18572470793425022,0.3082006011015708,-0.2571116912513429,-0.02656693154746779,0.18014126040681575,-0.07621989886883242,0.12113785271792665,0.06546170630925005,-0.2620618724359001,-0.000314226780175397,-0.008003379112236867,-0.15938857823202676,-0.09621395607442362,-0.13517184070210642,-0.4119286791998347,-0.41449158982555573,0.1256421644472094,0.04493085095274373,-0.012621844203235352,0.3002707819286819,-0.07623159467650734,-0.16901742023665167,-0.14495494033661624,-0.17920695525317817,0.017061793140586205,0.0415275186508524,-0.023082641621296057,0.0635438269504466,0.25252263315049644,0.05550368898772217,0.06090542353635598,0.13948711256088384,-0.0675858182468201,-0.08470491770297671,0.08295709815022581,0.0063258170187787035,-0.07601765957747872,0.1310096675458912,-0.20095310737500793,0.2517312040385448,0.1442035992212137,-0.018544858674295586,-0.10692000278635594,-0.08922033838252451,-0.11339181294290968,-0.13307757437470616,-0.015329413242517926,0.1861117875550049,-0.09611807952257156,-0.07693004911410542,-0.05072770248320309,-0.04988502002717814,-0.02433220119852967,0.04385497846347587,0.019967136220196132,-0.03919399861491844,-0.014886476070546805,-0.03187709980033802,0.06828015409313193,0.06374720673847406,0.03683147151167707,-3.3749346130792207e-16
2022-03-01,-5.37243698893104,-1.481925835639838,-0.6841208688934488,-0.3074809540224562,2.4135024582175713,-6.7376933567098565,0.19922576963379,1.3222027468662738,0.04961676780433846,2.2210178442298156,-0.5181180882596421,-0.43522786946981373,0.2494051982581961,0.13954805333936954,0.820419862769719,-2.0986970006608785,-2.8443432546057625,-1.137457254474777,0.2874706948127993,0.6079554153727118,0.09316912660752871,-0.7134323447246406,-0.5735466029632759,0.5854097983277469,0.2752192230307984,-0.15333711173658812,0.18389431862332659,1.4658308410216014,-1.1229291207794667,-0.0738349862083597,-0.1441244872803471,0.5455934246327094,-0.6080767169191332,-0.5675956308786827,0.49262638157862,0.15501832643565328,-0.4084521509159005,0.1799233147899601,-0.2880927573039126,0.503268975390898,-0.24063837289171044,-0.20937420486677616,1.2465081267482796,0.5391826190399451,0.3344395046826632,-0.7254492912829893,0.17462912221157906,0.24581511192048625,0.076394118911669,-0.018617110854911093,0.14904455575454692,0.0753478925207931,0.007813945921874146,0.08989420222391373,0.12905871202171504,-0.16237773017047435,0.13118295460287474,0.4060695400239649,0.039733689725866765,-0.04296339375023446,0.06559394800300526,-0.0006065545509113577,0.08441171776829746,-0.021460113563925482,0.07203115984479216,0.06428585990897666,-0.027560044809443903,-0.23336839404451368,-0.07206539875927258,0.0012277714197029992,-0.0567406618942844,0.16847252350779762,-0.22221739323036765,-0.1955707466859961,0.2253889308178017,0.033435436127487214,0.034276400543730205,-0.015726034300869746,0.13233533747533688,0.11747538613778175,-0.015684545945039676,0.10459024860283338,0.15116124225468544,0.1534298828152964,0.22985004277818313,0.09873714794316807,-0.09878513054691765,0.03298954464600014,0.17277096980263768,-0.09184167970197857,-0.11592987369198404,-0.12913938621845528,-0.02093363876350128,-0.055679507082372515,0.037391766502871376,-0.07362877985335796,0.034178211559676985,-0.0799546609361533,-0.03572147380407028,-0.11221676613353031,0.0033522145531190007,0.05181831957361533,0.12394999835553493,0.0983067032451935,0.0756861893407233,0.09951882117481571,-0.05599015809667216,-0.09554734084962949,0.03712039806334958,-0.02803558051926367,-0.02289766558987807,0.029890819026208538,-0.0001730750074508798,-0.01617654617028913,0.011763689486051051,0.012117677355072643,0.03597287738613684,0.007311293062062579,-0.05365092548576756,-0.025300527435749433,-8.465469522178475e-16
2022-04-01,-3.1906952632992676,-2.074627462678993,-0.8597026753505648,2.5077233355818245,0.7645030978804679,-2.8396030140211876,2.9123915466487396,2.0967070163336583,-1.248750803470306,-0.7037588177824944,1.6275744654505024,-0.6034571450458402,2.9728827503372606,1.4317684022694115,2.067414370929772,2.9029648011523226,-0.990909677683705,0.9581637559032915,-1.0698445672038335,-0.2609328341380282,-0.12405488866113927,0.5384154684341839,0.7233623599939129,-0.533335203978544,-0.3274701383351506,-0.7213561659709284,-0.20106728265934906,-0.024151873920333786,0.05993659689163395,0.2042175205866751,-0.09243084573119532,0.10187457860111675,-0.5050503558706124,-0.26291670751290996,-0.6883433549534721,-0.051308929310716775,-0.653506625097333,0.6286395185116057,-0.403628964021424,-0.8059545593164155,-0.15700335695246798,0.26442843915735575,0.0841553335142007,0.5854939105298973,-0.033494653015547195,0.6141337999404012,0.09951901352494841,0.41825413808614004,-0.003711974618176152,0.34382183541343864,-0.19748979801828295,0.2974158224310506,0.1942932690232892,0.2948948183196715,-0.15244696207854624,0.14149150726050885,0.2458411931173176,-0.18903911605681595,-0.15827367500123235,0.09468283559022383,-0.4430097430783521,-0.258084575207086,0.05290888333668664,-0.4097390374377551,0.18456879644730365,0.16718938303023734,0.43511106877088807,0.19241342448723758,-0.1470107654575939,-0.08839378815838748,0.00021155409797789847,0.15396139986923427,0.06431546075329378,0.12611572589946113,0.03362831834625369,0.09081541983069667,-0.10866054652140063,0.15454024270757902,0.040238415855047845,-0.15730005781528972,0.1897786849043666,0.035191048506163086,-0.13781635595376118,-0.255182346089456,-0.0860015308725816,0.16474187254980618,0.024361924602002195,0.013102039436045107,0.024147664479274203,-0.10571872500897436,0.038860903666479485,-0.10752803153321876,-0.0782906586807542,-0.017675192189660047,-0.061599965616298186,-0.09495771847952364,-0.26018518126439205,0.018028557271450352,-0.06349192658248881,-0.06202959998233303,-0.03903947049726334,0.00984831647319565,-0.0015343896194444087,0.03740079245940149,-0.041519048939434956,0.035772222553480115,0.06958379954750263,0.036027018303175826,-0.1112425598534524,0.007944230696648999,0.018982560989029305,-0.07878928403287591,-0.03356399551643149,-0.07789491598263852,0.03251178329730642,-0.003372666081311559,0.016647641389593255,-0.041332844751386384,-0.03479435688916421,-0.0145166704808334,-2.254110603575957e-16
2022-05-01,-11.694860944462764,0.3332670693560464,-0.895573116900103,0.9882797930023836,2.351609827574839,-2.1210629151536398,0.25847585630824826,0.8659549349582463,-0.1859839591433897,1.1911167026072291,-0.33969901577826034,0.1874405283771822,1.1095977727819653,-0.30022565272484136,0.30706898499454394,0.02415209409840918,-0.32552657119286355,-0.20346853428866699,-0.0010046165624896578,0.07080912117855742,0.03785343481709269,-0.640114962982014,-0.42909590022767613,-0.8550952398721933,0.17577634525524566,0.8518598377832858,-0.14273898029978577,0.032354751406431737,0.10065120158670923,-0.12305084425287187,-0.09774637439995554,0.002920885014178103,0.19849508503531435,-0.009213894259235154,-0.20068411053630508,0.21627542598156888,-0.03530011557172776,0.024106197663117352,0.2992585258188989,-0.2460314369390206,-0.22178433532300626,-0.010153437034732166,0.20894107557603334,-0.41854707187953477,-0.16381833486940614,-0.05755102831741508,-0.21642592461733753,0.49480650678523147,-0.06399698154621784,0.1463289528041982,0.11903760815894324,-0.06561705108523144,0.16986671953799265,0.2037368699272667,-0.1868278883165503,-0.09231211698775611,0.20807233627986121,-0.10871437458667055,0.24928545348328932,-0.07801851861600172,0.03399234799429816,0.27615268755606337,0.32183990198328144,-0.04456491714557777,-0.2694930727504742,-0.32130592498713306,-0.028768222030080507,0.2794905407571125,-0.06626713989094775,0.00547953531268491,-0.12957956581676516,-0.018259694410485396,-0.049533383673954774,0.03810583475638131,0.00696607273113171,0.04568712128501617,-0.11979232699334982,0.05817219191532221,0.09529249426994592,-0.0026507850713933345,-0.2061645285091283,-0.16500133392309188,0.012556203502719134,-0.054875667402622716,-0.049212495065582874,-0.011788373232105133,0.1234015852663259,0.22073745770045602,-0.08961556481492408,-0.29973338873275895,0.07420586115345323,0.049784219511267915,0.22126967967251274,0.19295462826650542,0.12645528992393368,0.0660111995221806,-0.037860919194407504,0.0813514237309771,-0.06436502699117995,-0.08695205801412298,0.2411093568000607,0.15901629273122173,-0.1467037156852031,-0.013413287305485076,-0.08445900597375788,-0.014640757209648494,-0.013261882493016838,0.13020184644840962,0.15880123005121355,-0.08414072829560836,0.1755801425169063,0.11100631703218487,-0.04270209904532891,-0.029097531607123684,-0.10737976553783611,-0.07678307816509757,0.039503733907670965,-0.014430484469720051,0.029500236486436085,0.10451446151502163,-8.531127042219976e-16
2022-06-01,-9.49278995769114,-0.33776647170273916,-2.846618959818793,-0.37476168870831916,3.3558326884520295,-3.5134718802701106,-0.9985489491404518,0.8133926890152419,-0.792851505962766,2.444064891214222,-0.38872286888079827,0.18399382036189912,1.1527779970482492,-0.37877943614246573,0.06978825028407407,-0.9462031815910737,-0.7282113078980782,-0.5252990945977983,0.02435849885131681,0.11019480746512962,0.5725206037312128,-0.834105100201561,-0.1105961371206253,-0.6261299854425653,-0.6017588998829255,0.22177154848589928,0.3569954490357115,-0.3119739238711606,-0.23946774425256678,0.31113901853557585,0.48686420452661844,0.11962864466863764,-0.3187130238922791,-0.4722272169203751,-0.06281167810050099,0.3577374664594237,-0.047022077735846705,0.30749945121709554,-0.3221621522517668,0.08053805948464772,0.17369077202556574,0.002213970939152899,0.34348127366084674,-0.37309548727733066,-0.18657892299099513,-0.9201392692469741,-0.5802330285139885,-0.10052127156190208,-0.3165083794793744,-0.11131793869764446,0.30957611380525984,-0.12026210659822888,-0.1540219276541548,0.24239574100019315,0.464305176065364,0.3839958612362786,0.1510646726252245,0.07598847487030128,-0.1734375177008513,0.2045209254003414,-0.11584585776694123,-0.289497379659108,0.23522569662617268,0.009223780645753516,-0.22752800954223115,-0.15858775466301708,-0.07000527686286413,-0.08550867388597332,0.09141738720569897,-0.10192387572580981,0.08445387269237072,0.026179672033749154,0.05501549101186589,0.3482960077253092,0.3363972305774025,0.14979798268585734,0.05020841586595027,-0.06170083246949637,-0.16792974288629708,0.23833012924366975,0.03038703636772754,-0.060584909025797,-0.21888908180399572,-0.14198511794435378,-0.4697793358407371,-0.08116199827187641,0.16244561072909094,-0.17946275312068233,0.03333847082248897,0.21931409700785148,-0.07176519919239491,0.10213288084122867,0.025632339661081898,-0.05821119058166653,0.05239002195052283,0.0842832062740253,0.030097586174423516,-0.0016693759879200976,0.07032365746876616,0.09569119339653666,-0.07970196639295815,-0.1165883093610207,-0.06985396898611351,-0.06769606214293222,-0.11158386268241532,-0.16015032212984184,0.04903585220728594,0.0890020105310618,-0.17766239666348832,0.09409576332608574,-0.041751566411605406,-0.0012143926594749405,-0.003398305289519991,0.010509898738101998,-0.008857030412764625,-0.00585856746100553,-0.049551687077341505,0.010921083234251488,0.09157702564396596,-0.009789844879146385,-9.515965967023334e-16
2022-07-01,2.2106040419459547,-2.6768415254806324,-5.404017537251639,-1.6511567171565678,2.4013590202135435,-3.242458371270982,-1.6217950972311679,0.5667734281800353,-1.1259332345404245,2.0776199347806568,0.733718522766682,0.4685936400326659,1.0839129642083556,-0.8092336617205158,0.3985476425133909,-0.29838504189823417,-1.0890818349343128,0.2644945503214702,0.04058155845018595,-0.53305639039116,1.1699552614432966,-0.7335907859471803,1.4491553616417185,-0.8586854119191389,-0.16775447493665185,1.0550548722048683,-0.2642344636752396,-0.25030382090870645,0.3512522478691661,0.6402410360578404,0.41978139039555645,0.3167542397195405,0.6746984339415514,0.14722484268286318,0.46878529148734216,0.1698932962565814,-0.16758486306009768,-0.01716996381301103,0.062413660393420486,0.35666003766650645,0.4362009150454784,0.29107059045855355,-0.35190205999388113,0.15168383596587223,0.29000504294228013,0.2165297157506417,0.015837874284490856,0.2642542868834268,-0.15165451595432833,0.4906545454644443,-0.060991266792599856,-0.11561135565873541,-0.4909726636909761,-0.4225679768982018,-0.44971842851605465,0.0032160538829703066,-0.042389658461516745,-0.11814952683719321,0.005321439830055168,-0.10767063255152584,-0.08679135637440151,-0.06558269720962306,0.22641649548032716,0.21720738980901114,0.19228973105501382,-0.36469863420740223,-0.08598500250488351,0.028059596808965567,0.1616163954399726,-0.02114102855147075,0.4873713219248945,-0.18568448516175365,0.37718424512860127,-0.20045477212105328,-0.3169405508991805,-0.16050406854289995,-0.15228916427541134,0.07662929707870392,-0.33197692209716,-0.14186159975751714,0.028042153685787462,-0.22387311464252463,0.26608212491333505,0.19451442400426416,0.09644198050670169,0.021296043249939004,-0.18175552127576428,-0.14938059247632907,-0.16732910241799395,-0.016244960097933046,0.14106957732944247,-0.0024572190733052808,-0.0004639365034194429,-0.049310232047691804,-0.24405177939508207,0.12238411552942013,-0.012788672359315462,0.06211598343175022,-0.09600642361598659,0.0459776135142161,-0.04374673568816238,0.07729150390730619,-0.11277200878194045,0.08269694844639187,0.11471383316158908,-0.03652678300101368,-0.002273001410035764,0.0358859550439165,0.11256889955329472,0.053762280697788864,-0.008048349248590608,-0.09335345065842529,-0.026498347116929596,0.04715571617097038,0.036282904201234895,0.07925785064741982,-0.016378205876403176,-0.010934128151991558,-0.005373952315370351,-0.019598574842718618,2.1999184493188981e-16
2022-08-01,3.0995310412814696,-2.947008539896267,-4.9090953390062015,-0.4981178120026438,0.9251317183724684,-2.1805568664121857,-1.2538780046099562,0.1954792140245857,-0.933431159839782,2.0689897918198827,0.1592958923563358,0.23714297867316747,0.4586115117453588,-1.6095141271378877,0.19776320202382716,0.33896270709633647,-0.6900545506648077,0.4249998177526362,-0.6045948402554822,-0.46016497978407483,-0.4906304266205953,0.06595495598983986,0.8119954039804264,-0.8278816845019855,0.7643089939047082,0.27985986341820346,-0.2850896543548767,-0.0910726319891863,1.6956891493032304,-0.1286771773285444,-0.6910247897624016,0.21396278409215866,1.7519614188528891,0.2524691486217046,-0.7298925731585718,0.6081379583994455,0.5791347505783744,-0.16386402348239432,0.1875651521169217,0.23073045224793579,0.6728963569683387,0.31661666692460433,-0.2563582446560886,-0.46606211560793037,-0.2162437370065448,-0.13113598803429632,0.376944196827754,-0.9334272231836248,-0.23964639827172823,-0.7295622754402443,0.14803060026816986,-0.10141950340571211,0.2680847878266153,-0.05876842136710329,-0.010878790586206222,0.012797469046890777,-0.06539734550062747,-0.15992876035512213,-0.00830670725233964,0.23606169171595065,0.16321514746089602,-0.24495990153566963,-0.4398521210875985,-0.1815862581454084,0.1263802692858547,0.3685144274330569,-0.059662448646959416,-0.20858132515427724,0.19800407880921875,0.24244634898624176,0.3291865230028493,-0.1877169656619942,0.1538829651890361,-0.1287600686917577,0.2792623839688193,0.09793822040161108,-0.19334995507903122,0.2088441105758545,0.07213380384224154,0.08898466621172513,-0.01871749530013692,0.21553842481344757,0.03887386065857803,-0.11692547853382182,0.10533145950525714,0.027277578740558937,0.08978170242276015,-0.1340047624323947,0.13235636152409605,-0.038521255266038626,-0.02493537049781295,-0.09790582475209234,0.052030625707001614,0.051879298236868314,0.12766468695362376,0.06018983974507287,-0.13551562205996995,0.026989714890391644,0.1520827954068182,-0.10963878458544611,0.06316591298675513,0.005879796355435931,0.038480475879806075,-0.08697229460786371,-0.04163305519384706,0.1169382774207323,-0.009414166544609779,-0.12818017915779098,-0.06396339113950301,-0.07709691981346752,-0.026426048541413987,0.030263100889698104,0.01683590935186036,0.0013165605816527713,0.011694038687780491,-0.04806107829906151,0.02621147997456729,0.019794829121661608,-0.03240591965004831,0.00354598317656464,-4.556829489610765e-16
2022-09-01,-5.096523381167668,-0.86176945635978,-1.2386572740052026,1.740569003326094,1.1563848699506558,-1.2163129730274835,-0.5606991360611085,-0.9866282998372709,0.20050561389320964,2.234947590301795,-0.022931983781200184,-0.24514288133702802,0.4312692442629007,-0.020691497895342227,-0.5358427182774533,0.1599650884010275,0.11830180219369026,-0.23840533147604742,-0.14158720567201064,-0.26477847108499103,-0.4628542719509116,-0.46272016804540167,-0.33403027830900495,-1.1616693596559768,0.45513153980516124,-0.29313753798803244,-0.2619951132619682,-0.858599577334889,0.8493318016811012,-0.23200657663516822,-0.195706175100016,-0.04164201072929182,0.19945221402963279,-0.11345666510371467,-0.3067352154067439,-0.3381055627008902,0.6536960771544468,-0.06948542306138092,-0.08669938612087627,-0.40891323398515206,-0.14221287582788705,0.25703851110012926,-0.057113697406333215,0.008589140514994816,-0.18401487698094088,-0.014651057858469551,-0.29991696225578557,-0.12387173755023077,-0.09252421717953588,0.1470287204816449,0.2721140058377238,-0.13246614722397018,0.030810999259147202,-0.003723897979344431,0.008846809531233367,-0.42532176373534625,-0.1578971136380172,-0.1814894677757439,-0.0035300980598608578,-0.012612201955112243,0.12896365452697625,0.16148806923598327,-0.30403390930498686,0.19101714366056907,0.08781254707357428,-0.0073524706204358605,0.4447870160070594,-0.28238326109158257,-0.16969497231856281,-0.44479918368851556,-0.21086484310810544,-0.06337868938853537,-0.4250607565001095,-0.020310294231609967,-0.1698910811978838,-0.3905233287778971,0.0694585136376624,-0.020574829474746825,0.3396981524407459,-0.06414766262142295,0.22059921909617428,0.04960541945864619,-0.04118544607296396,0.30699219967504093,-0.4870825882040474,-0.08685393901161083,-0.1350659529244935,0.2752107832811714,0.024058344007814998,0.2840700402535448,0.02431362342511976,0.07177330381212296,-0.05766724154781168,-0.0795979163088528,-0.15409029993874568,-0.0204563837501953,0.11139526389351882,0.04622635598246565,-0.09241009906699339,0.018293233043664408,0.22867958431799207,0.013018794837447807,-0.019390014965289318,0.05659936917446222,0.026699211821152903,0.15317035094523232,0.058545344293691175,0.034190244599049215,-0.029940209050513807,0.004945594425047592,0.002481918698834518,0.11426656799340956,-0.008891779213274864,-0.007681569854935751,-0.012274569974801886,0.05125031685406267,-0.009281048709668007,-0.02732070789298709,-0.05467825734109622,-0.07813570472243725,-6.353990111542476e-16
2022-10-01,-2.7416214726553645,-1.9496629967221581,-1.1249345763270875,2.7163669564739954,0.801753245403158,-1.9005926118270349,-0.726154719146549,-0.9728829037823299,0.12234604003300023,2.1601178817406406,0.4001850162296979,0.018441864729008307,0.062121413970382997,-0.6932894635813954,-0.2260610079915922,-0.40009874841629756,-0.2574277596467646,0.6810553380262467,-0.3726475725688724,-0.4971959659993972,-0.020773009333827194,-0.49888477703874246,-0.10268551990419711,0.13844806991139808,0.4862732250939632,0.12450698511003194,-0.28692815657268206,-0.6605963019042428,0.7742180775760632,-0.49980268684553164,-0.5485932773641481,0.9196852375965184,-0.15176900962110512,0.4589990145090585,-0.710783153517523,-0.4672580674431374,-0.1453161501789879,-0.2859895395699683,0.22855562706929736,-0.07125016624901119,0.40837493837897426,0.512250764653742,0.07595231531055974,0.11128030413730275,-0.08567879857075325,0.2538010578033801,-0.32532787695235554,0.36377891003983026,0.053902496408052496,0.33159223360068013,0.24113343211682606,0.012170010947997478,-0.4098285897298362,-0.6591467312070513,-0.08536192370437122,0.24307603866509614,-0.18666342249289858,0.01529102673567978,-0.35091701046955753,0.13308527293174602,0.19332697292391526,-0.16859072302486344,-0.027632153774654722,0.057766217266373925,-0.07491142460315771,0.5176863518566491,0.37727760933426313,0.09288646206891579,0.12032896268310551,0.3891865458312418,-0.5447189219118197,0.10497721178354366,-0.08607736647053396,0.05236783630009079,-0.06757514818572079,0.059690748856692656,0.5360278481827115,-0.2526916965973378,-0.04016614177353304,-0.034569956588389336,0.2941790401073537,0.14930774455850473,-0.1385528558842091,-0.3463822348782826,0.15363524304178505,-0.08989562600864855,-0.1217949017299638,0.06560973258705198,-0.08976306522874328,0.012044675380214568,-0.08435382208690465,0.018573392612818932,-0.05819668058622978,-0.035046504365116186,0.025835123235751625,-0.07505437270222787,0.1521882115498317,0.04852008206598186,-0.0944123689405107,0.060756691414184334,-0.04885359532804809,-0.022481035737663423,0.08035267708795756,-0.010303306160372595,0.09328579003854592,-0.24636849479208786,-0.13858214951947395,-0.06162564089470323,0.10759790034119891,-0.015563074267516732,-0.02306441226987463,-0.02214287688921822,0.019863412950655898,-0.05657871043111036,-0.017208112582606152,-0.03381495485166845,-0.03585054166169456,-0.007333792495897984,-0.013911069663285218,0.05981882880274448,-1.1212779547009063e-15
2022-11-01,-3.613130358725428,-1.5894499193097524,-0.9466458262822836,3.2092209346218437,-0.4208347505964676,-1.970283470151569,-2.9680055000830565,-0.7275775968695726,-0.18417818081822637,0.5389517230963882,0.870726377759237,-0.004679432722912832,0.5315564831896122,-1.3934341849545708,-0.21338347997914153,-0.38046487384036437,0.33498179571595,0.5007892280940893,-0.1321134016925942,0.035454428376280205,-0.11245520852887518,-0.020091913387064182,0.3539201034890666,-0.052048958767472724,0.16099103761254957,-0.5867069697342353,-0.23913835844284068,-0.693362211832898,0.3498124527025038,-0.6194619321950675,0.05466609947834971,0.29893510845086335,0.08151113601740109,0.25741086950511927,-0.35909733620718814,0.0878943241450031,0.10966453243405663,0.15493878289455085,-0.36398713223455764,-0.3846725969732838,-0.029719054919815326,-0.18486745464759963,0.014084007364304534,0.08899436250900493,-0.3200100998240434,0.22326212227915715,-0.6340573607121573,0.1680793147035365,0.10280824469795459,-0.16929010849117312,-0.21705127147530884,-0.024817603795519783,0.1535600066997301,0.20262183705909953,0.7455040381497527,0.0083855347236384,-0.4613716374122719,-0.07126499944670728,0.27935494709169834,-0.27701614895417576,0.29066596764996355,0.5858968229186191,-0.29192860979769747,-0.04540293399306726,-0.36809044390681467,0.10740425684577248,0.03217066260494658,-0.1634532210384787,0.27262941273548763,0.07729668740199018,-0.03149936736344149,0.0948040433040468,-0.09362996186521097,0.2629810389565589,-0.19191757193608688,0.119541975230674,0.03799844156093684,-0.013527773043159805,-0.23576460417667156,-0.07181948486071436,-0.28274734869584506,-0.27851474703012286,0.1282304155329754,-0.008653138992647117,0.19637481192613016,-0.03792630212699017,0.07873389011753497,0.175757766040158,0.11310703343191693,-0.1379923963807298,0.02484937278113819,-0.040399628394082225,-0.1194651640465707,0.02527557061574657,-0.015234453122430176,-0.12003979242192088,-0.09366883454524193,-0.12107855057477719,0.1921276431284482,0.13285965351234993,-0.33806869347713897,0.06040885264538945,0.10039162305981965,0.08827246780568385,-0.0903620007836731,0.026277301288445333,0.022761858907213918,0.12605853123057625,0.033411539675339996,0.11897241218793062,0.08596162792954734,0.05664933899297156,-0.04243494942482864,0.054357680571957286,0.0014098668979543787,0.041229755124328145,0.07895420767221362,0.030361934250394247,-0.028607079362807823,-0.0393027452680638,-5.223709234770464e-16
2022-12-01,-1.20478445870674,-2.071431854171199,-2.2182093922392916,1.861213303228507,-0.259471603310457,-1.445899224310014,-2.3851898459740943,-0.2834430472493444,0.5614976808408209,1.3291919173717395,2.446040118332695,1.136657553085147,-1.2523551897861012,0.4776721789171251,-0.41363854740065786,1.0063985682759236,0.8546147330714386,-1.3616980869054103,-0.6386002135605605,0.35549643986633533,0.7559494904699348,0.7442512833856275,0.13670023382056967,-0.5560094694877629,0.0037161931907095653,0.08156201481711742,0.11036229127467331,-0.35169392798043597,0.115242231098045,-0.582925300968806,-0.9599275391675919,0.5224496973266733,0.14475851797806177,-0.23350587500231917,-0.2172467434814862,0.7330596166417521,0.5604350881968206,0.5787300444460424,-0.223565455369171,-0.13179336683829532,-1.0504360766122354,-0.5828448081202383,-0.4064632875230302,0.3944837548498632,-0.6846595060000722,0.10695847815598836,-0.11566132165371093,-0.10422116537822998,0.37754502331575224,-0.25593034975669554,-0.6840118576028811,0.2892638252997805,0.0762907534810025,-0.13395813087871675,-0.1102686854777057,0.1609401830059743,0.042426156441273566,0.7144182427980031,-0.05959080030202553,-0.20691866696800304,-0.09409576491892123,0.16472132244083898,-0.06951113987140813,-0.32829723874313216,0.12591161921074642,-0.429912857395066,-0.10706747534351663,0.18129441560360707,-0.30572420106980475,0.31958115654971175,0.031104849458986276,0.12924710437248707,-0.3120922240577994,0.09920380620967653,-0.01916103861636409,0.18264507848274444,0.148724396425893,0.06335057705584232,-0.11656993955935833,-0.14235180373677922,-0.03814582981350515,0.1016927944144598,-0.10505645531466229,0.1729510883537605,0.1692737266177687,-0.09428563396354218,0.026990979346532818,-0.0009048428958288798,0.14835616212921135,0.055132356237802535,-0.10674995247078736,0.021718633113423338,-0.1335030902942929,-0.2199284027800664,0.0004523249396660473,0.11606903192780998,0.065016441954796,-0.012860272010138377,0.07499440162004649,-0.07335570613484935,0.0753669912130752,0.11223624850897042,-0.06243264420919541,0.029099536189134165,0.14106820509355064,0.015816129606942585,0.09560361370299361,-0.020211632017244407,0.007770588533104906,-0.09339165674503729,0.004642427927631477,-0.07976468512299723,0.02495603438951292,0.0055479257665101795,-0.012939739516010575,-0.003338158037483319,-0.059620983998367946,-0.020026360633485202,0.10010911147742274,0.0006307170398323035,-6.573081579138283e-16
2023-01-01,2.8615761057249367,-3.230165420375614,-2.1169910702644144,2.4406739919337817,-0.020158390840250985,-0.6711452375175309,-0.08286467278330814,0.22523859275439473,-0.014644280686741952,1.0968530759619328,1.7446858066528919,0.5523845332307403,-1.4642873181974552,-1.586768681412494,0.8708102307600113,0.4723173473269944,0.31350077362503215,-0.3917549733115737,0.09839710113227171,-0.047311782408451526,-0.6610585693422185,0.1642105616399017,-0.2751635860688243,0.6795623923241071,-0.6277149351218424,0.002845715939371759,0.5242495597736498,-0.22174697146722494,0.21582220035930605,-0.16068305372554276,0.17458052831750012,0.36554224100455307,0.14853602729287974,-0.26220966255294254,0.8163885925495716,1.1325999489825347,0.15219425542915144,-0.11879990396416458,-0.08634416969276065,0.5508100621957656,-0.2047887032921964,0.08714384462190071,0.13887470638461769,0.07305914317617222,0.026079995614786355,0.23030744120651309,0.21241093535108785,-0.04155866657131204,-0.6242109737699639,-0.2661908910685112,-0.12332998493772722,-0.26531932880358167,-0.3756114075475254,0.1621519330233709,-0.28529819221576047,-0.07986992577750197,0.5874511410833312,0.5672620511221019,-0.27421901631585044,0.06719804250159932,0.04475277902780331,0.563144554764031,-0.06245048615216755,-0.0403943193594472,-0.06167260794566751,0.1266334901392951,-0.05361395629882565,0.45459705787854854,-0.21377392246691004,-0.3818417563439698,-0.18475723935868427,-0.01767042135164349,-0.035577897344221586,0.3018287012748566,-0.31018002700319836,-0.21118746814143838,-0.04735961810295608,0.05113103845276723,-0.07256794455259788,-0.04951682923675711,0.12081633973494671,0.01570335904716903,-0.12073629340332837,0.08565387748455906,0.1497655795575645,0.3278419623676505,-0.005063409698236507,0.0424783332452464,-0.13349007453351427,0.021170986569692903,-0.13481462086864915,0.32912934472050037,0.1919683450568837,0.09627552620804801,-0.20451355971909094,-0.014569954650059188,-0.05678166546500199,-0.04043896547528289,-0.029074944136269244,0.05583330606168171,-0.038198442317823635,-0.0690964245045082,0.09363967636761557,-0.1961229882111512,-0.1455172815433488,0.056754502307041224,1.9587940706656073e-05,-0.043256481982810686,-0.02211920231884131,0.0964527276303116,-0.05081115945488512,-0.02269625178348467,0.013845347269278552,-0.017839312750643387,-0.024511551989263507,-0.04968515794164979,-0.010568307451547469,0.019432127019464104,-0.06879485996160353,0.029262042493669795,-6.357357479830665e-16
2023-02-01,3.9962626684138085,-4.238714178009875,-2.112814577812931,3.8727814572985237,-0.06567177200883689,-0.6582388803586212,1.2011594947739153,0.16509017667483095,-0.3998675887893095,1.1616418132380164,1.2428036107673568,0.44956504135160447,-1.6278948195578473,-1.0911293311605361,1.7055193774762527,0.14993597935565975,1.5913995184979,0.20185986150396612,1.3249069581860842,-0.05261770985597377,-0.4384672410205765,-0.49653961794740475,1.0908847128466082,-0.027262257728114494,-0.3337881157023111,0.8360514952670981,1.0648470935243202,0.08216889983198192,-0.8572142728833227,-0.00379675780967706,-0.4334709856157518,-1.1104513398254336,-0.2607505980985493,-0.6955155161158292,-0.2238304454094855,0.1369399206452749,0.6744688455281453,-0.18093768194497523,-0.23790400455279032,-0.09988096085178938,0.6301467457245952,-0.7470950585933482,0.23821840878294984,-0.1299954687492638,-0.4970233884020026,0.42833553672769986,-0.4174756692373901,-0.6593620131443396,-0.0940785381505423,-0.42435423500830427,0.3465507446838164,0.611724096864606,-0.12249994487004409,0.28201813718200436,-0.5791841056560312,0.41979731537175413,-0.42362633428233126,0.022918407096165883,0.32986085184957153,0.041066025595697976,-0.036514116303358546,-0.4227332356037723,0.16152943497152739,0.012327913198793512,-0.02701851438112674,0.0027401394625273224,-0.32827436596299137,0.27776451399826185,0.21524473174517508,-0.221895982566556,0.020540176721565502,0.16775723580445462,0.057994441179608905,0.0624931959638282,-0.10484596944828906,-0.1989120622759431,0.006781446145509779,-0.3323484154144235,0.3177754382578805,0.051596941281361074,-0.20735924735013322,0.002350078543641067,0.20913699400088928,-0.050050005029140865,-0.04693946782765742,0.0552871431424817,0.03871609727376795,0.13752034924076853,0.07110118169789768,0.03044135685447812,0.1780321500509949,0.005564215877588216,-0.1763472234190638,-0.006792455019031302,0.08518512074032242,-0.022765636630128618,0.03857152586365278,0.07728206037610966,-0.20712814338057192,-0.13079957436808684,-0.08210512944248188,-0.06416297702460973,0.08048425117655918,-0.009762387817232116,0.09100670653211318,-0.0725254183522568,-0.049415624295881935,0.03358539253674207,-0.02829734612585957,-0.02521699842749622,0.0024229465223835327,-0.006660463549208943,0.01296518142180717,-0.021390596942481438,0.020226544299561257,0.01518103934952804,0.05745365573814278,-0.045325742800338936,-0.004538338105925429,-0.0034556118194042588,-4.676312622663097e-16
2023-03-01,-0.9259769299337469,-1.9060085731493919,-0.5846946709039319,3.5226026702451305,1.5884472744327787,0.0071989594728824316,1.332176243766818,-0.18601218406549327,0.4650885540374329,0.09985520189541454,2.082231658133998,-1.2586158046783331,0.036536718664604936,-1.2294920618318632,0.42978025314454454,-3.6499448126503378,3.1392896951497047,-0.4163207948198956,-2.1603900906068016,2.1002286664253997,-0.4049501497600923,0.17255272365866783,0.647390521599621,0.3111136964627903,0.750530906956644,-1.2472289201350601,0.33382351830026297,0.8839535496651033,-0.485234697223191,1.8919316302878535,-0.4342360910405998,-0.3258972180286494,0.7727799386134532,-0.17516313782168896,0.08684893145295056,-0.9910747652716305,0.4894477251570864,0.6727818607125999,-0.16654935557943848,0.07865088340608252,0.48531306417169495,1.318525513093289,-0.31760327873504157,0.19196167680194182,-0.22385243920493159,0.037932734690318416,0.4358078693723404,0.19841379643335524,-0.21028563604775993,0.20562773153377137,-0.13067228200882813,0.06472350109257269,0.4937515399470611,-0.04383941673065133,0.11362547968450129,-0.31289510584182856,0.08719244688403754,0.1282814090304493,-0.07767983878539907,-0.022400709161494992,-0.010766826889396432,0.08620588999037125,0.13364035267465582,-0.14840509420945833,-0.10804027447261376,0.043633941786984876,-0.1455315107765151,0.19443013173932872,-0.07870598219248606,0.20698745167045512,0.1230344343710442,-0.08770546150747684,0.03518837503857564,-0.04173027742921689,0.1869358255321369,0.058957030039442644,0.16137456414006088,-0.007879912630840997,-0.025625360669983506,-0.07441151564464175,0.02027831301360812,-0.03837758091308556,0.09869165426342713,-0.010391632633919125,-0.08469100209555307,0.023812771004041434,-0.010568556868235188,0.07339691140604454,-0.16722420775510702,-0.017478807881716858,0.02218132041800339,0.03192379172384058,0.04564484581467628,-0.003840207904089691,-0.020628013756109134,-0.05978139734390092,0.044807570466510786,-0.005651498528891078,-0.0022558761489433286,-0.033145238745553654,0.001973994468623542,-0.016935873445247582,-0.0035692423262097973,0.030970537468272427,-0.02993057174750345,0.009230187445260071,0.011227806997656914,0.007562906105143521,-0.024892591101191276,0.0002794833345844056,-0.0022083768028937755,-0.02758537089933541,-0.02014411791242374,-0.013805781217471244,-0.03940136000262524,0.016728157461365637,-0.008890287477072321,-0.006239815299026088,0.015513761599583188,-0.007518265438598431,-6.0737237379991e-16
2023-04-01,6.358376379968274,-4.47052834700326,-2.16057641000772,3.403267183836327,1.5148654424829473,-1.3347972987232166,2.2265281713575384,0.8094400646321637,-1.144156071053316,-1.1339572721602915,2.7611110083485344,-0.5328867292524327,1.9120422051801442,1.0898647528468302,1.1046433801926152,1.0519843122995223,0.22819045615241906,0.47963987525928486,0.08576773162931713,-0.4561229733177302,-0.23874867619240117,0.8256229377506253,-0.5752895618439617,0.9043814842764195,0.25542682086634616,-0.6556032718799119,-0.12202925962077459,-0.3956767205740664,-0.1442324422103352,-0.10025478792483318,-0.03268596740008052,-0.5349939126031924,-0.012607850281521144,0.026912182286527947,0.15660267846017947,0.43971591919952174,-0.37179884146020703,-0.32532114585454763,0.5149282750242298,0.5191827591647533,0.21413886184344724,0.1851093707459153,0.42710234199585734,0.011750031602568257,-0.02180174189706202,0.12426097158424698,-0.2759895579716549,0.4304486401870568,0.20041052368217044,-0.19408410481206292,0.24251853479600194,-0.2900264576095182,0.15812790172837488,-0.40953589182350714,0.12847150432968837,-0.21654032533376655,-0.2587699078815055,0.25819973949518565,0.03024338411491055,-0.4930689013012027,0.00761638103130042,-0.25368419443253515,-0.556882649166862,-0.1437225893625346,0.4058116391963335,0.12323998127389539,-0.6549198660386725,-0.5759573382891904,0.0589860343016548,-0.15589282993448464,-0.17744047491920018,0.45156712779284275,0.15345730627882107,-0.14247003971209876,-0.013781542605949276,-0.11718552561751759,-0.0002324497535798541,-0.016030071290079086,-0.08572050864257039,-0.28543675768043836,-0.14833165696963313,0.07049103154893423,-0.06573300759512493,0.02852780146855345,-0.1370421100505173,-0.03297087235034713,-0.05069317493189863,-0.1809644128926317,-0.36767480394923874,0.07402010941701845,-0.0754317717432439,0.07987116506446264,0.033808154503516784,0.06019567010638294,0.1506546756789582,0.06680166467535725,0.08006535223780373,-0.06143665595221387,-0.019176003550690827,0.005305825462180463,0.005397397072781827,0.01694495908079477,0.034941523987764525,-0.0031567778628095724,0.0077128485316701936,0.044263846592839697,0.008606741013006234,0.03998374305092995,0.017243022067218512,-0.016898191711699474,0.02839221617158819,0.0999261008400761,0.09173707063191493,0.12643643346022884,0.011204629778949645,0.031629669936071525,-0.03242811122267477,-0.0001711750608459403,0.03991933943537194,0.04068981312459916,2.8713714123659483e-16
2023-05-01,6.808180578170209,-4.649815954905219,-3.139129464956013,2.340100091402864,1.6913881942113174,-0.27484041287942634,1.4340104686553816,0.18663583286954447,-0.5701583373166442,-0.8199732266595506,0.759051892128014,0.2733539575562052,0.6755478151518374,-0.6024568965207322,-0.36890855878921464,-0.09498433060756205,1.0396199818454976,0.20435719514953665,0.6994623066276643,-0.4021156187358459,-0.20795062834302236,-0.2869000942155917,-1.2064963443274992,1.0306620475975319,0.12051121576867727,0.36624104145354797,-0.5293071141400283,-0.49176916359494893,0.2429608193994394,-0.5879310815253951,0.26387614715144947,-0.392308728472744,0.714162595878948,-0.03658147587739776,0.6643227610544373,-0.1531252532727428,0.013093337032996574,-0.7847832649597416,0.7104691065967695,0.34401610042454,0.08681278137697712,-0.10822582152457604,0.10940345107540451,0.38412505235268984,0.05129294332099151,0.5796217725077487,-0.46259219703947063,0.17423370012647518,0.3240569194702971,-0.08450750940616364,0.04412574766645506,-0.4458501577188418,0.24101053319220286,0.35425944517558144,-0.23331901073975933,-0.471673430309662,0.3709072783753171,-0.3421488752446681,-0.18176691350094976,-0.29589635843424833,0.14499043358790825,0.13035998979926344,0.37381586611766676,0.1322919560871895,-0.08056235435929153,-0.373423100780986,-0.2365305301643836,-0.14409430345347427,-0.48532327493095245,0.25355022458963317,0.13711775353248712,0.2020829069588584,-0.08784152329200479,0.33680219765296454,0.300912969531278,0.10764033673388396,-0.21067061954384117,0.21736870363285565,-0.030471150995873737,0.10009816144080871,-0.0009224224595515484,-0.14330189695552448,0.0757476994819041,-0.2106165584234125,-0.1758675088147551,-0.006518988370058493,0.11906621073916433,0.009223574119236352,0.283167044910648,-0.13931959635235117,0.09350894457517459,-0.2417876146975752,-0.12176409070788323,-0.050781565991385655,-0.25659109197062874,-0.11280700197084191,0.00436618667214598,0.17738680489649938,-0.0019909883666899015,0.09316367274426729,-0.0348167389187095,-0.08497002146755449,0.02594558770405477,0.0371849715794917,0.07528026502576214,-0.023638145639160068,-0.05556913003914686,-0.08542466900861496,0.029351031953517133,-0.01797438411656227,-0.08466317465177803,0.026994113131714525,0.07894790456967776,-0.07319763394270597,-0.0392910611033819,-0.04293972718375221,-0.040672425780145856,0.028020029454156464,0.007816129668424595,-0.035788332789046355,1.4353534411986563e-16
2023-06-01,6.694857799976467,-4.2767371259703015,-5.945281989892144,0.004131247628623179,1.4694441126767437,0.646009902681553,-0.5942626879708846,-0.0975308203889951,-0.08098920691201954,-0.08530226912973421,0.05891065900940431,0.7799944041709392,0.6619474815146796,-1.0054309226108098,-0.47057918900982976,0.241096021100482,0.7655330211809878,-1.1263500254840546,0.23119996228217793,0.06027405487975452,-0.48472063204277027,1.0113192101974866,-0.44405070821069054,0.53420390786497,0.39710734507658546,-0.5756184878016725,0.06220608445957286,-0.4451297490265943,-0.11221479518879497,-0.494786942057959,0.49352824723075683,-0.595497085050572,-0.2581232730457602,-0.4063519596828862,0.8606539471270934,-0.3337533509043458,0.13773439434889445,-0.43822757001750556,0.8482337503823437,0.023158450034297756,0.5469854811109562,-0.2786205137489546,0.29366326325497955,0.4840469248819394,0.5144468103583022,0.13824827396363867,-0.10398265794365291,0.14610099902534662,-0.3170688222791103,-0.3801215418963135,-0.01646433032844642,0.4104780502965016,-0.165007278186148,0.1734624547383672,0.08833720470664891,0.055457569925493055,0.2558512394075813,-0.10309489204670788,-0.11388264164947189,0.5140666209502052,-0.8184963997349399,0.02690996182606107,0.23321789870277856,0.36257835095373186,-0.11321905940349954,0.4671228899914968,0.3494127849010313,-0.090899037715541,0.01397324904919429,-0.16209378628271695,0.2916057475756458,-0.003553432679835021,-0.1502733207600528,0.0509521198938005,-0.0865535122098247,0.3855547732641415,0.15943566277342464,-0.3014718164996622,-0.3013274448687119,-0.10575180944674335,0.12712363820993253,0.1677896766593586,0.15572514027926598,0.024253870191484197,0.10838676671746662,-0.03489254748811181,-0.05832006519209783,0.006938428488364948,0.1381564361048275,0.08018903059102925,-0.013029332969304438,0.0855130093605986,-0.03677554802358398,0.031580140710022464,0.16010085774449015,-0.16580942629608825,-0.026794590554980083,0.11474541560342673,0.17179021928004914,0.061498323815301924,0.22326597379139707,0.09602871052264363,-0.10025635276133187,0.0054116428937002895,-0.11531301352531341,0.007295311443294266,-0.033063426370870556,0.040728135776290024,0.03451594965941195,-0.08524681099706921,0.07410152069925864,-0.06295252284428993,-0.0036528858133077014,0.08618007056688692,0.05232027813230704,0.04245706290977502,0.025284260908114045,-0.021773222326257134,0.012733083867734049,-0.013476987333350838,6.535440460570469e-16
2023-07-01,10.61565144094306,-5.664012198743943,-7.08451772644861,-0.4395876984784278,1.770910371523792,0.538180402891664,-1.6983191587818214,-0.032318997856455374,-0.20788594662980656,0.43430214773593867,0.923911397313735,0.30404296300606876,0.06502852721781774,-0.20876800384441505,0.33278999712893365,0.25176820531096145,0.4331405989312391,-0.5385553791863446,0.9438721156234628,0.06409563928057771,0.3457453692759259,1.268930034989901,1.0956697880561341,0.5663725406448163,-0.2210047352929788,0.31372318041053754,0.7395974989002763,-0.8651745385144188,-0.24098028285026174,0.41799425020228526,0.281919175469421,-0.25929381810291685,-0.2949573482563992,0.18347369781391373,1.1105260117941818,-0.6313180507137774,-0.5301424493735186,0.36397829175664304,0.42457618596897867,-0.07358699997567657,-0.11884622640779156,-0.2630397656582215,-0.37022600269517986,0.05127297263786885,0.39282692342226805,-0.11486466233241031,0.38731269543472846,-0.6715848679657557,1.1477986879778252,-0.07980248663682235,0.8206595803535084,0.580388400762632,0.24696662224456348,-0.21688048996925213,0.1498556490407517,0.2614838600588353,-0.31335409610255716,-0.28619830214234904,0.04985558119975976,0.5217819294908459,-0.1615358405984288,0.4507591868504964,-0.21484712109846807,-0.0841870400607527,0.3379148879286822,0.01900706801494616,0.04462751537443293,0.016538772572526273,-0.1306776524904521,0.2317377724630933,-0.3890279349201356,-0.2786302121645266,-0.2364448743540749,-0.15356359168961364,0.1727495626259328,-0.28256796011092267,0.02962262209647989,0.038646519639231366,0.015142049481919636,0.23435129654171552,-0.052077462242901225,-0.20510612245132634,-0.13181311648930535,0.09954441836695396,-0.1631699345897845,-0.048183557434155685,-0.11078507310345934,-0.06083018201890135,-0.008888318276226747,-0.14213442125966735,-0.2254801433309605,-0.17188074952799437,0.0936039225907327,-0.030116928089972943,-0.03865602610607767,0.0490259843743562,-0.10139100917767528,-0.11865976725999197,-0.030951760620504004,0.03053528155530154,-0.04387042861669629,0.02018712727527226,0.00876886349661815,0.034757153639238016,-0.04867962798459677,0.02667180173825311,-0.003981354339579874,0.014445116352349144,0.0033088407528168574,0.0565358548333992,-0.00027750527687138286,0.00686938151894173,-0.07578700214508152,-0.06489410904490059,-0.021070784876975217,-0.012575852793703973,-0.022294653612994143,-0.005223282821310796,-0.008720237725730313,0.052984950100184496,7.646549821412858e-16
2023-08-01,7.817940940615669,-4.771400886392893,-4.925940984097405,0.22659659461430265,1.3193982098220212,0.913397203074413,-1.1493464035821916,-0.6692054590910558,-0.5121823232682916,0.854582178200533,-0.6786264612551999,0.19218381264310122,0.3518042928944145,-0.4475019503385033,-0.7530667228426395,-0.34645102193752847,-0.17020610533890546,-0.08010252232953173,0.26773882166003615,-0.8728761897132559,-0.3691452897722992,0.6272810928971891,-0.2810344713251556,0.4687777002607895,-0.72579093776067,-0.5956568889918882,0.634652002020744,0.2263898714294995,0.07195849801554381,0.3379528421965539,0.031954842866212564,0.00948713592091346,-0.16823153918949535,1.0327731182721325,-0.9517088130737265,-0.23040263678773845,0.311515892471222,-0.6654512356989033,0.0015396955161848295,-0.28311653423037186,-0.02852799925063416,0.6135964889216392,0.5631178733158225,-0.32580768903741686,0.4896692455206858,-0.5052542994558674,0.999089887120458,-0.007036951582584238,0.7823575262994438,0.3273946054598265,-0.3012934660577388,-0.4193547204838985,0.16979564019909035,0.42075900866792576,0.1489738685986271,0.2088643766468164,-0.5124530654777038,0.22221454517211228,-0.02163108468599855,0.08212933343878298,-0.34531899158312046,0.2130156216913486,0.31387665692344763,-0.2795698554520904,-0.13775157420225137,0.392954246905801,-0.05276448221859343,0.2541523787933425,-0.14191070046192455,-0.2932640172238602,-0.21782233046127458,0.3545926157979104,0.029591048625638564,0.10721044139619508,-0.46871879876828504,0.1966980096240596,-0.11238238020381427,0.5693151664782747,0.11057445084634734,0.011740964653667014,-0.07850440923773797,-0.06689130376184571,0.08493552261399034,0.12570545318841495,0.0235033291819438,0.08889686958415705,0.14221631041793964,0.027674489762207842,0.07052492687486336,0.13083171330346502,0.15504664311957245,-0.07141351824448885,0.1226052062269339,-0.014593010465613745,0.003812366754558772,0.11200632348073811,0.05568964559723626,0.019192388567052715,-0.029441532415473412,0.002468482825529646,0.060265670019583994,-0.03964564587944916,-0.007178247488151709,-0.03708514058589045,0.19415577378403645,-0.1221057571295726,-0.023557255080369092,-0.02797355913109967,-0.06663311891541608,0.021287186480957718,0.060712045136885766,-0.0003087440694007137,0.02465188485393275,0.026005520409695865,0.03937250527275648,-0.004418086430744573,0.031016462152247855,0.01918361957112366,0.029661793509220664,-0.01773453352626062,2.545576465823813e-16
2023-09-01,14.60336711882626,-6.808288213493394,-2.4653855228593557,2.9400006891486954,-1.3082256546596682,-2.009029528919992,0.4168896926491915,-2.51682616030403,0.5868152861893419,1.9140501606128035,-0.5946799568231533,-0.09787669210797909,0.08748068848959756,-0.486976733347085,-2.132544295865419,0.21826753402832313,0.020126805823519722,0.8174046555216512,-0.3949690567944049,-0.7843671632951178,-1.4686085758522631,0.4227424666784857,-0.8885826282601134,-1.3183516256895946,-0.14072122457880573,0.5146273380425408,-1.1637287743498899,-0.03621770439266377,-0.2563672788425477,0.8128154687387441,0.05186305927589805,-1.4019920665797525,-1.1761018702508967,-0.06567599268436806,0.49858120621516666,0.3451202912483485,-0.7701260456264545,-0.20398671941361907,-0.3828170530579252,0.08302674648353957,-0.2418068622590023,-0.6784834462182564,-0.7769867876535342,-0.9413690262210543,0.2463607305221197,-0.350958157548105,0.7165521117030982,-0.06739978451437212,0.2569091113681349,0.4146502398632205,-0.23005579517383973,-0.525883469828677,0.5109903608417701,0.22347771214838508,-0.04004973986202774,-0.49346576144353704,-0.022261514663344594,-0.06613288531437665,-0.1485431627819124,-0.24240321184300834,-0.04662914534677353,-0.3540085807693076,-0.03432257039601448,-0.3951007130513117,0.2913580160278916,-0.06772659394356316,0.08787684803758307,-0.08867252315211722,0.10510954966715287,0.11738433080013884,0.20800786747102304,0.07445711609513235,0.12097027299895256,-0.015099842439259777,0.05230852484389719,0.02899180377799317,0.2660811160252428,-0.2569617031841919,0.12246259338367114,0.044856368226180526,0.10940305909875205,-0.09884928232588884,0.10248897297048917,-0.013837736519162255,0.16812951310097982,0.1752220786138722,-0.03954763803287731,0.0846750512359436,0.07909087035558503,-0.020535097268081146,-0.08250343409081203,0.22940725130534453,-0.0857063350744005,0.04944998758564401,0.04482826902093198,-0.03307678908672577,0.016001516799972946,-0.02560885696453569,0.08624463963538942,-0.021298659921654115,-0.02846769800013088,-0.028595852906237056,-0.020858982904349788,0.04991698992292892,-0.04525614081947858,-0.03337371104132835,0.008319148495980578,0.0684890440901108,0.0423867947254245,0.003899407570645771,-0.08487104450398522,-0.019577387122517623,-0.0007375062539348246,-0.039675259923387385,-0.03485547111690483,-0.005815184372032481,0.0020778668042372187,-0.013154721710278776,0.0024886765814942494,-0.0023936912053309214,-1.8196440500169997e-16
2023-10-01,4.336924683478113,-4.724310961368558,-0.16219825986631112,3.65336251922971,-0.34480731767611933,-0.7650059883969998,-0.27522442072182424,-1.6311693144942978,0.8373432007426218,1.5369577512596555,0.3997606434626743,-0.49081470615772893,-0.30907011351894115,0.018827432891482313,-0.9444950208316599,-0.3558030989145282,0.10847075905910718,1.4633953162218365,-0.04086971472087026,-0.602336218648391,-0.5903203107210397,0.17186501801549986,-0.5969704990221721,0.508799262397933,0.16243008296131026,0.17181622903453952,-0.36292016366442914,0.019470073649102596,-0.9247984350628585,0.10029869520577224,-0.0007097115343219481,-0.017364476899624757,0.03035927639505142,0.378183538652088,0.01904444382050334,-0.29620327203380886,-0.7436410045571648,-0.2830708412766662,0.034579301396295975,0.4669413153546474,-0.11659221445574094,-0.4173166912886399,-0.2726374886423271,0.04650448585634487,-0.4062974301049141,0.4514675589910254,-0.16138082806220436,0.37771155480231455,0.43239058287535403,0.48752205090409717,-0.2817204150958917,0.16804658305149459,-0.23871880291383094,-0.26493667630873435,0.2872888224643124,0.2942702702802781,0.4830431240709133,0.23325325016848153,-0.14818927529031686,0.33910229962955,0.19060369676213174,-0.39091171312409684,0.2487958880747452,0.2880672435090229,-0.17490292175227942,-0.0662475237497705,0.09667966176205624,0.5216638712153383,0.24237007587112447,0.4423073302898294,-0.007562696760798183,-0.31483628821869936,0.2031660008763862,0.10656854639877375,0.062170798870380795,0.10783042413750658,-0.37319524975538265,0.29229596092112564,0.008025126899807014,0.3187869348204844,-0.04340652799836154,0.3690207459464897,-0.15199117694320174,0.2936420424209518,-0.0034946203665916025,-0.26487802307057595,-0.10863772708187584,-0.06446121225459318,-0.10055697543103277,0.1499075779681897,0.10886197234263396,-0.06502536019546708,-0.07215121665788267,-0.0037757363298438038,-0.021432683975782962,-0.07472754941981118,0.037188721059861686,0.03810882038980494,-0.11823319519160191,0.021864937750338154,0.009831372328759126,0.0516797741188953,0.11786662304832858,-0.0600186279874492,-0.03149305335339842,0.17734783941397997,0.045539584808322355,0.09748682004084486,-0.11250858146671697,-0.019137302226393323,0.03702778610829994,0.06416841670163417,-0.010012336267258679,0.10296832955938762,0.03280900135565089,-0.041502189965175774,0.03515582449760126,-0.00312861540743164,-0.016551466359633994,0.01558347670588663,1.7047183230640464e-16
2023-11-01,4.726976750972797,-4.745655634770484,-0.28382926446222695,3.683418341879349,-2.2355015664776,-1.466706266939377,-2.8949813455075097,-1.2783567935711035,0.16189325079538547,-1.3961081293297484,0.8343856143455793,-0.20679639347289958,0.09854566147409966,-1.2991817348166117,-0.8768769379252421,-0.7090362431927765,0.058142228289955855,0.6774645594933552,-0.1263763371294427,-0.39572959869433194,-0.15939336418919808,-0.26758838580518857,0.2746644651378344,0.8428591768969049,0.18594111787113124,-0.4400646737344369,0.2585479370138303,0.03564001396362003,-0.24544602380951436,-0.06364479779662068,0.8823144861907334,-0.6318257450027416,-0.37483218421560566,0.11147718381322538,-0.43569716761789423,0.21273258755697663,-0.17727823739757742,1.0987973665618034,-0.32941704522507403,0.37792700728237394,-0.44459389233270297,-0.1613774995025983,0.2646154039278095,-0.4487531670975769,-0.11443558876612976,-0.12138954322717235,-0.31438570797773574,0.1212828789820146,-0.09662261687262656,-0.01250525876721638,-0.69489069285727,-0.013219171211926633,-0.08158082582733821,-0.306313466564763,-0.006566511067825632,-0.07982796167887682,0.3711208657548033,-0.11033417259912244,-0.049280706664853575,0.5391337215515953,0.09726029340935669,0.16980190450550448,-0.1727065983850577,0.25327787338105423,-0.37896545931143044,0.04772923947066758,-0.08419878932566843,-0.24238409684299467,-0.3340176437432614,-0.36306372314599644,0.20738158654370092,0.061749340548052624,0.3139923942816418,-0.19896779749448645,-0.08304167313681861,-0.2742774589537491,-0.16524123136579558,-0.022483546750494302,0.021308999803971065,-0.10079842662817574,0.03880901828329663,-0.26460030714117816,-0.23626386274301886,-0.2514078780629958,-0.021532989422985968,-0.24334689187022412,-0.22147259909666858,0.06276989676539325,0.1735533879718724,0.11374759708845142,0.04388093313299724,-0.16844137938571582,0.026708548176421605,0.07781152363589824,0.3068407560348984,0.13013335986068286,-0.040516679515817625,-0.11091205954619122,-0.12457318602505008,0.06154163871090991,-0.02526591162998158,0.03514361822805969,-0.18957844783559197,-0.07756672013819656,0.0610292580865347,0.043330056959580775,-0.0423903078683268,-0.0977605318160161,0.02220030455445026,-0.0568944689173455,0.02545748085640729,-0.0586442679866948,0.03488516592719974,-0.09190816390211605,-0.010593349719263151,-0.00031931787462079653,-0.027535791314147243,0.00016094886593096493,-0.03611841072665046,-0.013929500974732018,7.332731765170344e-17
2023-12-01,5.021162140922446,-5.7130957072274455,-2.0081270075996445,2.0545488783846686,-0.40027380667189816,0.01275459273061183,-2.179289966909657,-0.9756655627198759,0.981977147590719,-0.5442856108629559,2.7699185897567222,1.7048681443251306,-1.1058571310805272,0.6885367915100781,-1.287249073057847,0.006683960464064264,-0.17284433114148776,-0.04467461740344601,-1.9599043176111877,-0.4193220649819059,0.6405469426005481,-0.8519667137551399,-0.274112041024295,0.5841441980767194,-0.7353196179744822,0.3469781722273778,0.937082903699206,-0.06779818124098107,0.4775727352996033,-0.3270299739784355,0.7541809306817646,-0.1194167490023286,-0.6322582402113684,0.6643711700861147,0.02390078769892852,-0.18356775873179923,0.2621841776981543,0.40467271410342687,0.5756245492382901,-0.35971153151600865,-0.2999635455905283,-0.0735852423312025,0.0202682157807898,-0.44167324207383174,0.5190722218229412,-0.30334418919233563,0.08354554312421673,0.8256246415862734,-0.3308197589239623,-0.04139982544157704,0.01951369053377169,-0.028475322990568083,0.08877705556270661,-0.46189637889240714,-0.023331925349138555,0.3071771512166083,-0.17891421169219554,-0.33586418253702305,0.0008608476141289885,-0.4603842507677083,0.32365679657383684,0.025062979391486283,0.16310051117177696,0.1889107498494657,0.18583177856012006,0.025381774314233347,0.05804720032096896,0.20211399339896405,0.4523271935865533,-0.569246734545291,0.2152460755921527,-0.17690726905344978,-0.4725926587831446,-0.20015807641145705,0.31981656559319993,-0.036542254350423804,-0.05016728500146385,-0.10825492348740307,0.12983678195336626,-0.155132420048938,-0.1378562739982533,0.39258785844667954,-0.0485656254687765,-0.0482825354686663,-0.06320961151387662,0.0768268927344196,0.24635573450660245,-0.20866536930289212,-0.03853001551282641,-0.13840977180140496,0.12940242231200194,-0.14392102512648797,0.022505704428808913,0.09562740849993633,-0.06121156446103246,-0.12291265255058238,0.047484385294100186,-0.011976963075561025,0.0036193141025169526,-0.0878545252361584,0.0212493529053381,-0.06607487243231243,0.045882509388313605,0.03224038552631137,-0.024818371832629263,0.020812394989859304,0.09301457824338485,-0.0640677939786754,0.029910595733911742,0.03295852165473715,-0.03623620022718391,-0.04857028547701925,-0.03621290962003448,-0.024069982975312026,-0.003936449978587331,-0.011987452662189516,0.0341801554724522,0.0196389831110993,0.02901261184720258,-0.006766486122652115,5.729276787330239e-16
2024-01-01,6.656140631914361,-6.331519393221374,-1.7978599865406102,2.2885307025618635,-0.3012598374615031,1.6242630574693901,-0.29301136433184394,0.24287440298042096,0.18573020557090272,-0.4390340947449752,0.2732629224597596,0.82705583804857,-3.369252828507421,-0.33778237957983714,1.316172893461452,-0.7031661135162082,-0.8486750481928753,-1.0802798368176714,-0.20630471772337539,-1.1743932858069783,-0.6753597527441214,0.17452019108436378,-0.578453989080884,0.13872090206874882,-0.8911546943980638,-1.2255226385284679,-0.7368227967104835,-0.9798434085771507,-0.22721597889399192,0.5562410493580497,0.6309478740744279,0.4065430570389013,0.5069413636153351,-0.22426147778866612,-1.2073893910981814,-0.5235094245122297,0.02729879208328502,-0.20917977909270496,0.29820853698364497,-0.7516496161656298,-1.1182277763845423,0.08360368735339067,0.11970073277910707,0.42646201445854803,0.14019322520211533,0.04838406411321561,0.6168598227597443,0.526968875094753,-0.5521576983404151,-0.1254095436353223,0.14908577367284856,0.22212052777295585,-0.42796002960237606,0.6192490764430775,0.0832486561807353,0.435247001873932,0.1564734244769487,0.02381955182355941,0.21583789946336518,0.1315934230521443,0.12378799996406563,-0.3749054969653271,-0.3944853514812238,-0.2090023755239737,-0.11313280409456428,-0.5878838660820495,0.03003034988637118,-0.46030882484881486,0.05652508479575544,0.21726357289675735,0.045018255714944805,-0.2424681337977767,0.2960978254756938,-0.09814096098132877,-0.07843372354386509,0.13975050666950856,-0.1466143170451574,-0.07092865080709307,0.19287643199262566,0.1094886341051968,-0.06865085496883,0.06815803912442278,0.1587511944653935,0.11647557059627815,-0.1523594956056339,0.15568843346722339,-0.071938403311744,-0.08741192960827412,-0.06958278812914842,0.05490808003787872,-0.1324771693595607,-0.04413953591194806,-0.02632663537699674,-0.030632946322712122,-0.003207017527490001,-0.0069723395327449915,-0.03696701740928152,0.027335993883466952,0.02711465704630373,0.003341761209419854,-0.05153839165420566,0.0005743560536443996,-0.04729588448163785,0.0334806695037482,-0.07224830685724434,-0.06377705186119483,-0.13463066231392254,0.015491667925181007,0.0899464831607691,-0.01705180394003372,0.003945984995936512,0.02709142958504342,0.013795382021248305,-0.022437543165289373,-0.02755297944757123,0.007509545114085261,-0.023418038056144033,-0.0038197185788547364,-0.010389656907684954,0.006035959129167307,1.121100297141695e-15
2024-02-01,5.711564800939585,-6.35363835687009,0.1814638046482482,3.707388385170874,-0.3390059340025467,1.147437800643964,1.5763894431748262,1.4336962013283137,0.21494824169753804,-1.2062140538888644,-1.030872074241539,0.7037953246580047,-2.6723220144777287,-0.6507935960727128,1.4514779527493444,0.04782393820287942,-0.6118139242728694,0.6397268217042468,0.9784160671011278,-1.031830171730636,-0.17654318138866415,-1.2151583031748707,0.8680936700731997,-0.8549742946052009,0.22215232648873415,0.19860411940919492,0.16793269664325072,1.1984352310925368,-0.012068323541536308,-0.3294205822031448,-0.22958142187460864,-0.41843195822258755,-0.2908255888009015,-0.00044850093858307,-0.25556786265108206,-0.7521647076188571,0.7901673428426966,0.25534419867770713,-0.08656119194156625,0.20641186387253818,0.15518187617363685,-0.22361326739849122,-0.5228558993417417,-0.06313660966448327,-0.0022476259636510687,-0.5332740922972471,-0.7846706809408253,0.1609526042760801,-0.08264181706003026,0.15784564278649976,-0.380185680008022,-0.3863944434225053,-0.26339330265267363,0.1998149384589688,-0.1447105033001834,-0.29183745191259525,-0.6723873372990723,0.2278326272079982,-0.2624022574783804,-0.406869513912113,-0.6978191601633663,0.3015872131289407,0.19938888358180668,-0.14598216136891162,-0.06598974845788823,0.28912182892724697,-0.07227492599468768,-0.2977857594389992,-0.18073893649115594,0.2767012604325873,-0.24175379037574832,-0.2970253160958166,0.0070793437863636835,0.1527454812033583,0.12234225058833892,0.07168435323976953,0.020655248037394883,0.011429938080187257,-0.11639246321348921,0.19653800488688083,0.15942056451811953,0.0814245859792164,-0.2007165420481823,0.14217025544801898,-0.006437817994336021,-0.017029166473827285,-0.15218428364112682,-0.30669349895020204,-0.12279634313433799,-0.08949355946497625,-0.02100561130855658,-0.06462033157264596,0.22115647367175234,0.14265730961253517,0.0048556774341696595,-0.14302865193938236,-0.10324296069085805,-0.00022585492231823524,0.042660941598476276,0.024969106662489204,-0.007323065532786001,0.09465220378987063,-0.012161198129921605,-0.03773791630400683,0.033410800013483614,-0.004303816328588003,0.1491552983555422,0.01185960500595588,0.04927994998648577,-0.025336942084899797,0.0011159174264172144,0.04314673612894217,0.02542952063200256,-0.04794407366009943,0.018344658472434095,0.020018060606112137,-0.010959983986509965,-0.014786993143924263,-0.00035674904128639055,-0.03447561482568953,-1.6578937744634522e-16
2024-03-01,5.539476784326048,-6.272403286956383,-0.41373679007285885,2.7234974193825714,-0.41371831300467493,0.5332449936032178,2.199437263954351,0.675577724231167,0.974659039257125,-1.540744036597352,-0.7882461733307766,-0.05442773441815899,-0.3813798296118626,-0.5328197234449834,-0.9339948388187035,-1.4282110562479176,-1.391921582597298,-0.7292752337728421,-0.15185647935125499,-0.022399797012514436,0.18440934822528174,-0.5547569723073494,0.6297494273055845,0.796423535193871,0.7769369575938265,-0.9639312913397459,-0.5774005144919193,0.9009440360852677,-0.3590939168889212,-0.5519010761282048,0.32891381372382467,-0.4079391723712207,0.7127743752978349,0.16907981559208404,-0.5300740187563703,-0.24849992841037907,-0.6243420163856555,-0.20499269875460543,0.34475155154956255,-0.6249989727414194,0.3717524921132296,-0.038168408259567674,-0.16364400746385402,-0.5108624135484752,0.8586315373802913,-0.2541910571093624,-0.6973491157583043,-0.29288457999938144,0.012257043134019827,0.28197678446895613,0.27562760752041693,0.01223819754870402,-0.30899225063985936,-0.04862132950470089,-0.18112029792658454,0.20443123859517703,-0.04832958448818885,0.11309822732202848,0.2438835630660042,-0.17694144828695046,-0.36970688753169456,0.17456041072985637,-0.003981511353603834,0.003501967646145814,0.45835310297092646,-0.5522767787413221,0.04162002145929539,0.04762382916359503,0.2763877128357391,0.03679576567119343,0.07770701291945042,-0.11707724828537149,-0.08495221256034116,0.4286457736117381,-0.11021300021215659,-0.061384583068583014,0.0003543459822182569,-0.14073078224230076,-0.01188269690197926,-0.23460837427259382,-0.06881350337450316,-0.12687370845504475,-0.1493156144551411,-0.34972454888572513,0.10660857356167577,-0.12144502561724735,0.18871990385522963,0.2087395831392164,-0.02703207265384437,0.13979775091508304,-0.1100641641996366,0.16167707569769751,-0.02407729176448365,-0.2278959205362062,-0.12356565354790541,0.19909887714023533,-0.048493274598088436,-0.033213533874291115,0.10528749565061281,-0.05453246413892725,0.06077323789752382,-0.027525447635762618,0.031092950700130476,0.0055574759873643145,0.11116975502658812,0.1261082402883738,0.024979086122593485,-0.008321446770937107,-0.08649334663622425,-0.03265697227359616,0.006504446621871412,-0.015236373702780722,-0.04422543340628885,0.016056621609597685,0.029973332131422125,-0.03116356583411779,0.005664670492812174,0.013944065920480657,-0.04175376462521962,0.05012957551223365,-1.2225759909393162e-16
2024-04-01,6.46220174244845,-7.388380695457424,-0.38177859127739505,3.5531413722045557,0.8099395524642613,-0.48482563245395355,3.8360346932127958,2.0936557013133967,-0.7525075849746573,-2.482131140333728,0.7943756281011002,-0.9155979483456801,3.4097315727849207,1.9577437755073137,1.7236446856483454,2.3626729221449194,-0.5455285238211875,1.201773630473,-0.3227851677719058,-0.07466796138780062,0.3839749828942661,0.7924165287214004,-0.24790335688178955,0.731510357074996,-0.01356866060563656,-1.082445597676667,0.6204054026120555,-0.06807016192319583,0.3851097954268184,0.22101101349721594,-0.048209953203414424,-0.028867586898630452,0.033964824378851684,-0.16145459101112936,-0.0531355341253925,-0.1902960973047019,0.21452807258880158,0.41847956052000845,-0.5108851350898058,-0.05489968311643946,-0.18982635567409278,-0.05043876896155111,-0.4714569534722077,-0.32249247759537036,0.1319941979686038,-0.8925807865729762,0.04302700536074068,-0.811256941568519,-0.38080348634256034,-0.03272857281224763,-0.11079261458261179,-0.17854269237976664,-0.06649482181596245,-0.16626183720475654,0.05726198362970843,0.0441964607865287,-0.038833408254915276,0.05266610194578996,0.2599224970214721,0.09217797938456224,0.27779357005353,0.15677895940461967,0.1687601180327804,0.41644405084695446,-0.45427421016874886,-0.2587245490450822,0.05829878377836709,0.17847781215833114,0.1447446281613991,0.11732370901310414,0.06644409316177077,-0.37952635881757446,-0.14851561774001903,-0.11861223874965937,-0.0717342624665167,0.020361500293918745,0.1061778625237707,-0.17180717086175032,-0.046595296164753566,0.3663696546993091,-0.05087787609572445,-0.02476372427414721,0.12432060442794017,0.24071953131851287,0.17457392954005296,-0.019698816571636205,-0.03332547695886995,0.06620475678342436,0.1317380736215538,0.13132197786548974,0.07798901728039419,0.07171709785220469,0.04567978337524634,-0.06489434393156225,-0.03680316128622829,0.006173623602111069,0.23136814527218794,0.04360215679185575,0.10015242934261068,0.031249107814262087,0.014878860555053209,-0.008573150763744826,0.008226338834110574,-0.05290801104585158,0.036624734339498914,-0.059212658220708654,-0.0702948756241256,-0.05049206062794303,0.11321578251898742,-0.0033380715338520227,-0.039306883895252165,0.024343295327855435,-0.026016091925582154,2.1960530709424466e-05,-0.02973932897405985,-0.03165629023553121,0.010631139628991204,0.038555772179257715,0.014991698919265991,-0.0170812565082886,1.3292671142589119e-15
2024-05-01,9.383031562685643,-7.881863040235962,-2.447272042207368,1.9477045529050558,1.5810025358883604,1.3728173831776465,1.2824994912174619,0.4506032580353603,1.0439045428366835,-1.976078402896959,-1.0162071198633313,0.26809612775248204,0.9375509473547332,0.7418094854172328,0.13357246808132622,-0.04616239080856383,0.9202805511471834,-0.289613525734595,1.5582611616169568,0.39004028257189666,0.41349784210728047,-0.6108899204396577,-0.8365460448266832,-0.38763520595909584,0.24831493426714782,0.5268792601933237,-0.5548258426239817,0.1249824749672197,0.8388230199152011,-0.5542893371198097,0.20863948751969724,0.0802979645530466,0.2344018881085319,0.5580462435768497,0.3113937837622602,-0.05317782844178434,-0.13660024795124873,-0.33547808977433224,0.789852381209883,0.23595084523718596,-0.02165655450776735,-0.10988511527443541,-0.37984489161015944,0.4311339396415099,0.0032190932054896823,-0.6579470637820933,0.1555774402581877,0.370841769407072,-0.42713502177444335,-0.5412382200540509,-0.4739860377541126,0.378037184226126,-0.31758332869539857,0.3653650675185467,-0.07771037321405412,-0.11978387722155075,0.04536745473428736,0.4611325326937574,0.2606386596322178,0.4673247714285404,0.6792168466975408,-0.08933257216995623,0.12465243162609463,0.10194644104956814,-0.1509756615213206,-0.1601334427446667,0.12980408882650374,0.20079635268006102,0.29551520591460834,0.12075395876341335,-0.2495237636142294,0.20521672228800786,0.1591712102254672,-0.20612745398976018,0.02531407538175768,-0.05858819718077535,0.33741857158406385,0.3876065414464035,0.05020571587732906,-0.1419045443907963,0.3556472755475626,-0.08192781867405349,0.1969003141337251,-0.09082098162750768,-0.036949698308702025,-0.13440587982972052,0.07594968834195603,0.052938250978342115,-0.033381105316674,-0.22420549280067784,-0.07470524997964349,0.05738876386820304,0.025558592223207693,0.11064329417943645,0.16700297670809458,0.12253761754920782,0.0011087713736283253,-0.11258071009954829,-0.05456245536332716,-0.14886899944538676,-0.03146475942858561,-0.02439721536698082,0.050653687129394664,0.07788372224605239,0.02551612076279897,0.010783299052283042,0.10488168694707231,0.04465930848412503,-0.13101319550670942,0.05747065535214966,-0.027886902550644275,-0.027202531794732535,-0.05242631645553109,-0.02830016258474126,-0.013633125714172994,0.0768693736210444,-0.015537808619478649,-0.02428078416831972,-0.005923130990094889,-0.02933573233014257,9.463226859296129e-16
2024-06-01,8.838802543691777,-6.79813629261295,-4.156010618284874,-0.03680369787838549,2.1123741563329137,2.739411675787802,-0.9145415255631654,0.16976359219522158,2.3575418495834906,-1.6900718465935627,-2.2067840117737854,0.05753079851495703,0.9477874798906126,0.49691597575557883,-0.44076441989016485,-0.46245853530256203,-0.00017126316601529833,-0.924549975958632,1.5657827006916094,0.2843310438035827,0.07149368657517985,-0.10318847978871287,-1.2893883539392692,-0.927683523732462,1.550422479527682,-0.4226891663951373,-0.7004502003702501,1.3587068653805587,0.7988618987960119,-0.30190781127557065,0.5905811885436227,1.0638094294153642,-0.7088942310258388,-0.7937533377965403,0.2591045689182093,0.6491047175456575,-0.7671085960077078,0.6382803116335769,-0.14902080455584352,-0.31133397984674044,0.3366658274753066,0.006923463738784896,0.08090138641473557,-0.18147464109581324,-0.7120285259881666,0.128346505267172,0.32877650060432295,0.3096232282874369,-0.27776296326610994,-0.05748520884714707,0.042366402910984854,0.38564509207137976,0.4588470343672606,-0.7570324117530993,-0.4996869234065956,0.4701947099245097,-0.408729936250665,0.18166001778080418,-0.2372407672573159,0.022479814240353665,-0.06508450397095952,0.0715984422981684,-0.2944790779797285,-0.3099665841865626,-0.11066885506714774,0.18968689859437848,-0.26158557890475065,-0.029941949324608325,-0.12376572554127448,0.129718127440239,0.2590736933152753,-0.3505525444449479,0.04438979751752684,0.1392325242850749,-0.1856007151513842,-0.06970761290357175,-0.04108687156308791,-0.010760893688173902,0.02269863374261894,-0.16669630675123828,-0.1740786722674464,-0.016310929448116723,-0.08786366432054908,0.14783956414512128,-0.1712203065833843,0.20268064807454153,0.014459442012316935,0.06138197182046771,0.03292652743239379,0.05138828241887293,0.11663566255704277,-0.08105915866085613,-0.06124752523555171,0.023090303851145463,-0.0453498183204318,-0.11730447523035403,0.05549444866415234,0.11343418697550282,-0.0764022235263483,0.10780260600372198,-0.06145346362716913,-0.06986836436805226,-0.01534963698157163,0.024078600482210773,-0.016713384070539995,-0.026006792273747453,-0.024977347239337703,-0.04869629116452872,-0.03063404455773192,0.01735753000006059,0.017275449058602878,0.007661272811577703,-0.00833587083312268,0.017504918140889808,-0.012956409776001904,-0.0437818644837365,0.022753648912303616,-0.004392397125513744,0.011633091212031701,0.00573369211234153,-1.3435123023597725e-15
2024-07-01,6.545756998603444,-7.0009628550615135,-4.693543706133421,0.155426710809853,1.5209273858246688,2.7754538311128933,-1.5256252481958135,0.23063535305462737,1.205934762668263,-0.4241924702261998,-1.625608902067371,0.5535079019062098,-0.07243033677759973,0.7124594267377953,1.286029601592091,-0.11408605593378614,-0.17901501243207146,-0.6431830963656435,1.2944573021779282,1.4326436755119465,1.0664889932126191,0.4622078609226261,0.2314587040779378,-0.38855018226800325,0.42688291143459633,0.22950919968881855,0.3539198510227256,-0.13735261769305104,0.20732951183714413,-0.7512785627321729,0.03774300810102866,0.1778144804444729,-0.010302961900690369,-0.18417371173469035,0.2781631255659802,-0.08391184464031912,0.060823910328513905,-0.18419841926050895,-0.2306550756382572,-0.6387426755396771,-0.14023882637022334,0.9342388512967308,0.2572033142031794,-0.5588490525773983,-0.1412158399368138,1.483899725064531,0.21111096803959647,0.02150236317193558,-0.2557541435432141,0.3774363239212516,-0.31188329121926833,0.018088385669509505,0.024793870838707516,-0.08763286278161565,0.7110447594109996,-0.6657732014902842,0.5330874644258174,-0.017139693855281277,-0.5876130684960746,-0.553038305429971,-0.07722800590347119,-0.19399113886932462,0.030966884938874797,-0.07208531120923384,0.008248218657399593,-0.0602607606219094,-0.10136819978403261,0.11333703075440425,0.3057681773111291,-0.42224932865604486,-0.10892889353145274,0.12609036232011314,0.05890339249381088,-0.16675243067459639,0.18805372583898028,0.02668611146433016,-0.046693637075970094,-0.26151835631271947,0.17356606195707436,0.48667894121452626,-0.04141675549751363,-0.004215070089792977,-0.1034306402339487,-0.03374875710803205,0.10567759706697095,-0.15082672743990858,-0.07471957463828563,-0.05178687735338469,0.0852504628625892,-0.01146064469869464,-0.03471055876250297,0.021861307480419156,0.03340157352981545,-0.09221962370766924,0.026962433324210385,0.13869642065577795,-0.050005781946743946,-0.09562744643110604,0.06653425463400389,-0.12565566520979368,-0.000610099391525691,0.09708473025009633,-0.016583370672223274,-0.05090129002033811,0.076064826891209,-0.059647804334447684,-0.027258043589375176,0.07470262609617398,0.012457295924694653,0.03317087884680062,-0.04535907466158823,0.01015709672093278,0.017242479723988426,0.0007829958177931627,0.02652234528989566,-0.008541774351295597,0.02138509092497893,0.015106091912018156,-0.01637893499778431,-0.015472066492458731,1.1496749601864138e-15
2024-08-01,-11.752137132054186,-0.9409939855057902,-0.07788536908219398,0.34403106102356606,2.2678316299420884,2.4184796456364372,-0.9721586436823543,0.33214042216352435,1.3409347273657675,0.13145800072061212,-1.2397604370084634,-0.756493756242196,0.6736254451288001,1.0598057304640485,-0.11459519898821587,-0.2548573663488356,-0.417411236752498,0.14334134655279476,0.056155889696446665,0.11762147898715544,0.09645367646482994,-0.0890549643266793,0.09593452436183564,-0.3417553262458164,-0.05135849049070957,0.08780607062563985,0.7018265228516261,0.7715104684106674,0.3695030013862268,-0.009712577492536989,0.5385746725403215,-0.24736891701829541,0.3598016182712802,0.680822234024001,-0.589571672106587,-0.16125885973336518,0.18680309098873635,-0.11450440590440364,0.25153695389729813,0.20666406084971115,0.179291587049042,0.34640915392602634,-0.08191731089511284,0.18197691007990846,0.13871536401456508,-0.17917634652110873,0.03515231794537535,-0.2873621767289028,0.22004895737462188,0.20275200540300994,0.042116183436622344,-0.17416300564383297,-0.10832166972498505,-0.11291352085234489,-0.19959996890170895,0.22030528398343552,0.21340864570422233,0.18320177122281295,0.025281570688388245,-0.047440786141579684,0.17171654698468375,-0.23208543048091093,-0.14491546038187725,0.06486274017736418,0.022977731780439076,0.18349223204034565,-0.1441912482645811,0.0593687932612143,-0.4560814551776776,-0.19380068463225883,0.13975805939850017,0.22865838195776206,-0.13159040564208466,0.16854399101384834,-0.20572431158522964,-0.2986786247595239,-0.1522500787758612,0.19238009620062382,-0.0777598965478362,0.13355493947136837,-0.30345968342171953,0.15213231044215814,0.15109030658323389,-0.06963332244767255,0.27567849970404995,-0.15608341743140708,0.1637156909351875,-0.21212552019161277,0.11260501392052953,0.20834417050587983,-0.07124730150404615,0.1034943802913505,-0.1596850201170934,-0.19035356886692864,0.16596146589079924,-0.24969563435984535,-0.13140370111847896,-0.031673153700714475,-0.03394712077574783,0.009100142239904704,-0.0004904160144374963,-0.07722620980546432,0.06788782655527607,0.0432050262806293,-0.16690305131303435,0.06394763440513104,0.023101907152045884,0.1872289177191784,0.1751284739144729,0.004394186912751749,-0.07687785354945428,-0.001201075316623227,-0.03278560543969961,-0.10041501041663262,-0.049420912537003196,0.040204369808698,-0.07789640376000875,-0.0850525638185032,-0.001224498760808933,0.019240896255167093,-1.898762268274969e-15
2024-09-01,6.826573271403995,-7.412687999944652,-1.3295707997209634,2.6002045061895154,-0.28064564846900925,1.3797025950512345,0.5317264715173373,-2.5220659240256587,1.5989033886820272,0.678042731340268,-0.6647413491641233,-1.0772211779207215,0.9520882281616487,2.9988631459099078,-1.3449013557305036,-0.8299752447391984,0.10766920169965875,0.20561484255863507,0.1614355510170114,0.5017956567831806,-0.36141313747160303,-0.8756602600614467,0.9237011355167899,-1.4770327365793758,-1.5526878605068133,0.3001093415481549,0.6466809603009147,0.8662232511580102,0.08836626714306418,0.19784062092730678,0.9272727978284176,0.45786765986168215,0.23308983327076088,0.32763177560990764,0.45265784519346364,-0.4708690518392494,0.3701797828348061,-0.5684658611766035,-0.3939084460342179,-0.4191172037756033,-0.15765019610458725,-0.5148789929381556,-0.25728365852139173,0.8589012447714578,-0.687454982244018,-0.17555237634319742,-0.26072668899912366,-0.8780293863710105,-0.03819589256817488,-0.13271172278089638,0.11531189467024638,-0.16024198312941754,-0.32796556819109074,-0.26669332865507134,0.5524627969629494,-0.37714029757256373,0.5666060081706963,-0.25961197909600736,0.3495182536431225,0.2736438712578919,-0.19643626346074405,-0.12052953248765443,0.22363153460747978,-0.22408462631603113,0.001609992104316321,-0.06631285597313162,0.053545357146867124,-0.1729014026388474,-0.043048786639919304,-0.05460679784859438,-0.17406020166453823,0.29204857529659656,-0.013318839064333062,-0.06596977778871033,0.15634265634680242,0.03194817549899044,-0.007418341978475853,0.007781663991434372,-0.038666795201682806,-0.3879433322394562,-0.21174330671438543,0.22970800526812102,-0.04330982152071346,-0.07327970150032087,0.0012481399991865322,0.23046656106778873,-0.0907719657072295,0.062280565501569914,-0.10353371679900897,-0.03883424125688856,0.0663469598979283,-0.01990150436589623,0.07741950433550371,-0.017924714244751856,-0.07076305164623338,0.10764260436046237,-0.022187385970113806,-0.011502341177508594,0.015059323469271425,0.10948759566960377,-0.08327201544197696,0.011793455170127018,0.00795863239662839,-0.04190370273839196,-0.049074483866388796,-0.028878154550707597,-0.038447808861819345,-0.11119200932833452,0.0504481524341593,-0.052503574026960084,0.07584809921917428,0.005161717838052511,0.03609323479542541,0.030267177781258925,0.03202104503285617,-0.01932632971574015,-0.00040781186963350144,0.0005637487580526385,-0.010324515019757572,0.010288557827968786,1.2308173359898093e-15
2024-10-01,5.284830133735101,-6.71019442137559,0.5783616120539891,3.00804235935232,-1.3045774268822874,1.2390664531969389,0.4768466554167152,-1.3861612485667358,1.2055916416785406,0.25661981688401575,-1.552097151556146,-0.9495435884247821,-0.3279210328911269,1.5014256273520634,-0.0255472216349387,-0.48739083283231555,0.07000965056061018,0.7050050989032564,0.10539740403616667,1.1906233936090558,0.44707499792677713,-0.7594159858768396,0.24730470109721606,-0.018486915261109186,0.5590579796399534,-0.523480519883253,-0.44936773353610854,-0.18783263167006733,-0.09921642576198303,-0.05118175235629207,-1.104595158784228,-0.3898210986284526,-0.059265332417944926,-0.01902717422344207,-0.5088692798379763,0.31282994922162416,0.12747982468019442,-0.38924266652234496,-0.7189476674392699,1.1029948216243508,-0.12077488346190572,0.04912268062602884,0.46968100754611086,-0.06612708610355468,-0.8408722056366239,0.19814393353566617,-0.09219287088780947,0.30385047024836837,0.1829767802925999,0.07998214354471299,0.4832204360666948,-0.5543620080224997,0.2096490541469956,0.9012774918455382,-0.3823700928529528,0.5377265363759215,0.518996233009434,-0.03857804483129472,0.09738933389734605,0.22252613627875054,-0.13824744048649748,0.22711851110908032,-0.5139719063606281,0.37981821367880936,0.7465316454749681,0.02910052335459955,0.13789367846391334,-0.02275894293502947,0.0879331761251475,-0.05738256770890979,-0.1490124899286962,-0.2176647460058278,-0.4748524350290094,-0.3594675066860904,-0.11032498429561091,0.0298657816501533,-0.3050119511821154,-0.04746066897466948,-0.3453945641805927,-0.004017906770181552,0.145473787921024,-0.09974155726925135,-0.04514343521883021,-0.054828455853424767,0.09063963394693735,0.022682155187546994,0.15938927216436208,-0.06190138485665869,0.05319808458722928,-0.02515237576904899,0.029221138336946135,-0.13682107877844862,0.05136142246500306,0.08850534368715626,-0.01801339583948594,0.04646313739667364,0.026794333856421635,0.02095805066437977,-0.03344069597920509,-0.026585927184959786,0.011887729864917696,-0.0007600416958400759,-0.07540397190357649,0.009760686189119735,-0.05365247794995092,-0.1181081362745786,-0.026006083814725356,0.00908024659427773,0.006298011627084177,0.026134063615268294,-0.028713481346980367,-0.043261537808360284,-0.06614351784588537,0.04807556466243177,0.0011574314926866697,0.0348744718334982,0.008543558976852973,0.02289173126228102,0.026447595796849976,-0.00805106862328685,2.606774530571986e-16
2024-11-01,-7.223072570928425,-3.1229266599489107,1.176342689088954,2.460536983368831,-0.5145900635850796,1.0497250672083955,-1.5597917115559163,-0.3098245338058158,1.3472529914162827,-0.8097650756504721,-0.4149452819022672,-0.6237634055627489,0.466456189420131,0.5100124407731895,-0.20046334701405188,-0.21182346025142199,-0.0988418188669067,0.8269401313134953,-0.3046772661748678,0.5833101992743887,0.5194911405974292,-0.11334261051876451,0.8836619858705567,0.3105487445676893,-0.24289288822248203,0.5327565718607687,-0.03474046852380277,0.20397041627996898,-0.9459630055766566,-0.35308190853220334,0.20687423448194212,-0.050765770932196606,-0.2691882731697952,-0.3465627866749964,-0.615074872063296,0.7181154411919443,0.4171251161521757,0.33209675431202484,0.336974211183061,0.5397956325508546,0.04996773922299213,0.031109205688180822,-0.12038279503176454,-0.25301713611351034,-0.16842035881486303,-0.04929384506392174,0.18134955390611274,0.02482410504108331,-0.4329226699636001,0.3102393948671463,0.24322172389622748,0.4695022841162794,0.1916342118465961,0.3520109099786465,0.18939230490324085,-0.0875299336133708,0.13149714450272107,-0.3117582207922403,0.5937000956828052,0.0993001225682817,0.009519367804583193,0.00997039562627057,-0.20121258947898837,-0.12388900287723045,-0.38087453506282615,0.4985770878276931,0.4183816460558961,-0.2661464929942204,0.10873865479130103,-0.07566529504299786,0.0713296869832627,-0.03779170264955693,0.03119775018268992,-0.05674040407505892,-0.06267779012298338,0.10396929755467188,0.19924465991447834,0.19320050003841652,0.09234150062527052,-0.0032672671544466134,-0.17197803639626225,-0.2689743860002893,0.1424307481264707,0.1413313330262157,-0.03633056968044535,-0.15644916040537227,-0.03340857176739446,-0.2583085625071422,-0.041260617690321494,-0.29695610122201593,-0.27994809106155516,0.2041337263891408,-0.20828807952063857,-0.012950700598544614,-0.2266203484587506,-0.07023727697966711,-0.053857415255964596,0.1088335297010154,-0.06145984981998845,0.09454478886679603,0.19732494886750676,-0.039187208445081494,0.008071567426788094,0.020556712787102468,0.16523926451728407,0.05574657055829753,0.009864111583108147,0.005506530225985821,-0.023423346875487843,0.06680792603921366,-0.032774382003303314,-0.012486421899271122,0.13979987777459002,0.002187644716060266,0.055409962413889374,-0.07485521316653344,-0.018398409108011313,0.026903971373346148,0.025507155926410334,0.04121949147361192,-1.8081960438577184e-17
2024-12-01,-2.430887829771947,-4.61412294003452,0.10768232547215742,1.6938402376520376,-0.7159930943957515,1.4677643432480418,-2.172206377395762,0.6935126498058563,1.9856624307141102,-1.2440760602892849,0.936587437182578,1.1280904792349185,-0.40147669424609017,0.21973182378205222,-1.2443047314348432,0.6799591169674317,-0.6493247888706789,-0.005581916941358179,-1.2285980154754903,0.007748859906299408,0.8860041987079909,-0.06373604570562648,0.13230875374892553,-0.45963771131442527,-0.326358763124632,0.1379918604299306,0.6668083000587018,0.1407175206694975,-1.0532478358286712,0.029410989376765444,-0.8699070992658104,0.7109317540586001,-0.32856087541131085,0.44508047541145485,-0.17559943077214804,0.7689465697505447,0.03260598228339494,-0.18355195929784485,0.1470820099922931,0.32687259685876985,0.14603847236465034,-0.10753667389068855,0.2209036641470918,0.64567749259816,0.784113818573548,0.29322521744769375,0.000495284453681007,0.13869868700020746,-0.1666812326131724,-0.40085558934127163,0.10652677936708807,-0.38208824969242633,0.5220263709589825,0.15941653075450907,-0.2797229668081961,-0.0966164412168158,-0.12659087348659134,-0.02733145741823957,0.32020400569280677,-0.2665055517823445,0.03179471331199225,-0.3997759746650978,-0.1039065405265027,0.2601170327782212,0.13714045893085636,0.2932059510944164,-0.10482193753002939,0.09178342435674355,-0.5145789582094291,0.12309452045110175,-0.17583954476095426,-0.23922684422602805,0.4591016994901107,-0.052522776975648444,0.20857307147055787,-0.22235375450558056,0.2521985209854694,0.0031080952212663143,-0.03686131138954957,0.38109967948376605,0.03869286430615341,0.049821180765664705,-0.01574856259254365,-0.03281365323579121,-0.1485502541126255,-0.10762005979551656,0.020799332806228386,0.18141500408168915,-0.012318047126798962,-0.10282445290735964,0.25067475767320413,0.2317911837221666,0.14262667678629504,-0.2583538924505902,0.07204250471519082,0.12158164897738769,-0.03345105961810048,0.10210714676411209,0.12100411727692917,0.16363920354665526,-0.04408553869262417,0.03554900821942158,-0.043270009835078525,0.14171632010801927,-0.0528485627907975,-0.023918092025728532,-0.029131475598893154,-0.07094126372042288,-0.05166283092419238,0.01316330893160741,0.05109535767029767,0.012622583430042146,-0.04553714034676252,0.02184035699089171,-0.0046450471304697975,0.008060970457927445,0.03248174875101303,-0.027499790975064567,-0.03973755505203346,-0.00825585409109938,3.1005865359555075e-17
2025-01-01,-3.6850565924777015,-4.479128377388277,0.877443466786625,1.5210170080778433,0.3732334835589519,2.3165214892374237,-0.48116914727462995,0.5548780949797163,1.5339072763735293,-0.4970598520941002,-0.36235478632224144,-0.07907555907677564,-1.4637632844736665,0.07497587398622597,0.2054882071045287,0.547611456056342,-0.6276565220230086,-0.5926971569768343,0.2134709725279899,-0.3850537251388066,-0.02198254756789036,0.6097746976426823,0.08264112582838022,0.03316118406135757,-0.3026914023237535,-0.1073137074082951,0.06889641232396468,-0.1843303432137796,-0.6954306199626368,0.8571339959248531,0.1866880263839379,1.2831676811614237,-0.3399714395747614,0.059497948852101024,-0.4978347318685156,0.9524807792226438,-0.32597187974697445,0.4997744258160781,-0.1430179194887628,-0.4812477677413849,0.6756193128816492,0.012970955223197293,0.05541974596245513,-0.014344504525437788,0.10223544971608958,0.11951813267056474,0.27591264354341233,-0.43326947488052203,0.4460190896268337,-0.27471732865594073,0.5106400956225671,-0.37955253818770496,0.1453196810160221,0.10124037982583017,-0.03254247847348644,-0.039131607307326885,0.049470941865255164,-0.3218572386276156,-0.3746439056282023,-0.01267809973826564,0.4869805214248591,-0.4445287982656988,0.27345178601538345,0.3380920828710374,-0.17015582319260333,0.05770483512459669,0.11277977644741081,-0.0582437750518133,-0.03647463301265044,0.24301503797420493,0.3373344212590173,0.3821312097226895,-0.4519253798188745,0.3283314225127084,0.10257409616404856,0.10701194880743005,-0.15861232102460396,-0.24442270085610046,-0.3227838285153738,-0.19959135489198357,0.26555989712311473,-0.17873550513472647,0.2576564063920811,0.15355681189982734,-0.0691520233379306,-0.17126426620944782,-0.06743926869062493,-0.002886574304943522,-0.1979890952314463,-0.07090248121310333,0.07879977762694163,-0.01856961980852572,0.022466264520285394,0.11573984681203175,-0.034539528083009,-0.05609870076461308,-0.0027529039918522814,-0.24408513972693244,0.02318564538041941,-0.06151514863195504,0.02294265288120629,-0.04528422900391387,-0.018751726908354794,-0.17669858212476797,0.11499290411990797,-0.002659088278994763,0.10663879879663166,0.018586038034156243,-0.006088190938499019,-0.10120489061662939,0.032668546496295525,0.014313098063034504,0.023455185956519513,-0.011850102713495217,-0.06354918877792678,0.047609945504676336,0.00454958337405511,0.01303504779149038,-0.045831958461438095,0.005994032947053565,-1.6659011617871388e-15
2025-02-01,-5.871999850051958,-4.0116709927472805,2.0070325738123,2.2406451005059798,0.2815319933028115,2.0613100128678266,0.7899020608820805,0.785938680634267,0.9046800946834997,-0.4543981900606341,-0.7338436706187738,-0.1330186449489354,-1.2629375015157038,-0.24498318753196666,0.6607899325088861,0.2667501318989821,-0.6491872077006489,0.08643620855883768,0.6817531415187381,-0.4772157218645026,0.10409878333770779,-0.09024441058034943,0.20718232802807404,-0.2623496669112505,0.12461997440299362,0.27104516471860923,0.30657968843964434,0.2422914093358083,-0.5263914178233577,0.3092177835366862,-0.9383602177769892,0.16820781041177138,-0.3413834619648528,0.12524953605139624,0.06977904636834543,0.17436140472051198,0.46931315226954384,0.4401939213340005,0.23122797943142318,0.474083814948407,0.48694357417005074,-0.33994365129735576,-0.008640353153322676,-0.009461775050564315,0.3506253106455605,0.08008321338001105,0.06005370836962589,-0.020944876326013717,0.29373726536089856,-0.13042390996860467,0.02450687956165557,-0.20494128306462087,0.012906616395451067,-0.2370229608013977,0.06241253558700772,-0.24991777444750712,-0.5178954113847164,-0.4153996900246313,-0.3830918474120236,0.08622047601161205,0.22240829148042976,-0.02986696235570199,-0.18010327419640107,0.23432985276520368,-0.4812556351500678,-0.16139942231684154,0.34832269721955733,-0.03464966971378147,-0.001645953276984242,-0.11419768820462857,0.12022792434512058,0.29612080391375556,0.10977790214016009,0.01738529000389087,0.24722498231227766,0.12939034893966825,-0.03260608986724379,0.3371762809476025,0.11406373841044007,-0.00855076589670608,0.03806989275237673,-0.07591722317922782,-0.16741831630183085,-0.2531383486010131,0.05786097926946876,0.3055372350616422,0.057323310035466014,0.19673256845546194,-0.14143372222705242,0.2769800304689944,-0.14201050205766294,-0.14063281455596102,-0.14847188802056438,0.03718362636915472,-0.11845316898153553,0.05860208030182112,0.0899226508227034,0.04013900358669417,0.01581875486652453,-0.18302769953023607,0.032551370603042695,0.22209757459523527,-0.014911414237569113,0.017234120305218564,-0.143395105666014,0.12075707243117043,-0.14375721624170373,-0.004868808924822107,0.058474119297808984,0.15301586673993545,0.03006226967060461,-0.11442659500950807,-0.02650703640894668,0.10558578379486148,-0.016899203770915867,-0.02380756908322856,-0.03727036894288682,-0.025452434714762124,0.06012186243515059,-0.012793032197229817,-5.441463725888934e-16
2025-03-01,-15.563718129966537,-0.5160704101334974,1.476441974137146,1.739102080216123,1.55943892118642,1.5781049824956601,0.3252526250812267,0.2513744302203226,1.4275117526733516,0.2406843020450807,-0.4154164364204679,-0.6355686903714212,0.5389382979336419,-0.17116186096666552,-0.21356477494053247,0.22662868242403092,-0.07090305250740535,-0.27957895530401417,-0.5438341478751235,0.41509540062148825,-0.5079965087585409,1.26948232421808,0.13665309917703783,0.24630884106629708,0.14717760961606174,0.48750327121656617,0.5072180507572785,0.0756724579576926,-1.079786613620704,-0.6092592856857414,-0.9304206897433164,-0.31518452821099474,0.053247706248884905,0.3659426334804559,0.5145573154056601,0.5287338626100969,0.32442377680962,0.044866904725165815,0.34663376121798495,-0.14723922839364004,-0.547572027133513,-0.16051889141795359,0.5750068676010653,-0.35004383194469746,-0.25105345887780195,0.2144342003646346,0.20491998349851984,-0.3161019520977305,-0.30982017260442185,0.24863501423625928,0.381228978454983,-0.37414413286950327,-0.37653153737306355,-0.13463486589949616,0.20820831670829448,0.1401863572506459,-0.23205935533623814,0.1558683908050754,-0.4689233503999894,0.009435572309005512,-0.2537110851045675,0.5023526819788648,0.1787664205837532,-0.12193811832027777,-0.03655384443473087,-0.13549789512900282,0.5006502235562055,-0.020027555899482265,0.15476785128169773,0.08601238613309106,0.21033831279344561,-0.03242388859269538,0.48152977482455955,-0.03179432007787727,-0.1836076107120081,-0.04396044341429077,0.18886406234351585,0.05204284625097253,0.1146745219334386,-0.22870279869931825,0.09881112611500363,0.08154194185504775,0.11231705894257309,-0.0038440957226306433,-0.1347707422565756,-0.006038215439386552,0.056593409289010896,-0.1169736792240567,0.017344339761736563,-0.051704809324084514,0.21960307407401727,-0.03763655651459841,-0.15212375246965903,0.06711848358901594,0.046282964453307526,-0.010539914165378096,-0.08849468728528513,-0.010145932637634946,-0.03195196158176349,-0.05889956748628444,-0.13829625862307682,-0.02312712310736441,-0.04749883152896282,0.048718650425485475,-0.043400982380785894,0.016368178569654456,0.0037522982871412204,-0.08091693255804057,0.025365096097028875,-0.10558695517947704,-0.08565237440780689,0.1673490063770749,-0.1467029373640649,-0.024067123187166937,0.04822881889584059,0.038635487041805104,-0.08980342374983902,0.09709276699327313,0.018604489626267134,0.01674931767307258,-1.5604266941800905e-15
2025-04-01,-22.333171651353883,1.7531687317982578,2.289749086036992,0.9736818004421136,2.590394390574285,1.6689172445235738,-0.2028519061701298,0.3683670593987105,1.1357624933579766,0.582911796281298,-0.676205362007767,-0.801478347692532,0.7349189993561638,0.10135201741747471,-0.16274462845149387,0.5321267650209792,0.3538519064576611,-0.5334168162351831,-0.1920778096620615,0.22904233584231076,-0.24013807278320115,0.6597160340540917,-0.3728308714667349,-0.020014886038392257,0.19093528725272166,0.49306475498448377,0.24757903580765406,-0.0024057777850327554,-0.12532285671135557,-0.21436605277721704,-0.3363301980920917,-0.5202850863339611,0.21679822017545297,0.37416131415991966,-0.045810344797893233,0.07187269139324183,0.02612112768641459,0.001542565730958984,0.01305731594372228,-0.11342226977702065,-0.17506620571412557,0.09216202890475557,0.23697864742751745,-0.24745738356488903,-0.22963712952261797,0.005504664367829668,-0.029307418622673175,0.08447036432014729,0.17822055136500048,0.2324895079041448,0.2209582677233321,-0.26009707605120985,-0.36495945005943475,-0.11788536758006725,0.0033627480501367737,0.09186325854675483,-0.20588711503481674,-0.016302549443098505,0.12189658742853753,0.12416035877912739,-0.07011852182478538,0.12236570517462068,0.2608334915634963,0.10184022475121893,0.0043698399005127585,-0.26932556429374227,-0.013689935545418705,0.006187325797311648,-0.03353531003216859,-0.2574726338801573,-0.2786137417256727,-0.287754700423902,0.07150409830808754,-0.029489242486636553,-0.058280301246523385,-0.3178718146488236,-0.06519374271778378,-0.038760251991887096,0.07150162308238171,-0.194762887762842,0.2336608824861378,0.10015126983141666,0.2430159244835747,-0.002726705079159143,-0.00637609372424815,0.060527207315157316,-0.18901602915716859,-0.2697890614449634,0.02703872662459942,0.05969518958975463,-0.13618246892121097,-0.0956029701356247,0.07385223172971209,0.05927733002641379,0.017877018016942244,-0.023937057731161136,0.05036298912148226,0.06643284055478078,0.29728597268027607,0.020200109961287804,-0.21648857132890376,0.05543416127830235,-0.04137218661492594,0.13288406839874137,0.04794356084087721,0.04237955250785022,-0.04382709748829983,0.05217499790940859,-0.14744862086300414,-0.09462689797706443,-0.026571378647001428,-0.1406886215788239,0.17302645492856078,0.0286525911471647,-0.14473929832513666,-0.06099470499771002,0.09726045243655757,-0.03988821603539378,-0.02063528734012088,0.009529229739638252,-4.70368062562831e-15
2025-05-01,-5.7763949124245855,-3.798849321985697,0.3084412977374086,0.3476776972921371,1.457964515459015,1.3215219191501224,0.25592486582381757,0.4061221197351825,0.7140765296425714,-0.2212864077713677,-0.883963121350801,-0.30943897454303104,0.6682236617950161,0.026588750148700498,-0.10140466375654564,0.6276795413312068,0.5748823460451932,-0.10239127514552411,-0.1674387496054084,-0.2669920841028974,-0.37930159475897407,0.5878916251857275,-0.2606852013553493,0.21602507842805943,-0.053327058182050364,1.1252094958204564,-0.24784350872076086,-0.5368324422653026,-0.13247334372133887,-0.2665812662003385,-0.8857116220912158,0.08908660970527872,0.6782101220935074,0.41044811824663757,0.3845266531727114,0.015540328368225331,0.4313136973657527,-0.30935843843605165,-0.8541877577424204,-0.10522701225488992,0.0345222028858781,0.3562641468824773,0.49905688657720104,0.08810635998738967,0.22722519429557173,-0.2514853053689794,0.08093606298105617,0.37732360271505566,0.22127210462934682,-0.193340756028627,0.0730840821081819,0.033392426623312745,-0.47744056624126197,0.011774334853154935,0.07020537587623879,-0.3448117484924119,-0.33370758420564767,-0.3570264556655857,0.23027484714669624,-0.135972749093159,0.600855564210098,0.2065468584203341,0.004353416699315223,-0.2031518091110272,0.14830386283938546,-0.22771863325560246,-0.13263451050024122,-0.16797302507629547,-0.19202042125286245,0.033600509112732296,0.14137319011865904,-0.38347300060689704,0.057425523838674455,0.1541968651271956,0.1390865070810775,0.5001101510548044,0.0013084841831565055,-0.17764761024901182,0.06486387023290635,-0.09821199103496807,-0.16470967371146697,-0.16176711951901593,-0.28052945807909535,-0.07268984816914033,0.20473606270709452,0.11120132648981419,-0.19721644340446465,-0.1917624256257646,0.07009491287149798,0.06350923939864474,-0.004342040227918464,0.14384125927914237,0.08915439672686899,-0.10787185501503221,0.03177029270793266,-0.14717680739940012,0.12486693920771366,-0.2335788613677195,-0.33712886025246336,0.05110624668691388,0.11042218918557896,-0.15562492365633387,-0.08066327291495254,0.04969916237700356,-0.0839362333872317,0.015296096804417582,-0.019807329987155835,0.032729292984572174,-0.09675959736501127,-0.06044832924254741,0.061603647372042415,-0.07168629779895935,-0.03219435176719186,-0.04284310728347904,0.09138748290413948,0.003800263619001909,0.054484287711782355,-0.010991673495139128,-0.0009976972902211614,-0.010373290817895335,-7.917686307242332e-16
2025-06-01,-1.8184190445533706,-4.991416609618768,0.5378036426369078,-2.0723196256468426,0.8181976856632978,1.984547606196189,-0.0798209678878354,0.1435020290192015,0.668580600447883,-0.11968151247135142,-1.1390285542944936,-0.4972802905249338,0.2912615273497005,-0.7447088552180364,-0.9182919252954097,0.7554146930579702,0.17880122343762292,-1.4337639027507871,-0.3953317996660509,-0.3709992874747372,-0.49742421582173907,0.9608143430162283,0.5733448612969242,0.09393006501725881,-0.5847933148308474,-0.27404489094809603,-0.6530746343415387,-0.3282026661830347,-0.5706588655535588,-0.6810658739330141,-1.5657648642126443,-0.33560518092523767,0.3217754743869867,-0.7655421639806312,0.9673463378212973,0.13551978063541634,0.32900132527885717,0.018629291362156273,-1.0300632841531396,0.14790375985076393,-0.3481570538760615,0.3357778125068972,0.33660316114934774,0.15325784272177315,0.2933960817104729,-0.46875135835227144,0.00896953907901971,0.25313939085935616,0.04970210957320361,0.18994020666841668,-0.24645563801811787,0.5061054865115809,-0.10836735377972065,-0.31895940414953067,0.18026077971697585,0.3983884776048064,-0.2234552144819419,0.11029419595915774,0.5191549611522073,0.14342456050649816,0.16524454699355656,-0.3461417708248901,0.07701604855487167,-0.19282847247322457,0.05121622679271232,0.0759963500619605,0.0404399509471055,-0.050230835165811144,0.28931422926879646,-0.019111376733666974,0.2184319738893475,0.23361202051369193,0.06810562266040342,-0.060130669623889244,0.23447126454318473,-0.10282158823947385,-0.164832979769867,0.10517726146307613,-0.10295397190644874,-0.0856422692827638,-0.03299607902849743,0.07685551318126542,-0.1755213388036747,-0.1344803493647258,0.09209166530813478,-0.19220460243520832,0.01915013543040055,0.29684189901256414,-0.18269049890115546,0.08931310317880296,0.02536272595276826,-0.15648187086100568,0.21292783672710108,0.11000951061437661,-0.07422483367316499,0.028660364713061895,-0.11949704363272504,0.24832016860207778,0.049665711985153536,0.11758888485646561,0.06376362209244844,-0.055597596794195604,0.06941044745105271,-0.06723984609836509,0.034456789567502914,-0.055778362729360396,0.09904359793444051,0.06951482505795865,0.13376564691418358,0.06161983382575124,-0.10305188827366824,0.03462570835694064,0.07677247827536798,-0.06529167110839869,-0.03647090103401783,0.025189669143067667,0.01316873953731971,0.005641108614311004,-0.02777825085732006,-0.02268028777495851,-4.0755702533516043e-16
2025-07-01,-3.2876530111912636,-6.340403077831008,2.2702167167544065,-3.1681697779740827,0.5251612787624724,2.629132828209873,-0.20986008502611453,0.8003066541627314,-1.4013769487164474,0.3153741221388968,-0.25521593595756686,0.12601759913794963,0.6192012008627857,-1.4566860277495788,-0.6763822006680128,0.0010179266991219766,-0.9807129982252515,0.14037822248739248,0.1022564586895553,-0.8705365733250108,0.2607219493894811,1.380861216671309,1.6685991248402408,1.1970704640540413,0.6048937030735285,0.48005358492011374,-1.2442616529908288,0.47954127623859405,1.2132049435785786,2.2864642886739515,-0.05893011438340936,-0.3190077589458427,-1.2704774329594397,-0.48160291684615286,-0.0711514869995702,-0.7888210801368537,0.19890128154155493,-0.3789425284636654,0.4934414925181287,0.2872620449894301,-1.3711425290337216,-0.1537479086057121,0.348646570972086,0.05522521241383715,-0.7910340162672247,0.08402050616943721,-0.34769717746123135,-0.13828003524372035,-0.3486368516111248,-0.0509820641733443,0.10155888248291836,-0.11539220502949703,-0.6245894907942947,-0.23578819788986496,-0.096504497863604,-0.10476323871825845,-0.01879877656884437,0.3081413852685073,-0.01132969497247139,-0.4289708051224029,0.32636593178813833,-0.13206554520795652,0.02247849528039422,0.35045203573269473,-0.048149459068443014,0.35462051530102656,0.05747794305884339,0.11634764702806027,-0.29625064022949704,-0.07307017026317826,0.032294778005477746,0.012860087480207304,-0.21244628098122076,0.05352726582016245,0.2053623872170442,0.015569431446176757,0.15022109809769482,0.04210003278469041,0.07202102592661541,-0.02995874838791652,-0.16474747233806666,-0.1354780576280177,0.03435436108626031,-0.014255012235613792,0.03877971481655898,0.062417853899537835,0.10669927166782854,0.03799800581203362,-0.02246446068010829,-0.04600048448429809,0.00472547813459708,-0.022625811170319147,-0.07660220288689107,-0.05362922129131754,-0.021526948710921662,0.154765017534083,-0.13079468449670456,-0.005658832640324047,0.0035101851618357474,0.023816480947528217,0.03845234012827089,0.005431176033263703,0.009768184644880799,0.022426294435588145,-0.042926330271817865,-0.055338742485070494,0.03041865439638277,0.006677744665566663,-0.07082188447582066,-0.05593880322703077,-0.004300073527426518,0.014690473712413962,-0.008198033856504746,0.047035597157079403,0.004946231892202781,-0.007908910054775616,0.02945500997588047,0.003200850789361629,-0.00878626628185744,-0.0008791759584083722,-1.0677435347051002e-15
2025-08-01,-3.3628405686689806,-5.411041410248944,1.7586169754147882,-2.5533885340255384,0.47336384580836993,2.6600488815574748,-0.4644250006056906,0.24030535314121507,-0.03446165553092726,0.0414199147399118,-1.6330680484075644,-0.33127305336762897,0.35961901138962654,-0.8560281878160685,-0.559591189302396,0.26123687868273227,-0.33702117797334774,0.2225261462144881,-0.4992423317632721,-1.0815980600340729,-0.14215141827696245,0.00584926798286978,0.8996606039621897,0.228055058235885,-0.43080453826170145,0.32758627155178044,-0.23507075670241417,0.08784940291135289,0.7504702118708145,0.6250499275527641,-0.40916812345428927,-0.07775612635556245,0.08123001136100078,-0.34354021063196416,-0.1497692757282195,-0.34235413101566214,-0.06879650660979643,0.25112578256974655,-0.32688233652434584,-0.006684866336098289,0.6248546153463459,0.17538077185337722,-0.04966020843377874,-0.15651030248093098,0.12832990035243103,-0.3445098997848342,0.17536228300458687,0.1484607170766613,0.17853264554109213,0.1212556005280709,-0.06330200876908235,0.3964717251675987,-0.0018549321508731505,0.15154365012818688,0.211781042601629,0.3053855189089931,0.08441475442872108,0.6180158632872249,0.15276328165387984,-0.1574675636320195,0.09343829769571821,0.3732402063511388,-0.06427054455347775,-0.1521835847138115,0.20431438008764222,-0.5116507729850016,-0.12034961920802432,0.2158192460482835,-0.11838267085310247,-0.2209238908081719,-0.019735718083061668,0.581900306552645,0.0863132094017973,-0.24988937783668835,-0.10307535746044946,-0.05002734548161711,-0.2357389393094313,-0.28594725708032914,-0.21718922372420946,0.2864352677212097,0.2503832846867397,0.21312273999179004,-0.0531523707045714,-0.23261807769492107,-0.2402695617360343,-0.0732979276208854,-0.2795475560547116,-0.04740066162061907,0.20435309854602524,-0.32334076150986696,0.043894983254535384,0.17108962355672616,-0.22754447116086207,0.05192289182229427,-0.05739150877199751,-0.2113230679001503,0.15350314088363012,0.031512727152075454,0.07626694563473545,-0.015092422019360795,-0.03949238362674876,-0.0016883093161038055,-0.00943512964192787,-0.04016153456507947,-0.017662376949109538,0.09750395500258258,-0.007808461946942093,-0.16639501194371514,0.012398383531185499,0.055755283705175705,0.12254405755320043,0.05314650528800877,0.004714959916451013,0.048795785343998435,0.017073648459787098,0.0003381170447011664,-0.014976586918807835,-0.03263155689336957,0.02168119696965843,0.017483399905858316,-4.608796457420067e-16
2025-09-01,-0.3535139471300119,-6.84870893784726,2.9838558757983633,-1.553622771184997,-1.1271674440044548,2.502599713498578,0.866153753426585,-1.3443440596662568,-0.03852779732069865,0.7047375861421855,-1.1967953853391275,-0.8246207408468518,0.9199615521013889,-0.2292966110757085,-0.8855503466576824,-0.617162328959987,-0.3346279942253794,0.3016451498461444,-1.7980311732314684,-0.9698369467742668,-1.380493091188735,-0.7654013394110386,0.33420160062819976,-0.32755438811068666,-1.6583070063723018,0.4706634715106548,0.5180234048350244,-0.5488278968535348,0.11981824872442604,-0.08444916745817038,0.17948298709057872,0.11186472202115308,0.9593633190977295,-1.5444714237927921,0.844926866068864,0.2779182641756578,-0.8907092535300691,0.7436581980706738,-0.088757755511876,-0.5285614202726122,0.2678803627650116,0.100831931728783,-0.057961050451313625,0.2075620784578772,0.23667095041286648,0.16977524864907917,-0.35393822462550106,0.25265474577510666,0.191735603594542,-0.15871573126695704,-0.18656769354740635,0.4794554535963904,0.053426719500534896,-0.06248709328164414,-0.38653160206344017,0.0870660555975025,0.21284571452269807,-0.13895071935361958,0.0015954567954729489,-0.660765033694268,-0.106292125062252,0.35932224896130743,-0.08109239792631795,0.13480581977014625,-0.4621447485057123,0.30931427091995295,-0.11718862490014652,-0.17512554906115338,0.04168205544802979,0.2934694680834572,-0.3811442751729045,0.07833834821493046,-0.19137145031598599,-0.036381596953171454,-0.2563567258384929,-0.13192793027501615,-0.06460445605122124,0.0611099066239606,-0.01762316381559242,0.16703322231399412,0.0839554890951598,-0.11372302400389486,0.07881777325866934,0.05122464141859009,0.10124352006445232,0.10227654855524315,0.24365895479819102,-0.2205751042144374,-0.114239564394426,0.06293642289294811,0.03507821546171085,-0.05020856752425224,-0.027401619336123898,0.0007345170947511077,0.17044230538640626,0.13981702164230614,0.06531867586556714,-0.01359787242767182,0.009421021715006176,-0.10388569615162926,0.0869311692485717,0.05548338308566643,0.028748334883270513,0.07328862487729537,-0.0005187989465305506,-0.0120714096680633,-0.11128232832693963,0.04422027560186332,-0.10487962890093422,-0.06253241282829086,-0.05620412571826759,0.006204253224149076,-0.02635158638054738,-0.00570870632331442,0.012825544023392364,-0.002006198423768968,-0.01949445445700591,0.026368756934384587,-0.0017463163947902013,-0.03672475859249022,3.0300998344653716e-16
2025-10-01,-5.972999538475357,-5.318931576901319,4.13427525366022,-1.0116992553747657,-0.6171473705576067,2.6593097524890963,-0.27645729771657873,-0.17124095511040374,-0.10138680544865063,0.34893531417876766,-1.3039701798434251,-0.32690640439550006,0.41193092599551034,0.25360382309901897,0.6346508678852556,-0.6502169517278664,-0.5729763363236986,0.7954448244177034,-1.3150684194045519,0.34479640055190336,0.17731771379050856,-1.0068685766336296,-0.9547709051613976,1.4709445640848249,0.20126410861298272,0.2622877485402367,0.5936005907185586,-1.3028716786304702,0.3567497727831394,0.0144053326139374,-0.3345665645288451,0.1830345377883284,0.6147866842036857,-0.2894303367543342,0.3009982839404359,0.16247533419151763,-0.3446474975092379,0.25179377643519857,-0.3094489271243313,0.3137503090458628,0.02914757103580719,0.1601312647130944,-0.4548289033445142,-0.15573010580457305,-0.2726790326350966,0.08120428189871218,-0.28524897795048565,-0.18471839499826898,0.52858014123639,-0.15250525624891467,-0.5284118849226992,-0.34484805742839997,-0.22570132209570376,0.03920787602986948,-0.23854935143188966,0.475996101106841,0.19207940776907959,-0.06620139674107539,-0.4338046999920181,-0.04309411705266164,-0.2857170439345314,-0.5105296936052334,0.2769793308250566,0.19820092397475206,0.04256076081907743,0.12247793176342141,-0.21609393394062082,-0.3076963567982664,0.13710532078242918,-0.20437059628245752,0.11929410633163476,-0.06266367391328191,0.13273889657874394,0.026604392240627488,-0.00296200174753066,0.11089018657476003,0.40247320194097796,0.0217081407069276,0.3167805801648295,-0.08106268932496319,-0.11098254477554692,0.00011683639948240121,0.17381404002800147,0.1744051279513491,-0.1349840425699101,0.2170992347675688,-0.15158294955837634,0.2702609640031928,0.3039742313165619,-0.02440285207564442,-0.24009239428054677,-0.05978530967837376,0.23931812528613736,-0.020341867951826874,-0.016168956766338404,-0.08179727072507348,-0.16173974974738187,0.002099943359849426,0.005690685434575027,-0.03901775976175841,-0.05414628042965586,-0.07825194153143553,0.03501566286866717,0.060889051325511014,0.07430289178850828,0.020438942291785625,0.13951729693542378,-0.019354816656473973,0.04153918849000861,0.054826385692972365,0.10992617159447977,0.0007952428328545763,-0.03581493296274811,0.03743811559111059,0.02748761552068989,0.013627754651741366,-0.030640053155102376,-0.01985349970716197,0.014403847452521646,0.05126623464889061,-5.60153894992773e-16
2025-11-01,-4.332345138391102,-6.709762128007353,4.89174770791298,-1.3653047351596994,-1.2517604729944627,1.5621911625802662,-1.4873101266396596,0.41992882365092893,-0.6666842785857583,-0.39188083695995374,-0.21041576807095846,-0.0108456521080422,0.4123063305186864,-0.7861361576322673,0.295129298576552,-0.3865306185918601,-0.21573550236101813,0.40705916907155243,-0.6629030944154122,-0.5714433638050573,0.6777416643988965,0.11158628966000032,0.3981273420077394,0.8701127095072718,0.48938210197006915,0.7220728817170599,-0.1866146402096602,0.2542952996660778,0.6957875045815594,-0.030368410789874074,-0.18750251031484888,0.9511021446212086,-0.7845578454090845,-0.4588473388609749,-0.8103880851544087,0.2615609689460706,0.09736198941366289,0.049183815292120465,0.030668107891022464,0.19970993581237034,0.6143296898959587,0.0980053035391478,0.11201957500391943,0.3907617237767419,0.7335739874240784,-0.11720824815769894,-0.4864908395306995,-0.11573313056598086,0.27385859086075914,-0.029020264669131098,-0.10822609534301789,0.20236238403067675,0.4636532873614559,0.30018205256879377,-0.038951088999346566,-0.45039272163334715,0.34983940709813055,-0.45304561683654004,-0.08741172720879495,0.587635475908718,-0.44346636968596675,0.2585794170327927,0.01488074417616544,-0.306082681774981,0.40662541459430634,-0.44688521859591424,-0.3986218433694093,0.365626978143472,0.18567993339744143,-0.14100782950547266,-0.06599170677879483,-0.14991300006506741,0.1466693202955986,0.033584529575767394,0.03884933852285319,0.23324504439026394,0.21190611452431773,0.051155963207962764,0.2810270119502117,-0.3213447857930117,0.04649467181923844,0.1584688405084669,0.04306678822118696,0.28118358106851227,0.011182995638619596,-0.056841896451086164,-0.09402528941061936,-0.0751894931080009,0.02660650484242514,0.08683864637741413,0.07221951263391145,-0.01837167776108178,-0.20614102346263252,0.0918952310026891,0.04779953962141723,0.19883632434239704,0.049611675203741545,-0.05910067187976579,-0.03775869474446389,0.12540776187999206,0.014073082382216218,0.08586687051243512,0.16797832854987038,-0.033818868140161835,-0.14946961100255082,-0.06757081014340782,-0.010476971133461301,0.07243376610088698,0.054570402895236896,-0.00465106920598542,-0.07594583043211615,0.04868436125810263,0.05252906428251847,-0.061322913738824335,-0.04881389337355921,0.016702425952709828,0.018506713828407174,0.031279702047614696,0.017553735242725084,-0.02167087556507577,-1.5715532650327118e-15
2025-12-01,-0.5430336977717629,-8.83418339633301,5.442525829857789,-2.887969055216262,-1.2490208730113659,1.912295079618131,-1.9311689621283095,0.16926366484197297,-1.045565007371189,0.6414050995663786,3.283239263437333,1.291558984990252,0.8740985250668669,-0.0503070309965959,-0.5059516330217378,-0.23199652139114738,-0.6777257193534431,-0.45307868806103024,-0.5378089859150164,0.7145392108184645,1.5008020434769977,0.16824950852092663,-0.5157517858054586,-0.2553365532440409,0.43130982577007326,0.5902214111627665,-0.4960036730706027,0.275063726539452,-0.04412434362643318,0.5075922073874872,0.06463250539525413,-0.3311711971511059,-0.48199115158367317,-0.14626581208358563,-0.5148758780826603,0.16424123528197404,-0.17657223671446354,-0.9742495546785275,-0.5072630634399615,-0.4599938710442859,0.19859405618878773,-0.6197743065465818,0.02901978475074956,0.6725614141230233,-0.36028044844491897,-0.1381242947677562,-0.42356000748339245,-0.08860257082731657,-0.40075379486360874,0.04581732550905322,0.2507935858265895,0.40946760986429614,0.38959647446172624,-0.16253277496499022,0.30315965861125127,-0.6080575041441711,-0.3535745016051061,-0.19518551414336194,-0.27115933972908135,0.20558064526575898,0.07726256423441841,0.20309582189127537,0.15934257297274004,0.007504004972176892,0.15962597960273955,-0.022836427319097383,0.008051193519109877,0.05216121320624809,0.13385893878643307,0.10423508166606697,-0.22426100318702538,-0.05904973514071399,0.24227525443171274,-0.12407935420832032,-0.3593147995703365,0.08061695854989358,-0.3667292878915083,-0.02991597731564461,-0.0704464746198444,0.21788848423886578,0.05620896564214482,-0.05832478556920413,0.13231184879530916,-0.03563527408018213,0.025580873326577637,-0.003081142840697989,0.2331697266609042,0.1270003863938738,-0.024064869930770186,0.21739900126683864,-0.12130963715295148,-0.0012892934915973567,0.28579343176683847,0.10897216978835722,0.03641519849747703,-0.26223192740667295,0.0014324767276904635,0.028346183556107775,0.026364560537908668,-0.14100495250480613,-0.029534275847350033,-0.11639266245066468,-0.0655306758966132,0.017910540305604176,0.08223495630284382,0.08419505899272085,-0.043720089678148964,-0.009727340020015804,-0.016493885494928577,0.006225944072678902,0.002477798790852912,-0.022775513141109448,0.04992343064586102,-0.04859313934559555,0.03284218382443264,0.011664876753545377,-0.07348325203102593,0.01900282490819769,0.005390347295695242,0.02560674954367843,-4.210000089522688e-16
2026-01-01,0.8141907260830703,-10.409421363744306,7.823835459006528,-4.497675988589537,-1.4314631137404847,2.954238770319876,-0.2631004166647677,-0.20889655504968227,-2.6785562774332212,1.6454778759138342,3.7729160481118855,0.7285211328194521,1.0096766827840467,0.35435667232081375,0.8787466546507086,-0.7545229430508821,-0.8733033722391703,-0.39168079667094174,1.0930801262543635,1.7756370198233442,0.4675819496053063,-0.6694303129302624,-1.909020493864178,-0.36820878868782436,-0.0280276740215426,-0.3645128881931792,-0.7243053332678472,-0.5012018597539611,-1.0735413549108337,-0.3966510294372221,0.648925887781177,-0.30397204799845956,1.0210308939011432,0.39974840842306986,-0.3054472415573522,-0.15083329368728565,-0.0848679152740313,-0.45311650351269284,-0.5943100444039835,0.6852107302187792,-0.1257697921514149,0.028042468273180066,-0.5015377777753712,-0.47445304522660864,-0.02083525851839105,-0.170026925598228,0.6121515884420037,-0.2792444028893892,-0.13499119729001136,0.3908508328901324,0.15950241869157786,0.4710994129650448,-0.11459623563297848,-0.15518365737068973,-0.3383631662670935,0.3600996450288218,-0.38473292830843275,-0.09413821799262,-0.2200079491616,-0.11678756940243772,-0.07089325231966598,0.2773876734954039,0.06259315287973444,0.04486541612764396,-0.12415971008986307,0.1343726721510334,0.1861925402607736,-0.2446708000262293,-0.22750768068955254,-0.10546606344938948,-0.006665365219275023,0.20351397875438537,0.025844736744832706,0.21483627273184927,0.22481433294103131,-0.0617344784251144,0.04900553798438659,0.004992867405291975,-0.06618940062228064,-0.02192953202196266,0.03436131276818219,0.10676985235697703,-0.09546852140863196,-0.049698669419233836,0.022193263347428403,0.04051734960153663,-0.08960618144365828,-0.06742837610388919,-0.025395606297339456,-0.16052443526987245,0.12431194429777621,0.04443012319006226,-0.18830029655748595,-0.023541644811002814,0.017878219986287514,0.1458963173911687,-0.030424524772631224,-0.059374479958002484,0.0003753806953011474,0.07423351117678555,0.037715798626716715,0.11112310776591855,0.05160069752759509,-0.06298253880938799,-0.05045275015637046,-0.042910851317206476,0.03805020710003477,-0.0007845432400289576,0.009996532226892296,-0.03419466221073847,-0.0010862541845658336,-2.4512143258133053e-05,-0.03216032026940718,-0.004768035788828846,-0.021194325259535875,-0.012649190945306562,0.05824429234774645,-0.03135498759575338,-0.0022325593100789884,-0.03446595276125103,5.072833312326559e-16
2026-02-01,3.155801978239035,-11.20557107534856,9.811998179811606,-4.269197008245736,-2.5091491529112404,1.8171389002382956,1.5977463093622968,0.33296770817480986,-4.333602536195353,1.8413194309290868,1.2005883057465845,-0.18813678491256824,0.5428904913383236,-1.0976083056118577,0.18891817207838194,0.32426004927121316,1.3479323089589885,0.14920066464014486,1.1865007353043542,-0.6459612566757095,-0.26956191040522204,-0.7817603347406968,-0.31469267403612355,-1.3929863655275212,0.6473818251068698,0.2019811695149739,0.5768765742321514,0.04923994767722477,-0.35379850262851226,-0.7036327106969427,0.24970581387929391,0.14971476843176093,-0.49491590000845403,0.8777805909663234,0.5981949093440758,-0.3924155186986638,0.16039022619725138,1.2234763904521189,0.8310206688190609,-0.7949545308073149,0.16568494700793368,0.39149245665788224,1.0132749079424888,-0.17658397431670955,-0.14945778520820246,-0.0508011957147131,0.1580016244094167,0.26128030518018497,0.30768725430659294,-0.5340525931291311,-0.08830547384262359,-0.6453769101798659,0.0172268472173759,0.28067582566327015,0.16609618633349021,-0.13984812687449694,0.40536879197342207,0.3414494561726409,0.5629746138070577,0.0900986907226897,-0.05897199501871934,-0.3777429778901068,-0.11119132148997854,-0.296754065085444,0.017268035241433263,0.1269881253839266,0.12161016874166132,0.2633250925319375,0.0295766132006448,0.16813540853474618,0.32850163510903657,-0.2484484870966116,-0.18521296978418295,-0.08530726438529707,-0.03900207673428212,-0.1026131589906563,-0.006664390597587051,-0.05131125658840432,-0.02554312377226785,-0.06295291935753207,-0.013785026035562108,-0.08858747789810179,-0.037628964475356984,-0.018800606570709543,0.03934293809407006,-0.09891229450075417,-0.035814663575104835,-0.03514272431426916,-0.020080545478115212,0.07171223495642011,-0.0878967375677891,-0.02009665934810842,0.03496758506319623,-0.11851178862438351,-0.08294369914973432,-0.023391126132864832,0.02581879884391474,0.04145764148284507,0.02077991864199985,-0.006042102682594293,-0.06155648830495355,-0.011946323594759065,-0.04409326416017109,0.020705284922251366,0.02417186797722819,0.009525080456397949,-0.03248498513045619,-0.02415773698941189,0.024498172987790813,0.02314968343102152,-0.021510718557582704,0.023182465135430774,-0.0026896620264588523,0.03457501711233123,0.01729370035181788,-0.0031375623822006925,-0.01279309476697016,0.007968482646098755,-0.009735080641573614,0.022842415794779494,-1.001382150024827e-15
2026-03-01,-5.026918344024509,-7.775641719942016,8.146412899021387,-5.590120033406147,2.1834231134395026,-3.9242674650497236,-0.14720536164733028,-0.2906686379568347,-0.9705195040905138,0.8765837838165295,0.009700898674341579,-0.9730472908818132,-0.37334425604832927,0.5297846559940714,0.3242681888906285,-1.5651421203826974,0.7778719798204782,-0.4399615095242228,0.41724932225513434,-0.47466731942292606,-1.0578449250714093,0.8830133906571288,0.16209348240221028,0.5232994116399677,0.014705824166041093,-1.524002511051203,1.3571791173422185,1.364108772914425,0.9509972273888773,-0.808704706050671,-0.6868600393218967,0.0011662856126230107,-0.9098542427702837,-0.6386336158078869,0.1750014568076844,1.169271363486303,0.39850471603819965,-1.1883165793329462,0.49125534743047994,-0.16634301896063688,-0.3325564044979139,-0.04065543353350267,-1.4094829058497143,-0.04340169069172237,0.635111590527701,0.6496267954490449,0.0621953307965226,-0.12770179613598992,0.1055123644866404,0.22854997350493758,-0.15988584903010403,-0.33648742214971555,-0.06162856386222763,-0.15220199457281058,0.22217571348638468,0.3129770873613559,-0.002228074963970479,-0.2047424738008679,0.12074306945864956,0.09729876550593222,0.07992766124253484,-0.23555863282164924,-0.2736104242412089,0.16020526313804012,-0.2195745052649322,-0.3284132743257949,0.03755981419630714,-0.15684037909337645,-0.051031729503301815,0.09063275228898378,-0.13969505058709183,-0.11446515717346906,-0.1637741333836259,-0.11743844498451643,-0.026443734346199392,0.04886861244432307,-0.0006024579468464752,0.0316631087651222,-0.0026437211662263607,-0.015441913382159214,-0.04220830122703251,-0.06611912382289113,-0.07541146157124327,-0.08510916969562912,-0.1007672160933196,-0.061737042524366334,-0.030793259796494662,-0.10943467398578031,-0.024111012923613125,-0.1150398307779455,0.12346302074857693,0.053331053954836616,0.03367056525907072,0.08135165416553404,0.008892759761382011,-0.044858709200232987,-0.03151241650391122,0.01308480104919626,-0.058141444023995716,-0.03489029520036362,-0.024803969511316457,-0.04719788399629153,-0.08478196536754665,-0.0028774944573155587,0.018890678330197377,-0.01501428790967244,-0.008501343496720711,0.03618992485926468,-0.022818236514646976,0.014213247536037298,0.04173666685393924,-0.04852149797838849,-0.013986978421663781,-0.018418059245359726,0.026273913066629972,-0.00013877785234513965,-0.0002873072054834565,-0.013626152193480378,-0.008064388684639897,-0.013117619024960064,-1.6447348794598093e-15
2026-04-01,1.399368134676682,-9.599935923824015,6.8506181396701,-7.104741291697038,1.5318409235877903,-5.536718219800931,-0.8293921728100974,-0.9558901904512782,1.2742702068714165,-2.9720858931821525,-0.9632367352189563,0.5347976385087524,-2.2484691348943238,0.6973555696138953,-1.0360679492850824,2.0925740042927483,2.4980157880427063,0.596702245441785,-0.31051125644382205,-0.23913143229917116,-1.0923360571003053,1.6556375431616748,1.4831603533283049,-1.3240578907139353,0.05934535349482544,-0.6539887691739521,0.0876135640797294,-0.05811631403550307,-0.05531671105217413,-0.2237983604059462,0.8257818433651518,0.3175529420047599,1.0199314473900312,0.5130313011733971,-0.4154521977188319,-0.31464520638659205,-0.25243410440200453,0.1290395589640279,0.13338962503476265,0.5434504844091426,0.31466243455234044,-0.2642191122848738,0.7795482543702033,-0.11849180626904939,-0.21690075682836632,-0.24167473590399446,-0.23208858281087527,0.28798145503096784,-0.42943493172007013,0.579180680493502,0.4735178598408166,0.23974283688102566,0.11418425641001938,-0.02227267988560993,-0.11648228191422397,-0.07017343134760945,0.20446798915499237,0.13954864006920611,-0.3987013911253483,0.08442945241595569,-0.07632792080327892,0.16785633823657897,0.1550580627780283,0.2542667075503564,0.10919954283076168,0.04222188010102843,-0.13466806876313794,-0.2579550573401354,0.11857297360122793,-0.08832382623104515,-0.06813714564900207,0.14614854833164273,0.13502300806100379,0.20334412143212646,0.11668524257934468,0.024789779394306512,0.14855514002896344,0.05853537023305526,0.030822857692565167,0.1918105728616981,-0.06490356883525149,-0.01869850201459991,0.06408704091368216,0.12469866017911656,0.027287054325894917,0.14683506609577224,0.002755373511388509,0.12862734063600859,0.0827962370937133,0.014398343453092339,-0.022359938908721143,-0.04800354296301753,0.03727032550878172,-0.03401972215130461,-0.025150320838405637,0.02397875186308471,0.03248484006911356,-0.06961193668236884,-0.03898400818503027,-0.03429613284296392,0.005509454802955616,-0.01746717962990634,0.03592262758430558,0.03501795154825871,0.03484564814783606,-0.009044881700131973,0.03496499121011663,-0.006847180531197793,0.010019047612969513,0.015089047814449993,-0.019659352064086557,-0.021133135683971307,-0.018137731055271975,0.011628231416201736,-0.0325911637067639,-0.002547122066070768,0.012650575032437038,-0.006019042628424947,0.017218563725390153,0.02135253533242126,-6.97489850947402e-16
2026-05-01,4.88656378435339,-9.594957318602518,2.6454852679868726,-6.444388607087581,3.7060230930449967,-7.104686897958898,-0.5943830605751449,-0.4361536980951687,1.7451501712934894,-2.981231370217191,-3.4245085473766275,1.048869254361741,-1.641773947699294,0.9924471185323214,0.8220134530218152,0.09283076658867376,-1.0059366131421617,0.15165898537438197,-0.5456131494324591,1.4750845959270786,0.9068107214674653,-0.8961430125489068,-1.2371490007817312,1.2335200418329573,-0.6050556695800898,0.6246596105813094,-0.4159917800806699,-1.2190336559754211,-0.4801985257819664,0.8414641789349759,-0.15729868552300377,-0.8559166303833823,0.09775233131412261,0.4529456754917269,0.1242290329827317,-0.5487304714334496,0.26175173942989655,0.49164524356919687,-0.08197528573828847,-0.2701434114172658,0.09632553744739998,0.0032472873205632103,-0.3767344246888274,-0.030362502461731358,-0.27634339229575733,0.45241500820058106,0.1580713150594037,-0.25454442228470553,0.09328144155542012,-0.6773118680583095,-0.3167843578697993,-0.19548545917225352,-0.022957022801981874,-0.02754020916574328,0.09545754329391574,-0.21594780842696482,-0.38509009078269746,-0.10829049238577841,0.1779285320005576,-0.12215978571486452,-0.03438416495815802,0.02931493980735637,-0.08729793037981472,-0.26694107009026496,0.03304913177114902,0.20245583033657608,0.11061676193697281,0.4350051015051155,-0.17631173327016553,0.10901513247087669,0.006481129631805493,-0.10709620274223729,-0.06318874581534414,-0.01732973525216821,-0.2293163200046277,-0.13385516157162794,-0.10064522008416973,-0.06778573147942378,-0.038206073672013105,-0.25021717762379064,0.014148884364357284,0.08515969061718309,-0.01663068994149852,-0.0650616882403361,0.0038028967276147766,-0.09067242520393087,0.05273026895283161,-0.015177934002371218,-0.13448404339111877,0.057143208091960045,-0.0019158629445570595,0.04551533710879862,-0.10663676176686954,0.015242926341281519,0.03241140405879204,-0.007982531636574282,-0.02617829722041582,0.1058963509354419,0.023460426231430805,0.05128501100220456,-0.008487436518006113,0.01420492415823641,0.011881427280903,-0.07070367372564959,-0.03695888643628076,-0.0020661100419137554,-0.051259304173359575,0.0060626962381523765,-0.030028413834528315,-0.017430625621581354,0.022389121191995338,0.03381929739175122,0.041995683500047,0.0006375764970838084,0.006653182766552164,-0.007003921079403908,-0.019564033316849506,0.013327757041269655,-0.0037993133342788285,-0.014228373762520636,2.7434508594408103e-16
