keyword,PC1,PC2,PC3,PC4,PC5,PC6,PC7,PC8,PC9,PC10,PC11,PC12,PC13,PC14,PC15,PC16,PC17,PC18,PC19,PC20,PC21,PC22,PC23,PC24,PC25,PC26,PC27,PC28,PC29,PC30,PC31,PC32,PC33,PC34,PC35,PC36,PC37,PC38,PC39,PC40,PC41,PC42,PC43,PC44,PC45,PC46,PC47,PC48,PC49,PC50,PC51,PC52,PC53,PC54,PC55,PC56,PC57,PC58,PC59,PC60,PC61,PC62,PC63,PC64,PC65,PC66,PC67,PC68,PC69,PC70,PC71,PC72,PC73,PC74,PC75,PC76,PC77,PC78,PC79,PC80,PC81,PC82,PC83,PC84,PC85,PC86,PC87,PC88,PC89,PC90,PC91,PC92,PC93,PC94,PC95,PC96,PC97,PC98,PC99,PC100,PC101,PC102,PC103,PC104,PC105,PC106,PC107,PC108,PC109,PC110,PC111,PC112,PC113,PC114,PC115,PC116,PC117,PC118,PC119,PC120,PC121
5g,-0.008719137257955811,-0.15583866798177082,-0.14350117959962946,-0.05661263020705,-0.08673769756192864,-0.13643402766603432,0.021799444335161913,-0.08993999549842607,-0.02683529457101637,-0.0008219100122506123,0.09541346827097894,-0.078028376999869,-0.09608209750482431,-0.04475769559972549,0.016158394340074322,0.1400430843570929,0.08760252612064717,-0.04895848903569301,0.008907655991096487,-0.04672635636685139,0.004053826648755393,-0.10216703754404985,-0.03553684180248694,-0.06250606905407619,0.1392963207657133,-0.020232906316286645,-0.14728904961622552,0.04073532702963168,0.046005666681302945,0.10221092475361561,0.09192999866485506,0.03711021382329675,-0.08561761536731521,0.1258853034334127,0.07773068175776708,-0.13101552685451848,-0.03299140747572042,0.01036622553439551,0.03847687386076117,0.02693167141385485,0.014503812104343611,0.029718425988959532,0.17897216663519488,-0.04089247570711459,-0.012670650346214982,0.12557887670946238,0.00339864962006156,-0.17560431418566338,0.10910678041572433,0.0716831931000725,-0.0618943395571708,0.14256288151259705,0.13603589405949074,0.0082459429604552,-0.027381427651004084,0.09417213884772517,0.18373053118354873,0.11541533748521084,0.1471104951619327,-0.1898736502228779,-0.07173440788191224,0.03214724555847337,0.19855056819728784,-0.0535039740970813,0.039974476297156364,0.14754121964370828,0.05109649532399287,-0.09387006123206301,-0.033984225551815635,-0.10397938992333253,0.1061823170799915,0.05130104634504565,0.1446280802141336,0.08340391704214338,0.13456249448799068,-0.042254934050486546,0.06183165010020785,0.025651466483762042,-0.025239356393521185,0.023746787345876166,-0.038395229086573446,0.07673246937869166,-0.0015962038220641538,0.07258530643013228,0.05658726908250727,-0.10604297196037858,0.1062094144723762,-0.04687842739775102,0.0831414928900946,0.12286752325536253,0.07715809510180924,-0.030406756558789803,0.0839099463168424,0.05482224015460396,-0.06573847008917956,-0.008995172711842747,0.09496453213449754,-0.13065326095601723,-0.05834044366022028,0.06171910185999024,0.10120376401609386,-0.04560372570844379,0.013890976391633815,0.04319692341412183,-0.06034569266560253,0.03277413547736564,-0.09857405681535919,-0.0005417222677091237,-0.024680275360652076,0.01712482281685105,-0.00017518051485323967,0.08784058261975645,-0.0920155636465941,0.06702112563031867,0.061449249443883656,-0.023524397280921823,-0.02768306911189471,-0.04205886919738024,0.046358548677055196,0.07700416683767106,0.02791034012060492
advertising,0.09490623503199769,0.05071854398974385,0.0929708754727028,0.021464569619434624,-0.005836915387256725,0.0008543033685276535,0.041362398402595424,-0.011213414192095587,2.4263788257872232e-05,0.010717467719961515,0.007776797593439605,0.015419766167152668,0.04879695833426529,-0.03792220802878572,0.023103269287633153,0.0083442330117258,-0.023237059071208543,-0.04004819006211566,0.005195455618092411,-0.07790813035411773,-0.02724241907786519,-0.012496329867903576,0.03944496736625264,-0.0405515248588907,-0.02376765688538884,0.0557133767910401,0.010796022785737425,-0.002097932911547213,-0.02984049620379448,-0.06940817211334344,-0.003443870260944358,0.00823987094502084,-0.0514695966872338,0.06267744907886354,-0.013877375488355131,-0.034761354029880495,-0.019913519980151295,0.022536475899325413,0.02800439081350413,0.004189343290392972,-0.042381656601778166,0.011469035058922078,0.02001881884710356,-0.07177362488322178,0.00914464751189159,0.013392816757763094,-0.04622791670491493,0.05629817670382796,-0.03700453588857677,-0.02507719083614387,-0.06609734124917468,0.05959473358728501,0.03506670369028202,-0.03490542432542206,0.1293830561806608,0.032183945211849696,-0.042143147638064433,-0.02580193291463971,-0.05463740533750579,-0.07318684535382193,-0.016066394750380672,0.021733436804066076,0.012088791860616926,-0.03179464669747829,0.11243510917297075,0.07824717450560077,-0.06780702174640293,-0.010270056349028195,0.04751652914588704,0.09128039210493895,-0.070048810078323,-0.0925491036514516,-0.09510880183600211,0.11770924490678981,0.018699719882173498,0.03369826226424808,0.013368937112049586,-0.04204930155498288,0.05446523451105398,-0.11428369366751676,0.04773324508463536,0.1189500242139597,0.03282215781755873,0.03505125013267163,0.0568991260599815,0.018757739347330427,0.01059510188819664,0.021261650124501735,0.009209385876881958,-0.035297428908175985,-0.05823234560911105,0.04150905430871478,-0.1482691799512662,-0.22930933477313026,-0.04339713218467561,-0.061604181789140705,0.04568755344070244,-0.15240493695180568,0.06733524920326722,-0.06279002417803393,-0.034206395150798416,-0.07136939782280022,0.0581397947954297,0.08796318610427842,0.15596201163811937,-0.06798230967233025,0.002014780034179846,0.30884449388931856,0.09832805255552077,-0.08509120052610761,-0.015583438350068014,0.07078301695743477,-0.07752976442763015,0.08648472761867224,-0.12587366698653207,0.028870019978791957,0.10607684221261325,0.10218637991176904,0.06226882058469379,0.003482450073339109,0.0617870157835055
aerospace,0.09603269229754895,-0.0409286579522683,0.043200633472518325,-0.008448129344858162,0.021535375827916203,0.05317037580250972,0.008917483089140144,-0.04970337260524142,-0.021251551333148738,-0.018973061305650935,-0.07560796814606192,-0.05840197820392465,-0.041939613295371526,0.05398269501113258,-0.04659071811548741,-0.03202348482979538,0.019531362687055576,0.038302126671162784,0.0568147093864405,0.0038781892251807913,-0.10020721345009775,0.015444417409346479,-0.015592955337928538,-0.014700983476117483,-0.07281132512740807,0.0013460942906788065,-0.044552260922094834,0.045877790720218546,-0.06989259369696225,0.08371567498512877,-0.1146513082023903,-0.06868779975590869,-0.020465599989098082,0.016591142898596034,-0.06457933579414915,-0.005380241076289011,0.012652868512132646,0.02199237381316136,-0.11600042226631276,-0.018254612199016987,0.06425857666866802,-0.1325737614433687,-0.06024168842686832,-0.17897818892760756,-0.02850553753542124,-0.09053733388136534,0.09256978360391847,0.008983634672014355,-0.06482412038863854,0.0549391619582989,-0.20530760125005745,0.13015933139755542,-0.007680861389542271,-0.08272118569915743,-0.017565437231536557,0.20070939106307675,-0.04129493807913982,-0.037246428147609964,0.00617118281953654,0.1374791055344564,0.12308279987398915,0.136837764698068,0.0029112801720363353,-0.13208385283697555,-0.14979822232748569,-0.13111229103202499,0.008035281522189231,0.0796514546175015,-0.0005187105190524524,-0.018416179125441842,0.16488629918902364,0.18616201339219218,0.14713471392926236,-0.04012960873253872,-0.1915899732344115,-0.08438286690781491,0.05406636324969977,0.040218800050246285,-0.13233576954756365,0.02249472285046552,0.014573391051899608,0.10980724797760802,0.09002693846368898,-0.02275386854504735,-0.18202766336256035,-0.13242825608408926,0.05443804567094155,0.03175419702494727,0.10149743136204774,-0.09615431919960694,0.012068757059549533,-0.03509739734462046,-0.1125610106929983,-0.15907758015605197,-0.013971988839798775,-0.022393199275044257,0.085824938392803,-0.07918855914983719,-0.09484087693006264,-0.10238432811002003,-0.03678537336059919,0.0615590475232897,-0.1726436656299759,-0.02715202397561106,-0.11630650304453564,0.017134180345826994,-0.03524644004500491,-0.09750631693001567,-0.0371025358838756,0.04277519441731056,-0.05833810209751635,0.03210129604849137,-0.028950986919058137,0.013598842839210715,-0.022238347398791408,-0.0026929307854426142,-0.08365905957672512,0.09217352897073533,0.13167324854938342,-0.136216897322988,0.14205685977506946
airlines,0.09291556761162438,0.06371778667628172,-0.031551315500613186,0.02747050664519249,0.1071124050208382,-0.005441572418334893,-0.02391591849298781,0.07456991964572764,-0.038627897750839926,0.00610055735964218,0.002262588186678585,-0.06250300571806736,-0.017346122117665515,-0.035207652756793675,-0.053595913225187024,-0.010604656393208014,-0.04467737147683119,-0.030419650089629588,0.025382509238777412,0.05768205853477379,0.022763324466772622,0.015804611803485167,-0.10200095911965619,0.0200427685095399,-0.06340300456515975,0.007668880650523097,-0.0091769759130754,-0.0019716891058612664,-0.0015811269125913865,0.030328129969017292,-0.011623420709622696,0.07099618450490966,0.0072761102412435,0.02420062620728218,-0.044011569961829894,-0.03559757729888563,-0.017279992471225712,0.11091402581295012,0.049364591981222436,-0.04893483623591946,-0.023741885929441903,-0.04830735714495387,-0.029656057760599777,0.010230723753601345,0.09355436243782625,0.1432864111107435,0.0038189517115624332,-0.12230643394237259,-0.13862296233975974,0.08082748045550844,-0.037199764457917006,0.0875900826879175,-0.03352268537128378,0.09496846652314034,0.030497598639900907,0.1293014390527201,-0.04104708255514514,-0.0414419218144218,0.07071816934485038,-0.0243583795952196,-0.11054309290029206,0.07565657482702715,-0.07489450559112551,-0.00973979205300032,0.14872368927147223,0.09262398172285667,-0.05219825355608197,0.10317345711455785,0.00600107408263683,-0.03037409031585086,-0.07518901622471058,-0.07908187310700476,-0.006133986351256256,0.037667455582591665,-0.02819187853625927,-0.022561053552671954,-0.19541890791675595,-0.0482891335848875,0.026351676676200208,-0.07336138833219912,0.02479829971318635,-0.16095562435631058,0.06980962817277371,-0.02020948681457242,0.044244317356090364,0.010958776096148603,-0.04920951673673147,0.13578233893847172,0.1018448323774262,0.07636403740472643,-0.08206691564225271,-0.0766898365392702,-0.04407391904222556,-0.022686400338574858,0.07635908383103676,0.03773570578270749,0.0038447508491241643,0.06379962025723727,-0.05227112915450607,-0.05079121878852646,-0.050030139573724194,-0.07287658766707543,-0.07152229039743456,-0.10972921885606388,0.04379505622365676,0.0125699173097991,0.020237161076489388,0.04705992965007074,0.08045186311576936,-0.0685422627497148,0.054933162657600745,-3.287286224402941e-05,0.02874348435104694,0.1382110122750992,0.08355506745404576,0.08366359798522549,-0.09206202148877003,-0.0795491226322851,0.049334582372325006,0.015552673359350178,0.054634551806454164
aluminum,0.09903356618786904,0.0026781986943967204,-0.004318190863188576,-0.04884269855843221,0.03330025914784124,-0.08466785292385698,0.032107504584548474,-0.015125354097844906,0.06924771728114198,-0.08016046940653192,-0.08627699905545443,-0.021156706640774185,0.01328502628828189,0.02209997625348919,-0.05470244787515628,0.04544598666034225,0.08574266176137105,0.013931782422878278,-0.017639291840514073,0.005761158769315961,-0.01666196335085928,-0.001125780625002841,0.0004306245234520084,-0.05406922805321585,0.04421308074851187,0.006629692293767003,0.01835972820756248,-0.0655100585905449,-0.004478932323291197,-0.03617488825977409,0.018663241708717304,0.010073771293381065,0.06457281958747946,-0.014544559963686587,-0.010827809799802496,-0.063306890574023,0.026021274295216897,-0.008471208174309134,-0.020706450250251467,0.09540303338894295,-0.004947048485952087,-0.016700823583914073,0.07905783088264985,0.0726247144123203,-0.045233428092467255,-0.026265227147107446,-0.033327994342570826,0.06326551372198327,-0.04186780170141855,0.06523041533160431,0.022555854918931834,-0.0010632312141209271,0.06623596898326595,0.038696731817756985,-0.04707751637872218,0.010287164990249582,-0.014762892993675086,-0.052853990351678024,-0.146920193423364,-0.021676968137704915,-0.0014374398058264043,0.07596330715833158,-0.00624887714327059,0.03746978610833268,-0.040083143111883456,-0.029453057900959326,0.05912050216437961,0.02353662037445929,-0.03555214137850916,-0.09896150604272506,-0.016636235174700052,0.06713698888336568,0.031658569735064965,0.03718549513834538,-0.10314745423427088,-0.02448088625578159,0.06218816866083174,0.05860268293225275,0.06000965928707106,0.028624317595060414,-0.0978490266279515,-0.01843854889376911,0.07268814668359892,0.09117682840320357,-0.029379098842957793,0.013572568292362844,0.01962948774148878,0.0190496688853405,-0.059661600968318185,0.08465663699810401,-0.07379169476414979,-0.148142730084431,-0.11897461509992402,-0.034905883483661075,0.023337314975788982,0.06808187380786596,0.04409197957800519,0.05981037324205607,-0.07741493904079444,0.0025770102309977585,-0.009824042649416026,0.04643324414563359,0.2212545757999487,-0.049528922909415005,0.021317985678465733,-0.0024392463146647985,0.024968956917502047,-0.12418772629841113,6.170171938992561e-07,0.016083536790014195,0.04754081786154297,-0.11360501467845555,-0.13543369821548604,-0.0853878038586443,0.09403941784478878,0.021155101533047064,0.024659953409803304,-0.06497729321995024,-0.1183933514764891,0.06239423122468617,0.11691914276171078
amazon stock,0.025856228379522634,-0.04372556200542985,-0.17538811591231374,0.038013083649971635,0.039443010573151305,-0.08211811887571432,-0.04715225193200485,0.12090864197125843,-0.29525876411460766,0.06674608128379728,-0.13673184905607405,0.35474680951761756,0.09137013445361103,-0.1816697445751757,-0.019248982540424373,-0.06921897503058412,0.10351931438936332,0.30117496829635504,0.007406117470001514,0.028016567121536363,0.04240714174401293,-0.09614221992078294,0.036362079994269506,-0.11277729410663437,-0.04336838766445704,-0.10305756912754108,0.13700818830803654,-0.09007441552923416,-0.07781509549989668,0.012906209525072682,0.010308442945876326,0.07015389823081938,-0.062467694581814254,-0.0865410366438455,-0.06411794154622319,0.1352783211134511,-0.09641584363695108,-0.021545610252610908,-0.0833924775554051,-0.005410571082448745,0.07650123319538848,-0.10019964466607978,-0.00947315896496452,0.006158758228518857,-0.07766937582813688,-0.23090913046669537,-0.10775494965700559,-0.008769087773057235,-0.07917095546645435,-0.14672607270349264,-0.01486659054982463,-0.011183571949121208,0.025768047728260593,-0.011480521665688775,0.10702824753056633,0.11405520155499647,0.0074203495403074166,0.0391225917519955,-0.09124671961764838,-0.05985382515492697,-0.0961878206610833,-0.02952282369955899,0.07405327366770126,-0.05345857236592824,-0.05963416471483889,0.006283690541872114,-0.08185117925900146,-0.032523650921564576,0.04748279504383837,-0.07709054252529536,-0.08791230298299925,-0.020586653096159497,0.054923807726051176,0.09515890398084476,0.10116047265750072,0.02291335047162621,0.007401203216141206,0.021795941684405573,-0.11882752610701802,0.018125070947119293,-0.05345961686900903,-0.06288515484269558,-0.02653797925758071,0.01100371958864829,0.029077976230612087,0.04673925173690922,0.043816131689954414,0.05434511139322415,-0.011082467301896166,0.01374918980165871,-0.10511751595993643,0.12215700513677574,0.030426596730364075,0.06530907981387622,-0.1060895542335995,-0.01662753999419926,0.056612235878614615,-0.08939126692195658,0.003826479323238371,0.15166348153973935,0.03493946491398499,-0.014613454840743816,-0.0410615936547709,0.06532849658688236,-0.014979622804775808,-0.011733161006149039,0.0005983874575924879,0.01506835461325646,-0.0430150896552116,0.0153337508654416,0.008148920313311743,0.07293249815426828,-0.01899365519223798,0.04834254513379651,-0.027670083393359083,-0.027372201061857934,0.051212291946607216,-0.0038319212951181767,-0.03725789705450599,0.004807333314572776,0.11444650866080074
amd stock,0.04816472539627996,-0.08290911870883463,-0.020199712992510218,-0.04525448230054152,0.01669670812782771,0.09325639310363404,-0.01933621497781196,0.10851907337772887,-0.017795076009114424,-0.19882955925980578,-0.41264634837261854,0.2097346063862307,-0.06932123804996349,0.016637658931114407,0.13854553360626223,-0.00991978273886761,-0.11530957770484176,0.038726064195024584,-0.24048772811698593,0.06343111760445659,0.26479142052886767,-0.19931622134537447,-0.17139496446577102,0.095066770157458,0.017822122353072824,-0.06581641246946641,-0.05369071821649561,-0.19329151279617054,0.02344783770171741,-0.02475708859831215,-0.026398287450108554,-0.04616041239168348,-0.010263871373776087,0.004467990529308144,-0.03574663347358189,-0.21637183036510527,0.18622846239387242,0.020927648095684585,0.09327594462400025,-0.136590565089002,-0.09835506054694959,0.016806778333181865,-0.050091789164946804,-0.015207243078306593,0.06793331607711009,0.10475873807980918,-0.0392600130842895,-0.08548284002776527,0.025233265943624048,-0.01831324857857808,0.022015409327357002,-0.12667421160434963,0.0404980043135572,-0.07744520533817921,-0.026114767777013888,0.0005879324095259628,0.09347450390287557,0.08432154864193665,-0.021710328503967133,0.06378320172246116,0.005383884233592914,0.003175962274761801,0.032994015823369534,-0.013635905719736604,0.08513592490903775,-0.0425101226616212,-0.0028880560911602304,-0.02417330737266457,-0.021426395486305837,0.005212827760170081,0.0879148821879811,0.04295537414942534,-0.05313382364306424,-0.003126177347439564,-0.07043061233864052,0.06426599919939723,-0.038746768328331994,-0.026886453841731977,0.020362583925096205,0.00824806240449974,0.05382433229074895,0.04972461748640969,0.0041807134403435905,-0.013501604739006369,0.013418583767669535,0.03833536587477926,0.050972613597138644,0.13973374210325398,0.05917331549012211,-0.01704315117130984,0.060331075656154025,-0.011533601686447646,-0.004189056344592341,-0.10703471184606868,0.04244622607273549,-0.037938259651349865,-0.03086631026902084,0.00888105124447476,-0.03423904309872216,-0.02272065437035831,0.08886625569343179,-0.006154970053370814,-0.047882891567977724,-0.004607644925392913,0.051403431453460116,0.01060940339104307,-0.017074801725354204,-0.060474051381675935,0.06229110154719758,0.00843704245011549,-0.0023361726136492253,0.04281165487828349,0.04958914417978698,-0.08624803752047436,0.012551402395809588,-0.058152032262400816,0.027345664774152158,-0.0358496006512797,0.045748798969105886,0.06605566355767309,-0.005723640750716625
api,0.07848841768872397,-0.09210063447394544,0.10904086751631745,-0.08498400916382232,0.06501116710806032,0.029444971475412276,-0.015632020368042288,-0.01675537089035624,-0.1030907114801185,0.019914797573046844,0.036006657493583,0.025044674292303462,0.04642754874884284,-0.04394106152090882,-0.024365650043232556,-0.03837949475714102,0.1196879674084193,-0.010799851524116,0.07305295850302929,-0.02030938332068668,-0.07233277726196327,0.07023230129790256,0.024439982720173642,-0.09997896195986959,0.03214053977022618,-0.0966823823837311,0.0013939173036611827,0.022890052665208237,0.04003187274333002,-0.05921189847821643,0.025942379983598437,-0.006914803250215004,-0.020548325951089776,0.03194310377517527,0.0654332782793604,0.019078885377725202,0.07137411978414443,0.054106041030368854,0.07456915110962517,-0.03321714517990657,0.07769700254650554,-0.06964475768234835,0.09082190919901578,-0.011611382504573622,0.03199116986058458,0.06314443596991906,-0.005748606018936198,0.009034444202639855,-0.03576691301604315,0.02752703517187549,0.08602800438693087,-0.04624476502301823,0.007679542741396983,0.061109918305633296,0.020677128877816427,-0.015980370176555615,0.041153518585116025,0.021440194352271135,-0.02426799264349548,0.13422360772066194,-0.07831004274998343,-0.08749015268886429,-0.011558307574223478,-0.058715342982541475,0.016258396648493892,-0.020509385810954066,-0.0211271085759362,0.07642844980952132,-0.0020022458382264463,0.042894650138292086,0.07267355101367401,0.013981432169582699,-0.028391798779761307,0.0703230606725698,0.012131046225305156,0.09276470083337987,-0.0954236997296119,-0.05369880806863063,0.0906346790330242,-0.028337883711364795,0.044360805076375714,-0.07743152492925934,0.005767554790107973,0.022248388191442134,0.036282762910219674,-0.1568103947777921,-0.02768869621980676,0.050227989346514665,0.05974183340373836,-0.06775863235519282,-0.05798874938921201,-0.059611102666011995,0.00836472074319498,0.06274303946877333,-0.0416971647333193,-0.016544680092780012,-0.051208562282942655,0.11290930600279636,-0.03594121649566426,0.007470844021412421,-0.04490237858349879,-0.019990494890088292,0.04873221205021745,0.11413575424428836,-0.11017073660318147,-0.017044074936542912,0.06248133198802776,-0.1629814205456797,0.017008050208731314,0.1064713268295686,-0.16713456933178597,-0.09280611738771934,-0.042738132517186,0.1080412161222208,-0.10063072005130246,0.0035538656424393554,0.03988801358747481,-0.13744973454951528,-0.018651625491683615,0.08020552679666412,0.2908667711749453
apple stock,0.021819291002837218,-0.016391051147523643,-0.16385250438833446,-0.05309100745443682,-0.2197665095110951,-0.022174724308137855,0.10663746402810714,-0.11684252299865973,0.05007078724879524,0.022006071643230818,-0.10852794631811191,0.35377082590772224,0.12353073617065685,-0.15519389770060724,0.09656661934027996,0.11331400474716573,0.02990109672455768,-0.18046226995883763,0.05362731137301691,0.2597465042814324,-0.3450143053665178,-0.07264367505391774,-0.09095251292906092,0.13051088820412843,-0.030267027323644252,-0.014836487143510796,0.12976967294651695,0.1777897661720194,0.17240095441409112,0.04242892221716048,0.14111529758976324,0.03039826478215491,-0.055249488160783566,-0.05164674382025354,-0.14442178281995227,-0.0778623553099151,-0.11936362499558203,0.004377613980648755,0.028742787132760295,-0.018230841407276023,0.15314985883906218,-0.06452149670647742,-0.050613781809342444,-0.03972957375815533,0.06128118404787994,0.006898814436485101,-0.015155066728980562,0.19914186347759796,0.14084254653523537,0.1407046391817906,-0.007700077037888123,-0.011288541757341973,-0.042222767640801934,-0.030293058627283556,-0.07357458932649263,-0.04934410449324195,-0.04577343243179406,-0.07924729923410224,0.127990368313208,0.038130147387135556,0.08495920879308828,0.010490725401759292,-0.06312105204710543,0.016766989882258252,0.011585426865338797,0.04947774142658013,0.03834582743541601,-0.005804529920820992,-0.009106296204649006,-0.007916843986507325,-0.04310929673032514,-0.007735413351743499,-0.07006452345419928,0.042241551100595284,0.03946018081362083,-0.08825923988495452,-0.06375704098399732,-0.0414716873797058,-0.013154197629497863,0.07019563797962874,0.09256349571839545,0.02755662525341855,0.055695194983365476,0.0164608252104542,0.020328206123741668,0.010637790441088816,-0.021335546128752575,0.02031599549248607,0.013504525904792536,0.06469118602510983,-0.045371636622522325,-0.018513034175594623,0.049628065575064745,-0.05694501153278457,0.050926842002188284,0.05274169021518445,-0.03292804252065572,0.08158707700568903,-0.02324862424573957,-0.11429438709258259,0.03115233301598735,-0.032558783444672015,-0.019038783565630654,-0.03341978603349691,-0.006078690252379462,-0.013903838319888511,-0.008140019655748915,0.00987264247671809,0.008557636321120303,0.030090529150641705,-0.012616998743372769,-0.01765913251427986,0.036090966691276496,0.015817585328511623,0.04022957295286884,-0.032237696019771285,0.0406852268242764,0.0024001287443215476,0.026205887710930915,0.010450173328341422,0.04616450304405544
auto parts,0.08157703731331876,0.12009273879711022,-0.02616029659322674,-0.03448428451044691,0.02571473401496019,0.01273955155011211,0.007875344399302486,-0.002570071810097302,-0.04509256269431944,-0.022881342113500874,0.009889425170639898,-0.01654509525078128,0.0505567714677386,-0.047748688869725275,-0.026584125022776878,-0.03405002845995344,-0.03892618061529968,0.011414514173188776,-0.050006282706376866,0.057588914197663224,0.06018186086833277,-0.040862299529945724,0.04458836377815913,-0.052613513796561207,0.031013497830448863,-0.05903368234847478,-0.013614634822793036,-0.025926734417312778,0.04531427896673168,-0.08122782785625875,-0.013588047337814477,0.12272891996007763,0.0003774916445049292,-0.02470173011542176,-0.03517626129522279,-0.018060025641424393,-0.05202126059530272,-0.015947407656512712,0.0027040781501112728,0.1056845999524958,0.012679757004177828,-0.22856101110697186,0.012381420047586255,-0.012656092872363344,-0.006630365226330981,0.06586940526625355,0.06437657603851624,-0.05032652230092338,0.05153966281786163,-0.0164850258167477,0.028425542497804112,-0.009571102914944092,-0.03529955081733287,-0.011196646420396583,-0.021984170791668797,-0.019999916901932615,0.04128505384183842,0.09284836267831349,-0.02055455225411499,-0.10217846656985442,0.0742111125221698,-0.08459888747621921,0.1412021647111894,-0.09846159467990162,0.007000092248144976,-0.03597618405838724,0.10281898098051687,-0.027182169584643978,-0.020114036833694088,0.005033649257691572,0.020418110473416948,-0.0907915532877899,-0.01719957851290964,-0.02640077578819168,-0.03033001932635392,-0.0552640634824895,0.02017614960205116,0.04668413867779955,0.14641500113528527,0.09908235431269871,-0.03249837674474855,-0.01569507402783725,0.05946245791337653,-0.05760655672950859,-0.11359677643279692,0.029110012231719128,-0.21750990320884006,-0.1385388468600631,-0.03725685120801252,0.0566192093108384,0.034524842200194326,-0.12181198742906174,-0.07909217334660221,0.09366108415173946,0.13347246505708138,-0.13798760264896806,0.1044989088786566,-0.013540867148711389,-0.0155975148291628,-0.007953006871831491,0.07939943487619919,0.029929530865395543,-0.09615137983203899,-0.002164213326453255,-0.04028933584000676,-0.22839408214318907,0.11345070221827931,0.09240740863847935,0.01806898819755801,0.045863795452186856,0.055726365136229604,0.03056383633476375,0.09094504567798516,-0.12189364591353347,0.06480151480281099,0.10016099673590964,0.10657012051280888,0.0006355455837219793,0.07591189425735104,0.0012619793835661423,0.056039021262156055
auto sales,0.08576183180108105,0.11441637412044181,-0.019361289780233416,-0.02023809295777119,0.015621328501244217,0.011429762292098355,0.03934647085458031,0.02549917493041709,0.00041486185309308476,0.00400312641537362,0.008150859134414823,-0.017153478302200653,-0.016080814909043083,-0.028462579264004875,0.020299077167600182,-0.04399805105358279,-0.0450088489476394,0.00585718389548337,0.034122233406822716,-0.007146907059308594,-0.005412780826966529,0.00047851207196075024,0.013492456701490213,-0.0078016496487926384,0.0021686859690711567,-0.03894235857118976,0.050497598778187346,0.03363557535526233,-0.020127569944807577,-0.08155357815139823,0.020986261721363822,-0.08247685397169971,0.007174885729923225,0.056920329301420075,-0.06793835782579255,-0.05408408394625608,-0.030730590093441257,-0.0019858983980376582,0.05168766706276064,-0.03787708171990467,0.02193539078838564,0.0012366974176298562,0.031984934800558446,0.002230641107936991,-0.031569487703096595,0.004162480817936191,0.002116011884158428,-0.06391168883133505,0.006929431419033417,0.0061341853181484315,-0.032557317576845345,0.012338025298614125,0.03606798271668847,-0.13496713596825258,0.02561668739568633,-0.041806190068012145,-0.05470823779307585,-0.012428831042714797,-0.0031235367746372533,-0.0018701570144348013,-0.032030845463935906,-0.02423858305052584,-0.026669675117735332,0.007957480558331134,0.10008788013142143,-0.02387186534253767,0.028398489214599053,0.060464293297128546,0.012486020610843043,-0.034831641489629625,-0.042931176614957614,-0.01853093334897511,0.009225410940337214,0.0013817670595247245,-0.0234171175794664,0.07059977628459935,0.016659885726147815,0.03764299920660216,0.08351953567090975,0.00917135016293219,-0.018683992966399287,0.022473226774190364,0.006184533019155655,0.16343850050865466,-0.1137701928307312,0.06104678707071559,0.18503903090541635,-0.02047987916465338,0.036246699910905206,-0.10251399416011084,0.007013542024616985,0.13597682084934987,0.055984719073630576,0.06864784501150761,-0.02735897689654683,0.026374051471218588,0.10077036305061221,0.006788914452529139,-0.027460261187729165,-0.023659188403340033,-0.06147211313460107,-0.03566567365951259,-0.041453805539754224,-0.08303395621910195,0.03991545204928065,-0.0838184765350282,0.18244113923834054,0.03682011178628503,-0.08935729035142426,0.027628291638479956,-0.04160249062457345,-0.29616277217943354,0.014931800291332472,0.08478805575045147,-0.11905143341702652,0.010133604252214882,-0.13834570428446377,0.13397652459282666,0.017769294625687115,0.06803539366103281,-0.0017413518083426696
automation,0.06769660059682232,-0.09814280336540256,0.12409692311572586,-0.1316091067182865,0.0029572290514058713,0.036801220224025655,-0.006832123171595372,-0.010725217059340542,-0.08766761788402504,0.006027767620423424,-0.06635066391116558,-0.03720498806315472,-0.0074047416807880365,-0.03960045414745611,-0.007048807214124299,0.00882609909967757,0.06239542150918348,-0.0532481503116993,-0.15498474168437143,-0.08398343880772408,-0.09844587758907797,0.048276257577138236,0.0885305727874216,0.02245758488745271,-0.12586415120423108,0.030224714962745786,0.021682118254317706,-0.011128843701456965,0.09364361417616944,-0.040307262206196424,-0.08659438555223958,0.027366402118124203,0.12215902894166203,-0.22186589098632714,0.1159542158026991,-0.004374288608052362,-0.018428401058910394,0.03242328124867457,-0.13384701491253956,0.0715476530275549,-0.04007458803838658,0.08395918175613455,0.08040093321053621,0.06614052508698358,-0.017324669526143692,-0.019220825012584042,-0.07278928244036642,0.0034406873138023604,-0.024529327529215154,0.04390211076929172,-0.019553485400085703,0.19694360990884055,-0.09091910086974225,-0.06716516141694075,-0.11947901363136734,0.10297571632848455,0.045829056979665425,-0.01577312829310448,0.13360317806508284,-0.11085366489545984,0.06572024237384783,0.11850031093360108,-0.14305075976230894,-0.14202733801265077,-0.08678448757234636,0.018884276287413106,-0.1367397606926711,0.008561951651502114,0.10613159833379344,0.10666371874632193,-0.013911919970593711,0.18258939448201456,-0.08103687876245139,0.06733484887119104,0.03789503758178431,0.014780935095895793,-0.06509228826338045,-0.00011182575485842172,0.003862158644766545,-0.0021614089308677614,0.01333135548520753,0.17590713511578254,-0.03179852375642407,-0.040101574910071845,0.012185134980856424,0.0925012341631683,0.029133524400547763,0.03533338765928597,0.11818409349621087,0.04613260875424536,0.09951606573598383,0.02996561979827189,0.04643590075176424,0.06409873274629288,-0.0055243385333872096,-0.07705737164247096,-0.051192597877304895,0.0957156005169057,0.05818658008716565,0.11208845205229385,0.17314638398309026,0.016386815723028005,0.1271261404602157,0.03157069579262533,0.04570240959254651,-0.03244067428018837,-0.05637899185324398,0.15719355819719727,0.0009175917213171351,0.05930271099614196,-0.07077163943083375,-4.9006556033511645e-05,-0.06592880978940636,-0.14046143787466364,0.07308911572327365,0.030464771642907434,0.11040117699469493,0.008994573258886052,-0.03901966293519684,0.07215467347475743,-3.956540991211349e-05
bank capital,0.09315074389305189,0.08541557228352416,-0.004635969477712242,0.010548286756736391,0.04591521252469764,0.002537401422791463,-0.03280084462077415,0.008934882953545525,0.0029635434758507606,0.01271584749494134,0.05311121908209129,0.018761502578775964,0.00961174125791739,-0.03048856549711737,0.02173994874355171,-0.03428267334420109,-0.032113708859894535,-0.02170304112810867,-0.0039025045376099928,0.02149722735726217,-0.036265392883748644,0.03315560987839966,0.005763773070050882,-0.009974554977277582,0.06232450005192772,-0.03838523210687622,0.0012622307613488733,-0.0250466034627669,-0.01204900884561792,-0.029327207569598654,-0.040662002782773266,0.02748697941382385,0.013575145342399172,-0.044085167587258466,0.008518608903331962,-0.07667214374090163,0.021807537608347933,-0.001855467994237395,0.051965601241251894,-0.02784584829480262,0.15926792557078434,-0.006801683839981115,-0.02185359220547356,-0.1013230436239087,0.05987034096133566,-0.00401417430107727,0.05236694383980452,0.01224566201097977,-0.024594084447110077,-0.09213605491653781,-0.05752748238402231,-0.02343046787632717,-0.04199551408331152,-0.06471595991538856,-0.01991724021592293,0.06390707321072285,0.0568088121530214,0.046418236393026495,-0.04000472564409242,-0.05733483305732055,0.055207892540068165,-0.01124032886113006,0.04161098816585178,0.012252032353744604,-0.08933584905222505,0.0745804488113704,-0.07050106192809215,-0.06034603064277853,0.06668938709308615,-0.09056116304816897,-0.037351495987523006,0.002378310378346276,0.03415104659210551,-0.0009188809051327712,-0.11230978559917029,0.15478115178470062,0.04589327759129406,-0.12624181551301916,-0.05096124979575445,-0.10339162173238144,-0.03533681511921572,0.04742227078201884,0.08270810379303625,-0.07207587136999803,0.05258620491433433,0.0106346722347859,0.04040996912081123,-0.056890207121295555,-0.12858469201518571,0.0633462992929042,0.08327274382341278,0.1477151986503429,-0.026356670097267942,0.017402868453971432,0.07281900464421798,-0.08077096998197605,0.05459230357086477,-0.09710900411458795,-0.07289860764747406,-0.03195642713471535,-0.15976777892002725,0.0922884951321698,0.21222618586132927,-0.01126273527449693,-0.04498544294475258,0.004980794775918035,0.11992320899939227,0.08054085986603056,-0.012776471829093732,0.08525389346647465,-0.1220988871058424,0.0370629084779126,-0.023767073654281413,-0.017910233700749872,0.13852474866062148,-0.013704087644375855,0.03776529044198365,-0.08796265307819495,0.13966950922000537,-0.16146853358828997,-0.189244973989732
banking,0.08099441340130402,0.13018281692905492,0.012095717730856345,-0.028127042885583493,-0.009755904149295523,-0.0006839074505862741,-0.005851142703625051,-0.004964824679167146,0.005030106728560288,0.008923104606762933,0.05736281782814068,0.0018063493989043805,-0.004226425869586797,0.00880268713233795,0.010137810564086839,-0.016727855376212214,-0.032613364148882884,5.7203584256315665e-05,-0.00677470160143491,0.00699687430154031,-0.004648060068504073,0.015277662865006054,0.008778209854393315,-0.018018260853249698,0.007911303960453538,0.005878891184338042,0.0015814360291026052,0.0038568110796686275,0.0015468750773034862,-0.031061757727100667,-0.04759318096905536,-0.010952310410304445,-0.05074581539280394,0.015205970437444719,-0.016107929487571768,-0.08148873084434659,-0.013051665858547053,-0.003469134855452397,0.026174106941269794,-0.02353611149544948,0.03962927260893135,0.023715148022703705,-0.0008145947753633309,-0.03792692940405937,0.038325540836589234,-0.009328831070361338,-0.0037706967068495967,0.005312629450275913,0.0507422898097881,-0.00568353027857027,-0.05518177087591229,-0.004001466696988358,0.006447702648632064,-0.04241186946816411,-0.05638270583179098,0.026458881980266715,0.0630662737636138,0.06508165921364091,-0.03661194080071693,-0.036426194862221234,0.03146649022046577,0.013363315062647759,0.09770030856787397,-0.028263262351580967,-0.038202691524012636,0.02847332790549161,-0.011038932081562034,-0.045618000152783125,0.020422224404109242,-0.05645997123168247,0.010810365467120941,-0.05655418592083934,0.007623449634828222,0.029083036050881816,-0.010245309284061581,0.08791029490108102,0.03700052245740046,-0.08623459680921172,-0.013730310398959984,-0.025767636230583854,-0.05680573458159341,-0.007949387490433349,0.04391261492988458,-0.05747546724845703,-0.17243232736614839,0.07409656431315653,0.10805538584956151,0.010741021143527603,-0.025779387106627152,-0.059916730709690794,-0.08428444640433544,0.041613018919336324,-0.07670322051248961,0.06040232570236601,0.09590887757865824,0.07050297374874266,0.019598587004436646,-0.027306481022836823,0.002932814550923743,-0.0025016006815352827,0.024012891057575612,-0.06840655804143005,0.020264291149930575,0.059031812110688586,-0.009800160284903839,-0.02440485535495803,-0.20150517028640924,0.050393766308738104,-0.08733328830513792,-0.02863928689778368,0.014058330574866827,-0.016848701219614536,0.12375122433544244,0.009176430323467006,-0.011646958325183903,0.3001554740882246,0.10115593549964368,0.13176924250382444,0.06593439280160349,-0.02154642115596266,0.3194955811267468
banks,0.08302543248366578,0.04266018604192526,-0.07998747672455327,-0.02518198877604134,-0.02242776988972098,0.022371056624007485,0.01587011942159265,-0.04544372340276881,0.053093242833791465,0.0043186257696167935,0.07353418570560782,-0.09411038997222451,-0.009976495416244902,-0.035800112882104884,0.13231214856488102,-0.028748357787578283,0.2641682720020954,0.13626575674327268,0.07334212445591899,0.059499532686611734,0.20488202855972465,-0.18019420228366212,0.08792647345614671,0.05555412688820984,0.038707765415719325,-0.02497630194620315,0.03140998799334314,0.07356458500818132,-0.14357614915100902,0.16340959274067474,-0.07622077293871661,-0.24061079780358402,-0.026553569250877262,-0.26198501505351995,-0.1254864159252157,0.20068422991883705,0.12935563368649133,0.0022819058927826216,-0.05666267649415558,-0.05388447144009395,0.0915503557101814,0.023569721592769863,0.15118699947670278,-0.09004381378759327,-0.045295564523253506,0.1221120010358183,-0.0030382003716011574,0.11772146827158486,-0.018066000232809715,0.06152856807393594,0.23537192636089177,0.10653564218217226,0.037612528107777043,0.016286067907072696,0.004469641105875777,0.05977081899057413,0.05561658491014765,0.05464175512821243,0.2181045864872349,0.06530468536738185,-0.07733231322306743,-0.1007937225283551,0.0483279558168369,0.05489245367253237,0.04699080137050924,0.13129636929188115,-0.01784751436084887,-0.036453233472073604,-0.03465206977066519,0.04411639635130524,0.13368878489602426,-0.019260312357329012,-0.08399544270166572,0.0539020390550388,-0.07715575648443687,0.03375672759113502,0.03685723618683488,-0.12426364704955163,0.05442512866243186,0.01009126456605873,0.0014640649800931778,0.039776162102681645,0.1021821365263672,-0.056427604057628304,-0.11592895108549617,0.10701157915920728,-0.025466050603948832,-0.018767437563080178,0.014399831197214358,-0.07252055795825647,-0.007423654422416106,-0.01106644652152445,0.0360731196862378,-0.07239345948176096,3.807022426419518e-05,0.09727881422561371,-0.07562236548454451,0.005283921986003665,0.0926143859599354,-0.06703428371185312,-0.08367053580412873,-0.029961166136735204,0.04756525577308025,-0.016721358654695307,0.09051337427331277,-0.04503009562704862,0.006149808739779616,0.05341843211594993,-0.04432212489988271,-0.02587045307438702,0.03174254953840941,0.0050591892879253,0.006921004138651718,-0.023915351406280882,0.09160039227111894,-0.0021425954402543405,0.02166700767311154,0.012225081454575678,-0.0627518790845866,0.01774738067836071,0.0034772881629980368
benefits,0.08975433566859105,-0.08153314749383835,-0.0638788812759834,0.0587920355282035,-0.03767402937682855,0.05981083415272542,0.004873222447563667,0.006474246156114971,0.040723181580148676,-0.0010184093578320397,0.0498669098406094,0.04360715771409293,-0.0037089203988310976,-0.023822145433637004,0.03631683760319062,-0.03174466959566206,-0.0002522374144130479,-0.015683143810498693,-0.007256186171166181,-0.07255517699899768,0.015029909067014263,-0.03617325972140283,-0.02343598157939583,0.06833107076926712,-0.039721428650458766,-0.05799428461371575,0.0024759176444394534,-0.09632379435929445,-0.04680100396818078,0.028919638045189586,0.0223840878179488,0.019645737277134367,-0.06399786098509933,-0.03459666575689768,-0.008244228188495517,0.10327735503782302,-0.05031305452915487,-0.051167984249249975,0.01087633133202312,0.05352848717289438,0.05043934822273627,-0.004523415296297649,0.024053165476755616,-0.1146974497414745,0.028616806465109133,-0.03676887844361259,0.04383269369350496,-0.062435570208319996,-0.011273257747905791,0.02268060248493617,-0.06690733353281668,-0.0621005679639414,0.04789163766873,-0.005057555096959654,0.021809084970421833,0.03915295579687325,0.04354351111974944,0.004485054807833814,0.00851126686490003,-0.07320594515427586,0.044148918763142656,-0.051728417550609154,-0.019727163408269528,-0.046791002326278516,-0.002899863047375474,-0.08841507099454317,0.006586031633274593,0.17728367329328465,0.08502174089409403,-0.06579372323442355,0.031024191628456432,0.031047352712527877,0.018571469162334396,-0.004397091099540087,-0.020583010846533828,0.06817142325052071,-0.023244633766705176,0.06982261177815727,0.011022450241702814,-0.07322867764340234,0.10523219798569396,0.10886738417840928,0.022552019522569453,0.125090315323863,0.06560287458514512,0.02568639176974573,-0.1155080260113364,0.023757524061997118,-0.15452040642214837,0.08076123343800025,0.06161811998125548,-0.14799820622030502,-0.028287789039421966,0.07344872618820177,0.02563185724853419,0.12831814768207983,-0.12825499860324382,0.08584776767622282,0.1313176160776644,0.02629117390424707,-0.04236784455506354,0.09906588770266649,0.1538290885464153,-0.008188875928028284,0.07173779350605441,0.08512787409137998,-0.04482519816513105,0.05619392024352811,0.15397462074978402,-0.06590915315770832,0.024618263848177863,-0.13648060048036684,0.010353418310321057,0.07096019225113626,-0.017491968967973833,0.09656976600945294,-0.21877800781151735,0.05243039131003662,0.12281298497270873,0.0024589019907760475,0.13515499922694493
black friday,-0.005867627362572644,0.016414123107685887,0.04813434802912902,0.11121529811053896,-0.1885683933452154,-0.09578398103114402,-0.32884671331053594,-0.06382917810611166,-0.08656925909830293,-0.29329572392631864,-0.07024204433665054,-0.1758926583246182,0.2236379571291669,-0.17988633052352826,0.10349280706623178,-0.1216113815639475,0.002756535035483898,0.004228369502013274,0.1506436865548486,0.030984963876077562,-0.08320095173836586,0.038181435266921866,0.09061105631514099,0.04339836186573825,-0.11701846188464513,0.10458715723364764,-0.1524434587573123,-0.06758418529506943,-0.07042458918048494,-0.1430027748578442,0.262766192858909,-0.020072367328754788,-0.08053901449835725,-0.14842273618019247,-0.167642699548596,0.08915780055260787,0.2737734871731713,0.1082076870597928,0.04087557448943012,0.10630645458688617,-0.07461047031858917,0.1009935493343,-0.014618963610295486,0.010716527740657109,0.07975426582090218,-0.007700358611486899,0.030720872312294593,-0.061222989422736754,0.14222854813128413,-0.011750490732612105,-0.05016066377294604,0.05490905860646339,-0.005257592684658641,-0.0900878690330031,0.03072876865977657,-0.04727276289981648,0.013358717822627847,-0.023965760677173632,0.028355504076527774,0.043129790588588804,0.03643049200973428,0.010719723523195161,0.05184706903096703,-0.12222481972648835,0.06601354320553962,-0.015062155285389105,0.05829544337569283,-0.02817549905442021,0.043260012302191654,0.031227389730692903,-0.0371941667034905,-0.06234444992423751,0.006022982140166656,-0.10888567475033364,0.03412562554435766,-0.03000670111631229,0.005811671150716287,-0.0048838939799109235,-0.07978635017696428,-0.07028143488670553,-0.05085732807581466,-0.044886234171107,0.015595906911059748,0.004992022686302267,-0.03141716488309079,0.044703144800595986,0.003168214625814258,0.007669752331674183,0.0012572851321355355,0.0525275804951202,0.03485489714697888,0.02011724755408946,0.06283985431256975,0.03032131131990536,-0.0769670858916917,-0.02978014994145259,0.07095704434181052,0.03863427151057272,0.013351500071791436,-0.0035375043338045746,0.01878752619834747,0.03205953739812986,-0.007435297010919183,-0.007897991738074484,-0.06029367695456075,0.0005797337021410109,0.020702849957765466,0.001227929357065392,-0.053984322168090244,0.04680800765157633,0.019133575147892677,-0.015368563858461665,0.023203727289258482,0.027342993882209014,-0.029440660037855955,0.021054716929017656,0.01452344686350357,0.025316385399717197,0.05590942518610027,-0.083310412954927,0.006800462869155574
broadband,0.08263397299691097,0.07393982996177698,-0.08304544739581726,-0.06867864822671432,-0.1218748281957276,-0.01678006801538532,0.016662663645503808,0.041664624371653386,0.05837509335145926,0.04385416496634187,1.1138219195017118e-05,-0.07415882323047995,0.03196859329161722,0.034969460971632754,0.058823160731190385,0.01570469076168106,0.0890896820777588,-0.06605670101051223,-0.00663052077396907,-0.04385965770549523,-0.02466172831614688,-0.05448873312868169,-0.02772162340087375,-0.02738243097184567,0.17081501025184412,-0.059504158596251466,-0.00993746794435606,0.0767702869865986,-0.06254081299279066,-0.13584936440206086,0.10462355316572833,0.025795970652682812,-0.13892067046089762,0.009558277372812106,-0.06692569082911745,-0.13621134722305395,0.024227044212537532,-0.21096218735839042,-0.09700297610744801,-0.026702462631268853,-0.06390997201821377,0.06190120373745403,0.04128581838398847,-0.11625848179942117,0.04464966801962587,-0.09264188857847405,-0.061799429158926195,-0.08223272379559567,0.05191595327614258,0.023108904704952218,-0.03165008007447403,0.023552915603549357,-0.14143420256357747,0.08517693322172108,0.037483930213666854,-0.09541118924315795,0.10384421986253085,0.14639270569220095,-0.0346820797044613,0.0035664926180567977,0.0777339176955733,0.06892429012599607,-0.15129282482114276,0.05511270485722598,0.033229803287956924,-0.09493019192711923,-0.11949327115746095,0.03095770835002913,-0.059522014149672606,0.22800475555558464,-6.466925068498303e-05,0.0335327080169822,0.12370516136097615,-0.07865260698918985,-0.06614117991900301,0.004384921781849679,-0.022666987719305993,0.07856657554079353,-0.05475856046012095,0.059740924965499306,-0.05044782881252863,0.03468177752601007,-0.03469544125511739,-0.03994752675358336,0.04068238492448574,0.11452874537304716,-0.11475042594131313,0.1054837992704036,-0.11278064870514798,-0.08072232817363842,-0.04019971166440858,-0.169162871425268,-0.02378149299079644,-0.08063157418314734,0.06477186651743942,-0.10443623646434583,0.11486759824846479,-0.13730705485141567,-0.08042897448536288,0.15045690709664455,-0.05345570439845943,-0.05352429817210751,0.06673514536444419,-0.07908589292684838,0.0291002035822919,-0.040682561698686656,-0.056592840934323034,-0.00445956499839268,0.03478312172989993,-0.026108931598259374,-0.015715016247950443,-0.06365420351903175,0.14163563985594607,0.017773603871931047,-0.0834584975633318,0.08764072097266601,0.11075910855893886,-0.11424648677167264,-0.1089518200093379,0.07718753264164954,0.020933237921856727
cable tv,0.07913400925959664,0.12503513346420725,0.03681437770153538,-0.022838162530369896,-0.023654044925652103,-0.020660556991689134,-0.06832408231652365,-0.03217758081464114,0.04376777012637326,0.03890113442423422,0.00955564372685222,0.0625179529546207,-0.04342279646937247,0.03404864887622129,0.02655917035465818,0.033243874162440956,-0.0656990249595972,0.03108237982160894,0.021682177600544025,-0.02014372375005187,-0.04040979258786094,0.005989588902080619,0.0038166101526466434,-0.011593691446742938,0.019327946402746203,-0.003127694176018686,0.06765341166068249,0.02027405895571323,0.00245114684074256,0.0031650980312961513,0.002100275961000167,0.0015882882933840742,0.02995112784816159,-0.08266855852862484,0.03579423529284935,-0.023780229349304214,-0.010058137562553554,-0.042881207345588826,0.0765955071270428,-0.005849963106430475,0.06249071333655803,0.07480204293957199,0.04774569139416859,-0.07870464210047398,-0.10957177264771467,-0.027462637247603672,-0.06125335706309962,-0.06908624686527473,-0.029385945447603482,0.049330542318438204,0.012922624892465331,-0.053864316215644775,0.14005474315662345,-0.024640416026427938,0.07506584477220485,0.06428151623259382,0.008276763079658883,0.019115550500530792,0.053120718698563,-0.12993853669198874,-0.02523885637487573,-0.023679697462755236,-0.05535793256122169,-0.0489512786852452,-0.003889599228383847,-0.07124312626310383,0.0601514500341679,0.08188460524543506,-0.0536248691931203,-0.024018278498540664,0.05312686065857994,-0.0035555332268259188,0.10861936407100958,0.08362325924195421,0.007294332856051244,-0.03797781005072782,0.12171847072419986,-0.07356143066611323,-0.032623749840738556,-0.1837827220760356,0.034058227918246024,-0.17087607317267706,0.05766203784953861,-0.16520529764276895,0.0772908786622575,0.029383439196366507,-0.11392648242946368,0.11757394751335104,0.06030588854777204,0.05241077565688861,0.044491981643350206,0.036541930940376194,-0.023552010289470966,0.03220687142930138,0.05757141082296115,0.07328355693705604,0.016575668809557007,0.15307704791344975,-0.054166686471954044,-0.04362569558172699,0.09275097695625832,-0.003416190117911874,-0.18494649373166103,-0.08727859940344056,-0.03946495837469649,-0.06648903092819117,-0.06841722699843564,0.10011297301152157,-0.03337758806489125,0.0569910899886008,-0.1506341970713509,-0.044120758673477624,0.0675140540124618,-0.1726530844779648,-0.2158037419426089,0.02431565558935632,-0.08967788838032498,0.04731139249851568,-0.20244794900995203,-0.049236444491890255,-0.19666501877062265
cancer treatment,0.09434531523456743,-0.0003783971015065891,0.019297112965368825,-0.0096484118186611,-0.02518496402185555,0.008275597299858226,0.008507679190012992,0.032078270570570895,-0.13625125839276986,-0.055811910893120015,-0.06942114860836401,0.021162815252474543,-0.0446348507382936,-0.004576091089902645,-0.10273216017254559,0.01808922987254479,0.0743259809817462,-0.0778939484570367,-0.10904804809017138,-0.06665164430970011,0.013540587238475787,-0.012998115625787392,0.009034656722772455,0.13853445239347334,-0.24234653287171237,0.05837936568877122,0.04960935119461263,-0.021875389748972143,-0.08783083146619142,0.0659868543018799,-0.009397045586858499,-0.06572779650402535,-0.1795117043187383,0.10249809711073168,0.05471229526366243,-0.03392199482753234,-0.1362125121522373,-0.14261472162643532,0.023029531919126836,0.10013507460203913,0.1258815630255502,0.17293305119936472,0.028573807969990705,0.13243630180653815,0.04119261620122383,-0.11743837338270725,-0.04347333228736696,-0.032243187661113344,-0.09863256058907673,0.18276376007665188,0.047271725973034716,-0.09251939617879454,-0.10733365527343006,-0.1519370518563673,-0.10535691219500153,0.07443916355060069,0.0464970299692279,0.14554835982240766,0.09772172670829168,0.12451155042745432,-0.08420477849809074,-0.19749489254806177,0.016519047145822613,0.024593098697888637,0.08672931785094079,0.02534279237352567,0.17883184428821294,-0.07847024341466105,-0.012960430837722164,0.04972777118961932,-0.04153243978407502,-0.009999941870341741,-0.12704773438894906,-0.07326294798298155,-0.015809424278700444,-0.10552218532534839,0.12384122340626656,0.12015510182550311,-0.054584179438212255,0.0358721848558201,-0.03557427682806694,-0.14072259313396734,0.0864036599339412,-0.18635170594834372,0.0103098142864354,-0.003186270191915936,-0.0009890875198359126,-0.11177153082584322,-0.04172602287734878,-0.05034441243007521,0.020901672332039243,-0.06485173658806116,-0.06969026603071418,0.1057922407514439,-0.0192997413172395,-0.15939544151047186,-0.01423371839526568,-0.03987833490167071,-0.09386977126567446,-0.02867914806446059,-0.07656807090425533,-0.019846374019723764,0.08095408379289427,-0.007140020742008854,0.05230615257824654,-0.05436138860296953,-0.01051251645920075,-0.009427818145761348,-0.09010910548495808,-0.04254851645738089,-0.07677764422693016,-0.004529665132865721,-0.14748119016695763,0.1034839066411328,-0.07032042806664006,0.0447699990063774,-0.06422842621390026,0.01625664278739351,0.13849466624069107,0.12464952942038471,-0.0453402014137642
capital gains,0.04081616264010196,-0.12349023754469433,-0.046653182222769,0.02053453792928048,-0.13189013088385085,0.004534429507140993,0.12882222493359197,0.252799282686766,0.05219413846549814,-0.10039053198886301,0.016426834312668382,-0.03894364729660049,0.0429614193655187,0.22970955992664452,-0.04863495190623242,0.008407508220230103,-0.0825031427695613,0.057254612184323816,0.005937112074423934,0.1142290941660686,0.04645977179287731,0.04233326939907037,0.17851796290000072,0.022622480828648893,0.01112658968004731,0.008268017862052918,0.2510702018874589,0.2852427891426817,-0.1622349499442728,-0.016307101307322686,0.11132690266052397,0.033188541685702615,0.1875495891681474,0.04369327903382018,0.02447079165611457,-0.0718449063324112,0.17550410940535857,-0.16015752856596566,-0.01911760458597726,0.15584777473403635,-0.03645498657557819,-0.0308337342064241,-0.1292430755449338,0.15255911588137694,0.032703164085230024,-0.18396703318321184,-0.08778112055922324,-0.16855799534833726,0.07591474703679794,-0.1399530598515072,-0.07577553680619392,-0.008166817571523197,0.005873359275775397,-0.007347481845102977,-0.07218960163632684,0.12298313396453112,0.08290034426577055,0.1318983964825593,0.1557869924484228,-0.0028672685355814673,0.01847018801170864,-0.059349124960223855,0.001991074706769576,0.012925840472585708,-0.005304977774655495,0.1825885169324782,-0.03141629144679471,-0.0524564763358944,-0.03511944773702608,-0.003918374846830669,0.01578442349221519,-0.015330403948487385,0.03544768742033168,0.022020478064408544,-0.02583970680179649,0.03375286344319249,-0.07300024757162552,-0.10382697398059462,0.04233126168737131,0.02209524307715187,0.017279369095874242,0.007514927086429556,0.02971406400632587,0.004710340635891842,-0.014642281386578235,-0.07694331778438698,-0.035333310414799764,-0.005140793151143758,-0.03310921114213423,0.06168708076613299,-0.037497628000810225,0.058259740691230355,-0.06320613494214064,-0.09974305821035188,-0.0831658074775324,0.041364853445110525,-0.08932384642164538,0.09718560264023476,-0.01418963253555959,-0.11304288301058421,0.08155781183581226,0.02774664527743881,-0.010068545040735198,0.0063860935843220515,-0.10619393490023626,-0.017517284485544835,0.002183351538524069,0.02510755198380277,-0.02980372701857037,0.021306899077334397,0.0011201269998053522,-0.061863143904936746,-0.0024283550982282798,0.007909719528209125,0.005957706157590233,0.02634631144537873,-0.027755818735920153,-0.03264359488056992,0.011563272470680027,-0.051869365659424335,0.019296849381842368
carbon fiber,0.09255890564934031,-0.024312062909911652,0.01969585378978868,-0.06117693538564469,0.06702990441778552,-0.07026234554203188,-0.02930967907585165,-0.01714765420082107,0.09007669530477715,-0.1252612970301315,-0.1140788821777998,0.034522669939043626,-0.04595141015182891,0.10154773128326922,0.0049155481144850105,0.13563956084325357,0.05813869106199957,0.028985988547759522,0.05259416060075407,0.08887623009433913,0.004518110865771946,0.09520195215447452,0.03346683348748239,-0.042170278773082055,-0.019201541869935945,0.03672962201657792,0.03823470446955744,-0.03627157315570752,-0.014826110303023603,-0.029025815809350583,0.07135297036406335,-0.007508542273383233,0.033188265492528984,0.013124001299848045,0.12730030667687364,-0.12721476757947148,-0.028224446087949294,0.1658561577500893,0.02168817921512167,-0.08349503211416345,0.0896195426968232,-0.03661511413418367,0.04443559422528956,0.02770298173713058,-0.0888321195903605,0.011231294735197125,0.042483125347721404,-0.03612429252872057,-0.039328267659478625,-0.08102667280469582,0.05291141250640148,0.11038334430920205,-0.01606626704963071,-0.016279741999283975,0.1669702945425679,-0.13898088101272216,0.007625681053636119,0.001907796753609756,-0.0656569320333179,0.08095156173778606,-0.07485377026962398,0.10519815855350798,0.06617339672421964,-0.06774293248419,-0.08351436703771835,0.18326961734108316,0.15797498706844598,0.033862547844903265,0.044780392710293465,0.046996396546341655,-0.0562631108315448,-0.03605493611822931,-0.06295773228811172,0.06804526052458733,0.07407867836945295,0.023126038032028257,0.18682908097441844,-0.05978697133470032,-0.06644155076811309,0.05316819130315979,0.03574440258560372,0.011547087507530758,0.03496066296644509,0.14345282259949838,0.03131739782116929,0.12120155648396065,-0.18947433080049567,-0.013695199758051902,-0.02329280377102877,-0.1390221231014447,-0.265390894719382,-0.1508864591383375,0.02936360146784229,0.053295389014114444,-0.03217323641599246,-0.11610931381018719,-0.08000993517186603,-0.020652044550851012,-0.01774837197924871,-0.08195239934995492,0.051602214851793254,0.14139706085376097,0.06220172037541343,-0.13745715004691111,0.03738778150037087,0.04467628556919645,0.0065913575627638415,-0.06578723200511202,-0.11391161895273828,0.08586649102045638,0.10581381236090419,-0.020603985784541187,0.009455507306743813,-0.017480980300859338,0.07091141230459103,0.006033599540623817,0.1028210024793082,0.0890140584603678,-0.032626898469818436,-0.08780543673862651,-0.03672805269697849
casinos,0.08669195809598641,0.05839081544289211,-0.06377184699204173,-0.1015386220880559,0.02219790327913184,0.011937873418218111,0.031729158738525685,-0.05903988432478131,0.04223545016283382,-0.04382559402726428,0.04697385066005149,0.015665168138468466,-0.009402924328866136,0.01585460314184542,0.011308683906854187,-0.02408006404525561,0.010221883985239405,0.07957998340062641,-0.006208802468699093,-0.1635678423665385,0.04999703076496095,-0.094848212947335,0.15578943010700658,-0.011046887981418264,0.1660626831689974,0.011076996294846625,0.0520551626193046,-0.029472186816084628,-0.10647676967038996,-0.054514447517478866,-0.021231135432637577,0.009086030220021989,0.19639272007892933,-0.173692337616464,-0.009323663451665576,0.05490114890355315,-0.0900384448444682,-0.039447207201480136,-0.020537217462817312,-0.06641539830089487,-0.1768848117725047,-0.11791024531379862,-0.0685732659128162,-0.0567729659039144,0.08171840327484838,-0.1046920257131583,0.22617335817576734,0.05976004090863342,-0.10040624156907628,0.049999826670126195,0.03942658180067427,-0.02987530339299252,0.006276620006221492,-0.21247827185314477,-0.046931345305201544,-0.23184556848865145,0.03993631433423307,0.01592856748330751,0.04109450314630203,0.027068260055606197,0.002947686330211391,0.007478008062617277,0.038860548711158724,0.16589136532271243,-0.08564658874540748,-0.000303799131938118,-0.01579919524806687,0.08598868322950921,-0.11072026299226312,0.10377317298766249,-0.21731267754140085,0.08219386275726177,0.009283488775321112,-0.13570400226260532,0.14053853125535082,-0.17070785378647374,-0.022555657607397337,0.04297739241712051,-0.10062881574803988,-0.12493184082945738,0.01774482897474533,-0.022763291690183644,0.0642519296182047,0.1059867201905211,0.06551495230856368,-0.05199959216429458,-0.013397226927405692,0.03560119238720527,0.18612763965291315,0.05281714103631919,-0.07491276025029654,0.0010908831396709076,0.01973112180348904,0.017594533732095182,0.03500356483385869,-0.013928575368990271,-0.09506180843306955,-0.09300040049487171,-0.1011803667294799,-0.05577367576907654,0.07343266820216494,-0.0772757361957926,-0.01572995031914367,-0.011160409639956452,0.0064515901229699885,-0.004578850236433202,-0.039315300619869396,0.027584784640697017,-0.06342300165046211,0.07145249891031001,-0.0343235871646263,-0.00010087071958543581,-0.02547273404752877,-0.021517184051854127,-0.0006694293459243716,-0.034331725072173386,0.024501121319443122,0.013418764992268477,0.17764567670122408,0.05976442036273282,-0.014102629467098227
cement,0.09456613663326387,0.011052394561372003,-0.08628621853219788,-0.03191040002228496,0.08174599419858783,0.030408336076857938,0.05019298822328445,0.012971417573506963,0.031059538638567426,-0.03228377098363227,-0.042737072940466574,0.006235680890173324,0.1249832341434125,0.01878724560290302,-0.09306360146446621,-0.027614855978547362,0.07963564451888372,0.049908287666670936,0.00408802097581735,-0.03548894461470544,-0.038155071111709016,0.046689824039421214,-0.007399854417513466,0.0373141042513087,0.03134730770137295,0.08894021197939161,-0.043998837567923416,-0.053311297244190634,-0.08309496696095547,0.0076774051292671786,-0.029856277169077294,-0.02253663596246156,-0.026108178015526617,0.04884793071849942,-0.11316745121395982,0.06467004618319797,-0.013419324556121971,-0.06807959178680398,0.01428214331316785,0.016397104884934205,-0.01341226894286867,0.02060007423685934,0.04144097320639695,0.002380084555767298,0.019602952138774762,0.025958210738205423,0.010872503681892284,0.06776061032809651,0.029181150542617895,0.07154930604929502,-0.004508180150039343,0.0302147033803467,0.027996142967775507,0.0024935213144499473,0.05980405764259614,-0.010616765495712761,-0.06273603752744933,0.0037033947570808607,0.005854040959235612,-0.20919457509239053,-0.04285132356010868,-0.027545610327728745,-0.07201501325820941,0.027154630919165673,0.05528600248847763,0.04171918961057022,-0.06490197660635873,0.0037241006183716674,-0.09702687107546301,-0.060971836507620614,0.053929905182609,0.09254038464730761,-0.06928047196937734,-0.08101271896309728,0.13837813009157385,0.025727411401816724,0.13144959277265486,0.03632146722977728,0.02393219537672402,0.11879056753142975,-0.10593326402369517,-0.10605133738462218,-0.06691769722420374,0.022873513188769685,0.019459082343850593,-0.04151847776901961,-0.0006471252084681413,-0.017735921447550623,-0.15652840544343655,0.036760829808794825,-0.10987833207031907,0.2325006429917979,-0.09858057810815266,-0.1906525288709458,0.015476024942517824,-0.07160643895878191,0.054797148928712014,0.21594523836894686,-0.15824617447659783,0.06010220722476364,0.018160473772782078,-0.06252364746100063,0.07654662176183563,0.10724109189440541,0.014946641322513984,0.05272907095455959,-0.1520646510241554,-0.1566766051875073,0.12744302872535218,-0.03417036807214113,0.039538709433752026,-0.18293078513489308,-0.032864415980133774,-0.16867772247890456,0.038733131311685154,-0.03267234966876592,-0.06855638286935424,0.09932823113352211,0.044613040273282764,-0.13587925795048506,-0.0322374766997523
charity,0.09385252374382277,0.05530314235647302,0.05033291211824788,0.05888782595244957,-0.036465359873640225,-0.014328464846753965,-0.05342337146902874,-0.015093300316423659,0.014979587601123407,0.024645225178734423,0.03278497213809136,0.09480383642567795,0.027734072391398995,0.04919673326837051,-0.0955854224382196,0.0423560544345362,0.00610982700788378,0.00018363568071608216,0.020935366346273084,-0.015182983459636368,0.03069790024486052,0.07579023890018102,-0.00803553824751324,-0.009483979133465714,0.04737147256579047,0.025313875404803038,-0.0032087061184686363,0.039334931578353216,-0.03715231321166064,0.008966492444431096,-0.016341404113432212,-0.08745864203444426,-0.0070821339613223455,-0.0809880620654052,0.12210941736747227,0.015873750179884058,0.014113012846512538,0.059998982966251696,0.005421870796948138,-0.07312871281025077,-0.04822496972214682,0.08573170937976281,0.0440568669788238,0.017500858583894243,0.14339444404055113,-0.17834081828188225,0.08888374065362407,-0.028837943101188514,0.1307377051358602,0.03792017114375114,0.12460562677084738,-0.08841948562181776,-0.011316102903237674,0.15029655261582253,0.0048529135204685644,0.08240354656996961,-0.08636828803905414,-0.0005314955747605432,-0.0772885355540425,0.10145534018527208,-0.021143417042726848,0.003849046518192935,-0.033095244604733134,-0.07174834088465266,-0.0533240538804136,0.20424392109989886,-0.09232240924044036,0.05422819294344383,0.020472785707448836,-0.06352728067892581,-0.02651997823155458,-0.01536686124449466,0.07213881376669713,-0.038207567111171646,-0.15927056386505248,-0.01123193907818866,-0.06037943105823596,-0.033567065317717776,-0.05366903308574071,0.11206727093456864,0.08542800979983038,-0.01628041534493023,-0.057838840410886244,-0.061270336654797704,0.08111367885243906,-0.10964640664469671,-0.06792575747485875,0.1936831140703134,0.09262904514052521,0.03515522218768583,0.06331596361716002,0.052191964431398875,0.013417602539863025,0.11549780725525223,-0.04048278010495884,-0.08912857608455955,-0.006342842408419237,-0.09764273876120305,-0.020766764570979042,-0.024268643531739447,0.023456785266565437,-0.10858881137279616,-0.03201422516309271,0.14508071571726933,0.10712940517568914,-0.007447417900138947,0.05850958905368722,0.02888800426542284,0.020755199647109215,-0.0785188655770097,0.022651976718163356,-0.1388099202622271,0.04475529360174235,-0.019558986585481677,0.11315506321615984,-0.0036204280900100985,0.07716677910548858,0.06961965672542926,0.05131388487034115,-0.025703180851897323,-0.0010089156331820092
chemicals,0.09520711260952518,-0.029168925891964632,-0.006997097435004727,0.049887313035250694,0.07639647004082234,0.022729894346325285,0.08439696790895133,-0.0029205851240189074,0.06334183373861048,-0.03419309766919222,-0.03594738874438009,-0.01971519230215244,0.09409982442744211,0.040067885702442095,-0.03373015772016685,-0.01888949145554472,0.056200613091640504,-0.03740252515610555,0.05672502134869298,-0.03662615175998622,-0.10001297409374801,-0.0172288675944787,-0.04387222095938251,-0.028294918741251375,0.039865245841067085,0.028981391520256236,-0.03952103210284448,-0.02181090877537397,-0.12674209311546683,0.04009133897373238,-0.03304782273993137,-0.0751796362171501,-0.09823040907854813,-0.0031602892232733826,-0.15983464799630345,0.02712153818084631,0.0979407967578127,0.012130927105800672,0.03753900833170413,0.043470084394278796,0.18898211527556286,-0.10093927075978434,0.030053348902274346,-0.11379195651562232,-0.054501649248032386,0.04712205080185487,-0.0579816600005049,-0.18443516542673535,-0.022169577061941746,-0.04857200700133147,0.001740340240354743,0.140300917962875,-0.10724085636420863,0.10328228946482335,-0.1779460328399027,0.03662566427007417,-0.08155899319522221,0.03549992453753559,-0.009689752051707003,0.003937986851304506,0.13662118831937853,-0.19588313608699726,-0.03885452952141634,0.03135351863741452,-0.067163154525117,0.003912889534529186,-0.09769165435685667,0.1916790828430987,0.015168187931446031,0.05280420675175872,-0.1786949117946078,0.03649649993003792,0.06806593362862258,0.07445164870425865,0.09503586989224867,-0.130047546381565,-0.023494896346033984,0.03385135393365969,0.2635966705535446,0.05256595182058371,0.021366384452003395,0.01888689338765155,0.038632647302621115,-0.0026003612321197156,0.14347621733827814,0.0655183040648621,0.1361268906557861,0.09208538111387624,0.01715380728833503,-0.14953451457291853,-0.004965658232134271,0.10558596027598986,0.016243463395009698,0.07076876206790954,-0.038505281312014056,-0.018571284436839003,-0.06793322044616337,-0.013312701651820844,-0.11666312476580513,0.05213064151402218,0.027200283458498238,0.10208944394438724,-0.027975929209215898,-0.033539241664780305,0.057289982102448206,0.04409572649832201,0.0684462289993657,-0.11946758984961328,-0.06546908145257055,0.020227481916822988,0.059828293484276845,0.04837400226811274,0.0714073229602774,-0.09487757652139156,-0.01690436200945266,0.0656182202388125,0.03396207271787147,-0.1110061946356701,0.07287869705532121,0.08830008146691329,-0.08790122274454165
clay,0.09936940664102416,0.03265789719229914,-0.009082980215571902,0.03625531178233472,0.011519407872577539,-0.00032125275894908474,-0.006103888659599513,-0.019636992821323945,0.008935374095924629,-0.02529187997255277,-0.04230354517411,0.05208145221068206,0.031688291723809554,0.056443971476027165,-0.08256002097795156,0.02886602204460667,0.0398889839796735,0.031497031585011284,0.02725299385190689,0.046464713736166605,0.10428646543646308,0.006409274596578248,-0.05340520113338679,0.0012876775816165753,-0.0834382563770496,0.04947460847818194,-0.01083360687124951,0.0891705780625735,-0.026810949642634606,0.04265140868087644,0.005529084093888248,0.11554592340468577,0.09825059742105491,-0.1056744023059704,-0.0362229553909143,0.015786130239847845,0.025800238543166674,0.014781851295968769,0.020707994474364423,-0.004979849271919412,-0.03176468662303844,-0.003015653361174493,-0.030811505103053763,0.014082790965063749,0.09109179536392283,0.08094445946231563,-0.07121341664048243,-0.08492139504120394,-0.14717687227536597,0.05358293300379763,-0.07489291337123306,-0.0769974841833874,-0.04003383663811057,0.03633176584342798,-0.053985760793285854,0.02730351728346422,-0.1338276751192612,-0.02160468608259277,0.027230767859380146,0.07652033673165318,0.08062131539091305,0.05607209385564688,-0.11969122586666114,-0.1054462197178658,0.09266181082372901,-0.01316421722374243,0.02739055371686977,-0.05977227233105564,0.015495452952198577,-0.010260083275665546,0.09593002223751632,0.032563721045753106,0.033151466598130425,0.04182477523211724,0.09136241428828375,-0.13501881429528928,0.09613647687597737,-0.012335444562473385,0.02241492135269206,-0.10673056246701958,2.4924094053854068e-05,0.08639284562468624,0.0347031432540023,0.007393895684161074,-0.06567543574817346,-0.0654858767774299,0.017079979220592303,0.025442312327648355,0.14379517324779068,0.050380448590051564,-0.18920330742655278,0.05130020846072372,0.167177677481656,0.013239177196077291,0.08034776245179549,-0.0154256687179536,0.12706010697559017,-0.009219352849465475,0.03134655044469837,0.06588573096187651,-0.06609706428638223,0.09363268496471598,-0.0432648718596422,0.14418159807048495,0.005329210118227706,-0.004856254518006864,-0.06290497242227534,0.11902990538511854,0.09088379735497121,-0.12440303726175865,0.07328892437553043,0.04514696325309658,-0.04304956669699077,0.1297044545772192,-0.07119775040236068,0.04941880085575885,0.012158013144558432,-0.0342278719967973,-0.024089649346453166,0.04825695023129539,-0.12851554553075822
climate change,0.02762574096760153,-0.029693184228028916,0.000552324622628264,0.1332058920461312,0.01759758121057662,-0.10161257720041748,0.18258698657321654,0.1014192223743469,-0.12758807585287088,-0.1620333992210305,0.16211594323159567,-0.11357192737130174,0.36036656126625405,0.24521593199486108,0.27892880846367174,0.40481129381531517,-0.08848981003581473,0.15859374538231655,-0.1656330295088847,-0.0564148026006121,0.004242325014179038,0.14020193576579348,-0.028205391627886933,0.01499386812691006,-0.019996496378031914,-0.32328243948041063,0.04464422497715452,-0.07661119077018233,0.07099397282680209,0.060192761930757344,-0.017060548736215375,-0.006113394092350996,-0.13699251573551105,-0.06751855371691981,-0.11732064846627152,-0.0014026135617847268,-0.028203579633210588,0.150862063606433,-0.14412939028017108,-0.11116071244057965,0.025948309375908474,0.04699472258165381,-0.020204955174786154,0.04932653951882143,0.010399531810470652,-0.0001955367914759365,0.037995230197231104,0.04230613744060513,-0.05120752501741305,0.04025679888623229,-0.07134331284705872,0.010732734130129075,0.0062872339320412945,-0.015646176963797154,0.014190481783798291,-0.052093740140379666,-0.06791525693894696,0.018284249753218195,0.022070531323779924,-0.034840612449872084,-0.0005035245572894698,-0.047409801602245366,-0.027608701969425123,0.017356233266483664,0.02930170052557652,-0.013572954245320273,0.052394769843202085,0.0914069955832249,0.009518699549997955,0.0075082141971318985,0.023625877415408433,0.006023622548281586,-0.023383601333862213,0.005264585794057183,-0.033496910824110535,-0.03360171589572642,0.044549861546911464,0.01997270954468946,-0.03739708492498076,0.02915355248063764,0.014808655216993167,0.020353380279123715,-0.022444987120491228,-0.036401628768508894,0.003523497640111846,-0.006050957096753608,-0.0563951470164697,-0.033084005334211984,0.07983152377344463,0.03281945707069149,0.07221578054804866,0.018642414744099604,-0.02888598463670737,-0.016895120186303167,0.0015304211849615744,-0.02908506664986203,0.050606538893689074,0.0004705443753756297,-0.005123788840709666,0.06602867189030741,-0.04011654578815875,2.3270160822253666e-05,0.023890883755832353,-0.002724919330994495,-0.02529917524752843,-0.013802424776911196,-0.011086936190152656,0.02034926776766468,-0.01703085596923385,0.026774830623894234,-0.05045911969863446,-0.018830810720676966,0.018587286765740715,0.038183935503876415,0.010808973942533683,-0.048731650557238444,-0.0052275827371526876,0.005957165355321749,-0.04591328021311517,-0.005912700675786808,0.024173223607549938
coal,0.09409088938263667,0.046415877919948785,0.04281038297998289,0.07593833469976004,-0.02913568016770071,-0.020193299685580514,0.007610824304412034,0.03975748662342347,0.020425048264390618,-0.031959616528590744,0.08549142378768608,0.056673164970122876,-0.047361782910410107,-0.0001807824196799015,0.0015279170980076473,0.01933480632003598,-0.051559770848420776,-0.026729072686851037,-0.09941801439963069,0.026136524922513393,0.07599653239344403,-0.05657499843070346,-0.0027253952462305275,-0.0770152358480497,0.050661425027777734,0.04803946073669797,0.04540027451514403,-0.028353730530636032,0.06574574771878651,-0.018754114367013783,-0.004960803135012633,0.07063777736799871,-0.09970212899178488,0.13791968569736693,0.042653449110369016,0.03351139497193495,0.08959701730314198,0.038061777811005226,0.05174780961723256,-0.11459835543791769,-0.0433464270956609,0.018602564970268895,-0.06905285240442899,-0.09974464487827167,0.06819104418763398,-0.05691784058157468,0.10208006794888412,0.1870346832919244,0.08192733456983867,-0.14070362131450329,0.08123728213079989,0.11858550024036896,-0.24722876189542203,-0.08500753177743961,0.042421020100041965,0.02024153263661424,-0.08026257199427018,0.03651489936773026,0.024533691806223584,0.028632652024639285,0.03113878606795195,0.02851227806070284,0.10262766428426923,0.06925667026082619,0.15427199597446578,0.044447997528624474,-0.12277302788454701,-0.07996998047488077,0.08159835355511895,0.09861679637543608,-0.09092446695576727,0.06866328990470442,-0.06679335159055329,0.06542862326196328,0.0760385310704943,-0.028436269244130508,0.019710695630254068,-0.05767297494239893,0.0851485286298267,-0.10183673701872069,-0.00768767313606735,0.013015032564281673,-0.08962472003220424,-0.14583398589560564,0.04297580002948112,-0.05286322913777425,0.1360839829104948,-0.11039237783414682,0.0887987486800311,-0.07201426382929854,0.056341756530960324,-0.13247483606887966,0.009288229200463502,0.0773489905000425,-0.07979674126141983,0.03621089560397722,0.02586932049045037,0.014529724499079799,0.11482444746762638,-0.04895346085427848,0.027273734744411207,-0.06424926259422886,-0.0027406165065256265,0.0053023850777595485,-0.06163081384776154,-0.06628127800135451,-0.030571117198342896,-0.16508599106432661,0.000780915927708967,0.07178857265405997,-0.09388247747858788,-0.05926265037665157,-0.034437101216745175,-0.09051869177852626,-0.0456725804149509,-0.06407431739032651,-0.12193542998462834,-0.15288526591253573,-0.027139758838833336,-0.12777919154526024,0.1240752138113332
commercial real estate,0.09237763359960849,0.05515651502898981,-0.02425131616042713,-0.06216289864336819,0.031777594443273036,0.043996987484725504,0.07159076239627886,0.05227897242239897,-0.06900429634019764,0.01435978103222639,0.016915811537066113,-0.04268248686384992,-0.028474048778704488,-0.06858474366092705,0.10714000713677313,0.016892209222301835,0.00945018902693761,-0.050070981861193145,-0.044636195800832466,-0.023384756356307962,0.002450977910782859,0.09285293601600854,0.06417875918899706,0.1689986312572305,-0.12045593278916467,0.05008887517773104,-0.08405140259394447,0.031206181554548622,-0.045129284053920984,-0.0558084384051038,0.06419533402561137,-0.02753898119456126,0.00961430384738396,0.03734003981381563,-0.05348595723949992,-0.03474181777317992,0.034738857857492464,0.037730281574079205,-0.07852860694290537,0.048915061405362906,0.13296690291541985,-0.05283056289049401,-0.06662296318523278,0.09986689320062549,0.13093637419650053,-0.03914212035995611,0.07413648405281223,-0.1031434926029949,0.0016354935018570846,-0.07473559495075868,0.1545973356989305,-0.11841872310443645,-0.03321738395186499,0.07020308461195303,0.030071448289569307,-0.019176078480713038,-0.029986415581621843,-0.08437774328748504,-0.04930520633165991,-0.029968590431615903,-0.11917379227899066,0.09617809167313306,-0.02344273620203291,0.10595395938572041,-0.021189587600656576,-0.027040449201354254,-0.0967037201945404,-0.02701886571891049,-0.1273434491440715,0.07709084324617688,0.11333846681002874,-0.0254913421536202,-0.04830818881371165,0.23193288060805017,-0.044725345004142145,-0.06532980077911876,-0.04436781399433888,0.007083891644423135,0.06507288233667687,-0.01571251003447008,-0.12654541442986458,0.20441680532842196,0.05345394796526183,0.04603399053028645,0.0060341340269906354,0.057614849491101204,0.14228945466417237,-0.15707272361243516,0.02548884462783571,0.21591721440480216,-0.19213617533594174,-0.11406705929297192,-0.07647804432096245,0.04706850439465371,0.05196108200306812,0.14311655178523228,-0.09090167530623625,-0.04870598311276565,-0.047282378257363804,0.209234520797746,-0.09838885607797243,-0.06836564148335943,-0.14990378187841913,0.006106505512275311,0.004280398657048948,-0.04931829641338048,0.04801198721292599,-0.049280574569955424,-0.010238636331983124,-0.029933505836250415,-0.1317688327863995,0.10419890935021894,0.010199827867909059,-0.07130928888767066,0.020309625957614236,-0.025518288998396928,-0.011451768885794827,0.14373949662949873,0.10998546718269409,-0.11903263907793483,0.0020726735499088014
computing,0.06486392365698763,-0.08307037665741636,0.1763280061388639,-0.05586603363851676,-0.06466930956491151,-0.007062235945727023,0.03216250197495681,-0.018929959141329347,-0.07537859618614276,0.06776402876977496,0.0031719838685527455,0.006142639669409697,0.004934817620915548,-0.034156496688780416,-0.06715140034504778,0.03564567969261423,0.10702369645833319,-0.02897576963565983,-0.011184634245096525,-0.07471036775842177,-0.07334767672843351,-0.0012005825083083593,-0.02859972881136348,-0.08772349339782365,0.026432517419211043,0.06066221914697692,0.1445470037548215,-0.05979039468763275,-0.07171289771070602,-0.043189296224464574,-0.1297828298928974,0.15255687062156942,-0.04675417621777874,0.15449886775545232,-0.10685299388707863,0.12232137783394444,-0.014009230641341137,0.11188771829471617,0.21238820126365235,-0.13346823373937197,0.03950279678057939,0.04132358616310068,0.08941069906469361,0.10481892792088954,0.22148002000495082,0.057294058528166235,0.021410580306214316,-0.03493817849110885,0.05770937752557819,-0.2716747580035941,-0.05522583366014898,-0.16726254891125528,0.15992334549232556,0.005911929577293612,0.08617566051223033,-0.08437358174561628,0.08739039841509852,-0.006822009565106018,0.12209656022759117,-0.07743581076357203,0.16107556092367634,-0.03744047095842736,-0.012372856060177254,-0.03524123300693126,0.05803057729715726,0.009526022364451502,-0.13514437294275206,0.1265923459304084,-0.10248994814952146,0.09154127800591914,0.12288864748549443,0.07516861534451642,-0.047893880176296436,-0.037956059445160686,0.028460474139062355,-0.0895544284089203,0.028814263713596012,0.10461224938746422,-0.12733088458369063,0.11147486984529632,0.03645367940297087,-0.09686205408643783,0.1938533395854348,-0.03841332094523497,-0.18658413916490982,0.06695137523123955,-0.044831783689822505,0.05472128730880741,0.03330669854611476,0.07975399846044347,0.06069371201421414,0.015186218029986223,0.06828399625155626,-0.042013779183541114,-0.03162965318141416,0.0010957400214407845,-0.05368256610722247,-0.03566710811067027,0.01772342902069661,-0.03256362554198106,-0.04032048550678156,-0.010613127357608342,-0.026110720192283422,-0.08206720487789038,0.03538624376560581,0.02863353926262449,-0.017858345386689713,-0.001540000902119634,-0.07428656285838012,0.053709061064673116,-0.10278388811021683,0.030644450499673653,0.0007742700556535309,-0.0483101938361197,0.1524597908664297,0.013681144103862893,0.02949438071961285,0.00035577666875340197,0.05642185120413544,-0.013275621820328237,-0.0323241083041313
construction,0.10241585480963442,0.016746929120495267,7.512314265097258e-05,-0.019385170613800237,0.03537953071392467,0.04676593105904549,0.0342858763758476,-0.008800658842799697,-0.0073020550383704275,0.001630746530462903,-0.05142835638805539,-0.012044159054735305,0.03919592393072861,-0.006060981173911936,-0.01974214817242221,-0.0004746783680254496,0.0019634550146166467,0.005306462116267632,0.02981924104207527,0.01151625538626766,-0.010375553040487678,0.0020328173243915892,-0.039154750855636786,-0.008963829003377458,-0.033771960185785675,-0.006353055741568893,-0.013669184315871656,0.020757579645214866,-1.6508346378243943e-05,-0.02305284001225913,-0.018798398702604913,0.038681740501684284,0.03334294948336941,0.004046527717912515,0.011277137937857978,0.010439573745105235,0.01422036436485645,0.03333929815809187,-0.002880828554076096,0.00966773282789421,-0.033531686838821254,-0.03636907659458463,0.010884770563710608,0.05754488114292297,-0.08105625092830984,-0.0034591207403562307,-0.036692281738485294,0.04013747319095831,0.005666546463515687,-0.06788638161328142,-0.0560201014706635,0.013035491092915998,-0.020545747919844922,0.023365815382256135,0.02867483524841325,0.012807459817346795,-0.008296223920443768,-0.030043994323054775,0.027993234235156247,0.08451305318998871,0.029620254764895798,-0.055050583667097634,0.03830956930909335,0.09787573191294038,0.004615485393426169,0.036108888232366715,0.034591081574788525,-0.021350424860789946,0.021377901478161057,0.022434386916675795,0.0656173046149301,-0.07030012456427641,0.045302197835282804,-0.06813804716634644,0.030177251980298823,0.027612883603896396,0.08262282657439016,0.02104471618275844,0.02771392346309916,0.13697067132390423,0.054920653728877,0.1171126765941228,0.038957038533897134,-0.06394156309931387,0.06656824719339405,-0.06247150787213642,-0.0033318593945892106,0.010691361869772188,0.025807405632297956,-0.05277584750417105,-0.051263971251897016,-0.023331796391512054,-0.030135853104134552,0.008720211253149479,-0.1186678864089388,-0.06436582131681179,-0.033679756529471624,-0.15241536724408308,-0.028310392252724387,-0.07561237884125893,-0.09071739778641139,0.0409593879762041,-0.1224909067217318,0.029201403821257677,-0.0877983126934232,-0.09905410899080083,-0.015233666863213265,0.1218320444708781,0.05170194136192813,0.06589376695695433,-0.04244288884679106,-0.022727886515597012,0.0018601912235737539,-0.13215556976545836,-0.0892373663064509,0.17038402472903397,-0.16687175270130405,-0.055239116797216284,-0.1834794272979648,0.06544108342068058,0.041362255390356234
copper,0.10252161822548617,0.006652916635712696,0.006135981855618799,-0.0023785452901532033,-0.018785661619372465,0.006802314467170668,-0.026854919491144356,0.013950676104496917,0.05789976077553442,-0.020496412400824435,0.014634662672467918,0.041145213955159854,-0.0032618005175172396,0.030244330683146307,-0.02581104183619383,0.026252958440664977,-0.035950496960013234,-0.03313328168767872,0.020981941420378375,0.0043251493876065306,0.02472359871339185,-0.03365356508070336,-0.030658551087140842,-0.013637808096157049,0.052898101345048285,-0.002705777006794363,0.020241104659714557,0.0028357425156341053,0.04146703667689533,-0.03792015216991999,0.04388914700480047,-0.0012946431003747969,0.03493909438537465,-0.04427307270105756,0.0773299398213216,-0.04081394681561896,0.02518291542074255,-0.07195100382765524,0.03650144533284693,0.0291956280982925,0.040591010514858736,0.0841613815764509,0.02263047921506278,-0.08648161134399719,0.0034328260308644064,-0.015884549038296576,0.05439486153877787,0.02922517053084619,0.03248088898043081,-0.020379041164227694,0.012585994669760363,0.033437845778889856,-0.005773649540987094,-0.02248205500937022,0.034264254541746086,0.026980013572383447,-0.07116231242505697,0.039684974801750185,-0.01841594288901431,0.033324324414118686,-0.01458407306451907,-0.0319335000212083,0.07728799258236617,-0.03648191859213423,0.07685597281909261,0.1095257958324978,0.040960745249975616,0.13646884377555413,-0.054091709309786525,-0.0002356676221204404,-0.04261525476692935,0.06745008320386367,-0.03791424688794322,0.07662998016728165,-0.06860084876572076,-0.06684963547899939,0.13048182631545793,0.04465643636767236,-0.024918955878111212,-0.10286372113185385,0.08640006669047716,-0.05434204674027341,0.05341973051977689,0.010052447417197685,-0.0682265374841127,0.21574399709225647,0.05610832825817929,0.05148551904815953,0.10221607676523245,-0.004896191325831699,0.04196653241261532,0.05937221450711179,-0.16831405911188974,-0.021840368612078408,0.03201789602224486,0.057990728330034866,0.16251838788657508,-0.05092388539673842,-0.08160982183448928,0.1195083401216694,0.18676361083842458,-0.08126523864873311,-0.03200922719397883,0.001114044807009211,0.03325066967486735,-0.0308364655266882,-0.049415676008232,-0.0952574793332675,0.00971841774939139,-0.06512631545328414,0.11846212565338339,0.018163045035132212,0.0491137982109554,0.07494087089689334,0.014755376849049087,0.03169601107963939,-0.0266102747784642,0.07026290858553268,-0.025286815060275122,-0.03425899194395901,-0.006060819393202129
cost of living,0.09931962509183774,-0.014617432938429365,-0.0024234221562482623,0.00800228471551462,0.050961610746818514,0.046584625562194615,-0.03812009119534467,0.027666598596192887,-0.08375540653113073,0.04333425493429864,0.029177508644669475,0.012642260978852893,-0.02966605250967778,-0.007454875144904784,-0.057644055206642036,0.0007160256885022356,-0.01597103976281902,0.06486740748720549,0.06899783230390316,0.06308047560483493,0.016825604503392648,0.048246314818212795,-0.010589744183731896,-0.01809966487025689,-0.0040859916100811754,0.006909824336014106,0.038323466680952434,0.08828315874980827,0.013181879074547358,-0.042110170252680185,0.020991481701620213,-0.038840030801947055,-0.11901242594239138,-0.0032964931306965622,-0.023981834647939557,0.024187413929320566,-0.16722266918852072,-0.04888365229753668,0.042661872935096504,-0.004895228190215109,0.006450099273986636,0.06385638362321344,0.030187380975520213,0.052628632617046776,0.0010117292554431556,-0.12578149337558475,0.00971555657498308,-0.019761327552399423,-0.027502085009898168,-0.025999178256847943,0.026631768719120968,0.036219725714211795,0.10648816709793896,0.08265543020025198,0.06971128485389827,-0.14871574646456673,0.20554661562204005,-0.15229547789506745,0.002390787866988514,0.01863644407984097,0.15102403013180832,0.04428711212063447,-0.024357115238204097,-0.024605170353952238,0.11675658008758993,-0.0019385902476867084,0.05728615261579489,0.04797726903666261,0.021027393124040318,-0.025722789814318123,0.04194454316958035,-0.15831178980750837,0.11676842686636127,-0.12254110566306584,-0.022819710948088847,-0.14061396738698267,-0.05559336524599398,-0.1722496294588287,0.17304902154741694,-0.05227738693849831,0.11442578911218014,0.2205577260072613,-0.1385486219655772,-0.06751898625840251,0.012002943166797713,0.012513373532994495,-0.02960029488132592,-0.06986906638958768,0.11100415003779286,-0.00621335477795262,0.07496192232859245,0.03680531436865804,-0.0695768795857133,0.09367483173867128,-0.11811725665665017,-0.12223429206983132,0.1139959875246984,0.09939410048548677,-0.08774915522972929,0.01909569472855778,0.11264172945416658,0.09063609355921744,0.07021688124998678,-0.11607309546662145,0.176512800864905,-0.11177041697300408,0.05831795790628866,-0.05718639645569282,0.05613390515798761,-0.11507069481465697,-0.057385117285377596,0.11643902839780801,-0.06234649207916981,-0.11633460061242366,-0.07785840810115885,-0.09275751814567441,-0.02602912888180918,-0.022748959581843666,0.035934365159841455,-0.11445710112278565,0.04181269704221991
credit card,0.09742913054940418,0.04645022559525213,-0.06330766850178848,0.027581293076532513,0.015486431486603199,-0.013221488404728397,-0.08074653515846926,0.02570095798048013,-0.019684973511018715,0.017885169105677688,0.033583511769102486,0.004804795824750701,0.001551495995996557,0.005645062933873574,-0.012575101513554097,0.00793463660836084,-0.024080061231381632,0.006730695939314035,0.005840569581643621,-0.0046976557411063345,0.01387487540496946,0.006094839363011714,-0.031029187331352938,0.015662047906185937,-0.013926041443890258,-0.010451113411130555,-0.014653848199384732,-0.014922213816639007,0.02512459945540272,-0.025281814729476115,-0.018910187930789288,-0.08806732602787251,-0.02337002260636749,-0.047662909239187784,0.07523869594049885,0.010813366637939303,-0.029281842279236334,0.0713110131733108,0.047376866821440294,0.07777636867073619,-0.019196831168598955,0.04814447921030365,-0.04089395433072061,0.056098877267920545,-0.032797261222032956,0.02463459719185812,0.05302657634931319,-0.002197230809472695,0.057957943624772024,-0.004248794308311733,0.012970925057138094,0.02260081642044456,-0.0024086121284657095,-0.0021265617346635326,-0.07257062551842967,0.06742328500352257,-0.02373297161995558,0.005827741174951455,-0.06042146375079301,-0.051931344202469004,-0.01868353775140582,0.00865756873202709,0.08517724438007941,0.04521617315151809,0.04804025597325714,-0.12402135839794956,0.0010372137551275078,-0.015606059188256895,-0.04511580060428305,0.057764544664782626,-0.009272982681532352,0.024428677761996025,0.019542654880000888,0.14382251252678704,-0.03733613515423213,0.09038694576587483,-0.016320314584670016,0.07029645076162638,-0.010074777813731896,0.015211651792220088,-0.01336451360729204,0.052889009020147607,0.13222952451854034,-8.070857371766244e-06,0.10659956833754018,-0.11008638762514784,-0.08766943954928692,-0.051201993122020784,0.025690137765867215,0.07866477876577589,-0.04606820199946107,0.1069108357605821,0.0026311217888608605,-0.062119778286163045,0.011477257470670564,0.02512842366075204,0.08332331540737802,0.12484350348880345,0.02709823058763209,0.08010046749303461,-0.02729716183800207,-0.05464129495666982,-0.09734668104843314,-0.06911374268250352,0.010752141638489553,-0.04173269525379718,-0.025035265153609695,-0.03930935219710464,0.07013499361165146,0.11193005277535772,0.105641217999986,-0.05180905540171898,0.009138423715029369,-0.017230279021648844,-0.09184037938346597,-0.06263118206365012,0.11130364395147507,-0.18649971997472245,0.2063590108304552,0.010999764660818034,0.018257586995220492
credit score,0.09799867085372663,0.03434123606293641,-0.07023825345495756,-0.022250987587935325,0.01975417520424141,0.0029028864811653566,0.056418053428514046,0.023302747912661133,-0.03941665410639012,-0.029375036011897268,-0.004719089039947314,-0.006735359987262124,0.011046536074033922,-0.028857747183739447,0.016212966011282182,-0.024080632915865496,-0.024358793654087274,-0.019880316989796164,0.005015674972206006,-0.04249309945234312,-0.0016776287046804464,0.0647013370450191,-0.008647380555973992,0.060944944613643186,-0.010702172260910844,-0.013159701964906687,0.04614012441244508,-0.0007652620503813623,-0.10137478165395465,-0.06679498765376168,0.03351043617179825,0.06257947416177331,0.02155412544039189,0.036627461769881436,0.028059198190956383,0.0061210320757399276,-0.05644152572981367,-0.09400895992274876,0.03631566505476075,0.048757992691276425,0.018464262399075164,0.01217310681840043,-0.009883297500014647,-0.08243092401500984,0.039715159474782324,0.06155209027224089,0.07382678703875623,-0.009238540206771152,-0.0163871495924578,-0.04692453749708224,0.04630827174034335,0.024788297048141814,0.05702409515188291,-0.029940360576349436,-0.0018367501204944233,-0.07304178118775662,-0.017144264187803196,-0.06143188759716018,-0.050595092334699554,-0.10392565471648739,-0.05454548744352524,-0.01067371022280407,-0.024476502733225675,-0.06149830238636885,0.08960007714017523,0.07066691795362279,-0.005079996828944541,0.06537884512098416,-0.06781952165170343,-0.1876073200346218,0.0636203167451818,0.03753046146452174,-0.037502128418983066,-0.0242359455889688,-0.10449485248924105,-0.09411597578807923,0.017586460622337884,-0.0018800285772913499,-0.05651722324755323,-0.10591901703046745,0.0326024913390873,-0.0075200166666079035,-0.09908541126779791,-0.002709509625542665,0.11021567872218008,0.08347711982146336,0.06100431820974611,-0.027644746352353238,-0.03981002931147629,-0.035201889656223215,-0.02495078130920396,0.046944823132954415,0.2063265286116983,-0.08975852613229758,-0.018756743973560076,-0.11512162003162449,-0.08096401267095014,0.07922986259425636,0.09839024928763804,-0.057730891160179855,-0.050672523722229676,-0.012489655289255781,0.02795762293544924,0.08293031410576326,-0.18358791943733122,0.01630287473163239,-0.018188923649950717,0.04859876979724194,-0.12157046057052236,0.21343659112084717,0.021595164170782215,0.15926605148645495,0.23162315511668485,0.06010144981983957,-0.04698129870762562,0.02398823798519284,-0.17016118947253578,-0.024275264000672536,-0.17982398562193375,0.0788571981733285,0.10352893614859995
cryptocurrency,-0.002027717390331979,0.028850032171292644,-0.03562579158703166,-0.06598191336385859,-0.20894341989813509,-0.05126696907444362,-0.050781615852771106,0.4787141312979087,0.002760214385514923,0.06205105196315148,0.0409070038700329,0.058737385748606256,-0.015261554704625932,0.2439751234506812,-0.20232308620968026,-0.11962946796696512,0.08879703844373564,0.08048019122308152,0.14193109981266458,0.04797426845576776,-0.2849807244584418,-0.10757699986813155,0.10232665355522795,0.1499463456354242,-0.08961242478615691,0.000203208183049079,-0.22835590749034615,-0.13822505980671543,0.046758965346859666,0.07336685679995303,-0.06104283642138937,0.021479515007017558,-0.03877990186201395,-0.036207312697252574,0.03422708598547793,-0.018763132813460086,0.03310408444116378,0.04467030699206977,0.03828329904295072,-0.1458442808484556,0.014076095096080939,0.05180187261196392,0.010833683034969448,-0.018407840902021126,-0.04602955591343981,0.05138431616299145,0.02968683101158523,-0.03698970351551871,-0.013992333521455833,-0.0027584106266931585,-0.03448229490067427,-0.022666393843015595,0.11927073688949838,-0.08000856235305015,0.016071428590190028,-0.07432280889877567,-0.03566345091910417,0.04280773111744485,0.023798308425484,0.0017296075430581759,-0.04005241400635083,0.08545077930732378,-0.015066468552412615,0.1744648712063966,-0.048746593603706215,0.0678103284234216,-0.0031919425872461663,0.05187566658735738,0.08090273837846888,0.011808505493890472,0.02551684628525733,0.024934435334713036,0.040147121678597325,0.007745208144930411,-0.01872495130679938,-0.015263361108523124,0.01805914557494625,-0.04166161461942912,-0.046687412683791084,-0.0216387147206307,-0.05195295286429039,0.027158223433580098,-0.029285154883100642,-0.023685983467069488,-0.0075615308720263785,0.03599816248061555,-0.014156020798688579,-0.028923907336886316,0.0557619942538088,-0.0754416673583155,0.029220300130166518,-0.07471809246323069,-0.020644281278645323,0.10360056223094055,0.0663191068656978,0.0006606139791679247,-0.031022131274634195,0.0527704960431471,0.09136236062975446,0.039805691473958585,-0.004773582996634038,0.05140176622703253,-0.033178076153787844,0.00041026752118298454,-0.10073850554746651,-0.07551688573023105,0.0750673265377067,-0.010060487400890966,0.07233778842587112,-0.014574194032353528,-0.03694569859446428,0.024594773361028104,0.04493946006361562,0.006983752063171651,0.03936991985495111,-0.028855393936600054,0.07249287912148862,-0.000905650727696522,0.0019141669486152021,0.1063808775972322,0.03144873013241192
currency,0.09890450344020457,0.03175604749898421,-0.004610746618922646,0.0593156330553622,0.06671176816302395,0.017988751899509405,-0.025070421442364783,0.058298304343335314,0.02163011864810534,0.007973339887038147,0.04526150105827155,0.028899437003625236,0.05282081285667046,0.03283158733583081,-0.05073607522918417,-0.010878694846407792,-0.01098898965212042,-0.0008191496697449474,0.02627001068369125,0.012506699451386317,-0.011266795834399854,0.03395743793611203,-0.005312886591675659,0.008442624009306052,-0.06331203067875558,0.02226816054865207,-0.03545551315214376,-0.039973562366332385,-0.04054399762762536,0.024445148305241596,-0.057032766758713896,0.004852047361124435,-0.0693891529753107,-0.016499702295142887,0.01765041890541437,-0.003988239104637362,-0.03450657422084066,-0.04580727169715357,0.08899563438323661,0.007461617239030429,0.02271378279227006,-0.017127911919844585,-0.00864772025600333,0.03858474385567543,-0.06452552001344578,0.012182140025747312,0.06807838429002001,-0.021693140520706367,0.09160803049916572,-0.06796092249002164,0.06568842904780184,-0.09507692228920778,0.04556707461784916,0.044496869077285124,-0.03228422671723857,-0.10987494278000035,-0.0066352871987247,-0.01258837712448532,0.11571588851253592,-0.06939817569227406,0.0795290646718002,-0.103435105917276,-0.060492312237815773,-0.08145520171902121,0.07404283406272495,0.01853077513202802,-0.08214183433712471,-0.1633548155755319,0.00847434598337804,-0.0378331252687176,-0.16277642265755288,0.14230799323554774,0.0725993446500276,0.018160337247664263,-0.04753400675899018,-0.04895279979026295,0.041190459960824356,-0.012574034074264566,-0.039806493279992416,-0.020863884637986444,-0.06180101202468882,0.06650067560541699,-0.07595267363977956,0.06105508572108957,0.009547695044050345,0.0698014513984011,-0.13365440849852306,-0.08876181574587902,0.0008582286817043899,-0.006447153347516443,0.1817007111879506,0.04266535915203531,-0.05433245672853169,-0.032133003365512246,0.08013378720862965,0.1733794798162068,0.08489039715910647,-0.015771851355938782,-0.023988432371592188,-0.02327551972541388,-0.08974361763556221,-0.01493519171561845,-0.06275420436013997,0.020353074254241432,0.011039831440593784,0.05135236163946325,3.987495486117826e-05,-0.15768683484467905,0.03272322341702278,0.018184929667377607,0.16121664156720752,0.12183863297656122,-0.0017501327318618452,0.1881668296937638,0.08357390833483472,-0.014079925051138533,0.12260248339571918,-0.0392534584974738,-0.13719445660040652,-0.07049202563832811,-0.03620918735981721
cyber monday,-0.005023302328910516,0.02429763991649395,0.04447897816366732,0.09208252211574172,-0.18152953771713382,-0.0936591269300462,-0.3400525145367114,-0.0262541524353851,-0.06799114952485978,-0.33151851805620414,-0.015539594602292123,-0.07901069178526601,0.2359659096508699,-0.17735609612269168,0.04670857468336464,-0.06149011438411249,-0.03197048342193337,-0.1461859764950046,0.20148494923432633,-0.09290466235247727,-0.0473180120880314,-0.09277743850766398,-0.05149513581780676,-0.1545949739364546,-0.0755056634625005,-0.08585428277408709,0.16673147053426265,-0.011626432288544042,-0.021810803536324946,0.21009619429416096,-0.22823519287959754,-0.04641100517566906,0.09004060700208828,0.1220960775759505,0.14879543646657667,-0.1389592688784102,-0.15290158155841022,-0.16869626954012668,-0.1264327648677146,-0.140224109824984,-0.06939977414975176,-0.05335004608467778,-0.010074125365429343,0.015536387693679172,-0.002533986456493678,0.07012865417503893,-0.07749560636317498,-0.036233141185450374,-0.12303748445061749,-0.047914870839272775,0.03442684846829107,-0.08695427628777137,0.01952012108040349,0.044382765756700714,0.00305576608276982,0.06810743998545386,0.015268902221338115,0.016129781504855577,-0.02176538865396957,-0.06541562677208122,0.00997465453051092,-0.007725684109377046,-0.08702170968735465,0.14929517899626837,0.013705730805502296,0.04965909005148277,-0.0654183864249506,0.023519915863979612,-0.03523419980165575,0.032937858254636965,-0.011510764175126052,0.06673157955587793,0.04131578736928747,0.06455429704642511,-0.007665675381211469,0.019064747670724594,0.029872689246194,-0.05312502929968393,0.04287085993172288,0.022611359577134164,0.07030355942710392,0.09394283704954823,-0.01112917734591191,0.030892282203002136,0.05235872310891261,-0.014524897278768514,0.021831953818779587,-0.07448338983630946,-0.005668854853180916,-0.008210229697977342,-0.05062283861216896,-0.044114243049472424,-0.0639382372964083,0.009263974145443186,0.02366080689360197,0.016334835841969986,-0.07829891375529022,-0.023142668431052893,-0.04880644568577106,-0.044871853093428365,-0.0023053987509970494,-0.06872276765908886,-0.014585075477812265,0.006826132306573229,0.0027737601666602274,0.009984541988275909,-0.007225406079334223,-0.03918457387365253,0.015753899599548964,-0.000166864001095883,-0.006957628121774639,-0.010510674195740088,-0.00019953682138593686,-0.03801165080695625,0.011448753785108472,-0.00735008601395816,0.001686808137821627,0.02730843025387437,-0.02887966809246843,0.028814793931035747,-0.013909929242760528
cyber security,0.05810005475852973,-0.1372075793977951,-0.10752637988062316,0.11149751323209767,0.00929559960502088,0.00030178961207413243,-0.029000502969755183,0.046146880769301346,0.019712740756158215,0.050138619908932765,-0.0607799191282457,-0.0362061337988884,-0.027503713866300607,-0.016177657955894608,-0.012096076585107236,-0.04638825081810926,-0.012560690130210278,-0.010018626995831526,-0.05721358241795625,-0.13413865734541794,-0.031234294657422734,0.04067030637588698,-0.018094666252348617,-0.05685229488448798,0.009965551796786966,-0.023103747818672277,-0.004331293412457679,-0.011316028078879149,-0.006134729930669942,0.07355773090617082,0.04565063723431082,-0.04747706089770555,-0.037663734896105805,0.14468059898301402,0.03703703478674777,0.006675461716172781,0.04222931937928433,-0.12404597304551346,0.007834381887123383,-0.061491153859861813,-0.0658234881160391,-0.0035033053840264894,0.08242457202740741,-0.1583521640120554,0.14591965550831276,-0.03498365039425837,0.1565444207591645,0.18345670427743418,-0.006446988586439072,0.11303875691279745,-0.09773921141678638,-0.19050209082376063,-0.007390648413124104,0.10725901441805075,-0.08938558887259945,-0.051675281364911334,-0.2884993856597383,-0.0899035345973349,-0.04958805812789163,0.04885736348506884,-0.049048644791487676,0.035057572518437774,-0.07389453269448987,-0.1423785456024762,-0.020452130629874266,0.1940323438368031,0.08111782848460093,-0.1333168122689124,-0.04099452584494556,0.04343908313463915,-0.03900562377648953,0.04698471368725618,0.09898240315869662,0.07877659793068975,-0.046422280059771975,0.12590497262190803,-0.06610613428918626,-0.02442653697590214,0.0718945028664406,0.0688280261217316,-0.19738196845601738,0.04736965543553703,0.07395336601834322,0.008722322691288482,-0.06050006650317172,0.22539136008657884,-0.12631589734525567,-0.023553078798631624,0.08217218093738295,0.09373324604277146,0.027222220012439475,0.08397614877699433,0.019642891085492373,-0.0008225859679764219,-0.06586607875449665,-0.0507063011782171,-0.016491126407986334,0.0706792021909069,-0.03054418457576586,-0.026564180319720916,0.05726604492134582,0.07966991622438672,0.004952751338559297,-0.0339859276315077,-0.02619792235190445,-0.16684172184174875,0.020128342962587142,0.06891352868874033,-0.1910372184042023,0.05745672248770274,0.008533100970606073,0.054215798445806124,-0.15671816808354422,-0.058846769562025586,-0.05177852152814197,0.04599269991830253,-0.021444443520074283,-0.055404122509150534,-0.048071504606557854,0.029340310204808595,0.009181423201811062
defense,0.08794860929309405,-0.010105276978455473,0.07548672790137903,0.07867415011041044,-0.12045751431530768,-0.00790826618871629,-0.07627575459302387,-0.13374457212097926,0.11090940882891329,0.0848929107972709,-0.019878668494081164,0.030925338317118842,0.02694983655052462,0.10260920215119118,-0.08109310376138856,0.03624199444915026,-0.05877457193102694,0.04606360492445521,-0.07639402965622509,-0.033804104955673445,-0.01468675429164545,-0.04259786546275231,-0.04415227998354411,-0.0034671566396020544,-0.032994848409666995,0.1094601915406761,0.04187389584430801,-0.07135493833974123,-0.011460035353033936,0.07332386650808516,0.006355084202139913,0.0044054585646062,-0.03523382753917382,-0.16051796976051363,-0.02699364320505319,0.04836495378342988,-0.005995835286274442,-0.03564148472634984,0.00428881555374825,0.006978898952319755,-0.07677765137043635,0.07525355608367561,-0.05508103853181262,0.03020193390894816,-0.035811261453296286,0.013410616344107926,0.08211341760434888,0.0061490244021406015,-0.052130068976331975,-0.03959491736529326,0.012635259684556375,0.04251209030688679,0.036230824562352215,0.0840208858765955,0.028565517496114325,0.007544397225644685,0.030685222664156575,-0.07356743974262103,0.04350832147850352,-0.026324596908622506,0.02602690760990739,-0.04737183734240445,0.055319066491261386,0.07336130493961873,0.03599354789014554,-0.044194103940582555,-0.040986965600456116,-0.10956322452612621,0.13066443634698688,-0.038835463981302734,0.02490195426246336,0.027563739545006863,-0.11504277053147535,-0.053304471187466174,-0.033658905522940194,-0.05516191412540268,-0.05434370929837162,0.05710440555630459,0.06206411233285568,0.026175378483144305,0.025172025609347806,-0.015394536519086004,-0.056778064718059844,0.011999975710350455,-0.01288779665758899,-0.04295092278985199,-0.12441901027384045,-0.08037103555302594,-0.12395251345230782,-0.11456795350529207,-0.08981733847322769,0.06523837995889048,-0.09654722806084302,-0.062005804048233235,-0.0388608484343507,-0.10826102560253856,-0.07038039694825969,0.03464949644586422,-0.08015518397497315,0.08299061925813106,0.056462897618439145,0.05814213105921534,-0.04295548850280219,-0.08672758882719865,-0.023296733082929254,0.07025400530477385,-0.0972295686506271,-0.028568735163996016,-0.04894594697104513,-0.016820749277447138,-0.12322274964101221,0.21275989190137456,0.07163089207449866,0.13435521979354767,0.003902863698223796,-0.044027250257148945,-0.015013258906209113,-0.05157984618262781,0.018991215372567084,0.11151520484525528,0.09342668373141944
depression,0.08880370409507497,0.08398504290612732,0.03873359323106489,0.09071585320728641,-0.030988718193441213,-0.06506082230719927,0.05707201003152661,0.01417704823277136,-0.035993420171343056,-0.02290338878129753,0.008387722927966803,0.023207420852637266,-0.023326728634565797,-0.008862097267919963,-0.046666946235970154,-0.012873784579753071,0.04960564275271463,-0.026539273607466853,0.06886507087842242,0.0420252676966536,0.045086681259530165,0.008709372516247487,-0.06293386172024548,0.009415906157099724,-0.05996661945393457,-0.01248269191234316,0.03113693620487544,0.030081162960038224,0.05889660440255283,0.032566472365379254,-0.0018975653745388482,0.08434485427770282,0.040757040837419926,0.004550269437894109,0.049900891905563516,0.036046634903481145,0.02039333097141762,0.02844105297198398,-0.016727419259248595,0.013589739085794111,-0.0553276530327844,-0.011272862001502872,-0.036711375219802035,0.02695886133981674,-0.004107274956358941,-0.025584203861364604,-0.06697580812656724,-0.09802161044490364,-0.06157794068221615,0.06386746925163153,-0.08034193437669399,0.018687500774254472,-0.09019151496965964,0.05680181889300429,-0.025932219789030965,0.010871525846136572,-0.01711356084778868,-0.08889574443511462,-0.051066201225687245,0.027140773553044468,-0.0049477694251860126,-0.024632979885998163,0.08569886689791625,-0.0041545468034383595,0.037408008574987744,0.04110686021722097,0.005324761585772195,0.13053830191294358,-0.05408088039226648,-0.011438226583109569,-0.01702916549324438,-0.03738470594665738,-0.11372871086676357,-0.1570313237064415,-0.04648647942482575,0.025539468723646944,-0.10457118490153568,-0.03956642055621325,0.12477636086297543,-0.040524871105006625,-0.055007232918265335,-0.0965295602314075,0.05032071250243419,-0.023945927140956714,-0.14887548363423025,0.04957004630321692,-0.03897084035659518,-0.04418848233238475,-0.05412968830152508,-0.09628766386103844,0.031146236184017087,0.009741125585510546,0.011891506358927006,-0.09437469877065739,0.04604818948649826,-0.022587412600552203,0.03878763412184988,0.0021458104315843426,0.13257369541428,0.11771707931467223,0.15452810043808207,0.03940832190620481,0.09171527209354682,0.09192817240775042,-0.01326099473773915,0.02010951809275431,-0.06172150735573163,-0.024785681166106528,-0.004069905662143174,0.07760336594461045,-0.06009897885614718,0.062067872419796624,-0.04814728041359197,-0.008258802486908204,0.09484866808657894,0.06068525380807002,0.08173518825092393,-0.12647078265435885,0.049360103368807834,-0.03892795889238729,-0.04353374340829896
derivative,0.05748854691322842,0.023800768941975917,0.10698446262226968,0.2095621276985843,-0.16883190676505705,-0.12190697029428055,0.06351127440523961,-0.13957994273919097,0.047431501501939324,0.1348476831851675,-0.12114362506202545,0.012191792899006475,-0.027545466496602947,0.13966702697958144,-0.035008337981737817,-0.0012797266949742358,0.029708673041794576,0.05184231628206771,0.0018930990442668286,0.01892907669503704,0.013314950491142372,-0.03994780807613908,-0.0013323495327860783,0.026105638552300924,0.15266421402051716,0.0805689242838186,0.06613362811246949,-0.15933444610878636,-0.014428759538442682,0.03219070300985715,-0.08948557576236799,0.034772744206846534,-0.03675578320273353,-0.03211982364534314,0.007758219820253175,-0.1366271048474087,-0.019820745492114808,-0.07132619343964809,0.08725691005632284,0.07051637507264326,-0.007148329857933851,0.08877390427720691,-0.10924775654322658,0.07315635738082224,-0.042870548444587354,0.026920257565577414,-0.05497411545187119,0.008329411937584866,-0.07904148224198064,-0.03896506176509259,-0.041469094772157,0.08969272311329263,-0.008611124587955536,-0.13306755266217776,-0.02933849614372065,0.0701299359781166,-0.17289330901594005,-0.051042383429361834,0.008850506167597225,-0.08082663203793049,0.005335394271331985,-0.019836351881640464,0.0584834359715564,0.06394874810412708,0.05193790786271129,-0.009245249691915938,-0.0404619293402167,-0.0070329796380321635,-0.15062766412607587,0.04939057861689601,-0.06464788500191986,-0.08049232580635628,0.023427518037930542,0.036588279374038385,0.02809473409526981,-0.04801938421315227,-0.011346654073390059,-0.0761471070556893,0.007207414853167211,0.02455253149030709,0.06932156737727388,0.19481169754665872,0.051806994142980636,-0.007052761170498592,-0.06879582143862314,-0.06853104468076708,-0.002478707123292189,-0.10299127759716209,-0.07901831355341041,0.020224859234923693,0.01977506114881337,-0.004297099656934006,0.1421709620758614,0.022576464947118652,0.10410622531801966,-0.030086753065563653,-0.07532260996834585,0.018871829595602435,0.03194001546120846,0.05964645395534171,0.06080086629992392,-0.07827564376995651,0.023963253238764592,-0.024712581048353263,0.07935783232560502,0.03749093440070769,0.14540822805696024,-0.03187813377541298,-0.066041356184262,0.08072306137304969,0.06320683406975043,-0.016367563497302822,-0.05887588883959061,0.14299455045718357,-0.02733718347326876,0.05767669302260919,-0.03346213998565706,0.14230856817552984,-0.10444514632019988,-0.16542909127770727,0.10626170374329372
diagnostics,0.08988724227861274,0.002566162147443544,-0.13328434577705817,0.027658948355009847,-0.03247781972366448,-0.03597257287237419,0.002617784646250322,-0.02276085957291448,0.0014398433294519374,0.07722242893010778,0.011672869046763883,-0.06779823441482033,-0.028412303230633495,-0.06425524047549931,-0.014527007754542355,0.05362904444114999,0.028417598287043867,0.03168472427688651,0.057867734895914694,-0.05971416834492662,-0.006229204097245217,0.011218204337247246,-0.07117135635238943,0.12009551312886421,-0.0070007647764045895,-0.03440877913958737,-0.07577303590781305,0.0567485218354378,-0.06411968187691361,0.007223784466569155,0.05354014947674077,-0.051189072539157235,0.08449180917691869,-0.02005086887798175,-0.043575445364642806,-0.04234385890836957,-0.12476725669914028,-0.04626635365724516,0.03916631880757198,0.002738203459931879,-0.029636698468082097,0.2550826133783841,-0.1119466188913652,-0.024261818283625895,-0.01276905985854792,0.03143004691476622,-0.1201387676446886,-0.05064004569819154,-0.027072076172459467,-0.022124453549192208,-0.027144803409104912,-0.002837974085467612,0.08270199800100263,-0.015719353665316058,0.08855730349875254,-0.04295742240407528,-0.0605985414727225,0.02681542927153707,-0.07178084677850774,0.015987117596375666,-0.23663394638545085,-0.160274719331005,-0.015935342071972523,-0.033129612217240104,-0.05993708776457148,-0.10752541468648524,-0.08260372165114123,0.002434078607482383,-0.08203400977041116,0.11644867973028247,-0.017051899105376397,-0.1084104409430551,0.0835946560037246,-0.01628776690871129,0.020404546229668627,-0.06855129452667323,-0.1399517287791164,0.036206517975829786,-0.03847535547735938,-0.009554030730376178,0.08004988387201746,-0.005981783774912708,0.03945738814391879,0.05233650652159694,0.038592498262094245,0.10649529140344312,-0.026325801855983096,-0.00790220722028813,0.23333338942173065,0.05515873470324175,0.05645175021801298,-0.002027001205249332,-0.10819278784893564,0.031184286644703824,0.07989703980627857,0.008892923698272034,0.04310391685447915,-0.07294958299883354,0.10045546613037352,-0.09875924776531482,0.09618858344023183,0.1609931150891421,0.06421908253124829,0.03638953845599861,-0.004490219413258537,0.17358873311936018,-0.03071987075099386,-0.09749347687798353,0.011698310222266427,0.06383787424201445,0.04650771802401647,-0.030792357579475307,-0.1024831675546197,-0.053606687026277855,0.007974831087544411,0.07666647980657751,0.027577458119193286,-0.005764575126965751,-0.025871892452292867,-0.08262377442667815,0.18710989198949557
dividend,0.0727970414370277,-0.1200029623081312,-0.016854532447756785,-0.003746798680264888,-0.08142379726582341,0.057541320028532,0.03535151447057119,-0.00824629513140801,-0.004598679813251061,-0.09052548230045357,0.1234515973516129,0.07690105117304019,-0.04576058843661898,-0.051484596977918726,-0.029119610151561625,-0.041231320124431196,-0.08226885140431871,-0.0697938320096166,-0.028425371025859174,-0.033031893219731004,0.04414182094421424,0.015798424344559317,0.04940614804590484,0.055124416115301424,0.12860788538924434,0.05395037636828118,-0.028919836621829773,0.11962854016825464,0.20153535917164622,0.07038277777276172,-0.22196598624082275,4.317955934706255e-05,-0.12164103495327869,-0.155475205905128,0.009163862563089334,-0.07040746380998716,0.0671780381548266,-0.019525492436614146,-0.02801604063133956,0.08195966492091253,0.0027615760453843854,-0.058237397053953886,0.06468229179379507,0.17881792332494606,0.1642254841984121,-0.08518643252708523,-0.10618799719874264,-0.00793654375944888,-0.005272728187217784,-0.127895958393357,-0.017889555239715194,0.13337183031218522,0.13269930467244884,-0.1352220519777422,-0.049025918648462716,-0.06928075476063957,-0.046989357355949384,-0.00874568918773067,-0.06915876720505441,0.2424296630243014,-0.16756238129120035,0.08646726645923344,-0.016526023986217234,-0.13958475816125276,0.19040236290981277,0.040483383642141484,-0.04200308503212273,0.20663193231844054,0.03539529989509231,-0.08366101056778474,0.035014935794636895,0.03311394150104984,0.0692755402686878,-0.0674564527657518,0.1783372259822028,0.025533498792756387,0.06107124860611689,0.08058969298309732,0.017016404685139173,-0.08516274111209693,-0.061649847217597684,0.07508727693455987,0.03019059554677893,-0.13013931913501386,0.09468226541482985,0.12329287911927074,-0.04388138665697339,0.007910352357886723,-0.12658538477798864,-0.015604656694076277,-0.01972808629225981,-0.01877669518042158,0.030930479973823873,0.057554270650942194,0.07992312855237627,0.05653888985878722,0.029196225237654527,-0.025204461679734322,-0.08196657841107191,0.03069062146923761,-0.19849259961648494,0.03672289567934173,0.0008307702449126333,0.041237782555507044,-0.045693361959214196,0.07308551832459156,-0.009978313021286628,-0.07697694822412322,-0.03706760312539842,0.0031605479670077947,0.046464507823514134,0.08223040930866396,-0.01510624674964283,-0.08718289852124456,-0.08420119956923862,0.008351615977971062,0.05586162988873464,0.05194428185038098,-0.034371184204055424,-0.037010294033275444,0.002733137667913471
donation,0.0992680629702817,0.01488554376225786,-0.03366072338855405,0.01351346512976001,-0.009178817672938483,0.04150914778132365,-0.08339155894148627,0.006828595921839409,-0.009966673762985372,0.030219244212685663,0.007491527553181858,0.07063712701689119,-0.0020831561601886484,0.05514675156213056,0.024909835772562627,-0.022334866266634026,0.0015391570848352733,-0.06029872450626555,-0.016869868749063315,-0.06705670670081525,0.051671801922399604,0.019375403699349102,0.0024451801809150034,0.03745169406064162,0.013813272513927598,-0.01806913994288219,-0.012540834095471184,0.14348979580729834,-0.0159447496349582,-0.041593443563340354,-0.018063444923097204,-0.04475004532310786,0.049426072211022715,-0.0012677330098015034,-0.04363441795037122,0.11377812102534499,-0.004236766118674046,0.054355467360060514,-0.02357302164996043,0.009843297138623495,-0.1030555712793454,0.09616372926807422,0.09480777407213718,0.038381224369480084,-0.13457751491811087,0.10550908370152154,0.029835885036398658,0.02082657961370315,0.048090601959469265,-0.0015136149189540903,-0.17880128805642992,0.02239562257018057,-0.002503482474076401,-0.04440676235807408,-0.03317237491941123,0.023995786813443366,0.08022404968573318,-0.038256002712348774,-0.10433440416500397,0.06257878520498546,0.04945435469204865,-0.01297480130841223,-0.00917637205735495,0.11683245095185281,0.05618642147102383,0.03282459645228164,-0.12494979154613531,0.04381859862753695,0.11803613013260789,-0.044285872409256966,-0.09460493205742107,0.004381573613095985,-0.13896965207796963,0.10443883606098359,-0.13083864678248572,0.0166423508864462,-0.02846171869205916,-0.1683154120081775,-0.12078293920523954,0.14138804648907857,0.009354646888663502,-0.13261210097881015,-0.0801338525245466,0.060488564428317446,0.06398628344220497,0.04132130134452461,0.14552317831210448,0.015195296210800228,-0.07463775726484578,0.09791767752678761,0.07759251492149805,0.02298592360353427,0.08347623297506607,-0.09476155493382266,0.17262292296826895,-0.016318148168211727,-0.05635192516706052,-0.035529018913053476,-0.14422346888571075,0.0005898214763736681,-0.010559792185951163,0.16864536198412367,0.020798683777320096,-0.011782187407732785,-0.0035229525727076914,-0.20352514893308898,-0.09916451242795066,-0.06010741213199337,-0.05286901571045742,-0.031911107992145755,-0.09507861809971418,0.07110423905819718,-0.08937339405194673,0.07271130898163206,-0.10384937649384854,-0.042223881872656126,0.15607410441582784,0.03770022468010833,0.0034257846520692053,0.006953736270950299,0.11769977722669354
dow jones,-0.022560209966988504,-0.028059738778277183,-0.240435095447934,0.03680995025847856,0.02372584125557777,-0.11908766810769485,0.026599947111424466,-0.17945766570271313,-0.2118001852598449,0.0652170439718909,0.10219033112306776,0.006113032681019372,-0.12471379047489958,-0.09151581734176277,-0.16092290871370804,0.03305365662848339,0.18401986066345868,0.0063337221581389646,0.029821264443012627,-0.03372361382813398,-0.007703153444585879,-0.04545762886679581,-0.03814417202817347,0.1730387423061106,-0.029375236744650188,-0.05030631675281576,-0.036797058070694194,-0.12416356249875832,0.09850028232753054,-0.10492251894107725,-0.031145735911906086,0.017054867296842233,0.0928717300359184,-0.009790613271718401,0.009224009671039118,-0.1184249715745386,0.19982154739792216,-0.05469321953499528,-0.2553530469301449,-0.0886073851851742,-0.02142293540176555,0.017059796313475033,0.07586208895679222,0.08022162455059345,-0.04744796680794325,-0.08305233039210375,0.14474550212053533,-0.05646986795637421,0.03830782953079802,-0.14973170534949315,-0.10162923579149943,0.009652680583196127,-0.0558858273553962,-0.13110493733450282,-0.039151677292052996,-0.0731623892906862,-0.05958657060723163,0.03659937393859599,0.013172957759559421,-0.03436943494349727,0.16683998113535892,-0.014330858599751212,-0.18307174677252497,-0.10621373599156497,0.08438909109094839,0.0283871959341295,-0.021060969153204934,0.01419344432131664,-0.03454663060735211,0.006836034218602127,0.10243244586363401,-0.1799840228536098,-0.049041852585815976,0.07901273322078158,-0.007034899317919875,0.16993773386575664,-0.048517174804003374,-0.09980141981190876,0.03135134108812768,0.0715688616198159,0.14129232521038404,-0.0871630291724504,-0.012335695098842228,0.02401308042172081,0.01599779300457844,-0.01366371895998423,-0.0744388173174811,0.01091963524559647,0.019096314185584683,-0.136934630847433,0.04035984017020611,-0.009195964933377543,-0.1636312478234108,-0.031456603449570734,-0.01962275179929504,0.040709830526827605,-0.029285070738194634,-0.04237046196791891,-0.05321016725919863,-0.017501277770844172,-0.014433225223452733,-0.06278998689549614,-0.0475566639775432,-0.04545045377836072,0.007592099701559208,0.04186353588978745,0.01675720376890038,-0.036545384818339195,-0.03435713909519924,0.056959039654413735,0.013983924360806416,-0.06298625864911686,-0.02460916385912739,0.10148140138144547,0.023744070420769522,-0.05511720544466543,-0.08465049564428158,0.01820148054249261,-0.005153310696203235,0.0015068367052382715,-0.1064795373632674
earnings,0.05485337316591796,-0.12288810013011456,0.04094485655826975,-0.06541539359688364,0.028976318952200236,0.01963730332045332,0.05796840370291188,0.029629746411582423,-0.146378292753457,-0.04101163275582218,-0.10054707770300014,0.009237453276445758,-0.06388809344714975,-0.06435528620819768,0.27236027953886116,0.06785798719227132,-0.009506863211402239,0.2583410451635598,0.24657028678571843,-0.0714926397876238,0.0632353977682617,-0.03987325110544565,0.2502963822705409,0.10376969063384767,-0.0262870987112178,0.17489083947328743,-0.03143036537248742,0.03160607191782513,0.07948365802250501,0.1341345157274055,-0.05306587086171719,0.08445847297137693,-0.007992854763927276,0.19751292576332347,-0.18925742815319058,-0.11236991023380348,-0.07063628166089131,0.04076943546217186,0.1225613903169496,0.2146587925893959,-0.11243541397259017,0.04936192926954763,-0.0885457075112356,-0.08962350871897798,-0.09370403930433581,0.008447609732190317,0.1408731416503731,0.0585803132518086,0.1162266550510128,0.02070913206825027,-0.023855608960936466,-0.03658893260474464,0.01296675324800401,0.10113917026087202,0.04335653058773328,0.032729940143682155,0.061743189994181755,0.01911568118096521,-0.003139766380983594,0.061613048944649064,0.0389318838143699,0.13690334562576964,-0.08595399034252307,-0.034817386907189746,-0.06783338786933073,0.027767587111564337,-0.08114946941313748,0.031093242024193495,-0.10130815823894816,-0.07563543233831377,-0.05917328341183147,0.07118786149949337,-0.04839809553748468,0.00545643861666667,-0.04786108611711744,0.0393849786606231,-0.02609632748136289,0.05513766056460871,0.04735363488808857,-0.011124091507200118,0.1401810945937509,-0.030656352010734585,-0.017985793485013335,-0.11671504611388045,0.052214050383427274,-0.04156095698685766,-0.06660367356865313,-0.07277575371568851,-0.03955041348720545,-0.1011374714370937,0.016586829850367725,-0.03791274059911148,-0.11029912180922152,0.00853499199386579,0.071297060131842,0.006732405875397161,0.001158973848385897,-0.03474655111998223,0.0387060765807567,-0.05189942305070492,-0.0048931958884892365,-0.02362668038965033,0.09626893412959313,0.05889814150801985,0.012356624826689864,0.07621048633247324,0.07093524303676316,0.01192047322681205,-0.052456601490461045,-0.04029812075820074,0.0299429302242404,-0.03462766211445254,-0.0731874336288341,-0.0011888972205337245,-0.04117376484154035,0.0204364333591809,0.07704881538083963,-0.03120149035378944,-0.04029224731001531,0.025332943331321703,-0.051111164913561394
economy,0.08871711856858995,-0.027338033801039472,0.0917801371314129,0.13872999024954172,-0.005824746263966705,-0.030251133403134296,0.06869004850401288,-0.057757506393960045,-0.023774026777334256,0.019684983624469864,-0.02074965325347932,0.06368700896257964,0.022747899495495792,0.045584947110247624,-0.07450615718242902,0.019125964631674222,0.0065018144074386825,0.04135405032672245,0.039222090906123705,0.01782045260549467,-0.019360550298381473,-0.03224006982086022,-0.1180983891780752,-0.03394015263356742,-0.0428379389071858,0.08859817628818624,-0.0009462038903290185,0.049896825809930725,-0.02286497999630295,0.05264494087410586,-0.04898483933760714,0.019663717098148747,-0.07740051524632754,-0.06461536340855922,-0.07788244516478177,0.005379035669304285,0.03658953790384471,-0.07855851348393597,-0.023494341360468414,-0.09354090958899967,0.035397005761307825,0.00823178608629161,-0.04545885221310278,0.05180315532853996,-0.009977428640223109,0.007005414142464798,0.08796120977070164,-0.05581054253954046,-0.041303082848129495,0.08530171619323094,0.0331657796417022,0.03344752629538575,0.03248652088251373,0.10755704590597877,0.025251911146263063,-0.06383503795263745,0.07694783693117732,0.008890798245650856,0.04569049695439523,0.01792773087380941,0.0528789350878755,0.13318715851067114,0.021853251880478042,-0.09966752144805896,0.026066325888120995,-0.014160490766549384,0.10831912426497953,-0.15990856566440179,-0.026754382850119527,-0.02363840069690474,-0.008354186013685982,0.11906915453045838,0.06839887729409169,-0.02088888177473955,-0.0449133187415781,0.047028625272260524,0.031188439212172257,-0.01748812590682359,0.03338618411983734,-0.07887841254182931,0.04745184685765774,-0.04423233698377139,0.08411746734952696,0.023536871951668994,0.14282099375352694,0.039838129746801496,0.05735972480642337,-0.08966892206135188,0.0329400716506444,0.022077271427837872,0.018394828368513264,0.14541563163173443,-0.017399725474467588,0.017748704868047742,-0.022788350377235964,0.1473809406901698,-0.10309108037763902,-0.1891266722031449,0.0885666954224357,-0.028864674952387915,-0.036913376199219,-0.13323931384087126,0.10901571621480596,0.04020033516795815,-0.059324166985859045,-0.11766782477845869,-0.04303926442238912,-0.10800616297429441,0.09334962237785846,0.10641493879432545,0.10136249543097009,-0.09824062663174071,0.09241714177101429,-0.16573688222271932,-0.0681365571085938,-0.025778992865621686,0.04155640255679098,-0.12081092890734829,0.10537135397391646,-0.004230019007397733,0.007288023809678412
engineering,0.0980153518355581,0.01864676294602188,0.07859933306572311,0.044173328131358394,0.003315682814519999,0.03219614536160264,0.02236896617122777,-0.027090382805896207,0.01525127102536086,0.04771725243026795,-0.06748522336471144,0.022442694688764225,0.015881162554917633,0.033998052202355175,-0.01950069029745218,0.007108588355682896,-0.013794274896849121,0.005894450488533147,-0.008266804844312678,-0.024235789962494064,-0.02747764933894684,-0.0011744835006228093,-0.060479655766036006,0.02312391633836585,-0.07256546692001514,0.004373862978108739,-0.0075352145729612845,0.059650182696146324,0.08076756905669333,0.044315382120182774,-0.027224484079541998,0.07122110320576484,0.11579348271503605,0.03447937125815038,-0.03649618154974455,0.029964074187851398,0.03749529905321611,0.04282348928931855,0.014325907725506546,0.02186820159372437,-0.04911782048309088,-0.03889269242917612,0.022558811990290372,0.003145155610091519,-0.06397573739865958,0.02759794982664637,0.022722191845906962,-0.008935443585904729,-0.0851338243766297,-0.016652027071584655,0.03928725431206894,0.06019653949797271,0.039430475103528956,0.05099278579352284,0.05413199586742334,0.022700436009448426,-0.07486358611278243,0.05789999347934273,0.014267209730758276,0.044229567537887676,0.023394536749448865,-0.07256180180759814,0.00891968494318178,0.019909733484427043,0.030795401593190025,-0.031647531920981395,0.10756808765416911,0.0737198145814763,-0.10158114870123063,-0.039140605714435006,-0.0489815957448088,0.022541093917607155,-0.0015436607830421646,0.01830077839202092,0.0638175688835879,0.05359068174660119,-0.05085842249707083,-0.08645053104180236,-0.1170473965951788,0.0304677635206966,-0.041844297680552534,0.042067673062363,0.021889528470043725,0.04996643046096268,0.09375619004944181,-0.037372509047500495,-0.12322631238612507,-0.10221672852191671,-0.09699790632132996,-0.017468692973597214,0.0655336727744918,-0.10754531871649406,0.06359772583445966,0.005635757105629573,-0.15033872622109415,-0.07146773640355114,-0.025678696313243987,-0.06028705063546739,0.013866660601511552,0.1166684600318126,-0.08916993360938788,-0.08648627854542107,-0.10409294482402782,-0.12458443248625423,-0.14007235873969032,0.018157515543388476,-0.0665961018763209,-0.06983610323680524,0.052449524028096606,-0.07912980199116708,0.07655225271288771,-0.06601144621084055,-0.10751902976123386,0.03670975302191992,0.04724438065586924,0.05102346837170247,0.10665476509997016,0.01624274748783385,0.09369278701725593,-0.030336950103042618,0.030822868033356956
entertainment,0.08427496332573199,0.08148450776141015,0.019857059452626905,0.034496574633562954,0.00453596426614868,0.010228320596275325,-0.049620649724389176,-0.02164505258890257,-0.1303454669514336,-0.059207788443785485,-0.009974079044197493,-0.0864597627141079,-0.0930687426086736,0.06091218041772279,0.09714201278330756,-0.04378115414490773,-0.009090077150617869,-0.002093894175505446,-0.05681032502447804,0.1833512553365955,0.008066358306932156,0.1522328447783577,0.0027692872609616365,-0.09002471577787084,-0.020767374409951897,0.23513718826457553,-0.11534458487717023,-0.014396496401748882,0.12408871764876742,-0.04767024543412202,0.04293325594547638,-0.015315376848707499,-0.04170180615455319,-0.13194743452584545,0.052392832581300855,-0.0032612099347959014,-0.053084503656903405,-0.04984744032823846,0.026646878413310916,-0.11687322286969096,0.08573485224859494,-0.09360355213731633,0.09176255969105199,-0.036393681050423635,0.15672919711322097,-0.09343330136570645,0.1155774190055672,-0.052789809275348196,-0.041919835711898605,0.0661148894340968,-0.04648502980161367,-0.17369454252748398,-0.08157078054106129,-0.1359046869408619,0.08128544108461333,0.18240534578086356,-0.023101311094621012,-0.02197167238320867,0.14720904074471997,-0.09615550928774613,-0.1877333767597259,-0.05875649447438146,-0.06830467357822922,0.18840088523749135,-0.0813666866729785,0.015118228264424194,0.017489848602656143,0.06084416645075806,-0.13517056803946295,-0.08021385920782413,0.04123679917373625,0.002554604637425583,0.03171698274648362,0.1365721054631508,0.06462180375444398,-0.0866476183497025,-0.09462484948337728,0.03431617361166486,0.02066651934251186,0.08849071649408013,0.11268381852269224,0.0026455914402862823,-0.15738126447445427,0.008389514897377232,-0.009529191306536997,-0.025212944905668763,0.048764157959759996,0.12743377213225024,-0.028403453440732612,-0.13797959867046408,0.0497869826811977,0.0012861319722394645,0.03169530753535232,-0.09956823590924657,-0.006865868317481856,-0.08216290794673878,0.11186934149005508,-0.01771486016178894,0.0692844917206385,-0.06308416510393404,-0.09292992236299871,-0.019920396889449764,0.1642396873697561,-0.05965333992155898,-0.05446914357817763,-0.013612130424364335,0.01015339550642375,-0.05678657697085212,0.006084847257355273,0.00838276054328189,-0.0016455531991207833,0.03464712464643008,-0.051320652888047234,-0.07370699190039168,0.020686309755724105,0.009980308097419078,0.0795721802368081,-0.019969237475396612,-0.14076704870907686,-0.051004692861597284,-0.013323488132339047
etf,0.022734957561490916,-0.17180237409589952,0.06682025382042926,-0.1348673796218392,-0.07423330896990143,0.08702991221042011,0.014825806431601512,0.06363333979098791,0.025509043983989656,-0.03765082405581836,0.02381874521495709,0.07073125199869137,-0.07327250265649123,0.00024874768514929375,0.05139616827390372,-0.12163649362665348,-0.10951815532050509,-0.03277681978749307,-8.103185956072692e-05,-0.011868503143383585,0.055198935201009665,0.034091048661976556,-0.08283290546512631,0.04018704636529409,-0.021930598435604232,-0.09493835831050704,-0.10132430906141303,-0.03781282656717071,-0.06306579989230818,0.004895357957324988,0.02800795324592079,0.09758979023490769,-0.0002086869361883556,-0.09365896141193814,-0.14029921915906327,-0.086790650800223,-0.018584729668551292,-0.033590559982021456,0.011402887543727869,-0.13448591695589632,-0.15996243372438848,0.010977275548337218,-0.04280739458677716,0.06968264995662198,0.08261839953275522,0.019643062938958997,0.07841156933130015,0.008465547418714768,-0.21210552233850025,-0.027157512940151982,0.10397959321042456,0.1211587075392257,-0.04158907701675168,0.15951073217128703,0.012955372132587375,0.0720813283970065,0.012858856309337887,-0.033557161202549445,0.14221569768605968,-0.02678505537896363,-0.0053488572663164214,-0.04040886326600601,-0.1223288221712801,-0.023109812830491783,-0.01664456440926062,-0.13203018606639075,0.007624406146644155,-0.10117606448925684,0.07050686269195015,-0.0536908195427845,-0.0009435357282733779,-0.10175134887130413,0.16783700457734108,0.04422479847824905,0.10976466654207695,-0.0411245480747024,0.10383477270240911,-0.019648182819362647,0.1090825914091408,0.20637895586836327,0.0686153196728734,-0.08125388739278258,-0.029511509122189285,0.06644109227179112,-0.10049518009202937,0.14088175621680155,0.02626796918208381,-0.1073478317145035,-0.03232355023740842,0.02881945311398261,0.02861260711049965,0.06594288658983298,-0.010611631679285562,0.06309368142951059,0.07756371184098268,-0.03896863822739363,-0.04436586902991603,-0.04994724523334905,-0.0011031250288123292,-0.07469576591051565,0.012744599690669725,0.11102357179037153,0.042961169966028764,0.03745781578283423,-0.0673973283914722,-0.04568249034144391,-0.09061093949273291,0.02284994842333696,0.0040327943822141,0.09463113527205454,-0.023146529138942454,-0.15453796012658283,-0.05828705986455252,0.06417111017852803,0.015112020631597022,-0.05148616900447679,0.037647116283303646,0.135134393233023,0.003135495152462725,-0.062447322575302604,0.024169662693715933
exchange rate,0.07747047872438972,0.012464507027331108,0.12132267359093579,-0.0832615005607219,0.06715770428242847,0.08217960402446163,-0.04975292559138061,0.02431594514155918,-0.05749235161833628,0.0423002856455294,0.17638697640793333,0.06447374214964843,0.12112402103810237,-0.12476653918052881,-0.06250224846319556,-0.01824183583828518,-0.050226407151319215,-0.007263117822984797,0.026216815343862256,0.00805343689621368,0.10281711403533807,0.14797495546147657,0.06699780955960852,0.07511915173532407,0.05934720194099298,0.07300663946982397,-0.2081962455015473,0.061536908024935555,0.13584206159863663,0.1989843012346192,0.04004994559020168,-0.0016906386931021394,-0.1824641531414095,-0.11648600116566078,-0.12223214269347549,-0.1916588067127724,0.01792620120167321,-0.1809255386408511,0.12120996241183854,0.018601469196278253,-0.1491513621923407,-0.13618790628459299,0.0989690370309185,0.08633483763485268,-0.21900983396548782,-0.02507021481601393,-0.15636899946470334,-0.04352808936249103,-0.16114639062838831,-0.040145176309720976,0.07957450200561225,-0.04390707574089724,-0.025580456778610858,-0.04176326627270587,-0.057445860239771704,-0.17544115490801493,-0.11667267175836685,0.06097228947349784,-0.03042179073343531,-0.04488423736587177,0.11748355505960316,0.06581984633936329,0.06215066994439028,0.035439456672416256,-0.0651812436864101,0.08181936534204481,0.07343144426799633,0.010784861889395307,-0.05711585610615204,0.03698903989683327,-0.03396038387645192,-0.038614799994704296,-0.05501891047476274,0.031020406800476824,-0.1539474533390736,0.004835816828059166,0.028709635499140275,-0.08073170076468311,-0.1291819307370616,0.11169563352140399,-0.10357451911033957,0.014044806360274109,0.08703445905130483,0.031056387225239634,-0.03424276218112288,-0.01545935539098316,0.055001579755256734,0.0994834589931342,0.07765566600420229,0.06675500157939006,0.010948209228908864,0.031314511234025164,0.0069503771215592425,-0.06645427022220415,-0.036059584443203244,-0.062228943323297946,-0.03090821667041328,0.06859433620703265,0.0711302358786962,-0.049221828237377724,0.06813832963911726,-0.12005784721324331,0.008103939185638245,-0.01363789973106045,0.022808061057168916,0.10026672158958379,-0.008995153821875285,0.06785562537200114,-0.010874658462366772,0.04846882329307757,-0.07253567840350948,-0.04299410729978134,0.007421491824145572,0.016812450450379678,0.0188261233472172,-0.11976864910809387,-0.1315981530608665,-0.1257484238221982,0.021559749502758276,-0.00322088842349803,0.08871291884194903
expense,0.07630159233877787,-0.09372328733862109,0.10620202215381717,0.09732854124448491,-0.028015939759864567,0.003386880907870355,0.11431681391890094,0.014144685764073977,-0.014885772249803446,0.03205800391617515,-0.004964448641436602,0.0003792921131005808,-0.06541147776631605,-0.018888706600933163,-0.013276744651917522,0.03733274524060122,-0.010920489171053326,0.024045922181528477,0.06011115758532744,-0.06434242548149996,-0.04866526721141996,-0.02476755235727287,0.06964278295729902,-0.06384686703550838,-0.04008117015601917,0.0005859998339841042,0.04669638643874398,0.06307355023506993,-0.06003108084349945,-0.09034173353321383,0.01762755259894607,-0.1631247739403628,-0.007442679161910479,-0.11525214681012709,0.06310157687484208,-0.15950906610512655,0.013911667856596997,0.13004486475728694,-0.07258973818087669,0.04209231932796633,-0.05063842313984153,-0.013605337357594692,0.03255616777726668,-0.12293291307680704,0.08598365340005826,0.1071965070804956,-0.06137252201207412,-0.06513557309445778,0.0548609898216299,0.040112211537414316,-0.0717602274177282,-0.07905066194257028,0.025818419779519992,-0.08311742335095959,0.24480693619872962,-0.06945793568454889,-0.05702198973063631,0.015004192632355168,-0.0672067876793487,-0.013263361287499786,0.08860681163798409,-0.10015416789419646,-0.0736302556545745,0.06652967731699838,0.025921005148087727,-0.1415224660962348,0.035913563780154964,-0.07733313488002308,0.05127521909895398,-0.04747616836701986,0.13257532591614446,-0.03537321437546954,0.10336051541671878,-0.11353303547035837,0.035371134430640605,-0.09615059320629485,-0.029175676910125906,-0.13121987316019368,0.0025522158799681158,0.0756573714504016,-0.09643101266379252,0.017276926422365835,0.12250359824830592,-0.018074886827545985,0.15656802379575385,0.019747361364714236,0.056275740253540436,0.048905657738619185,-0.17906591866006913,-0.08204451470987013,-0.15562125871967208,0.034415792896050915,-0.0781004460261636,0.17527884784547643,0.024446412274467515,0.03292152829114389,0.007804761059509502,0.02191258279129559,0.09469239545843529,-0.07024841369886392,0.06362681105235383,-0.1834643201727027,0.04087232654218368,0.09895699482418324,0.07728884178984696,-0.17773587235167995,-0.14170043493393683,0.010267650071259538,0.01202351154355906,0.06818151993843286,0.005386829775055113,0.09502075827419014,-0.1396820915893586,0.034673504945112885,0.14194057567698282,-0.1346786695288277,-0.06966890390550251,-0.08558722433521632,0.005465499701509333,-0.048019744290042965,0.006839637270957884
fast food,0.08408791662303183,-0.04231595947757007,-0.15732408589794253,-0.0005750381280371495,-0.02280859469116479,0.008010631014468054,-0.07145599514102527,0.015133934888524417,-0.05583275712334013,-0.013335850664469089,0.015282407625131748,-0.05345334040102609,0.0034073331315871733,0.057621693914254056,-0.1194715580659084,0.05796339057311407,0.018617648544017783,-0.006727976189849634,-0.06737527323896826,0.06859601515415159,0.09885997319635703,0.007408484090684977,-0.0011930904224747643,-0.0008202995452856084,0.06231577490487749,0.052537923150382596,0.08809226118585715,-0.020405560340889015,0.023307304212540392,-0.060111104809438536,0.005348614177665161,-0.042436769778440436,-0.10596588781214773,-0.022968971412462735,0.059550523725458826,-0.017228539877665032,-0.0807169828026123,-0.009635473532515683,-0.037941528772328495,0.006716747982818121,0.012038812473179908,-0.01692932451466642,-0.05399976395397082,-0.03575998159205123,0.0345650087593639,0.09689372627670093,0.030751056199344363,-0.013849055210109196,0.006757875128249033,0.05518556592165558,0.030659678772489797,-0.003848471704684096,-0.01289553399205932,-0.016671938231971706,0.08330293634222703,-0.01816599862979751,-0.010788208329299762,-0.07181352628544194,0.032759208742034016,0.028506429140091445,0.0017717309816738316,0.015836707764881996,-0.0340636462414777,0.11341129342280164,0.05815067514409066,-0.004740498855767425,0.08327056960351213,0.07588125376498872,0.07927204772704308,-0.023117142553643458,-0.02655211922971907,-0.00015767534072035592,-0.008915575369270366,-0.1004203264999494,-0.021595652957644124,0.0016633763243332801,-0.03528893004006434,-0.05763068454396816,-0.20565832358941555,0.059631555728060705,-0.08480570048658581,0.04034447940859588,0.018676890916294313,-0.057860164078281554,0.03622477790936874,-0.011988500276822297,0.0331984550994259,-0.07902678947526298,-0.013587483584450728,0.06811615419546915,0.14924290646332775,-0.014710116782436895,-0.037789063222963264,-0.0695191647970449,-0.07688265417103321,0.15484656742600733,-0.03345659881794766,-0.07695068116669077,-0.01008840607086027,-0.14339508084160588,0.021058538984321765,0.14064441271139838,-0.17557001123710964,0.3043189295999209,0.09655309764732578,0.14903868919481317,0.1540468529767589,0.0032239805428668777,-1.2866322089459536e-05,-0.10511077258240237,0.09145255366159165,-0.024326276604115196,-0.04739953390449033,-0.15049207973952797,-0.021648075956442143,0.15029866815330467,0.06921248913032221,-0.05595351192190726,0.00333737696108391,0.08299202207272599,-0.003017303837890552
fertilizer,0.05404602610478314,-0.05371013739430407,-0.07896961802101564,-0.04290027371578773,0.17192611846995048,-0.14187209118872401,0.24927494644975876,0.06670586722206442,0.010707284350330243,-0.20701638904237202,-0.08023205742489933,-0.03437757352532921,0.23981649090435556,0.03215450540494708,-0.083030072648186,-0.02435424366695741,0.18218453521050806,-0.059716259593869,0.11597590976915144,0.015488981100373347,0.010480168379034214,0.10195512161780346,-0.1038527372944273,0.0476819568772427,0.1034987423470004,0.1627426114593545,-0.0857692554924516,-0.09004301446571013,-0.0382083476293811,-0.08952479819269608,-0.006794260431391105,-0.03223833474577987,0.0941269920839595,-0.03810015723172709,0.0671779665937785,-0.03944353008689553,-0.08224129509451363,-0.06268340240072122,0.08162590254245763,-0.0010942225713382464,-0.07064408760135107,-0.010912602985796369,0.03192768073302588,0.08079810773771845,0.06935117414875842,0.006711933570445663,-0.05512538728699517,0.1032193181838348,-0.03703434747953071,-0.09398665382907234,0.009249687742295011,0.0705686952523402,-0.05830280337020238,0.08045006334239363,0.08827098717679639,0.005948500264491542,-0.033426623521153664,-0.09793179910066963,0.02161424087335176,-0.03205590108345786,0.06904835227214641,0.00022383129115982614,0.09605804220878274,-0.044584702121576926,0.035701557705179354,-0.03568679291328641,-0.05716974172131369,-0.11459277764458867,-0.013962077026731818,-0.025449376377966352,0.12177619320127923,0.07807017005992455,0.10858235915382237,0.020544572176783085,0.04559237952067392,0.12189136726700424,0.035633973732531965,-0.05085824219527972,-0.05782946609481668,-0.08723787064401846,0.09881679527495393,-0.120976652971413,-0.07834854070603743,-0.04557984283644256,0.02204565743943672,-0.06083784166360718,0.0022628441186104357,0.024189040644020696,0.03542195585722839,-0.006707736036383888,0.07163645653591619,-0.048442343823108865,-0.015262112691046372,0.08689903861987616,0.14142725829888889,0.0727795952405916,-0.06551359617077704,0.11125629676991841,0.013670530888886943,-0.08775897102512024,-0.09585015727850361,-0.023775057395482444,0.017601725912620724,-0.13024229111277544,0.10638602836459846,-0.06697870583301031,0.06169722587406324,0.12002455205528001,-0.08552494269800495,-0.16481024897443255,-0.06736016291702962,0.06755135275204902,0.0010425955975436052,0.035533694745326305,-0.10731374422307106,0.057028763577825804,0.07580638856628043,-0.036585545972464106,0.11002642432348544,0.0859769543752594,0.07799632737175403
financial services,0.09819564832137907,0.0118367334947036,0.04844076784078656,-0.056717962749352833,0.01816091650023782,0.05837765212761045,0.0016452316099955075,0.01866306550753533,0.01784438804632786,0.036514440784854295,0.00934449993646904,0.0008177034731454789,0.04843868881804047,-0.017412424740635406,-0.009147240944836467,-0.03240971064488556,0.03317038826541587,-0.06825721346435344,-0.05977983405432755,-0.06930671453562975,-0.02138603469725433,-0.050057544151634964,0.017894131417638612,-0.06213630453811235,-0.06981587100541911,-0.02372082210336246,-0.012998027985969818,-0.004925398991781578,0.013875083710473506,-0.08320421301884443,-0.022759033128448437,0.1085074977227699,0.023983786929281346,-0.14194857382812437,0.021346450156713534,-0.1060151359803182,-0.024007604678177658,0.14209694022552674,0.06663495143817136,0.09724074152658542,-0.0024246210016366024,-0.1332426077601872,0.07045572291545883,-0.08005626833060854,0.07975156647969417,0.012259132762694726,-0.08960580530181197,0.023674073739172116,0.0404181476706254,-0.013744804547498872,-0.14578551194513445,-0.06257294716744921,-0.004503512138799553,0.0005477481760096659,-0.036999868843358506,0.10594252035458787,0.10376863418779649,0.04014712294895742,-0.0022469268366048095,-0.17755404110967998,-0.010284248361783738,0.02966233649306906,0.01241933736977286,-0.0028315040496900354,0.01527008743170272,0.06808681272657632,-0.027952022106949963,-0.13535263337528697,0.1179402729343287,0.07409668503901301,-0.09947330220185845,-0.08180535853337388,-0.10003099181224782,0.04601448404089317,-0.14118303638695529,-0.05962695369551825,0.06062987018838151,0.11197144621066778,0.027445691557251777,0.08737731905916718,-0.11750708053182674,0.03438775634442609,-0.04776314309887608,-0.051718496206378806,0.10034646204665543,-0.10931482685728063,-0.06834439930764363,0.018296136701547075,0.07684535876827425,-0.008137895981396373,-0.04380944149167341,0.00027604577829451644,-0.09145049263319933,0.04939205529096299,-0.016150489311460858,0.10782560376350031,-0.05666073458166024,-0.030120313170593705,0.04175014841611559,-0.11679081652392051,-0.1317390566501762,0.23104434181371766,0.020089993990885693,0.07941858384219774,0.20118923471152544,0.14961933697233198,-0.02690989329780647,-0.12834733264335269,-0.13262028296988443,0.07093399983483162,0.10778965129484447,-0.09023675213710702,0.11440328059871166,0.03268567366477615,-0.09972433320075232,-0.14357463856816283,-0.04754023666506428,0.053167547297607406,-0.11047204547623604,-0.03816990997774536,0.018379222431621052
footwear,0.08263182591671098,0.09027405215408522,-0.04866055341728294,-0.05086917192626679,-0.029306038164103324,0.011160423650937801,-0.11871860316810501,-0.0167317409662069,-0.00617150786119121,-0.016124343224582047,0.030776986304056713,0.007677084015700326,0.06659271923116271,0.023288697560149528,-0.06134815026066032,0.043747396738681096,-0.04900638840874005,0.10334247256669361,-0.0319109173559397,0.017283447461704828,0.03502993737941,-0.01704164640350563,-0.030579743574000364,0.0631046653513657,-0.07000035572227677,0.04402000571087613,0.07041738016934447,0.2760852055524247,0.18789132622876664,-0.035452086688239834,-0.125084927635292,-0.06607748463366088,0.22573064159461592,0.09697265903102394,-0.1094914284595395,-0.06956191282774762,0.04572212431082259,0.05090261476800936,0.04271190766077472,-0.12512474707917082,-0.019599457923995298,-0.04205327533334197,0.03393900188041868,-0.1250272406706329,0.056538312772492064,-0.005803194146022032,0.08069079465916652,-0.02301737690846449,0.11090332380795234,-0.0016929538078271703,0.03601587123186833,0.09096210974434708,0.0012460315525930493,0.05974386177448906,-0.04186924672870773,-0.023776653936997526,-0.04948923992641988,0.23907508631957314,-0.0033920906695327664,-0.046909908878071636,-0.10108256421773372,-0.042577882904493936,-0.05733874185758209,0.048362371612410165,-0.021128813803543617,-0.08174147128524269,0.02444381517544948,-0.08613021756979143,-0.033211567567044645,0.13163187998040285,0.11523809258711715,0.05068441867868803,-0.011120719403689465,-0.08577670391144662,0.12280043942465206,0.07071223577111874,0.01006919768061779,0.04992203616300368,0.0011013676322696939,0.016568260350655728,-0.035347097424496196,-0.07067089441142124,-0.055542917963355025,0.054727565626186775,-0.007096946480222124,-0.06506640278533446,-0.035992729061267936,-0.0264328784900997,-0.05257045990158929,0.01886442042286419,-0.04963744253015179,0.12558266970411475,0.04608603123158814,0.14610840241073644,0.10377515042231843,-0.15596598069879564,0.04800188647735675,0.05990017672837368,0.023413956631484465,0.053785907406773734,-0.09889739246447297,0.05500670660072801,-0.027271195767500492,0.01131068450191438,0.1411044387785821,0.05547770599461038,0.09876325303833002,0.08962069587921093,-0.025395311726568948,0.005323876347357967,0.08923891560994202,0.14089866693697303,0.0028091260231336602,0.02013808778471017,-0.0034805647540759044,-0.06178904905162604,-0.11183125865057593,-0.0654039047386197,0.042797965158502586,-0.0117683446153968,0.1300433353452248
foreclosure,0.08534612276877776,0.1036440672822068,0.03149626106601431,-0.029222228888434586,0.07142316507195237,0.04026571349055297,0.060041319780097746,-0.006425012866844357,0.012063284027243163,-0.003726055251829389,-0.011820492786469955,0.040768433263720136,0.0007359133229257699,-0.06455151442471818,0.03865469440309848,0.009397995726111604,-0.025670538580341833,0.011294796212355641,0.05965719797330975,0.013590818943962498,0.010540637264762781,0.030799183507638675,0.0035773765595400837,0.08269659493846084,-0.00489703839289389,0.03682189182395497,-0.012808428378503161,0.009533164987243527,0.0013293780710709807,-0.005190343248987799,0.01264896314782055,-0.06391481800890625,0.028860745126469124,0.09822797554429719,-0.014611472476333265,0.0840589743344397,-0.011248315927081913,0.05763005658957705,0.00723187995283478,-0.1398778898249087,0.048486983478551626,0.00869415363935419,-0.0532708360752283,0.10983866975849646,0.07719889912273323,-0.060525998488166505,-0.10558103709621568,-0.00286236635202854,-0.010219597540291406,-0.0072502486397938055,0.1518960920803435,0.036143409870434975,0.07029358924928555,-0.03827294775439254,-0.00792712529197252,0.1797580979108625,0.11704348021410077,0.05196072326126143,-0.0454099231238549,0.0975757177132106,0.1260251361200031,-0.04385401784539013,0.014323042947263706,-0.04618685943062069,-0.12231099854456082,0.04582183266208048,-0.03537636760336365,0.033643026170566484,0.06845069050875285,0.1300980971647697,-0.06148733516276428,-0.024747896943900265,0.1103479511321162,0.03538186588898968,-0.08217648946533938,0.10716514585917025,0.04365860277073319,0.11346676720465249,-0.11313224323847429,0.034342917687719306,-0.008468338342703552,0.05908942734443848,-0.16087162450903597,0.20485553668814702,0.015479737843612403,0.18408400114331133,-0.06129474427414166,-0.14514788909872625,0.01765372808057369,-0.038523306676477256,0.07329896285573818,-0.1209392001613854,0.1379363598033663,0.010242261970938974,0.005166527028543342,-0.04124020749480794,0.06722257655707112,0.09652839078785032,-0.10156688626614313,-0.04562567588509755,0.0685540963792699,-0.05891317753447631,0.04074420064362071,0.05648895379978898,0.013011147630037637,0.0831833074653931,-0.14345229162683562,0.020049766510997803,-0.02648384365301615,-0.05309099377690765,0.0011846439072792834,0.033116864752726856,-0.0036575130355990734,0.056385507835593644,-0.07500573780127409,0.022680166797891567,-0.23180952480114597,-0.15701509779364595,0.03251640454116241,-0.10832293018784787,-0.06564858021353315
foundry,0.0943584746072704,-0.02636247021980039,-0.025169436637560747,-0.0025874539588040296,0.06550530398125,0.04093558937810455,-0.01033701034943397,0.06279799873276587,0.034078999801427964,-0.015496411384287583,-0.05558886911057104,-0.05908482949135298,-0.015208099430486744,-0.1089606242597193,-0.01503253784838783,-0.013006475157770484,0.061355662682695475,0.03914306976931918,-0.046268868018014594,0.0034647504304471874,-0.03897115797199649,-0.07181792893679778,-0.10711071428169795,-0.07895969707081613,0.01088200002531975,0.05089571837602511,-0.15617732814111143,0.06479514308572097,0.14531239795235582,-0.15604826592673512,0.028545205733135223,-0.10064501683181205,-0.12103169373946333,0.09817772938240543,0.06128912629423111,0.2023853903291018,-0.030127626255830084,0.167013180492527,-0.15807301974496385,-0.0012005073371863656,-0.1482243254825355,-0.07487112865896244,-0.24169929613975732,0.20821110036652324,-0.032210847829977525,-0.1585097584055939,0.00888903156302015,0.05763439911378346,0.03106438419172832,0.14559152584259089,-0.04006585116657351,0.03583546278066327,0.08052844766216465,0.06741375889006339,0.0023453483941488773,-0.0014197203846754627,-0.07736150111626545,0.1528001259980184,-0.021184451426464197,-0.09864817725941638,-0.04952758782070721,0.003456147075957011,-0.039103217169812285,0.028523881175987725,0.04780746904535224,0.10420328864015521,-0.04975892872327368,-0.005663501920782556,0.10752169750981438,0.004181879550838097,-0.08511279983463012,0.03780055051779249,0.08556204114669543,-0.04206933745392548,0.06109756068127378,-0.07461343268007911,0.23839502921831668,-0.07302699379310773,0.0826475645883244,-0.008616673456694007,0.1225143269167928,-0.014232985388467151,0.24187159194064412,-0.025959594660683514,-0.1149805965101851,-0.07342630368582194,0.06188740025917319,0.04010751281611545,-0.07375938306728713,0.032267413000992146,0.05668452402290389,-0.04944703651529502,-0.032431749166042356,-0.04309539716547035,0.1370832442241757,-0.05149491553183132,-0.11370996660979339,0.014314848483564901,-0.0044773026921534915,-0.029120368013283875,0.04827989634331058,-0.10215848746670848,0.05321126876504547,0.04962582572271313,-0.04676745201067612,0.04954099997519107,0.07833637175132871,0.02805419410257509,0.026202521111956992,0.06286809886597672,0.009864194957791714,0.010039280552771134,0.0761842515119664,0.03296088346158284,0.02586251726214891,0.04890555640290115,-0.04854630791884439,0.012490743142555551,-0.11804775469113683,0.044829287803006185,0.01079656188764874
gaming,0.05937661373661251,-0.10280817999457997,-0.04200627990096115,-0.06182887576062818,-0.0555531359661715,-0.12723421391177242,-0.17201027863786444,-0.07523319944680969,0.10829644094618003,-0.19647962058385582,0.12153553362725351,0.16541383874752397,-0.1572269524735673,-0.024842666170562296,-0.07136379102304041,0.11571311503985103,0.030924867751669093,0.04698229380838287,-0.10524342801031879,0.07153310406415664,0.06727185717989931,0.028113945548471474,0.06304515204786261,-0.012409475552240264,-0.04576536045653705,0.02378863469079867,0.02695378177440278,-0.023859393942593912,-0.09169243380754954,-0.024632060185983497,0.09840618722859674,0.013439658675292919,0.05989372380637931,0.14086828802518722,-0.1379284164319564,-0.03713982728734658,0.03694953656008961,0.12712867860911198,-0.052505189245465246,0.004627088045534966,0.006967528740971455,-0.10444377846568714,0.10666466209406719,-0.014057718682101816,0.04021744770499081,-0.10128749858413592,-0.05856036712891569,0.06835426657962326,-0.21281330038154403,0.0777468436822831,-0.1502480722054834,0.04076975700920805,0.14522861789531524,-0.06260972088830832,0.010303759642778848,-0.10013722555902724,-0.011762693551258599,0.008457168172485822,0.006042602557954815,-0.03150458595742371,0.033490894191284246,-0.025534079217622026,-0.0904784214993014,0.10800497613864729,-0.09645366916139209,-0.02187547313110144,-0.06715982614787813,-0.05348318994478269,0.0008045117887327535,-0.12401451135909458,0.051739505554784515,-0.029406442139998483,0.00018488150073757946,-0.025509592994391334,-0.0921460971035944,-0.09885034375691623,-0.03268565956397235,0.023845457616380294,0.08323288268268747,-0.06544177631652709,-0.14882085467959633,0.001483180648084323,-0.10514406575319724,-0.0988184472605553,-0.09337731295493196,-0.08798806842266864,0.04903441697727934,-0.05476987789209303,0.09497300359151976,-0.04921536790737166,0.1326339209802328,-0.008317344574322517,-0.009511230214240468,0.07592599205000024,0.040498363687835943,0.044410329559022715,-0.16446011300646435,0.07423746357382556,0.028754854192203,0.12810180119796669,-0.014632468812777945,-0.13760457459218853,0.06706661575356287,-0.10903319050524876,0.11035352750354013,-0.003971222191655037,-0.03241317367228645,-0.05084739226238412,-0.04609974086211732,-0.10981563275222715,0.08626352725710049,-0.027634799562527672,0.06990952876114666,0.017480631530524655,-0.10356169486477754,0.12105769368336025,0.0245342230429183,-0.09292234698645671,-0.03591049243061636,-0.08983778989865265,-0.021549405368304565
gas price,0.02618671990404411,-0.12349893049784158,-0.04540674813785866,-0.047080921098991105,0.15022332615446468,-0.3526801161632012,-0.0718153781577338,0.040373515784595984,-0.017196818820114732,0.11002645033739346,-0.04122642865715458,-0.01711838404201081,0.019220069892135216,0.031114552306032547,0.03688508276542412,-0.11242440110904411,-0.17157303552780823,-0.09366563956566225,0.027272045775639714,0.04257927537234961,0.059247939621177664,-0.06638259198945518,-0.10209278298643608,0.03367306560438112,-0.0448568215631511,0.013348958623428267,-0.01594376648667136,0.0581750498352572,-0.014345606105041162,0.07489416562999654,-0.015803841798649562,0.04367661301034465,-0.05310020507992747,-0.041377567564062245,0.033784224396240146,0.05594024473983944,0.021594798711894223,0.020552209896674393,0.009543570802318053,0.06052598928460472,0.026537590938362218,0.019722498458686576,0.07775179150222941,-0.038662021288116785,-0.023926484731647175,-0.04218607796510064,0.009901117873973048,0.10601816232512953,-0.008999492364003634,0.0218275290405006,-0.042344157771851985,-0.0018837069191122713,0.020972850762861102,-0.08308621520333884,0.010421402662342316,-0.08614743966132526,-0.031021758150376562,0.1259993184642052,-0.023011138150004377,0.056564587737684746,-0.013322876604697484,-0.03522696854858719,0.03897024811542813,-0.007482811767743985,-0.00384395110258208,-0.09108726019331714,-0.021820720307998333,0.11354768821297517,-0.019623212143515534,0.06231043402043515,0.034588220179352695,-0.02580912479135685,-0.06186341664047629,0.0323921413873899,-0.05288931364605461,0.01702170276349324,-0.04494136527975631,0.06858147492626049,0.0016886752182117548,-0.09234262505633622,0.029904857854857594,0.04552811581054246,0.08731717914426099,0.07487562265198783,0.04800736026377836,-0.12563028611674315,0.04861243044082125,-0.15951537920623785,-0.008181769561772342,0.034336469256843305,-0.0516705082982081,0.024446469634259504,-0.08664102318222638,0.04352802448067078,-0.010546265972218881,0.022891067001056933,-0.013866689731746033,0.10834751712733175,-0.24193267978364794,-0.07398088672630757,-0.014375584314011921,0.054203892238469074,0.0907628221586551,-0.055706086813999016,-0.04979965347832396,-0.028829678105235772,-0.06567540003122778,0.15594961963192777,0.029097011306726525,0.00998437883249318,-0.03910987176585254,0.009615758429578855,0.046821042336633596,-0.06382904298196498,0.08079154379602811,-0.02626984774583354,0.1652578670164327,-0.013586644650816136,-0.10134696158756759,-0.02725053730916096,-0.10616104066100274
gas prices,0.02423534134522978,-0.05338820310982632,-0.06507016585218375,-0.058052496807434385,0.14452132264878845,-0.41516305737636655,-0.040951595718245075,0.06059466127923535,-0.013247980401232854,0.17010963718533376,-0.09091814949155387,-0.04769823775421987,0.03469932529553439,0.06572947543394009,0.07908529614520851,-0.15381471108446068,-0.24904226341297292,-0.13067538904168388,0.03187328642729287,0.021572376015624124,0.08677651271367418,-0.08821579684095376,-0.13505946479292696,0.04277486750599648,-0.05993451210113602,0.093222095836588,0.053965129174015164,0.09596411755386625,-0.1450979241530962,0.06364335731933712,-0.020098281245695224,0.06626166648777851,-0.1058624760402262,-0.11351635469531121,0.06882948913553388,-0.02803251032521019,0.016983956272943676,0.14325080578760324,-0.05913400685960715,0.056668331949642145,-0.04799697378363203,-0.02570685520390828,0.17300877309053542,-0.04426086690788887,0.010060953155841452,-0.2170475219426941,0.014210970231954598,0.00746062407156281,0.04121315861580557,-0.002467849547106849,0.056466295718813314,0.0027449228323756097,0.0036175165139721785,0.0948553465494798,0.07713031482777515,-0.07166168325401116,0.03541088151264489,0.011368506987683998,0.0282935428348357,-0.02462030227316646,0.02940748597870632,-0.009291415501063948,-0.06603635784133317,0.02210477750964434,-0.05363843119656546,0.031352251949005705,0.008339275808784435,0.04393733749438772,-0.017125107978114396,0.02169181770587607,-0.0030107713735142844,0.06066948789676743,-0.04492903421304294,-0.06171337811859882,0.05564694298349276,0.0007252920255075707,0.056814297960074964,-0.03440355860057603,0.03192221341896747,0.1562272444513717,0.01209940534155311,0.04141424499713336,-0.028193564285595656,-0.03679693268664442,-0.01665961984474784,0.020920846954387583,0.00014366415412610245,-0.03985121566294271,0.08477089482117613,-0.0029813495799996606,0.02219072221627781,-0.02032507591931572,0.07511060066222792,-0.09379290610622551,0.08518561792403537,-0.010027860448441298,0.041745601865031026,-0.04847389560856936,0.2239370605726395,-0.012430284343806025,-0.03290317422324224,-0.0435737264337798,-0.036159645118067255,0.00964290592964895,-0.01983305958318395,0.016100841148188758,0.006502445289169469,-0.09186137316120574,-0.012875018922073128,-0.02450048012772532,-0.013026627743963543,-0.03285786159929176,0.02235886026237211,0.06727971293896132,-0.02638212334452153,0.04115963599711826,-0.14027839765517333,0.03663145049707983,0.09261634173496922,-0.00100900195589064,0.03989400684936287
gas station,0.08483947610975985,0.031097164216819257,-0.154100131742816,-0.03293522392396156,0.004764047190470946,-0.06076694805885666,-0.06718146066269802,0.01913065150112027,-0.0818564123687742,0.07372431991914029,-0.005269779990041745,-0.04450838455066512,0.054063919857286036,0.04550237589385304,-0.07826809213810512,0.032030129785786836,0.01687256831531747,0.009968733541589093,-0.0011548647588561778,0.038710834330276805,0.11141040416922061,-0.003727145926054519,-0.04423293662615862,0.027186683727412148,0.02097986161287782,0.07404518012615352,0.04684041752113989,0.001484804158767168,0.025084623097464336,0.01247586166765168,0.017235996411796198,-0.02343184040959351,0.012479793559529656,-0.04110482784216954,0.009034220016571254,-0.05579001168676455,-0.003813270881252313,0.05286422533169173,0.06001479073353484,0.020957094302807705,0.01221921880348676,0.009556557593289716,-0.047579840401792244,-0.04308099658187395,0.09111609930401293,0.10626428416073311,0.01859027910112801,-0.02714967891322207,0.06951628128426349,0.13078469402082207,0.004630147375659132,-0.03499836404511068,-0.052840039662872984,0.07499237244107251,-0.03634232339278931,-0.017157810141979694,0.023160015999367577,0.0024797744660189636,0.03609213724855064,-0.03500501549172768,-0.053935103852171234,0.030868906621125708,-0.0032988560106517253,-0.020748475451857592,-0.009329812578688562,-0.07155136032978524,-0.0578684897223348,-0.0097407029085302,0.10381654234821436,0.08684571099021504,-0.11676369998031326,0.06987620153295718,0.14246020964476075,-0.011740190933406808,-0.0335740460693974,-0.004674004684709097,0.007443203526975917,-0.03403995349018842,-0.1175308674131161,-0.06216049677581943,0.0947637160842647,0.046893683145861245,0.022658593371015362,-0.10986554340581499,-0.15775215919573085,0.011658602045949918,0.004676613943603736,0.04919673767921828,-0.15179426279834193,0.05919190270366754,-0.016164293607325034,-0.13533291752388202,0.07631179553079084,0.03664887072146554,-0.2901754300666342,-0.03477663049129454,-0.2057448373056443,0.057104558553870824,-0.13727753482130003,0.14199213620951545,0.02810785650159634,-0.031151482421243028,0.018901249347864267,-0.03473800136296859,0.05116389679124421,0.07408733331548423,0.0254975810874359,0.08958015281935203,0.07932840504623222,0.02347380218671822,-0.09619565360630813,-0.1430589626309902,-0.007049328921944729,0.059868631089987176,-0.02235061296360622,-0.17898341215137054,0.0018940868636549632,0.008390509132067393,-0.03398971391618708,-0.20201457465768938,0.07644625683946525
gdp,0.0785214387674385,-0.05917864913144976,0.13099008416561428,0.08534612428023301,-0.035347013893287434,-0.02836196783903253,0.0513974427298446,-0.04218948942642849,-0.11414508871352733,0.07126947178557543,0.03091191836325924,0.07709096315398054,0.022247223768336592,0.019842750349664696,-0.037335051010678195,0.016675462746005502,-0.04065894449265681,0.08256354325587745,0.12731214960798798,-0.0087239933342276,0.10507900138973018,0.05512204464594486,0.04250060708543062,-0.06848805282419777,0.1353031363251977,0.057628402373073324,-0.015207900251128136,0.10894908918401303,-0.13943545563675708,0.12291818933386094,0.00974754515427298,0.022766488654601756,-0.0965942122340483,0.12122765155666501,0.021695806042515097,-0.08794290979198285,0.09955499836535675,0.05279240737475605,0.011516843487715252,-0.0686981124545101,-0.07757776594872301,0.029608138266234867,0.07213721366772274,0.12134246143026073,0.01734046027057532,0.014371734421937902,-0.008653511386257737,0.07831912425158138,0.04187994587808835,0.24585114874651443,0.061525289983024964,-0.14480101326788772,-0.17817599777798301,-0.0958263279619723,-0.15525055548669173,0.049486706960159665,-0.009647525266368402,0.03967696597305698,-0.07604176744274674,-0.15244909481693636,0.0010180350832005493,0.11832514725967219,-0.05525279974567819,-0.010413726638620814,-0.00047123877462380837,-0.05064515422576817,-0.10543108212813225,-0.006069995990786448,0.15501055160200047,0.0762420733002753,0.17087006563437196,-0.14611408739920514,-0.052774841603881746,-0.010416940623310951,0.07737100527432292,-0.06434364878575062,0.055844629377768434,0.06611564652750984,-0.15206297723005052,-0.08229596896067287,0.10546969601955836,-0.02532085518014769,-0.02717123085640973,0.14851667335844665,-0.023291245211357878,0.022937928221217943,-0.024855425766555025,-0.04647829003105026,-0.008793786283620916,-0.1724141299256171,-0.08040753033604851,0.03112224025485076,0.04130552347303817,0.0700647069009178,-0.042075608537039164,0.22094425046056734,0.08063810503529857,0.08932224229113106,-0.07715672518669095,0.05848543373489731,0.05583034668709787,0.11978661509242194,-0.08543850234945226,-0.006763608497407453,0.011399732728350834,-0.06375626420894605,0.022516024137749953,-0.05070131043752735,0.04588997271458156,0.012114886007894149,-0.02948814648926732,0.015352980466304185,0.10575023568152833,-0.05807280064314363,0.0790579146137437,0.10438980808083873,0.05342134080567572,0.05977273597748526,-0.04878479231816375,0.06893639568607396,-0.006415403545067047
gold,0.09763848104738962,0.0008009115665632344,0.019542094748604546,-0.05649896094211216,0.024923372272481228,0.018755723997578442,-0.07494814553579782,0.003920848255703988,0.09059321026604016,-0.05309142775854171,0.0616070176640024,-0.007763978631897264,0.010175560185640933,0.04360339978960859,0.004282646495541895,0.02880560700827594,-0.008939233096193372,0.0318080957769505,0.005281854166316723,0.0821249581386626,0.02463628222366961,-0.10365511081160822,0.04027085124614259,-0.007008596508683337,-0.02404710181373671,0.0031479248873417295,0.08605157306536501,-0.06635292393044723,0.012800309405779264,-0.09583015359129085,-0.033534419820786296,-0.07278502304409451,-0.06596383777490128,0.17945784507681972,0.09390346751434304,-0.050714688464819246,0.06097492514922841,0.07162494465050973,0.016235967047895806,0.039740553874619694,-0.0369374492752679,0.18101732058604067,0.04773113225999809,-0.04941265552518851,0.041258135458828234,-0.03716392362586587,-0.02914039436468389,0.006683325952293137,0.011199846842015485,0.01795162841016277,0.13902606557978872,0.10956626970536529,-0.029480902552696323,-0.03714213309833294,-0.11809881998037361,-0.031733895651594436,-0.04150929232412977,-0.015392635211662713,-0.022476051573075487,-0.09667125696122003,0.14878751915730548,-0.05705234789214755,-0.10501552087186872,-0.15218996013801062,-0.06182815948782384,-0.02352806552678033,-0.003972570440690312,0.21772343478992073,0.1105388832897802,-0.09120614286154136,-0.044431286205643704,-0.0957148072357047,0.024889079345988697,0.05041325084115266,-0.040914043595699924,-0.036806900150475004,-0.11256930882822043,0.008158588268640854,0.04464563133895511,0.05257379817671689,-0.14179813744581005,-0.11813559036632938,0.032268342354577456,-0.04442421808878397,-0.10011031678225016,-0.018163930378219558,-0.08158417551007606,-0.07205230778056337,0.14264476190312383,0.07193353223529027,-0.21877700805322808,0.08542077829044423,0.11688819101572438,-0.046566130688601874,0.047054203908938705,0.0534608875252426,-0.10199693850062694,-0.15242143923222898,-0.0073183222800679605,-0.11902269700646671,-0.07036099979880014,-0.12070560343278405,0.053015370766657625,0.015616192687412047,-0.12872204510282992,0.09837972084473695,-0.030831816426187528,0.02002788636424695,0.10573591165249561,-0.09702435062709441,-0.03272870483091522,0.12961540374529557,-0.13481299692207907,-0.0006119262756788257,-0.017192957514445998,-0.11678185867563072,0.03359892698552146,-0.0075698842556432555,-0.11128046448267656,-0.0006488804384865016,0.06749779407688353
gold price,0.022896956524040852,-0.15049223214613772,0.13818208770123006,-0.14910473219066503,-0.004686394901773441,0.07607921899958144,-0.009740808677351083,-0.053154009273348006,-0.08154986318234503,0.025912820141259094,0.13913395231966866,0.020418786347777385,0.11414066379949299,0.06234684691294733,0.06015039062818622,-0.05745994113193723,-0.021910455779580545,0.010800782259032448,-0.010180849521493063,0.1189036764185675,0.005435841589579833,-0.07051145393321488,-0.1534244813661161,0.10954173491463366,0.03208743643196474,0.03118680632996844,0.050662473005005114,-0.07557367580453436,-0.041473188099104254,-0.026024107260132778,-0.009299685119681874,-0.07307272686236979,0.05661731278932812,-0.0012043739888689398,0.08573251854770347,0.0004224623835824108,0.004281000689021431,0.002888480825230289,-0.038785936616838046,0.06579119936130168,0.013967674093123765,0.06587673538779057,-0.04402843432786052,-0.10039546752921025,-0.07182401739866504,-0.013593639302119175,0.008605955704559486,-0.011338963350750582,0.054174046086101074,-0.041567756360151975,-0.07111241159011125,-0.12169183501099502,-0.02692243718918104,-0.04958070505261907,-0.04056999869329189,0.050430713491602816,-0.05472253536442603,-0.06677232793443658,0.009302106129289466,-7.737880719659897e-05,0.017693676801808486,-0.06753518063621103,0.02668572262339637,0.06274736834506064,0.049303202157680234,0.02465185482668081,-0.052388166907722425,-0.13318066204758194,0.04777905936298336,-0.001312167437454985,0.06206835573053533,-0.1010806515346363,0.03199467363295322,-0.10813108749183184,0.04065547213003521,0.07431400915809559,0.15566105534280184,0.025313051644145455,0.14130123611149425,-0.14476481687977888,-0.11980522951156669,0.043846066070230096,0.016591350512269284,0.08173325572717502,0.03616644012397311,0.11186136254724129,-0.12571875436962246,0.06788183053125113,0.18465418120110888,-0.027341110594164816,-0.06466143286240332,-0.06819483968548509,0.012162815257678775,-0.030881978480246083,-0.1379081510374692,-0.09340034428905619,-0.01323257360408418,0.1295114172206142,-0.04115282615686443,-0.015310705606496083,-0.0644230291922634,-0.05290369728629595,0.07213216557854901,0.07767475337402262,-0.10161291027784561,0.04581711868478196,0.0780187314669077,-0.12093795902612409,0.03679667673460197,-0.03456734104251482,0.045554883218091015,-0.02566557477344484,-0.004910127393413396,0.00993891547991721,-0.03490398188393826,-0.01741894968740875,0.08430388100589589,0.1383688810433506,0.11963382197132552,0.013234872214947943,0.04604219350379505
google stock,0.057023809574334255,-0.13458167296164406,-0.021755976627906837,0.04128330499271171,0.05942634262953433,-0.08591110975687348,-0.00979513103563111,0.07960913563266116,-0.011999267913468488,0.09932804123514613,0.0010463704170080518,0.15880299303691872,0.08368404573368346,-0.08906993940048298,0.2157332273730742,-0.03496033361648369,-0.042791097366681866,0.08845241271665959,-0.015812085381169894,-0.048247952743660096,0.07883852663427167,-0.027195712309535467,0.16149553258296037,-0.08202007344548282,0.04606051455328887,0.19315225774925748,-0.09281070235067607,-0.11491458895771153,-0.004880978315842818,0.07630882740496862,0.06631637881302485,-0.026171097919904168,0.21120632715974624,-0.03513783840256074,0.17817272935518225,0.02539706107529023,-0.1462916676991547,-0.12881607617418242,0.037788868684337854,-0.12302259449878716,0.1913488570701942,0.0034083404544770265,-0.0006739561064253233,0.20166929092696556,0.21085669730999204,0.21915360715899102,0.017185191968865518,0.03310623345937143,0.10652389263587264,0.06689260976036282,-0.13427073383360633,0.26540905659849556,-0.0398047483524112,0.03079499788340069,-0.13052580453632345,-0.029430068771404527,0.05606875318450125,-0.02933806726718578,-0.03868424864739075,-0.0012630432747503528,0.08867692940980082,-0.08676385413381747,-0.1205436790206618,0.11280049174831462,0.006368201298037689,0.09051620724835159,0.12720457089051357,0.07721042771497129,0.062107544147047465,0.03183134217551131,0.0294588338933503,-0.10539758259574031,0.05023357738119582,-0.16112744724432612,-0.15944911995351635,0.016761985958008055,-0.008530479016461711,0.01412791500518653,0.07510504162399265,-0.004532119355096287,-0.11488680624008674,-0.06222854732081716,0.07216289744165208,0.060423917928194404,0.008781882440219872,-0.04751182260663433,0.019944785879275194,0.039155153851739934,-0.02270230995988269,0.018577577835226358,0.02160831377956554,-0.01782518970660585,-0.07965539095242076,-0.004042009839214477,0.014481580517673655,-0.05593079453244705,0.09682317491196915,-0.04615845169292657,0.056080443132766056,0.0408106235411241,-0.02869226951730651,-0.04423308371139734,-0.11895793689853502,-0.0276018091392647,-0.06493260646830545,0.0018014740974436755,-0.0041847636229919785,-0.03726807556424488,0.014596692729355484,-0.004104557493736782,-0.03275534288085888,-0.01665032930714505,0.05045213094479908,0.032560599454121326,-0.006621113923592423,-0.023269587496607146,-0.03414991969805296,0.053042168248944775,-0.03506869153094855,-0.06910879135595457,0.021008324069246326
gpu,0.040650885662352275,-0.17752955434423182,-0.0019031036229703122,-0.04988483503335038,-0.028827274975932182,0.05112495914987085,-0.09051147161934366,0.04289320714977442,0.08558248950471022,-0.04836890095931592,0.08902359945187058,0.0643663941983134,-0.044598993836253084,-0.023384258691847494,-0.033197671912758596,0.013015792231401525,-0.01629730804705015,-0.003456884886378108,-0.05759073062745507,-0.044183871772475264,-0.029916867284185113,0.05275432087107776,0.10601643568912039,-0.09379064933576275,-0.012740117977250668,0.03494852774828166,-0.009841090188668793,0.060959061896952355,-0.09577811709967518,0.004896773992934034,-0.03128190303608171,0.03615379791266995,-0.08099054902513023,0.09180953185073559,-0.09689938283669154,0.1227857148403571,0.026804437423257103,-0.05628208979712204,-0.12604175225620629,-0.04072894720674475,0.05815923731105134,-0.04454645050023044,0.08609861478853821,0.026730997888295582,0.20457664440866574,-0.010815822364856873,-0.04563686898425176,0.03410005544368594,0.015603814510863227,0.070535006492378,0.026900577557797012,0.056270476151655875,0.011777754664053805,-0.08316982152089869,0.04637187315975384,-0.0799995578887854,-0.07352438480950003,0.08091697112849325,-0.12497544050412898,-0.033733489779396136,0.01316252641176833,-0.0023419942579108646,0.19637699354797264,0.05300757178634761,0.05017103351488057,-0.029706192064854794,0.12629843547149486,-0.14917635079997446,-0.11071472516096223,0.011637916995692561,-0.07659723501536392,0.03432362535588372,0.029212008983543376,0.1268733966680064,-0.07013228146343907,0.14666517027378762,-0.009450535213665588,-0.07092416519601219,0.010860952507026386,-0.018216191518471772,0.18142287744424004,0.08138106094999636,-0.061220516576171835,-0.05533562021544408,0.04031067076535566,-0.07284694443416498,-0.19480267974618476,0.17147376768998318,0.08707709689129224,-0.06439062593726148,-0.02191686519978395,0.002834549282123594,0.04481503777130417,-0.1122555408647423,0.031425860220671474,0.03145699552478712,0.01113311884680436,0.03526036995855629,0.005900123159415266,0.03125285785064992,0.0657143461626757,0.14737541400973225,0.060171364502020735,-0.027787256862151895,-0.00814539349472583,0.034863698831078344,-0.03994254853607922,0.006831029068246446,0.24269243903558638,0.032141889833182245,0.01613629518842951,0.1038291470747425,0.018961387377963025,0.11286561455293591,0.06816425207597754,0.06973679649196012,-0.048364348002936264,0.1231154075441302,0.11661000107637524,-0.016374836421586127,-0.03855551262066229
great depression,0.03838111002177587,0.017713793539941066,0.10796707474376374,0.23213120445185367,-0.0022942617108746566,-0.11711744720481232,0.24912904235957792,0.11082625541429934,-0.013384871915400061,-0.1851014292329782,0.11525047066572168,0.0362435367558099,-0.16525351879685843,-0.07662630077741261,0.04860436635849779,-0.03415013878996646,0.058449471159503254,-0.15722049455278847,0.006030391898486476,0.004149227835706957,0.10491891380854255,-0.10501592652374087,-0.05047861989349221,0.08970333520359351,-0.1549671818981466,0.08360902116755603,0.023885187099952944,0.014006101397858316,0.07060512438315371,-0.01495502707985693,0.030713216957315673,0.03019129416610973,0.06232451143653266,0.04309435833775829,-0.0678356362557418,0.08327219968507713,-0.03232329347588446,-0.07928846835092347,-0.06664400631652298,-0.11006148018487713,-0.08189222984835627,-0.11837354852354806,0.028792954533550706,-0.1544307773045073,-0.1295737375449494,-0.01692832432117508,0.019924472867411003,-0.025709673363239913,0.14527843236594376,-0.014676641180819315,0.1126103263353516,0.043560622254420533,0.07740314226570295,-0.014346283838640617,-0.0887464654501933,-0.0409423013757067,0.12256266478932958,-0.12204104111082119,-0.022465482302590024,-0.1329718174015226,0.00940138994124394,0.09254086917513965,0.012105823635209147,0.1528180577363705,-0.00359855205115661,-0.10420777843174145,0.09547694056182139,0.13526698839262982,0.07092649452054248,0.10086395791417865,-0.007042954514079665,-0.09256212798575571,0.14976431480109173,0.0660781628286279,-0.014724854771830234,0.05126972478365241,0.051560146387813005,0.00909033480077151,-0.11893933674445242,0.07169334415449526,-0.04042041882190525,-0.019050661590732487,0.0970833730988472,-0.07174798634206886,-0.007748954496218971,-0.03837711602974334,-0.06122164888221686,0.04041516424545412,0.055119747260718346,-0.03052293955828446,0.003396863106914949,0.07118334631341847,0.09517010637772015,-0.05586118669779866,-0.05830287509928954,-0.09952791706474086,-0.030651516845592496,0.10802301878469922,-0.06448528321864697,0.011058389716429334,-0.03780743133408368,0.07558800925737207,0.029943437729720426,0.14495611505263298,0.035533926562061356,-0.043766445076133156,0.007449155270565652,-0.0581050199322965,0.018040871901862772,0.05676626361035995,0.05933765729181828,0.09823338242500856,-0.09020735737380783,0.05873541105586141,-0.10810768697254321,0.060158685352085,0.06852484409135046,0.08272974669866676,-0.03980669508081043,-0.059742944453559994,-0.0013721548276990313
grocery stores,0.07207480481780419,0.05041829668650214,-0.12630346428841357,-0.03180478826799662,-0.04049717449022016,-0.02147175519263281,-0.18958425340647875,0.048424033387003504,-0.054444094208704115,-0.06430162906379518,0.22890441216328644,0.05944638080150355,0.008468353377906671,0.027363429057293134,-0.10621908690969808,0.06685005690565334,0.03732049335520843,-0.002445212878132817,-0.18238644236956444,0.029742836211303955,0.15803370780017495,-0.08593404425940979,0.05370871670699848,-0.014869924718456405,0.011621294488547505,0.026946652754437368,0.017803086501377498,0.09064412604765773,-0.005066104563685886,-0.12757886563633028,-0.10195953332692981,-0.05668205828656986,-0.14617775118056842,-0.013347389172408408,0.003087601014750939,-0.007229379755452264,-0.1073205149746734,0.025747840428878916,0.05338899859588701,-0.0015597353168482035,0.04408697340789449,-0.07494309924032272,-0.09031418304172555,0.045857194831420964,-0.05955504370853829,0.08207778333246904,-0.12689484306752882,-0.041991738044427504,0.11176308229465476,-0.07887254265159116,-0.08080322464665751,-0.012658596745486923,-0.05159158272047154,0.21118664627278708,-0.03413501762814838,0.04146388729279621,-0.04375773882564966,-0.21714868614832972,0.0791430735806747,0.08154454389362376,-0.054147204265353334,0.18042194450328145,-0.14908564220762888,-0.021293495703903847,-0.19587375436815627,-0.12862713456855793,0.018487040958658968,-0.04629765280347639,-0.08126932524804271,-0.01687381430828671,0.051561159896711437,0.01634802007048343,-0.09970673841891638,-0.11794043882413824,0.060780145938934826,0.08336310587868723,0.0651957279913574,0.096403037280053,0.016609328069677742,-0.10279488774733703,0.04454014238788798,-0.01943522138491781,0.11460037507313334,0.14300747183299586,0.1145735076653461,0.016741672416261993,0.023204164171674535,-0.05477900042240716,0.023321538299868542,-0.11091822616716536,0.03804555543773414,0.018358325363771057,0.059957315886381285,-0.08918004294017517,-0.007523898210842262,-0.018815069955162064,0.03629534522788511,-0.022767819360445612,0.03465152191529952,-0.133222521573414,0.10140000956859456,-0.007230881253499672,0.045634965688891846,-0.07914380607690157,-0.02295393476572042,-0.13810947745697386,-0.026313289848868736,-0.03634875825999652,-0.10412850573666545,-0.03059532293700494,-0.038114049021048244,-0.03663374351004977,0.012289997674614313,0.1387180262568778,0.09231302167631414,-0.014950517958071334,0.005862571653438106,0.0609514502562008,0.02742676995909719,-0.022102167313444346,-0.020585766308448668
hardware,0.0916452676990668,0.056086701021568104,-0.09639152548885163,-0.04883825894405161,0.019344885290480493,-0.01477836288574581,-0.001203391545681207,-0.012649138022057927,0.02584174823411431,-0.0812371754266812,0.03779385804769903,0.04642397733848293,0.11414109804417953,0.03418039241619865,-0.05273096287562635,-0.012721881360774349,0.03712700085763628,-0.033478935198242826,0.037356436822557904,-0.03846683256804134,0.02209514567122288,-0.04209896178619465,-0.02383114682971207,0.0093259704317558,0.09257337127126578,0.04614963928059393,-0.05554765274689735,-0.04093058209635065,-0.005974553725254856,-0.08180044641037125,0.003982188223633696,0.07490138990049515,-0.03797430440770899,-0.018002099651665812,-0.061131017913553895,0.009414396734718566,0.014157977818074149,-0.02692280265587055,0.04105385190905793,0.012820881357610284,-0.0227158450074831,0.04433472423039937,-0.04162667382512101,-0.026201350701519806,0.029898759910466824,-0.0357458612250711,-0.050138565476618185,0.05534610032434779,0.025826187039870545,0.02914385334289306,-0.0013255813711988162,-0.01572896842044261,-0.008751793184799862,0.008616504726955222,-0.04635377199890379,0.015233778434992629,-0.04009577501486334,0.028779303245635546,0.02878322262920842,-0.02949242657854728,-0.027924375109501118,-0.062473482295760205,0.0680831955416272,-0.010409476431490424,-0.12027311745375656,-0.054295757884065037,-0.02137280351491152,-0.03365040831776507,0.011515589556791923,-0.025438040862723832,0.023932575364328475,0.016279430834509744,-0.09241703123294807,-0.09954204906006472,-0.0033192807466027943,0.05515976989063022,-0.06077394246004163,-0.002417121433256439,0.02529502265935945,-0.034418029230569955,0.008724412248652995,-0.0012766966550092212,-0.08160915687609945,0.03960275259784191,0.061007903377539134,-0.061367708347190686,0.020079586663953597,-0.04256081591552491,0.056963323098971896,-0.02096083948870732,-0.03454883627699421,-0.12500172029004233,-0.058188638712201694,-0.09884196287688861,0.03656417944419462,0.08514463312231155,-0.04574266355602338,0.012792210094631542,0.037624601198004176,0.13428470251608265,-0.0375356277247979,0.020611382302878727,-0.11443528830033962,0.00039823892214021356,-0.13384094992231896,-0.05678696824972458,-0.02201035373826892,-0.0692074241785873,0.021585086331471725,0.0802507474812755,-0.05928924599184669,0.15520792630926933,-0.27132593090058793,-0.02606881598311741,-0.08149602006634885,-0.004106016259964502,-0.033936918428646115,0.01839657304473284,-0.12111319894148911,0.0006908208076914328,-0.13322087642186753
health care,0.0972551373311324,0.03592061027498031,0.024825018308773115,0.03193618796770947,-0.029659318800257038,0.033972506800154505,0.003161411654170436,0.016932510897904155,0.041579933335010665,0.008690662561141784,-0.048450520366549205,-0.004059386598838777,0.028008509908030794,-0.021085338284172257,0.05435794593221078,-0.04936439731676716,-0.0030704313376459717,-0.04222267968675492,-0.1525930387757826,-0.0021598581481156454,0.03878895088978462,-0.06643562987584997,0.011398561212065693,-0.08177250736383658,-0.0319238468838586,-0.09141413717663897,-0.037381555171210376,-0.08505821106936841,0.02021424075705486,-0.06425682677461522,0.05297963106048842,0.08956449195547543,-0.05921189252683616,0.15509697764598754,0.027274923647532326,0.12774359315809797,-0.040439602724142855,-0.10180777413179287,0.024345228948892995,0.15185841097158145,-0.08781775213208352,-0.12708174148625007,0.08443738793101926,0.03242018752979411,-0.00884049484194975,0.08771073500609547,-0.05280753948959846,-0.14061802940605686,0.07842749478657851,0.016300911648215573,0.013515416716478896,0.008286741129182259,-0.02707254506053333,-0.0066615839799058045,-0.07010905533398414,-0.1484622932604608,-0.10978469209405567,0.0676805229316882,0.07167234279450432,0.08510088398946894,0.013092580029199826,-0.0956418015332787,0.07665732220014095,0.0006140411427434096,-0.20135673214054833,0.12264869886562632,-0.15277224789143667,0.03522044086321635,-0.006432186965443423,-0.013253770695148047,0.08718019942313363,-0.038212672660232205,-0.0024250918541423652,-0.019616972470941074,0.1377602258666664,-0.10576353596646842,-0.036421789904905064,-0.17692515300836037,-0.08705609444311488,0.04957444627651859,0.12660842230881902,0.055474535065968444,0.011538903461743178,0.08482125582152471,0.03363153916783465,-0.024350103285943895,0.025935298656568226,-0.06342892639284974,0.0749188537377417,-0.1311287064475575,0.11732362234884837,0.02879417014838855,-0.06459175681362421,0.039384885822429536,-0.07020088546597467,0.059142026248165294,0.060471910479290285,0.10007547684981406,-0.0695871816933337,-0.059808475985494526,-0.21356563169534143,0.013479711217111265,-0.028316773561415057,-0.050742502366570914,0.009726781108477453,-0.03245271943418733,-0.05489823903399006,0.13388930787219117,0.010545519712860052,-0.04655189204732778,0.10172987043773839,-0.07502341224619836,-0.09537912065027249,0.010879707999333299,0.010187874809330484,-0.12978275203762313,0.036156032304384564,0.13599305059531133,-0.037945267375614225,-0.04305894155129363,0.05058810152855506
health insurance,0.09569764515567786,-0.005212192200709605,0.05997001180811996,0.036288240837587526,-0.07318887365004866,0.05586618439629551,-0.11590219036271641,0.035033001321337034,0.007305810111404982,-0.03954075067519254,0.003128760761317079,0.01379567211710347,-0.020799607977865092,0.01660513616062037,0.0016769714974160183,0.0004418476576937532,-0.11241441230266522,0.010455316521375553,-0.05391753833019591,-0.006679045136662839,0.062487028786833015,0.007062354677991593,-0.0015585962231103676,0.0736360445414465,-0.041911580391041044,-0.019153761360890826,0.07128680837604158,-0.02315616484441065,0.004933087083985568,0.03604624908649637,0.03394322207632743,0.1216368376597738,-0.06542307284743432,0.04329509082326903,0.06209523300515129,0.09086344875927717,0.020103135862803892,-0.13127160583427477,-0.049563806783307136,0.0416829634756062,0.06949542138314273,0.0654611887366809,0.036149783685420954,-0.07106777900652077,0.054208345087797996,-0.025606209117044455,0.026534326153214514,0.05785925851217398,0.012814900266315018,-0.0009828108768436053,0.094363544266417,0.08664451108404728,0.08504671274642495,0.017484161122537256,0.03925747751580269,-0.052054661228393376,0.005940979531228213,-0.0907448258868157,-0.008768270201037584,0.01619901029523973,-0.05932932430185433,-0.07061362905100581,0.004596628283748273,-0.15253135681655633,-0.08512422852716545,0.01247721057708219,-0.03211487428708443,0.0058440841869032215,-0.02086809035798966,0.09527345650803198,0.0681364789604832,-0.07457750621688,0.06281498946102289,0.047231756198069325,0.018535834784763637,-0.011387178152304167,0.04939101460644448,-0.06595960043648313,0.058576016125256036,0.02551640744153194,0.04677670178261652,0.028889513302032738,0.15995275726022842,0.17182326334937076,-0.027671574520724836,-0.20914416146569328,0.008930154016425733,0.17852553893564077,-0.11595997718459697,-0.042628637695919035,0.04856775248884899,-0.07577134089223472,-0.0536831842375691,-0.04177359802517959,0.24984156888297826,0.09448267988567007,0.01635796963281386,0.05150589320108392,0.11011923694059231,0.1814472321601085,0.03150885846852516,0.07274090374637684,-0.0642557612501002,0.05133716392161075,0.09204141315435416,0.01839532474240272,0.11628105358699178,-0.019694829686862342,-0.24120263765605185,0.06458745520165027,-0.0587310724765806,-0.07088405834125218,0.0012402970346492206,-0.00980492973289053,-0.028219089825789176,-0.12996890718173076,0.003190988418954776,-0.13719134418136025,0.0035571527562043475,0.018630754410806437,-0.06114360941479999
health it,0.03469801882728093,-0.18049626243362193,0.09491490444835933,-0.030389976485661514,-0.0031579143109151104,0.057159526260699076,-0.006849342375421174,-0.037553501943305305,-0.034048587936392434,-0.000653518172217582,0.07583860487722673,-0.005698048636197581,0.00612652228064577,0.04706171334105223,-0.012643592322368863,-0.02691001835247004,-0.010284070505784192,0.0517050834151751,-0.06931202846651269,0.016962729712658883,-0.02491014999764273,-0.00810878808750992,-0.11000137440486024,-0.028519663923912315,-0.034077882314197915,-0.005822058974982638,-0.040472281460111906,0.02412570943227684,-0.1531595292509798,-0.01886926785152456,-0.048266298271660006,-0.07378700623306404,0.0025666273311995627,0.041082187342793564,-0.06580290977150005,0.05399391707336373,0.03559164284167809,-0.0528708676368278,-0.07039217690680251,0.02102718391372793,0.10352286575759559,-0.05899756819535919,0.021217346722843,0.038594979721735784,0.05625286149834536,-0.052465467660189904,-0.14637228755641563,0.0009176554109769537,0.12778654017826246,-0.029069702571971653,0.059822158777919764,0.10085998505918115,0.048875986192648706,0.03554835247882057,0.01972307187982284,-0.03742395517723895,-0.013818341820795665,-0.15778101199205685,-0.09685609092312544,-0.06208733909681171,-0.10853210853485533,0.07439776271083676,0.08727267320044872,0.08229156698813395,0.045930193268999636,-0.10219016251397603,0.008102642679432219,0.03037336180219497,0.008602452201569544,0.1521663137885281,-0.004768602396977045,-0.02667317488990282,-0.04806889133148069,0.04298525504758966,-0.1303720700302111,-0.026477481401582396,-0.09992012374834437,-0.0019848227695664343,-0.07970550110168154,0.0034210540722379047,0.20276080545243355,-0.02400065957475791,-0.103282707287597,-0.041336968040467624,-0.08946601521384608,0.00623841438639589,0.12703774181808078,-0.029187859279458453,-0.10830669130918998,0.15482282998508873,-0.10409628102086652,-0.04693021366931946,-0.06325728870376843,0.07244710406048824,0.0472769281779536,-0.03961308190631845,0.048084119118769364,-0.006432043646276975,0.006210218796089895,-0.17213539716937062,0.13008480740530437,-0.08120899530467773,-0.001714463640196097,-0.050687504445015234,-0.11373719743298043,-0.04329255960605769,0.0460240395632851,-0.00828908877467658,-0.1289247883788586,0.030148546451267723,0.1621963078247082,-0.0179158705149224,-0.0954662496022387,0.029554598901205733,-0.020966992200369704,-0.04362945336807219,0.011240400329888135,-0.06797230634824772,-0.05867792712757086,0.17185858086560052,-0.09147531185724395
health services,0.10003441361746543,0.016426614379905134,0.04767214631702847,-0.015159454841447194,-0.03389726369445961,0.047348602660919996,0.008408641113498549,-0.05183399863723403,-0.015469861222316469,0.07316397943686405,-0.04998689462234996,-0.01287018993816158,0.023618870104564094,-0.022892929101671913,0.021910646887533296,-0.0166423227139723,-0.003964930975364982,0.04027582922766376,0.030174236797393974,-0.04568200686340745,-0.007707053546055822,0.0070327873749238936,-0.030965113488418527,-0.012114789782603235,0.00409399742806139,-0.08028276688005538,0.04536278729341237,-0.011213818006142844,0.02080277619875331,0.06643597185226718,-0.02137609407439069,-0.035281092630440145,0.04335973006254916,-0.013268818352292842,-0.008409285461608454,0.06262034786593608,0.043224881501971714,0.032268887390512035,0.030496235813792835,0.0019640117762837576,0.0025211695013281055,0.05796537044898163,0.061046283005752426,-0.0031031846938401157,0.015791947619150752,-0.05516580543264991,0.014769282167602754,-0.037712137555573545,0.023839396674179135,-0.04316579182829627,-0.07571986188432887,0.022618818273300603,0.10618952463714665,-0.05338108561689539,-0.008481342562171819,-0.03682383037691211,0.04497825734702056,-0.03254349424518882,0.062724375975642,0.039654066787681574,-0.01591345464948961,0.030360920128393386,0.076590477245499,0.04974810775828174,-0.09069292654692186,-0.06724636658563109,0.03671126283831801,-0.18621035249386156,0.006985562365128588,-0.14261371779580487,-0.006876535265303681,-0.13961282227858185,0.046835186514906466,-0.11480354245718971,0.027980736963069096,0.006259748195575475,-0.023715935793622515,0.06047599247616595,0.07020133901842823,0.09522866027471705,0.011979546623315778,0.10031277506928443,0.043757865936517315,0.04392152998653756,0.013698326110060022,-0.0011882598618215153,0.06683947724586474,0.01700634785814343,0.14306616380427187,-0.0203348989232027,-0.06238893442169423,-0.05908142047105588,0.05011458554361807,-0.15624880535412242,0.10657887406379521,-0.04393914930095369,0.0628502629641744,0.11367757289841444,-0.19654232853680698,-0.01277366589003296,-0.027656579331182977,-0.12890004782728828,0.0015039963055955173,0.1060259274756431,0.0508013302365974,0.0660121515226276,0.32865409174375065,-0.026487581174881945,0.19761546309594546,0.028451190126789736,-0.1526867877825359,-0.025278494999361394,-0.016274809466861356,0.047757100198335956,0.03842485513257951,0.06938508198029505,0.09949178488787083,-0.1002645692301055,-0.12217035945002207,0.06095799510259428,-0.042760572014210615
heat pump,0.05850062913249062,-0.13506383742409583,-0.0048748342826978545,-0.08220462475293311,0.02502028578285306,0.014351036296001485,-0.09306544757201896,0.06382941632958047,0.04715280591976369,-0.07599825307929027,0.1634179332305959,0.0011129592991147813,-0.16942593209574547,-0.02341795854074451,-0.03471574178764456,0.0701462240855042,-0.05339805270738353,-0.12600142361026423,0.07879637312515705,-0.03688653303424331,-0.023425055512724682,0.1555234669804949,0.010078256997793758,0.05948024578239999,0.025321407350310552,-0.06495343613499323,-0.02246416150558298,-0.24090960569929504,-0.08295674459306124,0.05688692076474178,0.04603792121558549,0.16316567200664686,0.12255881443576364,-0.12867907001096654,-0.1635161640865822,-0.09288198887999213,-0.06224728698370046,0.10180527393733321,-0.004624543096403318,-0.019012289289669894,0.16769359823068555,0.0593243348887976,0.04542740606021173,0.13107215079670415,-0.08221444079126307,-0.04986269734792809,0.043370309283897644,0.026653557785767754,0.1699406795000991,0.09730372139140155,0.04197488022962793,-0.15722579325065955,0.09044405841836817,0.11125885493876565,-0.01943415670745334,0.2076711420939744,-0.11685863644640906,0.08628302091204693,-0.049007150226838644,0.12155673519180184,0.1296623484838477,-0.08471493880010476,0.09690443313895383,0.013528468199476736,0.05067910018832077,-0.008578551929055343,-0.0017500981907275573,0.016497652104633255,-0.025914658965097974,0.20848608595100573,-0.03214311537101939,0.025920712558167754,0.0348567072414327,-0.0903555799986524,0.15494805458843156,0.05379263847606261,-0.05200399467347276,-0.05438254302883831,-0.030279931448515252,-0.0519900578571914,-0.011385236702243862,-0.07225104475494841,0.06159840367573436,-0.021875264983218762,0.03469355250720089,-0.13160247762110003,0.0851304216525615,-0.08913984218646151,-0.021107019344202754,-0.057303067195501385,-0.029562135745254195,0.04204410186203586,0.07521154375672583,-0.1755450150067983,0.034969795979963546,-0.06253657386832356,-0.0029131935082938668,-0.09814380855337644,0.0035639384002354585,-0.03376618893062152,0.047082530225788156,-0.044804662393171615,0.025502729812734905,0.04160635615319762,0.1234192003052543,-0.11370238498833989,0.03706979527717455,0.024394058166871325,0.012750684001522227,-0.0017925383121900921,0.06432017228771689,0.03888380802787527,0.040750517432137305,-0.062055948821280064,-0.08550608307895002,-0.08273402886499144,-0.01446478647841079,0.07222072310697433,-0.12220801311057253,0.0012200838937974738,0.09275648136276182
home care,0.10070564867793791,0.011284820839692199,0.0027992188411391,-0.06201347478049043,0.018564086558462745,0.015263467987342223,-0.020932833353572006,-0.01034333247711135,-0.014029685628462091,-0.04065477130571898,-0.03746311164457931,-0.05698377434229033,-0.05717775901504747,-0.005714066955044268,-0.00961978839983832,0.049797919820505174,0.009159855276293434,-0.018216598409640322,-0.02427443675486734,0.00787368424888342,-0.011160421929202087,0.023798569731322168,-0.06272323198040727,0.022566036133928602,-0.01660417513506398,-0.002937841357656407,0.0027406477307649123,-0.02688958329352269,-0.03729150266103044,0.11334965003639894,-0.038178354202583115,0.06320266614825831,0.031142987307700473,0.03931829784568554,0.040401063954343806,0.04408105263760989,-0.059393585641987365,-0.041796060330408336,-0.02912122489357117,-0.03968058963706658,0.050330371965590426,0.019872519323596707,-0.05285947740342825,0.054832172282560224,-0.10445391400239622,0.04080326233357237,-0.05530203947403331,-0.04357653870471026,0.010627695516607312,0.005536287903671174,0.03986184706283538,0.0454944840100773,-0.17282105859047442,-0.029897133667424157,0.07703572260504585,-0.07969702319866133,0.005070345441005562,-0.018477005674081805,0.018065821485427715,-0.05225957281726684,-0.06950343368349718,0.16767331590039214,0.05376577727024787,-0.030353217558896584,0.02303064322642993,-0.005503289953893796,-0.0334048958175822,0.021306516301237373,0.10593126473672393,0.056955821106898445,0.021805238791995533,-0.03525203296384946,-0.00880488682114966,-0.15051259425301722,0.02148953761924721,0.03262401234343067,-0.19553570197463144,-0.0712568299740626,-0.0336478656898377,0.16866122717137427,-0.027411083029985257,-0.08700899449593621,-0.030298663265029217,-0.20133708896624064,0.02055444428760946,-0.007882790869025456,0.023855389755172665,0.033218509479363716,0.12446180764960696,0.10055115746734923,-0.048975273951626576,0.07428077977244728,-0.12379670528363383,-0.015489104042016585,-0.024424068493097355,0.04815321309218972,0.015586763485158233,0.11842187874118411,-0.044387768017014044,0.06689693958515704,-0.0442161603329765,-0.08074253624805999,0.14702027081902266,0.03405000873291058,-0.04763546640505463,0.0570181598153689,0.09064231864770778,-0.029597703073698044,-0.0903917573727657,0.17364205848289938,0.12193055152468103,0.0504874063667686,0.17552961843641748,0.07386070156384872,0.014114344380273147,0.07317091374132788,-0.02216975107048887,0.13809910273110956,0.1093692983778131,-0.09659111138381649,-0.16026528290721181
home improvement,0.030913082014202974,0.09821568254850695,-0.10287678717995039,-0.10544978719795384,-0.1020931712723789,-0.000830513677334238,0.14792258401831518,-0.16601813820033973,-0.27458165880180335,-0.2437037642841215,0.028041201008767978,-0.008442897327996732,-0.06054283598899569,0.16953527098478413,-0.11936024412034708,-0.09936779294809703,-0.12257703932689565,-0.09333649039854904,0.02408817081426455,-0.08967687582865075,-0.022696506784426872,-0.008209826328023098,0.032270636811365806,0.03174222270785836,0.21836867610372118,0.1157670413593514,0.047122813261382894,-0.07750313892153546,-0.06395736266924258,0.0737405680917798,-0.04620646829249881,0.0804922152516707,0.019273589948308197,0.014864568247211302,0.02581811091041586,0.09224155748364166,0.1211882461747287,-0.0702810400150043,-0.027978432789031768,-0.018150342580069492,0.07573296952311896,-0.022759629227556498,-0.030491667828095353,-0.07439696892030082,0.004103539360276104,0.06295529964061161,-0.023401454586711824,0.0023572714407420203,0.06485856755072059,0.06869806839575746,0.005544394867375707,0.04088809387301372,0.09241577105954575,0.035767306665351425,0.1269695033489283,0.03795546766005327,-0.03364144669761471,0.10134783737341871,-0.08530623918792757,0.09617051901912174,0.020253147253509518,0.07788899483449423,0.01832051493984012,-0.044840061339293635,-0.14407222258248017,0.01582524509230155,0.09484436125759851,-0.0009677967665674275,0.19757603531825443,-0.018045619784780254,-0.021310739753083164,-0.019334015184307135,-0.14285759499992445,0.04067555996845956,-0.02878686780394541,-0.17005618150454122,-0.00904923435362879,0.11149466431297492,0.09353813446684142,0.14901547136826748,0.0799189845959947,0.005716014592408961,-0.015071479556810798,0.0860429955657541,0.02110581039588387,0.06500854509088952,-0.04382590287618348,0.0011749924835504424,0.018524868728625663,0.1971631235440023,0.060345481173853424,0.09031937706214055,-0.04108469314340393,0.05154927586085158,-0.0172315769001569,-0.07260568592367951,-0.006714119985195652,0.03999995587513089,0.1160502235419292,0.060147837508882286,-0.051146143358355683,-0.1037443524908421,0.010298977195940147,0.011847753793024642,-0.034076018592062614,-0.07148589136942536,0.04120283048822965,0.0332075830167122,0.10305541862095009,-0.05543577284718999,0.023471530361545277,-0.02305074966749139,0.023582876876637564,0.06190871878020173,-0.02784134297445537,-0.08067045346029217,0.024045021858546393,-0.010179229935305817,-0.08973841537731667,-0.025605618187303586,0.07210677401750215
hospitals,0.09683955783585964,0.0638740583637872,0.0021038145969027038,-0.039970112004200524,-0.018138151917301563,0.016508630682396788,0.0067603446135193574,-0.02890298197140899,0.01879650610393551,0.0024985711143209483,-0.03398850994018076,-0.007820894592012316,0.001182797816535937,-0.03817941258104401,0.04728060694873402,-0.002121016809445785,0.009741853482019036,0.05449992139829927,0.006457689325710114,-0.022077140391820838,0.07564368839470842,-0.056240200456508384,-0.034742603600514024,0.027601310816159342,0.035843863823116974,-0.07690289405339298,-0.06364340721052528,-0.0018619256859348753,0.03685702026455973,0.06653228383259295,-0.015075315668184208,0.009209273042689758,-0.010071602758773241,-0.030436002816475655,-0.0029326052378081044,0.02992067899843911,0.020782038125856127,-0.018874636171116434,-0.010914648162283356,-0.002617957911715839,-0.007988244651900664,0.0435410386273151,0.011511361084854923,0.058367176394619094,0.07092030634778333,0.0120340443119594,0.10405812018629773,-0.06244300398704464,0.013305921294316056,-0.12764191646874526,-0.020782603166179532,-0.05818501531013268,-0.1491783413203391,-0.0204015497850251,-0.019058890270253356,-0.023078594361297576,-0.0033148420509725163,0.025460059340821,0.0003550594271260676,-0.08949671433683117,-0.05583380301726508,0.10188230234795068,-0.008203634653402516,-0.08565857663244376,-0.11755359071638405,0.03351666473936788,0.1882983731417294,0.0641334767110052,-0.11885875821358527,-0.012169005749897705,-0.11247402604407453,-0.027033170149558167,0.15692460929558738,-0.01252528384095971,0.08875790361271443,-0.01607967272066555,-0.1327631537821561,0.040973295186828365,0.050436984857778325,-0.061101309469934126,-0.009848851215109762,-0.03546760007021986,0.06963707001771284,-0.05691616776531443,-0.040747757057995895,-0.08314936420855355,0.03891522564113552,-0.014072968162585645,-0.1425426006529632,0.0367281801118592,-0.009501729361009462,0.0763276919955739,0.04332684667806615,0.042260925409521595,-0.04127539133221703,0.09996676919515965,-0.13946734855443543,-0.020598186972283855,-0.024329351309309896,-0.09016961447217284,0.031640043877511015,0.17419722017555905,0.15499592288610242,-0.004852573271203836,-0.042665919408879656,-0.2040493797904858,-0.040963092082616503,-0.0839204936290664,0.1649735143812179,-0.12936643512635082,-0.08871166388047165,0.009056056382979155,0.04455752140383634,0.1638726744999045,-0.14121197269129984,-0.08024836137784049,-0.0022203497744754525,0.03885250211225691,-0.07183814998877278,0.00811243411394022,-0.03879114656646224
inflation,0.04273007095011252,-0.14432388668829743,-0.06327858615677384,0.107382279831178,0.042974881583471965,-0.1319573048917072,-0.03299717037373778,0.027276264782102894,0.0453053227306198,0.15480580202279395,0.1196228125156106,-0.05363482501028231,0.07966221552450907,-0.1053361681289752,0.019209977456868782,-0.004820796874517381,-0.08891940225508344,0.000665205548064213,-0.05390100613424887,-0.06556608789572851,-0.012999672903354253,-0.10161486891553212,0.10159297094135294,-0.13983644473011766,0.14997281960457978,0.085197947741234,-0.034549711865402,-0.0013170582439022346,0.23914436102929526,-0.09529767945219836,-0.026287557394160135,0.11996712868570084,0.12813102601762275,0.07462337298907028,-0.23435391465582991,0.020698826315458493,0.09464363326880454,-0.05397659550078376,0.06630983569761834,-0.023975414425768962,0.11510837226193758,0.11520018682206706,-0.13290784966928845,-0.14033174033875642,-0.05629309273692448,-0.027971513171385232,-0.06645478498462075,-0.18597449646577718,-0.17448245855217648,-0.014996074549396998,0.09316894652501904,-0.0350753885342345,-0.0033613043290295005,-0.07424429709979721,0.04873925686530758,0.0812725878234387,-0.0001648735840000153,-0.06757347679345302,-0.038576267712007846,0.029746585516460033,-0.03323147481675072,-0.09428216116941006,-0.11620208241677434,0.005520212362679635,-0.012451918022899973,0.06228168282454101,0.11535161861532903,-0.046917400810666005,0.17623621790765756,0.08541816660532645,0.011572133172529961,0.09525932669825682,-0.05067951024034243,-0.0696258740218705,0.044042128972634764,0.11459970296368652,0.09812585129287336,-0.00070814272356369,-0.020338017568571815,0.05493976471965185,0.09325850848344824,0.058452937522309,-0.06114680616150571,-0.15412352024469606,-0.002945729778790686,0.03677697478087085,0.055724924817642435,0.02328874865558433,0.042779900389886084,0.06184699834988566,-0.07320025746717927,-0.03912203656328264,-0.008560901138196512,-0.07026014244591289,0.03378906274720546,-0.005169041508628992,-0.008092981329574297,0.13672182034678615,0.043221695203464854,-0.031828808392546384,-0.006765831451575322,-0.004496546107851529,-0.01808245002597937,-0.036760192321022005,0.02671313489880802,-0.0640630792597546,-0.031648580690985806,-0.07904876411470649,-0.024961309522397182,-0.06631291504938434,-0.046364574902316956,-0.032078641595480524,-0.055490407117516266,-0.042295026620632205,0.13643614312372995,0.020544863781494907,0.046400640188030376,0.08803794154660563,0.0029001016062165513,0.04992227621565131,0.02062977003316728
infrastructure,0.04556596988320766,-0.10428764751535897,0.08858678591327172,-0.1370469599298816,-0.15602379677262657,-0.03958239193386278,0.02635669616647533,0.058706640077412255,0.0006486066583093888,0.06094694005866058,-0.05845266373496786,-0.2584046398695742,0.03296014935363674,-0.09759605287620422,0.05091069966123035,0.12506100208716464,0.19539650463312486,-0.07605126520382088,-0.0026895277174161687,0.006545686963866315,0.20721119608916794,-0.18856453098221185,0.074602831423763,0.07366644192351567,-0.08888593998103106,-0.08546388103944542,-0.026378489520771854,0.04954022788850011,-0.01681181100545394,-0.11836303484861949,-0.07242304865313198,-0.00042202497978287984,-0.01466493778432808,-0.01752771581771343,0.08512580826315037,0.017951111427414675,0.03490354964930105,-0.12519581674182292,0.33139612604582197,-0.2637201362764101,0.1310884021100186,-0.1399209744451203,0.0682153365351178,0.0819869317244436,-0.1534364001858122,-0.2247543771134735,0.13801113036596663,-0.01489600451707232,-0.0028076070436768713,0.14572080083996317,-0.18222203691309932,0.06110934644368285,0.05233432492477223,0.043932318005520526,0.028016055442961235,0.04695678643397213,-0.09569088766935908,-0.02703137528179614,-0.195425812920972,0.03669634476324461,0.08132027783591933,-0.007847894173427045,-0.019514910239776615,-0.007222846922292641,0.10329855283585158,-0.08662908534726471,-0.049653176215024075,-0.06725618595525096,0.02058411239230161,-0.0569130733359039,-0.08589690372118024,0.005049258778892865,-0.08367037794486734,0.04789759808220786,0.05103673395297003,-0.11919389348525763,-0.05167233688940158,-0.013816661412531545,0.02249038148187152,-0.00025810902115064663,0.02271987164321878,0.01575300332297859,-0.03794091086608255,-0.0029631413561026915,0.0730534767565837,0.03090653654865047,-0.04927775826585122,0.012742718011460416,-0.0611019700600282,0.08016966822049142,-0.04613178473019662,0.017722506803355575,0.015786013457667926,-0.004292446362847423,-0.037212199574918156,0.02258608886976753,0.009547721992897537,0.06770856517480642,0.06579006019575867,0.02894690324138699,0.0247845033708234,0.018582318530317294,-0.06638698994553398,0.01250593707556915,-0.10215087057805336,0.03200650465241688,0.007608678401256945,0.04184460284813521,0.004958343197549696,-0.039997015278886945,0.0257686450212289,-0.03207915165884042,0.002784080174300728,0.002764964375744928,0.006904111945538666,-0.009463530798395639,-0.012704023419080572,-0.008563857444987291,-0.01132958947225951,-0.06808561347976436,-0.04190040285495358
insurance,0.0993861140831507,-0.012416516919884312,-0.02140428332742402,-0.0121308899453717,0.009786040111939398,0.07006384851063432,-0.021304464950481085,0.0443907570706024,-0.009106656262905546,-0.04221997954268982,-0.03533310985546563,-0.03884154903843198,0.0006718981607567967,0.0119990890078525,0.0005545535673230987,-0.017714184794784683,-0.0422229857459643,-0.07285725869680615,0.0011549753555156277,-0.07871331723871705,-0.03203172443842628,0.043222681897897644,-0.0238286539342812,0.0628765649359555,0.02296074714872678,-0.05230109880618884,0.010258132657955088,-0.018848915394388727,-0.0016905967051839103,0.10674381296063852,0.07076333272443248,0.12063888976841128,0.007685123472447666,0.020554334493024295,0.04693891011486811,0.06957344274678623,0.07987634350306455,-0.07555201070421237,0.00021440257095141357,-0.0331357211588516,0.08013906076526897,-0.01036542596500737,0.04914414871808124,0.09781876844524554,-0.18876594617762427,0.10532087193753054,0.05250313568829231,-0.009543769430436715,0.12426273576128169,-0.08957356483274935,-0.10174375698043013,0.04667723120583456,-0.12098168867500766,0.012383422891749922,0.0838152780556839,-0.16299545991091716,0.04582053192154079,0.008155462667011802,0.03639204914509154,0.0038384358349142986,-0.1696321397639809,-0.1756475396550893,-0.10641402421223695,-0.05726345679206923,-0.020046191918240062,-0.17294590210052885,0.10940262337326108,-0.09095476118286142,0.09425482703729283,-0.16878697953335178,-0.16225602975900694,0.15037239038023728,-0.031883925086462775,0.05777857188135291,-0.0384656274668446,0.10747710448086725,-0.044783850358132524,0.10056044110497947,-0.05501141844554125,0.029480016781408193,0.06426104483090853,0.10610327860440505,0.07192756112197585,-0.0552483683728424,-0.12278885729518361,-0.08454143625319986,-0.032475764219631095,0.07286497512125448,0.08463792218738775,-0.1461528953185287,-0.13225865720045665,-0.03211561660785767,0.07101567958316526,0.11939153922550594,0.029492193770873067,0.09506835464636856,-0.032240626736378036,0.019233301722758486,-0.05245158469228225,-0.07765584261948,0.07899337814503171,-0.14397966211487076,-0.010820415058843878,0.1289942713217454,0.13096766439538388,-0.06484375505901419,-0.06456737841480495,0.01498826781352815,-0.07322981812210289,-0.17595178362985525,-0.09492186822492249,0.10060268617497169,0.041599230821486984,-0.12478714164653754,0.07186998424371978,0.08846788450392207,-0.09981707359202782,0.011708153950077602,-0.0385454394839416,-0.15350095087288793,0.029892509816036004
insurance quotes,0.06294914771511814,-0.05641624295803161,0.07729346822393658,-0.20250003818720522,-0.08399584024090816,-0.026316302911548045,0.019970006333681303,0.06293524921399002,-0.005568487592182972,0.006678589186921711,-0.06848978981338884,-0.09106583024665894,-0.03461680970202449,-0.09705936838725247,-0.0298939473909296,-0.10340085250570345,0.07900200366237885,0.020190432273664658,-0.10129323200923315,-0.1663486613125104,-0.07058043944977163,0.10620862753197924,-0.026435764177236386,0.13703535313238868,0.1753920344300559,0.11555824479357166,0.39001854457759777,-0.10990450552456252,0.18670317882024445,0.2203110841867198,0.25398807315534777,-0.05783295856702595,-0.13707621693473016,-0.05137374172540285,-0.030219700970231793,0.10675961315917337,-0.037805460619721704,0.19145098679408737,-0.02264834335645467,-0.1581452725337438,-0.08467135792570452,-0.06549652801610176,0.003798578298187501,-0.106333436222274,-0.029304942149286042,-0.01637069575846006,-0.06780954349537316,-0.10393310491511737,0.016249619747153065,-0.14835864159515208,-0.08421238903758513,0.021973675130768658,-0.055528226256176656,0.08312262599843012,-0.182668691298232,0.02628647051547993,-0.02968707047156869,0.010586440113384221,-0.12102129453677135,-0.06344368413864801,-0.12129441572973435,-0.010616743998467251,0.015645678933286444,0.028839771882205982,-0.012856876706985536,-0.0037826026257302137,0.03347489409022519,-0.060793069564113934,-0.04341670095729762,0.04955355582053179,0.09109854301398064,-0.01990258476650912,0.019163026663761667,-0.057518749080735475,-0.13295903784076174,-0.05748503791038269,0.026040381897877544,-0.137469132971685,0.019480614786284017,-0.0983243232128487,0.024860325732130553,-0.06470507914786364,-0.021376894483304973,-0.00018972265300139235,0.08662980759310263,0.012418338238402497,-0.016608297807831525,-0.1147734689195467,-0.02305430943948833,-0.03656915164858146,-0.002501529679917399,-0.008775981358092728,0.008437256194915803,0.0030727206407230173,0.06912900464540726,0.026818194616530098,0.044827202264531144,-0.0623419062087458,0.012641508889632164,-0.006008264360620762,-0.030530234029626162,-0.00966330933749581,-0.011452929933499452,-0.017927085572179112,-0.0642211642898032,-0.006567957908712958,-0.03361556678801489,0.030968428249809173,0.06411325980004955,-0.07275507989337562,0.05454588431763941,-0.0745475736055455,-0.06232157042386097,-0.005720428296455006,0.006682628757521757,0.04988711124146304,-0.02716739934721562,0.018180634625346873,-0.015736249234643396,-0.03796250429155273,-0.09877690220903915
interest rates,0.0535916114114628,-0.13532862026657522,-0.07536975550104617,0.1431169660883816,0.1019441592916035,0.019411307497632133,-0.010775712702254175,-0.08653388940605534,0.027023580958340298,0.04333444655968018,0.10633608369111747,-0.00824334414406006,0.07277781480652652,0.03494554775964854,-0.09449177006964642,-0.10369552373147338,-0.03936421852325572,0.010936102701019263,-0.04215414736813781,-0.040167730180294965,-0.015192554418030777,-0.03506161087720672,0.1048676671708705,-0.022554585840244196,-0.15713356711303916,-0.012221356411340947,0.10074640591491245,-0.04578291420412009,0.03158160414215214,0.02561637737510175,0.16993599058938794,-0.08152003375853827,-0.0516292764281888,-0.03026808970889695,0.059729193902532375,-0.11577342943081369,0.011180970509989174,0.02920219538497082,0.06629720455019017,-0.1191408468578057,-0.05344599693386236,0.03337466361270843,-0.07504969076691265,0.013626572429578949,-0.07520156930492572,0.027033141728099213,-0.06116090253315973,0.0035761637561446957,0.018897511882159608,0.09189659661730906,0.051347058713734864,0.06590864746360714,0.024097234638041316,-0.032909947581480276,0.1344878348040148,0.015485186012326888,0.17477200434475712,0.02576786602319265,-0.010079545845720662,0.05101861344646281,0.02053590029631363,0.1578283380035908,0.13270495340040012,-0.025643840003032395,-0.09490530509004899,0.012186949759121032,-0.13682959038650447,-0.09431426135413652,-0.06944821219567905,-0.047009480868508355,0.019898407404187968,0.17672552155382323,0.021491941859481393,0.015463869349818964,0.04622078231642385,-0.05516334814012481,-0.08606777001570697,0.013733172457977831,0.06659841419482139,0.024520199579608725,0.0023646476403509364,-0.12251412301009519,0.05905044963567374,-0.07056389949095064,-0.03487922609087275,0.1408352132243299,-0.0647166409118979,0.0778362018069412,-0.0322587590574035,0.09689035285696071,-0.013323570885874127,-0.07455063297250539,0.029417737145829216,-0.05420086753345927,0.040354260545140595,-0.03383396637546413,0.011637154535749823,0.013466315432213272,-0.15427154905248325,0.0033765197040988362,-0.17893771848535364,0.02480259886769244,-0.09711161858736798,-0.07581918884888325,0.08063121352015104,-0.09457367841264899,0.10508199345847982,-0.07333335954634143,-0.008269998232190677,0.0382934022192965,0.0033021777341471163,0.03592261335736616,-0.0689306140689746,0.005342098007691649,-0.022000977138166587,-0.04609952603678651,-0.127280335115173,0.11920884781790338,-0.12769743918758628,0.026637709755685135,-0.009831649621824104
internet service,0.09421908787517883,0.062385689650031564,-7.41781068418332e-05,-0.05956811000364642,0.010369620113738067,-0.03480173089784338,-0.0525209856563161,-0.009401723331200566,-0.01970646805319248,0.051998521412411874,-0.00832253539949088,0.06843610778237386,0.02878222230464238,0.01199086384477607,0.060427643098148645,-0.01666668490626816,0.03823113087928531,0.017995728960088542,-0.057181506017652345,-0.03617909728366732,-0.01688645120887173,0.03221796514329408,0.039583078661591165,-0.04362843146549523,-0.006775729865992608,-0.029307984506351012,0.02357591088129684,0.02192420866032546,0.004509428805984291,-0.012971342507285787,0.05756634356170108,-0.007228374267849541,0.07823030873592149,-0.02156850499703468,0.07467395461181363,0.07759453709597035,0.11302579581386644,-0.139917322036103,0.004680690444618491,0.025373420390581936,0.004334429820652772,-0.006012815477058182,-0.04355447860848358,-0.004370150605338059,-0.20036633624152006,0.06936839875041295,-0.11972002411032029,-0.016979116730575144,0.14090291278888684,0.13134415687830392,-0.18084594749027375,-0.1019259878113913,-0.13026499499532176,-0.08281821913156888,0.10086291292428019,-0.07033129187492408,0.022408637568815164,-0.16481739335759413,-0.049160202357758434,0.11398437162166139,-0.04501519339357632,-0.02884447937923873,-0.0039140257338854505,-0.012315292374004236,0.10895560030272025,0.0769003584054452,-0.1487907966258094,0.060962589047836246,-0.11576650999288302,0.09133845404735366,0.1820032882331926,0.024219542903323385,0.16808189607089374,0.1088121637718891,-0.02149955993917802,0.006118536034699503,0.20261294257808693,0.040473312261671696,0.05313726942070017,0.05573072573750792,-0.010589729488124817,-0.06346581681193304,-0.08568368318883098,-0.030096019568437424,-0.10267341307270414,-0.08444376310759777,-0.06820467999243043,-0.18325567820989866,0.06778593808771279,0.07043202656016194,0.05180341823557702,0.06987582410780904,0.1069535860607431,0.0681677847002703,0.14925548146722106,-0.06212127703275695,-0.13345971150385533,-0.17322780990983438,0.047692764079345105,-0.024007858730953645,0.014272617165173508,0.039854507533456776,0.12631113357541315,-0.0644650430560101,0.013469464741639901,0.09007713691571828,0.05825342061601814,-0.0834796021832811,0.18098312470303934,0.011855091857285099,-0.026190443201966198,0.08726308393703086,0.07793760321995785,-0.0660150319003989,0.023726970876778625,-0.10179654475781647,-0.08256613633949875,0.018936251931772903,0.06609811530486275,0.03588567934833385,0.02976449048085275
ipo,0.032334943868922564,-0.01561454604555325,-0.0025007596447604876,-0.16936835310977488,-0.20520343591610207,-0.10286394241654581,0.22902000908746356,-0.02316244068541449,-0.1445765584138185,-0.013315158627595365,-0.12187765151859425,0.027382260112891663,0.0586683882033253,-0.16865607913093353,-0.2652250800334785,0.07031778086459356,-0.3586294177510876,-0.1728819331739906,-0.1295662176197886,0.09994836376534746,0.05093425702729003,0.03892825449789182,0.21682954034057983,-0.21647518622613443,-0.03972964156643066,-0.06712907361062405,-0.18577608776283452,0.02158690384966369,-0.03474601424819923,0.07892358038476084,0.07177559275245265,-0.31924271545443367,-0.0052376555023545684,0.003268210319471436,-0.052421651407373274,0.061826591560861587,0.009024354614583452,0.004595346623965865,0.011165006438095045,-0.020015120425872432,0.05413116220127112,0.12055103423262693,-0.07014676736738291,-0.009529608464289609,-0.08877993108856798,0.043767815655017916,0.20095029721623764,0.025636761621865074,-0.0724176658596993,-0.10585551134196894,-0.07173859002403807,0.04742635005692036,-0.0007225588425298357,0.0685894492285608,-0.029239553393886696,0.03974813562407606,0.031142331159188283,-0.06579727515799545,0.00514696792477156,-0.059412720681256866,0.014401317673543482,-0.04589743095601624,0.06670255468807906,0.022834640522206795,-0.05105688239324606,-0.03897683574790563,-0.12850720294209642,0.06098910561241767,-0.10389744216790045,0.030553259239255618,-0.008966244752172566,-0.009176006770236014,0.016382007184391825,-0.023001305144490697,0.04399888310775384,0.09857145542517208,0.0009990314921334773,-0.07683403751221471,-0.015176547514931096,-0.049540274207474685,-0.03415601646144594,-0.039620203455623455,-0.02510927831148234,-0.021552639821160454,-0.06465736534186925,-0.018730562173357196,-0.10916222330609655,-0.0006627257984799257,0.02308355624521341,-0.046426817192850287,-0.05803090954031341,-0.05207498890864561,0.02241391525871425,0.02611322519458289,0.02592342976946503,0.029113132279382913,0.00807348217992003,-0.018150781221057816,0.01987782002384391,-0.001948675812221112,-0.057898198059853384,-0.012602144335928232,0.02948758494055581,0.07152745349752039,0.06898341458180196,0.03736222087801758,-0.023973393627419782,-0.01090618975682986,-0.010023279705776454,0.004956439857898199,0.05792502614509195,-0.00693520704331467,0.0018876400100323086,0.005926886153557603,-0.026446719099528414,0.015518197520278129,0.0004043904644047726,-0.00034104530981374573,-0.05218084913118069,0.05630782763868508,-0.0665991347607401
landlord,0.09711492943142731,-0.03763748446137258,-0.059470328123190024,-0.02275384728783554,0.06882229017856009,0.051025248539872385,-0.019257288217110407,-0.023080457422141275,0.04156068533903728,0.03261178783264006,-0.025625501013994693,-0.02564665002849645,0.04592672693470858,-0.007423971269203375,0.022019933201035666,0.013720325140293666,0.004774871534636958,0.08428750976045508,0.017094168454023964,0.03709513284468179,-0.025887743756976073,-0.028346592040985306,-0.03820632851215869,-0.028763353793303487,0.0042900995093158424,-0.039286165125823364,-0.07886995467442945,0.011030939810657697,0.037266164000926576,-0.025001288844524152,-0.03904381218939415,-0.03292109579359283,-0.028660200068056006,-0.07325421594069431,0.019962693995041622,-0.08907320940661438,-0.051423153986093754,-0.00845918072955633,-0.0038276833212251456,-0.06700814422906866,-0.05656680559356161,-0.09598473932057254,0.01435396592429294,-0.0057779817751058005,-0.03188454208858928,0.06369747929410538,-0.0007678269518938269,0.00754478935613271,0.07080976484577933,0.03599363059037791,0.07705783396356633,-0.06810481096435,0.12319868346126854,-0.0007619870139874488,-0.12769981392719085,0.03851250040575144,-0.02938196226979107,0.05650229269911838,0.023454377014350727,0.03850592721894015,-0.02598455999085769,-0.09644610472951144,0.03504983277292973,-0.11814300864127526,-0.14922232255965853,-0.04255589482818407,-0.06562794885412938,0.005437777663700678,0.09151054058698634,0.15339553083693788,0.04006442063904139,0.02425731010583756,-0.07112307706089223,0.018181632392858537,0.04523777181349938,-0.04857511454178414,-0.06332291143705202,-0.12857455987020702,0.08657973558865487,-0.05310900208275082,0.014176276455371077,0.03533768796425114,-0.14740277878108854,0.016072290941438295,0.002125762895045043,-0.1051578301934623,-0.15165754251740426,-0.0005366130831728939,-0.0797446767655736,0.10174424238830457,0.053810486738506635,0.05039837556429965,-0.06794938019494265,0.13658982874757708,-0.015057570748811028,-0.012136258976944897,-0.00720732202131983,-0.033502498601435234,0.04274723889893821,-0.13562687142974422,0.07540217611423117,-0.1678235773490588,0.04331366307396473,0.05490544108665657,-0.07065318470969992,0.0305916362160627,-0.026970080058922267,-0.17091704897904453,-0.046858382971639724,0.10227263649831476,-0.18441896846592976,0.12727033461161097,0.010668207413131738,0.09802672300567114,-0.11553970462090325,0.2522510965353625,0.015368508400621619,0.17173557272463497,0.027998613781094646,-0.07252183041336352,-0.1671571501828023
life insurance,0.09890486508857403,-0.03903351814314264,-0.04999206134966244,-0.004391164787502394,-0.0351362395821716,0.009294805886338667,-0.007739491602633724,0.026770566641939945,0.02916679653037079,0.04318081153031218,-0.0015060240477320005,-0.03742848896515765,-0.02501748520978578,-0.05192580318123333,0.07670506016568769,-0.007429488058698995,0.012814966029126712,-0.04294179742924741,-0.020875048424720044,-0.03061043219409875,0.0060209448357189405,-0.013139655388323871,-0.033829592017125404,0.0673118634204426,-0.02018784720229542,-0.05044617273942435,-0.03161371466932817,-0.006308971369814157,0.038105721994780475,-0.0011985388955016163,0.02675539944555155,0.07875502236248827,0.07867198531780456,-0.01419898693157061,0.016433066834446362,0.022334722838709502,-0.013926312459716894,0.04560205105541093,0.01809559590765223,0.0679860168824315,-0.09213968277565504,-0.004914195649815039,-0.06913617810526451,0.05531995336191181,0.03292537011877133,-0.0026367499853341882,0.02073246460424987,-0.0006149996155627724,-0.13246784987817878,0.010745542585483756,-0.032204006580045685,0.033110050302509894,-0.04862128013519287,-0.03894964888599135,0.040175823278022375,0.09466139368028456,-0.07581480410098773,0.05247900504619071,-0.025609784261755933,0.03935417017056754,0.04898608576185505,-0.05929275011453652,0.0912636427860903,-0.013332107945764211,-0.06196241397625152,-0.0660237489622908,-0.06256663205797171,-0.03874569594197566,-0.02081314229184158,-0.025096343232121992,0.08491582813697193,-0.05147064066049514,0.08775380112817963,-0.1362094697158321,-0.11697618520144694,0.011669175575033395,-0.05319180079590939,-0.0762934007110924,-0.12197400326411648,0.08356191762528836,-0.007706269572626566,0.11667929069049497,-0.01892242831749719,0.028371048648826988,0.10037588452261834,-0.016478785605079076,-0.04662854294183449,0.06018646620691602,-0.05746216741044714,0.09097614497514256,-0.05380115838551333,0.07927751564039538,0.24272417051877496,-0.028236361726612848,-0.13166168200933911,0.1213094116246483,0.0843108935886123,-0.04128825979359077,-0.06560846115978082,0.01207883826022154,-0.04974666187739546,-0.12487356018922778,0.16734147219039286,-0.1296645943080218,-0.005623160569590365,-0.09913252525254262,0.09525343400562859,-0.1225989154935767,-0.19364280605446985,-0.10064756590647747,0.07254137841007928,0.09102701205951116,0.14226496547672407,-0.05619944296416165,0.06088089808451864,0.11289997614596245,-0.003596203119186389,-0.01724392196360081,-0.0640332497233371,0.13340820675753248,0.038315677962259355
lithium,0.08635009958084765,-0.08960446773028562,-0.014608231502040226,0.03983740534409858,-0.026395397743731338,-0.07625768094665682,-0.020115761730334435,-0.013117021535289949,0.12052146050423151,-0.036042926408230515,-0.062358450832857154,-0.028093442131247873,-0.01780546500142509,0.02620895352769704,0.01163831417433844,0.012765047497226071,0.03548869809378096,0.029980085226191555,-0.062135211437889706,0.020664840075628625,-0.06852901660032587,0.009212243672563323,0.017191810708837733,-0.0988718680703511,0.14429934852626802,-0.074996242542441,-0.04973321405487053,-0.08139325334398641,0.06833447685953697,0.01411443634004765,0.007617326684988365,-0.039636458274655825,0.03568101823106157,-0.06235080257488226,-0.00611657375957593,-0.011146646419512615,0.0069720744772756305,-0.13361776825666052,-0.0843921353160648,0.2527017292350877,0.019399071335503615,-0.05933337317878987,0.042733147063753266,-0.03659128828528312,-0.06985811122101326,-0.05042106877738139,-0.007363018510706203,0.08227019001474879,-0.0013458541483336132,-0.04415139366876142,0.08326168629535588,-0.06121995407656388,0.06463841440663959,0.22723575256023992,-0.09858945748325942,0.08205554801414489,0.08682492363975547,0.1191712451467554,-0.09681642055662038,-0.05636275803577106,-0.036646051496119394,0.15479267907878463,-0.09731860299560367,0.07424165135517648,0.25014483913979235,-0.07747780155724551,-0.0360773479476934,-0.029702530727278437,-0.12706561477797773,-0.055924164774986525,-0.02733779460074045,-0.01921417236044095,-0.09468390120098863,-0.029553567043519594,-0.05348442979924357,-0.08246633635473437,-0.10359899454957763,0.07743194130816666,0.0025100794153864944,0.00921619378268413,0.03627145152414174,-0.1382021359034922,0.04359563748805045,-0.011011735044577062,-0.04808850084891847,0.05348309224553824,0.03498350048150438,0.05400162201875452,0.17299085717534624,-0.13675532017723077,0.03096826375121931,-0.06352785775236447,0.15659708025477234,0.1520702747837528,-0.03963139223328566,-0.07558090604453534,0.06528624857494558,0.03480976370229639,0.029871764487339365,-0.04473369405027432,-0.07627714972817608,0.02276119165614241,-0.057879888885439226,0.06971965628848027,-0.06455295685691187,-0.032306266667274645,0.03865358639391235,0.02108816066560526,-0.017890711850079948,0.006954369936633746,-0.10965443695059804,0.05055757498862107,-0.005254034292674764,0.07731464967449828,0.07413731271841076,-0.056307272679310696,-0.02060819085246154,0.13438522847043188,0.11549553483638401,-0.11921698755009566,0.030342795716966353
live streaming,0.0778526996336769,0.11094994204813155,0.05206317121134154,-0.004230017649600968,-0.024191928384504128,0.01190304497084417,-0.028619307090399757,-0.07564680579448377,0.041156236529315215,0.09563513979372759,-0.0436005359117119,0.07123878092303906,0.05108177602994429,0.023924918396948623,0.038725651443937206,0.06781845049963352,-0.04126018335669866,0.03861669798121439,-0.023417683961898996,-0.019512949817373396,-0.012583133469006694,0.09582049290800493,-0.03901194297474835,0.01976685294993221,0.06266532760608907,-0.05240690060187419,-0.09332150609765133,-0.009691709027669342,-0.1735348291395409,0.13327745145725167,0.12295698129149503,0.09664461714784475,0.02989884494858999,-0.05811278782676391,0.12698899394467905,0.06518812883684591,0.2663961425568814,-0.013732504446808347,0.037717335312965956,-0.21097341549023885,0.032495907202883534,-0.11396530581865053,-0.1335643135184154,-0.12477318844577487,-0.003959258922280648,-0.05970954442857515,-0.20208699006839104,0.087850785895585,0.042137563511031886,0.03636808025993499,-0.033218037168451085,-0.0024256354083562748,0.12272135346867749,-0.01663193968705772,-0.08506434170030118,0.03642447504359677,0.018394654715401762,0.011557827231425477,0.1030202726603652,-0.02747162946748501,0.058527747529806995,0.12638716480170106,-0.0896658334995693,0.008942435750102753,0.08111799139921325,-0.04209239936666793,-0.08611228966180394,0.06757514492276806,-0.1274352511544131,-0.0642425935462451,-0.15103647292406203,-0.11775000755261544,0.06004575389638853,-0.062141622784572886,0.12387956554085443,0.174316643348093,0.07637654039799537,0.10900115360076976,-0.03346684050392486,0.048708924386225906,-0.03918177513819813,-0.00547941331407658,0.040417325483182005,-0.06038391391847518,0.07487240545623502,-0.07235137939685642,0.0872948351470936,-0.017798918027326936,-0.03979478447812139,0.052542336124967406,0.05448705789918662,-0.14387003596947817,-0.14773556710909932,0.1066621240964537,-0.056888785679131255,-0.022022613507686306,0.014339882418372328,0.06825326425688584,0.0455025196205284,-0.08891376021921192,-0.02657995743010802,-0.021487314212206274,0.07959699929281311,0.003188941458765887,0.011446367745134908,-0.039056659893877396,0.0050878510841444805,0.04387588262429065,-0.10681054368058515,-0.09631860266519733,0.07774423525386107,0.1454375785950336,-0.20069469698385495,0.014386325863602969,0.050634297346184215,-0.002516552285680573,-0.0027886519087504252,0.04652181735461558,0.02998847356564989,0.03202944106363667,0.0005964033685971967
loan rates,0.07791911111193131,-0.09608727374422384,-0.08557761038907402,0.058814282452289736,0.11118680926801114,0.07754061287715659,0.014797864610209977,-0.060112596873797955,-0.018482988259587267,-0.0982476868546859,0.026749500240755765,0.062020990549457214,-0.005952763242455753,0.030634303388820713,-0.05530352144430301,-0.09655819868968857,0.013671408936084359,-0.01336353712984217,0.09060694035370745,-0.04814940334597417,-0.032766923492127786,0.015081385986968301,-0.01770004550613483,0.09100194695083863,-0.03185257688263508,-0.06341757040166723,0.03671054659972073,0.02536996505784398,0.10180057876500166,-0.007800341015248041,0.08793576465415794,-0.11708558128970793,0.028117854767128282,-0.06447148237421294,-0.022449825511277128,-0.049458929807762744,0.0735267787563702,-0.01833957521810939,0.09712885289912332,0.03306866480586383,0.04678789552480314,0.01649958402687373,-0.02283042267670202,-0.002891301294321514,0.006435052777960859,-0.06833094817395914,0.11067226865779298,-0.09542199308117394,-0.06544126370757054,-0.08544480922835604,0.07980775320603452,-0.06803520272673352,-0.034005815824404116,-0.06551557124969593,-0.07622225534401067,0.013060293846925974,0.0186461783505914,-0.07526045379340471,-0.15502710121505703,-0.1763296120659119,-0.0840143726599779,-0.03808398679604002,-0.02422171625682025,0.061641756114743464,0.06228647608697879,-0.007199616288617761,-0.0415193428631547,0.08952249066834837,0.013144864143976311,-0.012068434999019825,-0.022948123741368273,-0.017817555546294578,-0.024032684019273567,-0.06552164122286205,-0.027313870395139314,-0.07736121909581511,0.19796857228481057,0.036873716479641355,0.08115069541622641,-0.004003057931628374,0.025137595812521417,0.05325893902595073,-0.02848319449271409,0.08106384672172916,-0.15129625969720728,-0.22036903849706058,-0.07891105663426703,0.019241705124098448,-0.005777816377085861,0.1573424610617059,0.07836033566066126,-0.1279558116627867,-0.033946285825866805,-0.07517506860435207,-0.17436721438871688,0.036428310248077904,0.07790706608293921,-0.05573975735716615,0.0736473673818687,-0.13731133049319438,0.0143014078286175,0.0005810547788915876,-0.04221039455486817,-0.007605355359685054,0.03830360881402306,-0.08839836979731999,-0.17110462889171432,0.006563339298265955,-0.059424727655099686,-0.019739404475466998,-0.04003221309088406,0.040042087524947964,0.026022530893251364,0.049687240525090395,0.1473081129069116,0.004424589367361377,0.09427011599481967,-0.06910204823955478,-0.03871096183464104,0.07886113808928338,-0.02256182144429739
logistics,0.10078496256439029,-0.0045827177942299215,-0.04875406035950973,-0.010502052287039317,-0.00010779285729957725,0.018714350859750435,-0.00912299843084579,0.015149845951957685,-0.049618918109861916,0.05033231883218562,-0.039245476926968656,-0.01917537630211664,-0.008511910613019709,-0.027182642240914195,-0.010314230230516742,0.029195119229771818,0.01955458756680666,-0.048292325188588746,0.0171695471502275,-0.024752460662690972,-0.02921502285959602,0.02688426588113054,-0.11336748754478436,-0.019281877094172742,0.03905547899696925,-0.08710100373331885,0.033550032239395344,0.005035529675536079,0.07361879421355691,-0.010072968918413503,-0.04674442592889071,-0.04173302745692766,-0.03468852930246335,0.02625183036632691,0.010701672594341242,-0.06659560437221143,0.06439353239991552,-0.07275583286043619,-0.027281152123274262,0.023572346033103198,0.01416666260402712,0.04275490037948566,0.017099992089680514,0.06818544919549147,0.009331207610018509,-0.04576226074933258,0.04830181823026197,0.0043272414418754485,-0.003702638156597344,-0.03981287505080963,0.002897524210767881,0.0657597483768147,0.017173395506347406,0.009614405000913154,0.07170213798117112,0.029414366271263443,0.1467136807705092,-0.020157178213308168,-0.012867653897654248,0.08200745316392138,0.01738724921299316,0.022390402577899905,-0.0598421668576415,0.07205721841673147,0.0011117644044043064,0.05498612619227469,0.08849992204280868,-0.11768585089541232,0.0162327031655273,0.0457536563766358,-0.05614708599837113,-0.04404789019484703,0.010308589362725107,-0.04931127945859991,0.048129204031265416,-0.13188968456999337,-0.00865181842813842,0.024162676113499308,-0.01071682513372528,-0.06469403214445107,-0.10331957780291959,-0.13108214891325487,-0.0968168555486802,0.26919164864434886,-0.04934541250039726,-0.008262885902320903,0.08620167584082594,-0.02368938254033579,-0.018848821001196885,-0.07959309493025557,0.07130602903064388,-0.03129141267615685,-0.05669991128863017,-0.19309789499258626,-0.07942939864846235,0.14510314079777806,-0.10885167738376511,0.0877386094235227,0.09475800461274593,0.013148179042227395,-0.0165688151380074,-0.00649569950983285,0.08569264761934679,0.0030026238974264477,-0.04077444893513187,0.010103620516454512,0.04130416150843325,0.15851079153391923,0.02124698918881439,0.06807962519131937,0.017232118449918336,0.18350985113975216,0.017241262691241273,-0.2655568419170568,-0.015302437014716543,0.055689377879258456,-0.016934188481540186,0.08949915735723869,0.05835601927163646,-0.10847197249343253,0.06814295859596808
lumber,0.08147923901883326,0.11094249655806142,-0.047407626982249214,-0.0440408104637056,-0.005003532360498115,-0.021096900848278234,0.09620309015003652,-0.006175835287689661,0.02806972185569152,-0.011122076356656678,-0.009550252447335717,-0.0053038435149564325,0.07310921364409202,-0.018679172553134858,0.007955401318189538,-0.03348440295135636,-0.007775642192595649,-0.0029137272647446004,0.035485533530905375,-0.01204150872686462,0.016684024903134188,-0.05797978554640352,0.0022029018771179956,-0.01289191048025045,0.13321733707359867,0.10858719707950154,0.06644817677826871,-0.05077055071500364,0.0596528547815309,-0.053744925912967596,0.03261419282299895,-0.03920074473613745,-0.008199442552437576,0.025146816635171185,-0.06814172011295079,0.029593895565940706,0.08399248506023389,0.021279978864637353,-0.07784748623945825,-0.010478197484047888,-0.12868415121042825,0.06469073623917954,0.03646810474514235,0.13210823122792412,0.03260000703471139,-0.00980481464991527,-0.02805955207960742,0.058981954122808156,-0.07182344002544212,0.0508952820231448,-0.02909526098209249,-0.034522698835701124,0.10084247633686211,-0.103201117771384,-0.004703433469250916,0.1448629734658316,0.0997084185137039,-0.15343520059520166,-0.12752488174790508,0.1136275569633505,0.010870940263515552,0.010771032392217564,-0.04427232847290504,0.08602418775906674,0.07247393146079512,-0.04794243202213008,0.148696514146034,-0.0987773433846443,0.025836047820855898,0.10371104214902696,-0.04651348989073615,0.18445218060106963,0.08746068415058544,0.16992573844276612,0.04020305387455696,-0.005803223730689691,-0.12382218571372733,0.02596398953868439,0.057847725491608624,0.1415547145135506,-0.084446345039288,0.032033278329599096,0.10465111046481974,0.014036879386351632,-0.019250501049900545,-0.09834356143900203,-0.08076786263108443,-0.12319360773054212,0.03476255772112584,-0.09393529823188998,0.08322731542044834,0.11854123410064676,-0.002931925367691929,0.13772907123412545,-0.06757902492070231,0.07851036524580196,0.09223663894796016,0.028656132066624526,0.038236634168856934,-0.015864179735275184,0.015585809731031273,0.07067089289608888,-0.018938547622785594,-0.01732739345012721,0.03536352036062065,0.08092279567066042,0.051540300888887156,0.04003204590086307,-0.12869742626417002,0.012851441268231947,-0.0526013176923685,0.009676620118502715,0.10124629402379337,0.13284051667258795,0.0870959300430468,-0.021911970479942443,0.007831627188194506,0.017120949501268065,-0.04514872329479734,0.030260176668546884,-0.08758523851976059
machine learning,0.058655444315446024,-0.11297243082602014,0.09306443894631937,-0.03996908892581373,0.006806263040182879,-0.0315926747014192,-0.05654396262139087,0.019308613444045535,-0.28442284656893996,0.020454206021280744,-0.05114873592901704,0.01747188704464056,-0.031882527375485435,0.016173284769247016,-0.13312325697634544,-0.04541355871172367,0.13655484487205843,0.004188171075741969,0.04118999749399718,-0.03500920411198479,0.03935741112765695,0.13719188037498609,0.02069239595003665,-0.1405478697011863,-0.022204500210935577,-0.18720481354979415,0.11454347433579201,0.1033874858514383,0.09043810367649414,-0.14776152770755652,0.07774409448309344,0.1521037235907435,-0.03648018998329494,-0.06386035282193568,0.14584710912622556,0.044249636915671575,0.08912679848112404,-0.03618856425649424,0.10646676583590203,0.0764853250928546,-0.057417825240918804,0.011979459216439689,-0.17393213876647592,-0.02533242271287277,-0.019350653069989385,0.16861665871903792,0.09218891397497896,0.20644725585743667,0.057733422783404986,0.054206922494350426,0.23654638477460838,0.07263828243388123,0.12128319460201749,-0.052007257232818904,-0.10618486998687976,0.03665011155755862,-0.04324202517376324,0.09923144934928385,0.021611098189625283,-0.01942329391178886,0.06195350376786413,-0.08803969585481602,-0.08565688219574535,0.1272390306210518,-0.06280184121807292,-0.1458120514994361,0.12323291811749866,0.0542214247408835,-0.06436033761019894,-0.03988266488665124,0.06215880665112464,-0.0010163330816636157,0.08287496295266691,0.017703722956017832,-0.03239170966107113,0.03514066708594723,0.022454254049412228,0.00879374978649166,0.03589052302544502,0.023105738158408662,-0.044703332336805214,0.07967211938722056,-0.07397210092063297,-0.14811558750938433,0.037825180487690534,0.1107739287111286,0.0915713917457159,-0.048201044125092525,0.05941596099046704,0.00794087945510671,-0.018956074301801136,-0.010584337400863071,-0.030139135935681984,-0.09154880239539015,0.08341441021545745,0.0513488030334922,0.019871779840902236,-0.017188734722951647,0.02666762488500707,-0.02438468423763042,0.009645477705992993,0.020020404297188182,0.021455934668181992,-0.14294144970441156,0.020020193777989664,0.04938487127663872,-0.028536811604794217,0.022325350539558537,-0.013964350609016511,-0.04370829097109561,0.11055130311576955,-0.04556231704424216,0.09417556179068716,0.06462398204835212,-0.029817737748602142,0.015947305868780313,0.02541386795948216,0.03739927343646225,0.06017775084469176,-0.0257216638739641,-0.033396571405790214
machinery,0.09782547285070774,0.04360433086160818,0.009855077944482581,0.0034483055546154153,-0.02706621482375308,-0.002819776067838514,0.049415556155002704,0.00035886994566395453,-0.020217396183238662,0.045176876593988426,-0.021637338504746067,-0.018415181579803257,0.018705195096665402,-0.020098305371208127,-0.018222485217536593,-0.020698292185402815,0.031856746087217634,0.07683399728970108,-0.007405384384473149,-0.026876755548622025,-0.06351059785752307,-0.024614987939177876,-0.04392368717793975,0.01479845128143984,-0.01340427231587863,-0.05592415728283745,-0.06835350821754568,-0.016873593277065224,0.01504391520870825,0.013977987690227109,0.07691673846960488,-0.06897342755817283,0.015139423566779497,0.18371036553124698,0.004074349482416917,0.07998064501316979,0.1911333667896348,-0.014313707260471951,0.10367210304171837,0.0362518717113112,-0.04573949833907471,0.10248635039023807,0.08912161086464959,0.023925664335753112,0.0341428021810318,-0.1770005406258618,-0.13152679105294854,0.030110717804112695,-0.13565138850661676,0.03766178379622563,0.016106166159492293,0.00793407406316439,-0.1597715903883849,0.12416387128411274,-0.1192315180078432,-0.02620992708306452,0.07772655922487602,-0.07536039074698314,0.06996204798693992,-0.0525637302610017,0.06906174338351738,-0.07520933288294387,-0.016301615678849656,0.07727727289047917,-0.06697116516550027,-0.011729886692246397,0.20616813834989736,0.026721781576768043,0.11441445282183686,-0.12181981600208183,0.14194055411165102,0.1220194385174991,-0.017170501302935234,0.05757262779523728,0.042675919922399025,-0.0021112680347743842,-0.1397643263504908,0.03242789626532798,-0.17403919313967017,-0.22023388541687886,0.02490751038896836,0.04370468428968406,0.030097252244220607,0.08421582362490129,0.16836505193240422,-0.037355058144105606,-0.00472539140146622,0.0344991297618671,-0.0175078814329839,0.053758605240370315,0.010230047527555151,-0.04339142999104607,-0.06942413277386113,-0.007719740481679583,0.1360949020164033,-0.21566618129457069,-0.03327213811626845,-0.13258967613702546,0.09068420205645215,-0.05221232342654558,-0.03170992418265844,-0.04268413741892102,-0.0648003630380241,0.018581713617934925,0.16148606780395938,-0.03198162948844396,0.027580947206999232,-0.0601228864192625,-0.024012057324206512,0.1737734172238807,0.12292463707172419,0.02290240742349968,0.09753202611476289,-0.04359007024803169,0.012387799748145974,-0.09949931308946762,0.06284156244621232,0.1902790584504452,-0.027715043671240933,-0.08597081444105739,-0.0067334319498949455
manufacturing,0.1007108710523441,-0.00574713124171057,0.05406810340359106,-0.014699240975122253,0.012334933009384501,0.015398571986792722,0.04258255257671636,-0.025173054067243232,-0.02590505846577203,0.03331225629655781,-0.0628195318977851,-0.02828261568591431,0.0079808617989327,-0.00929730891419863,-0.020443529394881237,0.0006780434143245229,-0.029913634739251613,0.0058338024574929575,0.014394562343396547,-0.05237077213849696,-0.05262687521829958,0.0294150315605063,-0.01814678354223365,0.006415349350780131,-0.009085873920488811,-0.01771385872244364,-0.02226285033496146,0.0322045494235873,-0.04766980869986642,-0.019543025464457756,-0.0608688600051434,0.02317623784643193,0.001932942338150563,0.05850663303879605,-0.012051851810191666,-0.06482686628425655,0.08863168703661016,-0.0010124339747759718,-0.05062874333404596,0.030617776257968063,0.05791220771740657,-0.08761133406665657,-0.024466777207136473,-0.023848636356613502,0.010738327650663897,-0.02363618882848087,-0.02831837402995361,0.027375559376002445,-0.06986039264390641,0.05794401592318608,-0.016806381024451037,0.05702457315097842,0.0923847998812469,-0.07514016628031712,0.05502977574392853,0.07466931177182001,-0.017593712864859383,0.03417740537740228,0.05832881093532257,-0.048438928812530924,-0.11620293244994853,0.011920360960680772,-0.0037833937944921,0.07740278857879464,0.05330032418550247,-0.022868824206623912,0.06542946396665955,-0.017929855815146396,0.0965981097278818,0.0010672422424111254,-0.08899745321492199,0.029252297584429068,-0.0451746079503552,-0.13457010523072593,-0.012924971463050683,-0.005904266063958639,-0.04145918454987456,-0.21190580846327137,0.039351132686724646,-0.004959306628390333,-0.004802990756933089,-0.14228137275965924,-0.019962251227795273,0.02442812386653636,0.06318766580245266,0.05595317719663779,-0.12363197206913575,-0.02769286024236593,0.018936337888505236,-0.03314107683478665,0.0346279580250881,-0.07242498729202573,0.04201155706611885,-0.04805334870222937,0.07967750975994027,0.22082857628773067,0.17270978708791287,-0.13571022390856355,-0.08610941876205642,-0.05645773162965053,-0.0019105724427189025,0.05432982085341866,0.02798157735675112,-0.0663853834702735,-0.04436837392266314,0.09850095464542785,-0.0006943345256321379,0.12981839632841555,0.013597852791290416,0.01809975340804089,-0.1440369273282356,0.025787502901497318,0.023726932854161296,0.02745639420462943,-0.04642539700040453,-0.2513768749618761,-0.06464866770886066,-0.006300387966845289,0.07181160647592755,-0.02195223450495892,0.00679446120206233
materials,0.09256476787118283,-0.054778187574558115,0.056999200519934,0.06751586550712346,-0.046590909172555595,-0.028654706507158505,0.03383895791085786,-0.07824648785916756,-0.03740115100632452,-0.025175285113081383,0.022626080720530437,-0.02974455299453869,-0.03172236764628259,0.032322016590501816,-0.002787902713026682,-0.005747888260731424,0.020084696652505524,0.030826874199183247,-0.03433799652191627,0.03879015423235675,-0.030487196280193196,0.055032173860975905,-0.07286322126724015,-0.082360566089571,0.016143486646129187,0.19286717507594242,-0.049054187062997426,-0.004263044120227315,-0.0057999744190881004,0.0022019392310840737,-0.003021329620596459,-0.006850551705433593,-0.000817397743098261,-0.0445490430036741,0.03903317685816908,0.10716206195621182,-0.010635369907515,0.052773057073131804,-0.07780532310582558,-0.03556714889826235,0.0014759809539091825,-0.0864725440232686,-0.07464465354745863,0.10752035834144984,-0.014858137349500797,-0.016327517032821932,0.05461131348748089,-0.17124847115378614,0.09321291904965755,0.06206746968664227,-0.0990454346183886,-0.11365193782943286,-0.06517445412290866,0.03649979845990014,0.07072632442829979,-0.011944351404942107,0.12107965506696781,0.220374112721025,0.030929725554115002,0.02382882112804135,0.04384285339264521,-0.004329059704534973,-0.0869907385621638,-0.06182513725062403,-0.010836406888143883,-0.11300565088469638,0.1174914992983569,0.07829435470627966,-0.17366125864246973,-0.05547417031086445,-0.15355233223909537,-0.09941375700392518,-0.08841916010539952,0.08466716650593664,-0.10691816482858035,0.11442273324267876,0.048295352177250075,-0.08089357528016365,0.04740949545082151,-0.13515612476381175,-0.03520511754097406,0.1109875180536658,-0.12104078319503632,0.01896962781948765,0.07831709647567509,0.13133825411161432,-0.009488046370454091,-0.09008266137866736,0.05446506224320613,0.038891839381313895,0.01688189648197304,0.0992089794836876,0.07786956315457773,-0.043914409053112696,0.12465083024489897,-0.00519408547739085,-0.10549362120867223,0.08311149967690903,-0.07012077080903423,-0.02984253577657442,0.002105209671293691,-0.017129317666622255,-0.15253220335335688,-0.027080854858715114,0.09467383801942622,0.10481410906414157,-0.04489083257274721,-0.005467896646849898,-0.09125605101157667,0.0970644001705307,-0.05280091961123316,0.0040245537670300785,-0.10555832841534901,-0.024969301909757432,0.10085212880370253,-0.06402870316360547,-0.009297121703791603,0.026934291996759733,-0.053535908845228776,0.19100236133208043,0.11891213241792407
medicaid,0.09671520113579907,-0.03673133739299391,-0.02503500321520988,0.03801787202169167,0.021841162555183154,0.1044922860865559,-0.03697601442728675,0.020162784464009226,-0.0002062253618184983,-0.014439288233073666,-0.05017641647487261,-0.04674162186433799,-0.03204925289831256,-0.038698601303948525,-0.01570293984710963,0.015475177177128301,-0.06419828882169898,0.06456235098556712,0.0078001218759822175,0.0013584769886794135,-0.015270429718814434,0.06660011434836866,0.012736560006004316,0.12969506319732146,-0.025571177352173388,0.000705487739203944,-0.011530167681698676,-0.022927728065633625,-0.0022185080502573964,0.13447532589769298,-0.026887586855165166,-0.03922929812237179,-0.08988891299949361,0.02502939572395822,0.09519102866037427,0.01992611622711845,0.04354602246791529,-0.012583229579685594,-0.10317589565835827,0.03532061370082285,-0.04936316777995693,-0.08013600579781094,0.012492571909132612,-0.07149339294104413,-0.05392381082327531,0.008526644525207579,0.05948256928945427,-0.01302334093242434,0.08819587962846273,-0.009929868091534066,0.014541481627442988,0.004046812620142573,-0.10965268114560461,0.020710222434972718,0.0924052195075048,0.034560573246751575,-0.03626880136587103,-0.06002424817202763,-0.0922543482286175,-0.05045022969684321,0.23861760615819072,-0.05433294251723854,-0.015553499058248953,0.18445157253990363,-0.10772445623030469,0.10894541054521237,0.07895942390873877,0.026462308811469104,-0.03216747738025088,-0.020673198250275984,0.12546238992778622,0.03775487669997585,-0.08905104223587892,-0.015451143287840814,0.3168634221452397,0.012897385149070394,0.03779476119267718,0.012737758464455316,0.11320126430287517,0.0068940700410618574,-0.0444464733301631,-0.06810103846851376,-0.06016889091472094,-0.10188430604056298,0.0503368322858262,0.08297719466146589,0.07984307274291752,0.09851669400479492,-0.04670738716341454,0.16320188449284473,0.008118031296247608,-0.07455557174332965,0.06982345132424478,-0.02170376434791923,0.0075215981765439505,0.08355599506346084,0.03838786922393363,-0.06190445732801596,-0.05817935121980654,0.016913254541915262,0.1724835742270846,0.09902486584489771,-0.045617575081834075,-0.09734892927065181,0.057474825284905426,0.13020363527171155,0.05956646501153251,0.031779791296221584,-0.07265433851654629,-0.12392066781079658,-0.077607315175208,0.07875691797585789,0.05987194752697766,0.14504628693380558,0.015725706134303935,0.030122835816922947,0.008632928648801885,0.016886387033761326,-0.008546531480536801,-0.04594141763051007,0.07405295855663051
medical insurance,0.09306081082876812,-0.06176128787692875,0.046762672952090335,0.02339124266397245,-0.011702967119464048,0.027569825421859533,-0.0678347138616469,-0.011535377642978498,0.013107795212033617,-0.03703940509499657,-0.030510397492966343,-0.06806914928277068,0.024710260049834207,-0.043107095341512254,0.09934503367666479,0.029883844180462936,-0.02553066290160212,0.03082611305163755,0.017390521558742083,-0.06219346460921416,-0.0438109670731288,0.08273775344617636,0.01857763632676343,0.0956668678279903,-0.00952480938677222,-0.03129234696376599,0.004604782424817919,0.00585221530426791,0.0834301473623687,-0.09484150422837326,-0.04312154187109839,0.0857157045167671,0.016252712785743532,-0.03721914304712386,0.12191633508589786,-0.05226714231058648,0.032973965746792844,-0.05213674516159107,0.025665274058871958,0.0837622151660163,0.18736833182859414,0.012059138402554598,-0.1255031852219501,-0.06683074354470456,0.03162654438150363,-0.2044803220202372,0.11741836669237204,0.05186597161316082,-0.06532467128897228,0.07807778200296524,0.02648358838512454,0.050199401409878816,0.02143809090205763,-0.06470804007091871,-0.0717534668717987,-0.05240652504045229,0.061827735593223396,-0.151036714373893,0.0667574500474832,-0.1713427265071596,-0.06335765823617517,0.14540193203129603,0.23150868513427036,-0.05099765142923482,-0.03565909618673567,0.02832986927523503,-0.055330796400078694,0.005093107252139566,-0.00941672159257716,0.0700998061970805,0.05069244918105604,-0.0029540125509776487,-0.00641015364947338,-0.10731233607546942,0.02640191827088658,0.09006364702487911,-0.05896733368913702,-0.06391291845296886,-0.0066162966545797106,0.1598672238257322,0.008410613163197467,-0.08968681036076298,0.034007611530477905,0.12638494305417,0.07632225280064274,0.0963631577666905,0.056848224378323785,-0.08124785872328036,0.04952025734932392,-0.1612629068589222,0.0538348419645996,0.09180496086229345,0.030140894907335264,0.09877587986523231,0.06877632989877432,-0.04654318691197698,-0.17801276913882996,-0.005494039998110045,-0.006629680991861165,0.014870932137344757,-0.04248008078665272,0.01371525676896631,-0.17757632161945647,0.07508539781420762,0.10253845094521269,-0.07565112387921177,-0.13247546096045407,-0.058681370672270805,0.1476224638427433,-0.18849985875440425,0.012635015341367508,-0.037976839838152435,0.023295391954226922,0.06028547369452325,0.12400523139388248,0.0543114058451252,-0.09881311930619155,-0.07509009320188795,-0.06863225955063132,0.1279911612842684,-0.03199716393877447
medicare,0.08329181005912498,-0.06203202649037608,-0.017713203772530942,0.10036052205803389,-0.13131887014724303,0.023494606632889877,-0.11139852361070186,-0.06365551489333057,0.0035909275542075738,0.04954185532029999,-0.04094877867292485,-0.1260724805029083,-0.08127125492120524,0.025893017417169092,-0.014903126846601614,0.039730583737664645,-0.07160168229445761,0.10282023276590946,-0.1007767857425935,0.09213405516955002,0.04541979558110962,-0.0009446466380945012,0.018929543358882493,0.19238073177559467,0.0759469989181577,0.0485659022283332,-0.050189977282323286,-0.0893802204208616,-0.010153304005573401,-0.03803960276796439,-0.10431571575237807,0.12147066993810528,-0.06240790609925526,0.008164134779509967,-0.03139702448183464,0.020898404583487656,-0.014926160993757789,-0.045828163589483877,-0.09809260118461716,0.1002077460609922,0.04307141946505372,-0.03849484056903365,-0.07217531594337934,0.0179277847657252,-0.04166231459537268,0.01845129072554466,0.03358586197446949,0.08563676361804326,0.027912095898900507,-0.021224197145311003,-0.05018173551676948,-0.06955346137359626,0.013671354572134347,0.10628253446497248,0.000305646530661334,0.08945441365393915,0.16949919980590333,-0.19202895199262734,-0.06425976891879628,0.016439396403373985,0.004220359678677578,-0.13000138236569558,-0.03792562051178252,0.10333407720879309,-0.09027901086144927,0.12366389433684873,-0.0338260029655781,0.0332345836659161,0.0992882964739046,0.004970395020698286,-0.02475722538375979,0.003442197988307097,0.10391300179030703,0.11267824306488769,0.03940788273398722,0.017245162316040563,0.08986177349931877,-0.03857338035887846,-0.04592704849308422,0.005270148259215693,-0.04823070377185016,-0.09014995373074808,0.039347067568792526,-0.02277702362933961,0.03821579910864001,0.006878582075330906,-0.04248281599323214,0.03728173301798056,0.12200412441105159,0.0021803344393267164,-0.141276501400104,-0.029833020861137066,0.05825034633469047,0.1301144473152977,-0.031285416365848834,0.056383740925297576,0.1173308391293408,0.07013930089832615,-0.04097477704582075,-0.07211660453946021,-0.11212331370239759,-0.15693793993134225,0.012864854702465303,-0.16811653582944713,0.0182372533779038,0.005572088708333818,-0.1482012708122758,0.14760395190047984,0.13477190768617722,0.20566924664315842,0.07276110897871486,-0.04784947424247762,-0.0022250815227393707,-0.030255266601102393,-0.04306572895890386,0.02391467967615475,0.03446836027792378,-0.13439372757028478,0.06206255152854417,0.061103975766705974,-0.026289420653195283
mental health,0.07727389273557567,-0.12318009325243914,-0.042294876632689646,0.09198271863244292,0.01430876920004548,-0.019022415343371582,0.03242862967458439,-0.018608633090559778,-0.03822780313786858,-0.008219996568777213,-0.03165323885980662,-0.07893632561854715,0.004082641933585517,0.010910706240181684,-0.05529698534573616,-0.007951041301846996,0.01120584818493046,0.006672946005187164,0.005959921135571422,0.0051614680052633035,-0.06398794752528515,-0.006638553351232007,-0.09007723112833588,0.03554653967707272,0.030048446932511047,-0.00034054627040675575,-0.04378881640201072,-0.04738629461605233,-0.015700898701136026,-0.06991376938923266,-0.07788041162586057,0.0621850720887324,-0.03597233700893764,0.0066177678313941585,-0.028140385855392497,-0.07729920668737365,0.01522567493602197,-0.010460217104500801,0.01805188393422826,0.006856879908492843,0.01924108600972654,-0.009753062141491216,0.024755206006383163,0.01871157394384511,-0.007840887986997372,-0.01745402100034768,-0.0381877575722334,0.17353675392804732,-0.03889064349134269,-0.04243764322125863,-0.07929980028711035,-0.03921272023406771,0.03881144432541624,0.04102022223556861,-0.028891925763648716,-0.04833233034048081,0.05284255525279172,-0.01767692949359203,0.0960318707682587,-0.06645296992631722,-0.09948510390736559,-0.017108359167673386,0.014441887115121024,0.06832032481055217,-0.1771818166642018,-0.023869810260297674,0.011785241688594073,0.013103797134976052,-0.06777704644271997,0.18977639227265458,0.05067268281679932,-0.014845484404153765,-0.05422184014558175,0.015050854125858135,-0.12309427800187925,0.05061947191070407,0.018005204244635434,-0.06008293658483363,0.0779948975044673,-0.12249157852022088,-0.06988758142140701,0.02037517508991253,-0.003164548663964886,0.01857935250975056,-0.1547239416320182,0.07701376515190539,-0.016376833805814017,0.11570817227664357,-0.19548693266518108,-0.07461461474142392,0.016319782653000756,0.07126642153999427,0.09634378416993718,0.0855286279931146,-0.0028687480823895977,-0.10112126521489984,0.029663585157959693,-0.012183594200550454,-0.08484151704508328,-0.019799890214070377,0.050358116949578466,-0.07368758212852672,-0.07996753357234222,0.18029477111529135,-0.12365474349933162,0.15466026462338703,0.044515917659979885,0.10479353042012649,-0.005075105641602681,-0.19435595072386244,0.1293052318679105,0.09837435457680808,0.0029189872893430197,-0.04608364420067035,-0.05553868595636056,-0.15241249465475884,0.03406071337047395,-0.020857982052538495,-0.006453063453005045,-0.07223022161280797,0.016044081797596248
metals,0.0922765002323385,-0.0018788960747484237,0.054118935319271255,0.1049144077041454,-0.09722390484001918,-0.011267745567473272,-0.014152001514743691,-0.08269626086723454,0.05301568402595651,0.09202006055659968,0.002557110854957298,0.010057465850364104,0.01162568238909075,0.06530030493383918,0.0010256775679156238,0.009212390889144025,0.0062197269219996885,0.08282315948841794,0.08536406134852004,0.08469365617384889,-0.04512762340940695,-0.035609925248697966,-0.075746009378413,0.043095496988596486,-0.00779848249609542,0.057421309395773515,0.023844657880739032,-0.06838787454269582,0.08192257701137526,-0.04474169564186653,0.0019446348665746876,-0.07691358052709217,0.025578515037771882,0.03821433465333564,0.03196116793512635,-0.0025401763625747358,0.008622180058519677,-0.07299714163007077,-0.10342300394171795,-0.08404719008393667,0.039188669215208916,-0.003158682384837991,-0.07291135275897456,0.12484345831104135,-0.04947252591601029,0.08441580130890003,-0.05954795792092285,0.08754958070950784,-0.06650133784958831,0.03291973174254948,-0.0634467955214151,-0.015515310120670058,0.07973668337361138,0.07143860379926417,-0.022062695194956173,-0.0515709374795182,0.20149760286584553,0.17178477766628142,-0.21866105902136226,-0.06937020129108018,0.032357364022732024,-0.03463207083441316,0.0779303190710914,-0.1510144070342716,-0.12228304461949505,0.010320791853549807,0.027960656163555572,0.04650865557488909,-0.13311573898083146,0.05262502480138487,0.007532462706331219,0.01539136082727569,-0.15976242563252946,-0.0152235588965694,0.1630022824845336,-0.021063682689831234,-0.0358284358279603,-0.08105790002871027,-0.0347351683554752,-0.023112027473986458,-0.08688381412902439,0.12173562168189485,-0.11332916852100099,-0.08419257059260615,-0.1173450579135811,0.000614156156524534,0.06313828717376939,0.07968449399437519,0.09987650927421926,0.06354217438878626,-0.04575844162900841,-0.021355784282768926,0.004695056187775888,-0.08874892758452421,-0.03520474996926435,0.005191173901645587,-0.0017700202753078709,-0.03367008757398425,0.14521427059308084,-0.06318115650578678,-0.1927398676405606,0.11734421158825886,0.03961162520649721,0.08603536789956141,-0.009573737074105393,-0.1837627977953752,-0.025698110538922236,-0.03534604944936076,-0.04555995952706319,-0.14712301551966414,-0.020932683127089815,-0.18136045894752617,0.06862939467455868,-0.004372758354462825,-0.06508944650226775,-0.048154572704111734,-0.009996106475492877,-0.04956951191298075,0.054624029889467435,0.004970340643120441,-0.11284024016496011
mining,0.07689309673326697,0.013369816348124312,0.014826592000418854,-0.05354774903732905,-0.14571595939740697,-0.03346883423123041,-0.03033383490002913,0.3306012495193402,0.059199929607309985,0.05086099303146107,0.05551654856409276,0.056845057873295766,0.04134570294879935,0.1327916923454536,0.01361056172313012,-0.11433814889726611,0.018775353837968436,0.04621877363018809,0.0637267826855984,0.011569391536229254,-0.147275832649567,-0.13938540547723965,0.05288215852149401,-0.08695371884829696,0.020089653946598042,-0.047159077759881526,-0.09771936833493572,-0.07960541463169465,0.07635764293420888,-0.022922529664846217,-0.06322388054124556,-0.018977421047637836,-0.013959984795350721,0.024335577721779814,0.06107126443561039,0.06387025682231495,0.05182390128253495,0.046976236881588376,-0.07165108407759074,0.03514465536499006,-0.03193517717040427,-0.07297809250490221,0.008768883355936008,-0.03823000633822638,0.058506329444813286,0.08104408650156675,0.06747263561403774,0.04890198509958849,-0.00030618186999150504,0.0037716547900776692,0.034130434867640023,0.005051896443815707,-0.12077123318020622,0.005008705139815793,-0.01219719361289899,0.029782838106546423,0.06677685535416632,-0.08102304603542287,-0.03233166619987041,0.01821799637730917,-0.04569322522887366,0.06960651105472676,0.05562770733140009,-0.153064881940676,0.08106975645973581,-0.12146802397781059,0.08665413809053928,-0.019210738338850054,-0.13290835309112897,0.014037570264983073,0.05557234082032543,-0.11502235254407583,-0.0789367609117633,-0.00619117832882355,0.04552572037211803,-0.03242512470550123,-0.03335750212973033,0.05265188773497548,0.0654805962899851,0.05875832434870991,0.0952117713995269,-0.016314747018928797,-0.03937117335406606,0.05099933220912887,0.01582614878921732,-0.014729086635902687,0.01871144571831089,-0.05800775252881303,0.013793329751873681,0.08944103956956459,-0.016627439576587036,0.06638690512185896,0.016892456185518066,-0.13355726968559897,-0.1111922885339792,-0.00858851026640442,0.0418523290682659,-0.05526104035298359,-0.14720521997775707,0.006046495157423497,-0.005701014538685205,-0.1665488383930042,0.09221454596779989,-0.017729134910859347,0.24882591836191023,0.16330177730803763,-0.14530553758739867,0.06275001672781567,-0.1665885518480774,-0.005555766448891749,0.019365827209926273,-0.0267513012543469,-0.08859711196881369,-0.021584290290069898,-0.07872971156831504,0.05938256496839464,-0.1442167372545524,-0.05258143755030001,-0.04555612188738675,-0.03090909287295071,-0.0740781571062133
mortgage rates,0.05282700445546537,-0.0856394220435494,-0.1019109246214057,0.039091448865566696,0.11671285778649888,0.07082100952449243,0.05342872441698555,-0.24015552601226636,0.009975944543864874,-0.006022297996554233,0.1250605291150348,-0.04664421462546638,0.10765224741061329,0.1971375965871188,-0.03268787692808636,-0.2151074387337032,-0.11203971498246126,0.06912881225099492,-0.12665273652543693,-0.09326108257037474,-0.10219252425875848,-0.2582685532881758,0.20128071053992627,-0.06958226861608896,-0.29032119874811435,-0.027651665916799604,0.0848603430438208,-0.008240395265019603,-0.002752484646983182,0.0013081243174257462,0.161409143996473,0.08602157654559135,-0.0027220001482653813,-0.03838808970190301,-0.046604541838969615,-0.07195751049431152,0.01782129567006313,0.037738259217410114,0.10492865048710238,-0.10011226348854001,0.02893140928424759,-0.03222743305050395,0.05987916705203567,0.1111692357624446,-0.07919718808028314,0.050342562152973065,-0.009579207706872206,0.07853064987553592,0.009626244933537196,-0.03187932601529904,0.008918416270032814,-0.07432623021273574,-0.07285726817897356,0.03859775560188187,-0.02150680632115437,0.06037584079955058,-0.02017406573847738,-0.014697016882296784,-0.08942169001343044,0.0073614190684763645,-0.04805925718212816,0.07763721434486603,-0.01997895449586281,-0.02069636842656093,0.09238126475377317,0.06408918900015978,0.08903353607451851,0.03899449902977915,-0.06182802334843543,0.04278339931953827,0.01152699420422404,-0.07856450921124637,0.15351304699676294,0.04095715703676722,0.07425508935666278,-0.054860176182181655,-0.061915564268885157,-0.004989503325190754,-0.05386536828085299,0.011893505889751126,0.013168299968231961,0.016502185067955633,-0.06764429815337547,0.03729484338592262,0.030846834080915375,0.02681557766402648,0.10682354447169298,0.03150646771793039,-0.03104102671988867,-0.13856390875981336,0.09896849859758247,-0.07433163086810987,0.01847571308998309,-0.017013520314685865,0.1269535178863403,0.005592047043339085,-0.05075415255269965,0.019427716721805367,-0.030835049147286374,-0.00025022553655249663,0.025582477877541563,-0.12459855969690356,0.0458076482411529,0.06762506515213922,-0.06306778106817679,0.12465358185687561,-0.018999541452374626,0.09549633793987802,0.03675197234216527,-0.024607697448191967,0.010152662241508043,-0.011874379297130009,0.048943620553808104,-0.023340173993538705,0.011839445845017858,0.08905782474415576,0.10725273566202737,-0.09928476268217187,0.08291437270516473,-0.053627762264323114,-0.02011848648116817
nasdaq,0.03567989889391906,-0.15341510848460768,-0.13339730816672782,-0.05144964861085661,-0.07860548158709474,0.0007625274240034047,0.019934124847216256,0.0781704311111977,0.11535399781876177,0.08170380228201511,-0.010918806387117628,-0.05420345051272206,0.08714920512901358,-0.0813512943685399,-0.014399711631634669,-0.03670988058162788,0.0045126952965889285,0.0828897368374707,-0.0015697316084570118,0.047309898945832755,-0.015246635755675685,0.060924777152390336,-0.04718829709333842,-0.06405958791456492,0.021913469359841228,0.11475059005892749,0.2056426720611027,0.0387241044141475,0.04352926542262138,-0.047015504013007525,0.0027701177821114406,0.013281257605764783,0.08234458305132167,0.09570850530489107,-0.07519225999289006,-0.09218730189200341,0.11631608640161802,-0.06494825804526035,-0.12608437032016295,-0.11241069681381435,-0.08306927243367428,0.025730881788639554,0.07960472775426522,0.16668002574403448,-0.04960871671863781,0.10015400542180898,0.11301519127981273,-0.044731772155419965,0.011496773172618518,0.1211718798255635,0.09291190508482014,-0.1274440859846965,-0.036275790442394235,-0.008733717395245583,0.14725707616797748,0.04064497422795535,-0.06761240086628051,-0.11123272216839657,0.1273071973180876,0.007762349505928939,0.011426161858037923,-0.0008447538443660668,0.23869893293642425,-0.08059711118323593,-0.11604907512236717,-0.21855192754114625,-0.11372704737196862,0.22053507030710207,0.011582678556823905,-0.08070582561154034,-0.10037330412805393,-0.029107785991108793,-0.12226287832996345,0.03560743450294049,-0.09095883221069256,-0.032213426903013175,0.10745839051541942,0.02205035145516207,0.053656785368648874,-0.0011187577225850974,-0.19023974706044294,0.0035161342868802632,0.1239704055924278,-0.006752846764069301,0.14768041782510435,0.030153058942802992,0.16945650938694734,0.06268916272756014,0.027028818727603224,-0.06313397324648343,0.13136027776021109,-0.07977299484758413,-0.06279159873622599,0.1188051464898151,-0.05022633707279449,-0.09044245438078971,0.0822529460587976,0.030740120898774814,0.09401424755949618,-0.006757116415170041,-0.012162936774339349,0.08226299888973661,0.07568319875816597,0.025651210616655137,0.0053687004859746396,0.016814834908835244,0.006649632356495409,0.06703005835933437,0.08424081514508283,0.05602106372674221,0.0296350684554884,0.07643551542547172,0.032433003351323084,0.08642244654323995,-0.02202158592540409,0.029376456848080497,-0.02696887870822027,0.019349906427233797,0.01703831005424581,-0.02903730762773058,-0.030541713431820522
natural gas,0.095348129817651,0.010981925467954838,0.0171781930587125,0.055408311066287776,-0.04086793787016677,-0.09454336273490864,-0.02714664207928221,0.029750397073709745,0.00355662364766604,0.023384256192620436,0.11715908311309038,0.0254426755486035,-0.10211531062655767,-0.01310819781615003,0.10125408493736782,0.03964646327844943,-0.021765901535566585,-0.13148820941372286,0.037592885062196296,0.024441859786547813,-0.02799729108564751,0.025826159223871596,-0.0054065373283889075,-0.003199258106683589,-0.04451347767008524,-0.010751040141127453,-0.03230236732236215,-0.018053226692813097,-0.04897788132508764,-0.10757172263321824,0.015565064782998822,0.13401766553531716,0.06509924831933868,-0.04899294332008853,-0.12556600499099851,0.02674464861454414,0.030196144427608464,0.014768693928292012,-0.03378665044567715,-0.014371642205957907,0.07273948983414522,0.12874971689073716,0.01403638926644217,0.06146871535796824,0.0017996045348104353,0.09990475638491716,0.00244184722948064,0.16792045864899127,-0.1092153552120191,-0.09066860088444287,0.0375645011435442,0.03489753863548425,-0.23308061677104303,0.0719441177140584,-0.09863359746869844,-0.0252154215293372,0.05526640897973703,0.2364609555768036,-0.1835340807440179,0.06104732993919095,-0.05056678097688033,0.07553489404562602,-0.03428383174731953,0.11879536233972746,-0.06664985060666351,-0.029339739465599143,-0.16760727280512142,-0.04907217002986466,-0.01792112285061798,-0.25791855401546016,0.05972823071058389,0.05966990546168621,0.052404728737316476,0.013896115235485037,-0.030627917513790445,-0.11204883214071507,0.16989880368709878,-0.08098996705116168,0.022213091843174118,-0.00037928137269168,0.06540370363127629,-0.0068117050336290105,0.06382562888887706,0.07254665056732335,0.014494050088781196,0.10153677409224801,-0.07548272821752675,0.03629063901138872,-0.05594553832841116,0.06395521814019013,0.03809806872673879,0.02749164205471901,-0.07852037781184545,0.04781722215918408,-0.14230365295510392,-0.026967087076894065,-0.03685554724672989,-0.026795969153310718,0.026449196954598263,-0.08271893706705782,0.08308566557959865,0.013037727806081437,-0.09621447132093235,0.06571906099949353,0.06408531572001766,0.07856337780660988,0.16869243853289942,0.020169899694970392,0.060461751289879864,0.016930374488817575,-0.009519753270816611,0.08400750149810565,-0.11421117263804445,0.031105886534338198,-0.0229137411988602,0.04067299698301734,-0.10346073650132137,-0.04222997630689188,0.026355093612140335,0.05938776504665934,-0.11427729821007707
networking,0.09495285566426508,0.005893302642427003,0.09199908487078615,0.01449219233100092,0.035940634797866994,0.05164464694989303,0.03139084007535304,-0.0243739006939781,-4.892100077642493e-05,0.011107707159814675,-0.08004567715701325,-0.009868876955155233,0.019152720590149986,-0.08906653969913944,0.018746617241779038,0.0038639260464758667,-0.03977382929994018,0.008046413651401959,0.0072138590897663155,-0.006065202268191988,-0.05640295635132183,-0.014133677757133208,-0.02467348823978131,-0.11280889213058115,0.033475332405439734,-0.07208935592154213,-0.013959806676323606,0.00812899505099978,0.0027491565563651874,-0.1624626202772826,-0.04861947009441873,-0.13076669456484988,0.024944589643839415,-0.08147181977043148,-0.011469886765038084,0.01644917292300749,0.06824708851367642,0.01963525512610499,-0.02706699614089429,-0.007635404015814935,0.02460278393023716,0.10447470245951092,0.17161676431755066,0.10795829718613864,-0.07841279113626942,0.06254333609641988,0.006513433967332574,0.08097115519684535,0.05728138616290017,-0.131470488967002,-0.05223776430580441,-0.24856277828470472,0.0599415746821535,0.042273989768530286,-0.06387391706705153,-0.05102594162413928,0.06312718368554923,0.061139304714775425,0.0703458359432506,0.019990606677952848,-0.10888010383127217,0.12981224394276922,-0.10042947885374827,0.08595673712515504,-0.1347604921277257,0.18482567426467922,0.07676095676663366,0.039493521405439026,0.06385292105925143,0.04682522409122852,-0.04582986400686314,0.01638378065655119,0.04344280952895754,-0.12232229747166015,-0.01960474978454957,-0.03584094537647822,-0.07870353132107143,0.05362875901349046,-0.025529814129406102,0.09689795832231769,0.06182711336319512,0.04933640360087562,0.08317062049630905,-0.11012931267975462,0.061336968817046436,-0.03769145400865606,0.010747920469528535,-0.06787706611786017,-0.02869198325382956,-0.0062054577810177515,-0.05378213000751495,-0.007043608217538418,-0.023183548174970342,-0.07344195041316202,0.026915324867156813,0.07777621142917819,0.01412728734216524,0.09339266659442146,0.1059550250925546,0.16542282174419762,0.048832120037424855,0.03224835416496087,-0.011906022184745228,-0.14723900144916344,-0.0815106651376929,0.018732103595062062,-0.032859974633015925,-0.023703629654332023,0.04703689556850471,-0.0697373155358469,0.14337344786910303,0.07198051586875898,-0.09450358417543347,0.0910862910369718,-0.09118099605424553,0.0994430593662062,-0.15877163495481592,-0.0195205278118718,0.05304342188298902,-0.005989201411773017,0.038493627454930804
nickel,0.09981385909724846,0.043577929315672045,0.005646040645618069,0.030136358784968592,0.006042833025989282,-0.022795724582213364,0.006607794491616878,0.0044478934849634735,0.027633737687430028,-0.011063502995007836,0.013882087549625532,0.016523292687294872,-0.030779432628221883,0.0004899265265227916,0.025307657689031805,0.009677902277731848,-0.032460355734275206,-0.024411301707413693,0.011171713178076522,0.018894798692298168,0.0034027936740101457,0.011918670521475501,-0.010304009144135309,-0.055953636194951334,0.056598984421340724,-0.05685526248044714,0.03906454496600972,0.004945342860995357,-0.11021749827052321,0.01800694748641538,-0.03644377873137021,0.03773065099565044,0.012596720328452809,-0.00616809974864407,0.017687161826665465,0.028247216075337648,-0.030449953318046313,0.10670024010385121,0.054630086206244634,0.07418362395545593,0.06446457706276773,-0.009547593256194933,0.05905426080462067,0.058402976659724555,-0.01671884115062658,-0.0383416004266245,0.04277694210696626,-0.030312848298706247,0.06815990231178932,-0.07233020383764191,0.05855489197282621,-0.04479365672000638,0.051208936943266975,-0.1749836449315474,-0.09251674147121641,-0.05846566363921237,0.041242442106559876,-0.10218701823045227,-0.0025208426342294907,0.0396364975424046,0.07311940684535231,0.051070927663890535,-0.1090320952532442,0.07716327196851039,0.05262518419267334,-0.0668094841981384,0.07982831945911871,-0.08659904641682442,-0.041918184306397335,-0.019072226403683754,0.10275108358326919,0.2526232055749078,-0.05653466068979962,0.07895562872120664,0.12298037117177694,0.11940577224490478,-0.101796398396327,-0.19577956267440622,0.025132017369556652,-0.09659213576823164,-0.057746184272614506,0.014509684544503923,0.08419693434699606,0.08602901758934614,-0.025339089995628148,0.07235909431878601,0.08238047789625541,0.027915196425890597,0.00041160907378670446,0.10820326824476557,0.018054753141729718,-0.053457642136178485,-0.12853294927333267,0.047821498157194386,-0.0741608134993443,-0.21519450105982227,0.07532078896750649,-0.027871116078732543,-0.026143902080205755,-0.03596862516451323,0.032619060249272046,0.03993616300059728,0.10774626926878193,0.10031781394988476,-0.06039482408504733,0.15399630633302275,-0.014470633359965056,-0.003437857998886542,0.07144304511147688,-0.04795485294511117,-0.014866159760482842,-0.13218402139000662,0.1069285777758142,0.11010982729192255,-0.03480330675241929,0.051668333443297826,-0.04216646969088427,-0.06882346257506572,-0.13323301935693918,0.08009362611984085,0.00645802919342699
nvidia stock,0.010140163963337988,-0.15185153456009085,-0.006622862803381029,0.028569683429042363,0.05910246421848562,0.20647966830248657,-0.03306235218269373,0.030591859366755157,0.1709355727616774,-0.1461003342141105,-0.2538436375624059,-0.013668269775141142,0.04903386546515562,0.10752754366217268,-0.029676609872271904,-0.038941834992044684,-0.09660539323942267,-0.08521336194709371,0.14446756279369807,0.04547812190436578,0.09501290911390095,-0.06476487096489386,-0.003869832023293372,-0.08909415382329858,0.1379717673278228,0.058214590020608026,-0.06638755996871987,0.28999341380840277,0.09038784363737151,-0.0601746544614101,0.02300006881358228,0.2091204404017168,-0.11254446280688653,-0.10511090479893004,-0.010568386048973824,0.1275759437761745,-0.07935495432219569,0.08682009273938797,-0.10358331593842382,-0.10831871591934732,0.18919234319194733,0.0821220740162932,-0.0021953359946007833,-0.025658814936129683,-0.15569006312227154,0.04114454915826754,0.013445770301407063,-0.052162090003788374,-0.049309000090976066,-0.00045959393780010266,-0.030585282417242378,-0.007159071283756185,0.03134051849173615,-0.0981016464372241,-0.024575857098643412,-0.024611479777198613,-0.03138675810991004,-0.04222931501511077,-0.12079368280572549,-0.0912080409245925,0.020672363917578804,-0.06810329223515965,-0.08226935327709659,-0.0001547495006485669,-0.03909844117273228,0.022526417553798042,-0.024688097255807062,-0.04513152280118617,-0.06287207600170494,0.040098406369251015,0.15086512798792237,-0.08509134495870027,0.005861117014150603,0.06627447640156489,-0.028119239015702086,-0.006706767582881967,-0.09849501140363726,0.052752794305696814,-0.11177747092903018,-0.09103801786533361,-0.05992683669418595,-0.1381405897306602,-0.008875822410698828,-0.013941558013259183,-0.0006334269645864865,0.04864595982771122,-0.01767535426274354,-0.10196033780871916,0.04952376527045438,-0.020069896499402565,0.11434039593977993,-0.0013526086073461416,-0.11276868767202125,0.027205225207316996,-0.13321816438679546,-0.029645246494114832,-0.08523083067112218,-0.09464524742869854,-0.01859919853490128,0.11350778138001569,-0.04650542162487435,-0.14007919155695503,0.05171615980578309,0.01839160250001308,0.0557970279943256,-0.025857345159058243,0.10532038168889817,0.02719641569084393,-0.0529066400288556,0.0333219109524214,0.011185992409661059,-0.02514229903187456,-0.06742839525919625,0.09304950849939687,0.04928174466965443,-0.07636225895551815,-0.0439397194935755,0.055763491385026495,0.01056159440550067,0.018361718197937964,0.03571400986657457
oil,0.09844344485829137,0.024291819243354544,-0.01629567845463815,-0.037649193562879955,0.05208968072446096,-0.02626516677642593,-0.017808865284496156,-0.008844596595093424,0.019359746818341732,-0.018399528736899793,-0.040615186627636274,0.005076450872917867,-0.03625253044971631,0.02060434145775411,-0.057500990755287,0.01984197816056643,0.0010961162697152784,0.0029792271329575223,0.09504844797579337,-0.017270261352482354,0.010195841509257989,0.026468769609744053,0.012564267057926255,0.011392429976065398,-0.02949208306332974,-0.012754655107018533,0.08839253496466161,-0.002826461969429048,-0.09309449148758098,-0.02429267100687455,-0.0779001550748386,0.030738565899717404,-0.12418860640633585,-0.0034166130083421106,-0.11281456372789235,0.12981238035173248,-0.1668473760338844,0.02442004396509453,-0.08106282234873592,-0.09487173295699639,-0.0839651793160688,0.2810569296272894,-0.0958949681320681,0.04590216402587754,-0.09775599723084974,0.03559686774733645,0.08734496807004764,-0.09561929957072123,0.06690044016987255,0.06123686437665541,0.007011200915677529,0.05590262072180947,0.057905244554548665,-0.11392961480146688,-0.13251093118410662,-0.052668552654271734,-0.0869778786830295,0.07282206830946963,-0.03205333009627732,-0.03565984328950195,-0.01714598912948754,0.1371120771162172,0.004714575648476962,0.03176094066224243,0.05688855449722155,0.08223072765949047,-0.08250708494809939,-0.11484556301910326,-0.02286287954886242,-0.08967028453497067,0.027495128948254677,-0.09647344897176602,0.03415245672369812,0.07478544270115911,0.009142238709249552,0.11639434218168083,-0.11904407693572883,0.11258254141220744,0.1619777575083673,0.07635436542046851,-0.07507508973780891,0.09528233299983678,0.010936012365117861,0.030227564735626405,0.09051567440185732,-0.09232293612165002,0.056591731006254864,0.17374234316057166,-0.08738255849944906,-0.00495783685343827,0.03424591632997613,-0.1394178581624867,0.06470030586746155,0.06308237648649476,0.009045452157108665,-0.12825416165369005,0.06456911519771852,0.05278753843696335,0.06209826426841193,-0.15337276144513515,-0.08914050956418317,0.006096715009846688,-0.11467122478407045,-0.08450964410819352,-0.05956304287806308,0.03981577525675997,-0.20247257731404122,0.02521682219388438,-0.11319843201929244,-0.04478854348303715,0.009028925562920908,0.009423600021161986,0.09366414940277515,-0.1533154905746908,0.0327825195408619,-0.0939652121573532,0.038031664802371225,0.0372398304252803,0.03330146517893296,-0.07509062721944548,0.006493950033499306
oil price,0.031817938255320574,-0.053122931289260475,0.1385106857992184,-0.20465749152615476,0.13934871294184306,-0.2899708865304015,-0.03661541846522086,-0.06420678310065751,0.07196460539765526,-0.03149344155005104,0.02181466713958256,0.035857814447850495,-0.07718487821816743,0.04860178379246754,0.040055690973948656,-0.05569311586706979,0.026292268509047794,0.01283033648931128,0.037532140361684146,-0.02374459871446455,-0.10320973385794698,0.10258321008675256,0.036993867172483805,0.04979060202250073,-0.011306250088588078,-0.14485106287597793,0.026570373988262293,0.12935127508753258,0.035144134393701856,-0.037217933829363295,-0.08335859483135351,-0.06605721252610353,-0.1467240295028854,0.009649402340364044,-0.06701290088056985,0.06088755852449834,0.0857188514005908,-0.2054426063554674,0.014189503758680166,-0.011211860007595324,-0.06054534026972795,-0.06384550948064796,-0.18998825382689433,0.05265072710153006,0.10736749378389276,0.11357473716708892,-0.03747570074122094,-0.055616955197905216,-0.0070799782676669,0.0755392680407304,-0.014205102898493492,-0.012284364068625552,0.026729813577369678,0.014535012778226768,0.043330740605310336,0.117672843315732,0.02767568341161966,-0.10909728410711342,-0.025266886088060072,0.0208370768583871,-0.04848250263581101,-0.08509852480356317,-0.0015452269141499964,0.015335783613153325,-0.006590074869201226,0.01587977267742715,0.033571931433758674,-0.023800201057622428,-0.04877679439386014,-0.01566100250071828,-0.06724269635869139,-0.051142050512781825,-0.07024831440675863,-0.023522348598183224,0.06749111289401213,0.09463943933411534,-0.029946337917220303,0.020763847392753026,-0.06345964449382013,0.05027838898636744,-0.05291192910918495,-0.014567275875303348,0.024931912837205774,0.03606431201718971,-0.036359142564667796,0.016102770731423285,-0.0500089545480773,0.11335678043972941,-0.0032571024696760563,-0.049391319277991695,0.034755630271508575,-0.007747758552765611,-0.019961971636506405,0.018075022936362477,-0.12842221773490028,-0.03161044783085183,-0.11501793690757128,-0.14532575029279593,0.007848765671994235,0.08645765210893189,-0.0510970368056643,-0.02502491958519165,-0.052767953543748136,0.005127732387715467,0.07834340862295693,-0.0025678713431471325,0.02937171691035477,-0.01904390701557165,0.07723245911322449,0.024951699177998915,0.006282010410204018,0.08365740401516775,0.05791520289963092,0.018752190731790574,0.004672532661793856,-0.033504043059293484,0.07932329357692637,-0.03447034985487128,-0.14458697659998582,-0.09995233676467176,-0.036431732727430347
oil prices,0.03846175647541707,0.0087088409341191,0.11734917658477649,-0.1675346965040262,0.17473134197168944,-0.3234404003272777,-0.03206726349359916,-0.091304592118768,0.1607714273826464,-0.07719385676917044,-0.0038147774399143646,0.03132845927333898,-0.12043870687799207,0.049053231928905996,0.0683879024950419,-0.01056920670611506,0.031172713503190518,0.061007603344487744,0.009412013274539988,0.02431035623438828,-0.07877981989375635,-0.006053302178990571,0.03696990941105846,0.07320433768145215,-0.03838651807816425,-0.12449934788235385,0.02479465276631878,0.031430897240541614,0.038505073726171,-0.055177525821717144,-0.07709821113588455,-0.06416317794186091,-0.10762604473094489,-0.011648475278251406,-0.04628292483751336,0.01977952832440247,0.04538982871857783,-0.11429830086512882,0.006076288131499484,-0.05743082559188276,-0.0203426016186717,-0.041052566725372344,-0.17716839657024314,0.0370306504045591,0.0017766262458915605,0.16835644158957397,0.08848625976961434,-0.056864192933267464,0.028175625587651333,-0.14782802084575986,-0.07043725443095615,-0.05708191143224054,-0.04843975434347751,-0.07489587730532904,-0.010741291704682673,0.06030175971851616,-0.016734525806387412,-0.03222559941977911,0.04801708162489669,-0.008072688882069716,0.06144044879961743,0.014585811966977613,0.005944133848040678,-0.03404842248644628,-0.05853366476946338,0.13119407842786,0.03505891532591676,-0.06284364691671813,0.08140807085256341,0.011859007560364423,0.0017017323599442975,-0.01093700953650377,0.007134492767647692,0.05850440123353796,-0.03229185797453415,-0.16324350807841048,-0.04840527412862959,-0.018020703543310458,-0.08004222225651883,-0.0992368101703196,0.005060282162320975,-0.04467359229636264,-0.041616907333520074,-0.019562633164776463,0.036324191842909144,-0.010103379664447104,0.015126772016894705,0.03427064283374688,-0.06697793861296494,0.03859324958663033,0.011044265912827821,0.005581401890432547,0.014640246293485431,0.06571078624764107,0.041667790264581936,0.0015891412326318674,0.16071658740911443,0.12772264647296036,-0.01705839661412009,0.09147052607675624,0.08019638308445955,-0.0068510221473463764,-0.011884466104293043,0.15530150137958254,0.06489971731788612,-0.028299659692750168,0.04360807275764443,-0.025774085086837983,-0.014138864921108905,-0.008189400396112968,0.06373811801904714,-0.07218494120466609,-0.142873568727708,-0.04035094086522313,-0.036920237566939906,-0.002133300620545134,-0.10576323747955013,0.03111065147692464,0.07497292247918513,0.15415925915810968,0.09122881511015214
oncology,0.10070826232139826,-0.02234180804895138,-0.022481306184381024,-0.006284572326050214,0.01499298102522725,0.034830146539008205,-0.00494933755860386,-0.023450746352134358,-0.011621678126221066,0.014451782503308154,-0.04137350309592907,-0.07465948031080555,0.0056496335951338175,-0.010183333892479234,-0.00021628188574094969,0.01332538999199384,-0.01402545924285425,0.027249308324192322,0.04511797108851013,-0.002874146111719534,-0.007294786996878589,-0.0008219082535171479,-0.0540126188531433,0.03463341366037978,0.0048035413867803314,-0.009540579679543488,0.019018707404311025,-0.010775327095762606,0.043502763126708824,0.07460395121603422,-0.10696120710937737,-0.02707422847563585,-0.009495581307599154,0.022560641554258954,0.02003564792008528,0.03158440368193208,-0.00895160257146977,0.014138493574636514,-0.03844937977428838,0.08333795723523547,0.04118804517854813,0.034961097413054684,0.11824280458609593,-0.03847998553001042,0.13364279349284294,0.06115698213588781,0.04520604898119865,0.03473663092439059,-0.10409818155926681,-0.07819268950237483,-0.06519146447850276,0.07601683957700515,-0.057691170666451096,-0.028339608005343422,-0.10916495209560148,-0.11557233188804526,0.11056173283651693,-0.03770920581291207,0.034524844901833024,0.20439197742832482,-0.018457012718175847,0.014238749421854721,0.04085213566134392,-0.10627899735407254,-0.036081601684239295,-0.11333101540769587,-0.0943655508498735,-0.08749481013320848,-0.09457250385623878,0.0991664928081335,-0.10628029584820259,-0.10405364168528614,0.14311885181644712,0.15125133070375726,0.060084897686505205,-0.09262093632520108,0.13741232088486544,0.059287806552379724,-0.11493085237344039,-0.009333612153637906,-0.1859776394926965,-0.10791693920734474,-0.2340094320990675,-0.1797146025637226,0.10289228306343476,-0.09336004474891496,0.04797886089135836,0.002155797328386652,-0.08639452714814794,-0.008744122474038628,-0.04221374035316249,-0.005408170234583693,-0.10368763631558264,-0.1601307267220185,-0.01714157664792975,-0.06298870695303943,-0.030826949006345347,0.11852347970332441,0.11528812511524797,-0.09546906887909652,0.14595978358262965,-0.018058617747610452,-0.13389853783312483,-0.01402001789405189,-0.01880151224405059,-0.08404592775741977,0.06664287846988054,0.07412085982851054,0.08551175851601886,0.031258979621057274,0.06621209463968723,-0.0767529150662205,0.0560767588527175,0.14392746857833957,0.19135409061704722,0.002905869852131957,-0.02795025261415418,0.04255668563612772,-0.10099336710851596,0.022600256114439887,0.054846165902538706
online banking,0.07038482542358715,0.1535164316794764,0.007614184821354433,-0.03067871450270434,-0.011035561097430927,-0.016637230064016774,-0.0026707293992118226,-0.007902223345773642,-0.005489500307129059,0.008418729484955144,0.06616130186065303,-0.0008709478708900304,-0.013234214161937327,0.000512004487855976,-0.0013944955138144133,0.000588909935436767,-0.025888690912808345,0.016638980675989918,0.01480573515298568,0.01488389398787858,0.010538252333048115,0.0213168132319021,-0.02294715348870847,0.0055882014261221845,-0.01018437442158894,0.03666970180648827,0.008519261172651369,-0.008111529533334402,0.020161342424569118,-0.015477816975593658,-0.04469452609028439,0.021686239785036747,-0.02890184694400364,-0.009264738502242997,-0.010656191780698435,-0.043405735753405686,0.002924025968230104,-0.010862035824203373,0.053957346315668245,-0.022762956049507517,0.05177960543289626,0.009087990168697728,-0.0034981157247515023,-0.04056860681283131,-0.002798245629918334,-0.0005804893146847748,-0.003456400486087252,0.009637893670010491,0.007376458380533479,-0.004457572836817234,-0.03626204251329622,-0.0033860013473729807,0.01667009408945548,-0.002130899150690888,0.0015993348454299231,0.02576188318276111,0.042857263104467164,0.05968534072205864,0.027896177263841478,-0.02224820066679071,-0.041336556198632135,-0.011784130879700594,0.08209391004437014,0.01689989353064971,-0.009702806358001269,-0.001091897358351919,-0.03152760296666643,-0.09164620801757989,0.06321736447549225,-0.033733573134886105,-0.007222254577777564,-0.030381175491535968,-0.016843850520641246,-0.0197834816563792,-0.014294936571906074,0.06497420009994645,-0.016279622317844935,-0.02914338080331679,-0.023490537037719902,-0.01331954372673158,0.03208588870123399,0.0030437700463247647,0.061639674721360276,0.017754784578013848,-0.07448952378882034,0.0905994082409528,0.11568915115993836,-0.025380841549431474,0.06558023495657257,0.020975605134113645,-0.03743192053912898,-0.036300796926882276,-0.09469250564909906,-0.0017611669411804753,0.05384087338569778,-0.05379013356512985,-0.05856430375796215,-0.028415634568676375,-0.09336043403129146,0.0080581147772424,0.03189560957850966,0.027656988889405987,0.013021571209362495,-0.06667203546740376,-0.07338583044814836,-0.03864633759177113,-0.061427614096027816,-0.027231612938583154,-4.257404711787566e-05,-0.0038986454288248776,0.02295942473936322,-0.028411526041164648,-0.001469253342118372,0.1720831743677236,0.037805738111310494,0.07568351606697626,0.08338216327432063,-0.13309931683257709,-0.07377710222199094,-0.08766688421457666,-0.03825485417460707
online shopping,0.06019575206384604,0.06719436114600183,-0.02483477258170862,0.009253170318876404,-0.1723081729948313,-0.06667372860404731,-0.12127229619964151,0.04555000995224495,-0.02034548408146549,0.11646688344835313,-0.047307852842784485,0.20841693788767746,0.14223886489698842,0.17137747716066004,0.10921989272309514,-0.07046039128481635,0.1553776494568064,-0.2621382912783643,-0.10256126593608028,-0.40105906506714695,0.1700566505889327,0.12691180670105032,-0.03817569533764702,0.1431947399943254,0.009097311107264834,0.0426487439611997,-0.07773671434169031,0.16251133098212683,-0.05210123434680379,-0.021716704956131178,0.022777994704641365,-0.15159526686580868,0.14816613941571818,0.11105637099504348,-0.06083708532070492,-0.026607582964805435,0.01697885206713849,0.14674271355766877,-0.05844218388394371,0.08746279932556658,0.08443677290090351,-0.07080271577491948,-0.05764828035490543,0.05826924148215244,-0.10106223299147378,0.07712073753242386,0.08757785727959655,0.06854488075190582,-0.0931976328940204,-0.02663723789429305,0.05535924274790453,-0.06953188098833216,0.12256441264934552,0.024141005578855262,0.04559916122379519,0.0032696132651987425,0.018932601314395246,-0.06616532780766123,-0.00741338260395967,-0.08637385837030301,0.05087711726858419,0.028166164673472126,0.059515101400666785,-0.10539091408007908,-0.03770987892344321,0.07353388082285896,0.07599618139552383,0.020230195535880742,0.05085656543115064,-0.021588126893913488,-0.004754743419946916,-0.0687289139573248,0.01817920080500461,0.06637865454832041,0.08910143758683725,-0.069008055348344,-0.04105884028021735,0.01576893405361761,0.037377559883902484,-0.050140780279125885,0.04024005567342508,0.001020274730891748,-0.07615096574126,-0.14152668837667431,-0.03513339277023787,0.0058136970042934385,0.02128273662121525,0.07805890398494092,-0.05368412240779445,-0.12505979867547323,0.0484049560164132,-0.024399924649519844,0.011533814008864378,0.00976951228824878,-0.013705197766323424,-0.03444454408573147,0.1028564047517289,-0.020700713111351222,-0.03235681489872258,-0.05922161935414787,0.00974649283834227,-0.06832945748280382,0.010676167282947631,0.015391371595489589,-0.07403355896745617,0.046457767034418014,0.03901648468802822,-0.04434763647867797,0.04471965809839175,0.04650138382770895,0.02823218017208745,-0.020081991304088456,-0.02630205260390281,-0.049698295672006655,0.07189864009996476,0.006580547007725562,-0.0069577417445564746,-0.02375916707910307,0.00706383456236483,-0.0033749396770347186,-0.019767491066778654
ozempic,0.022274562154670028,-0.170230348989407,-0.07670562992490894,0.12658267431684184,0.08231358100870631,0.1043863130471918,-0.007278568430541692,-0.029167623925869364,0.12813374391642254,-0.10119562876540313,-0.0068135234717318065,0.0037100949299320313,0.034947458235084314,0.044220439122383,-0.03115509756053055,-0.035413918050508184,0.05095581948297784,-0.04550285885299625,0.09010863324450957,-0.01691383531811337,-0.03165635174907397,0.045462496954862354,-0.05416484565815409,0.08244160876841472,0.0277156393022903,-0.08344215972020472,0.01880683912938281,0.05816332302481653,-0.017442289099137743,-0.026907232732061484,0.08356420653445135,-0.14999796158482365,-0.04751924206053987,0.029814036462206678,0.13182943165900965,-0.02195223052957209,-0.028641298899985304,-0.043727944662582695,0.1372891420087203,0.0047065628088750686,0.049672207339438376,-0.03591072966731199,-0.05905321418267531,-0.028808130281458715,0.05496493395949736,-0.04681323028822654,0.07789372650473995,0.044242092962877066,-0.009214310800487551,-0.13227607022202678,-0.05725123253619669,0.043078263488299656,-0.0316664394281015,0.047059362161831104,0.022414816160201727,0.007320011390712977,0.0683146102218778,0.14111065862098904,0.015833534846973602,0.12034241790378039,-0.04643681946731579,0.06395899828403594,0.020324862481067518,0.11386136104577504,-0.01887628037244022,-0.07568501237722397,-0.08286236352021904,0.05215402463462242,0.09516713775382425,-0.06932850662030968,0.000903827877021951,-0.07693440498609214,-0.10910883730159746,0.07064203111808635,0.0473978634251364,0.06160893721592387,0.05015327963219328,0.032712552381161206,-0.14524429451751378,0.11372197454452806,-0.06981794061447065,0.04114693454509789,0.07870694529666397,-0.02610272888751716,-0.008690365961707566,-0.07177668544361494,0.007729712419500791,-0.05893429923997866,0.04812493016109916,-0.023652580906925458,0.0007054214968172309,0.16140049178886615,0.14052153436378892,0.0128404184088175,0.12371567611107627,-0.022708124215311723,0.1842565780336882,0.011680139993614266,0.17483195945114258,0.09401390888269448,0.11290494066988355,-0.08574227095421408,0.06342126859439283,-0.10946827357859784,0.06537126781965769,0.08940676107332314,-0.05191856532337216,0.002737086611878471,0.08724016544538687,0.030376569646294746,-0.1486750273734654,-0.11818885264999321,-0.06821511956156984,-0.0010249473534477728,-0.06079082128475319,-0.003075415777437158,0.09051067848051961,0.07923651225827857,-0.05298015561025184,-0.033575011102199265,-0.12382539954641
packaging,0.09483677488090224,-0.03371515792321716,0.04723895468207207,-0.09739203565212386,-0.06163304810426214,0.019192211980967697,0.015022142450941902,-0.011524922580157627,-0.03790524402208504,-0.008646665494333395,-0.02649996913763219,-0.036520819419249444,-0.01956632684451445,-0.02199401392614804,-0.022015843505427644,0.06661379644612474,0.039854208099394196,-0.00043536502978318856,0.00875572057801281,0.02908428546013371,0.022354667338230768,-0.07346289365588397,0.0698111671783507,0.027747601995974137,0.05609314513042728,0.0021180601732881353,0.029902610902865084,-0.020439100794892237,0.07901573418817152,-0.033268489892470034,0.0321980129404455,0.04775503566481566,-0.11214917552825683,0.016226266945049816,0.039695516691863546,-0.02899017003984993,0.08882425104865296,0.01670327367258216,-0.0471205643743155,0.00993424426731689,0.06927339934399421,0.002825431911639059,0.04275267916587924,-0.07107931771447662,-0.09764591564906701,0.07054726045570034,-0.03472641021562679,0.18147572039973653,-0.17439612642513863,-0.03525060626110841,0.07263422549472252,-0.04210224628459204,-0.036585389448476884,0.08825696375594737,0.32560791053816235,0.030037232719863135,-0.03454135287688024,0.083502725589953,0.09223636823148668,0.031237564536907767,-0.020840571430768638,0.027517675414646465,-0.034460803951236255,0.0391150372416139,0.10332408093244239,0.17587676244321285,-0.0547956946214714,0.11368670311751164,0.05474519421052404,-0.009271208891570697,-0.012830906558775296,-0.06950003994132156,0.08368776005444956,-0.08042359246935582,-0.07020665405491301,0.08934471181791521,-0.14577871931650138,0.13051615213712667,0.04132902786748163,-0.11420051444509294,-0.06092344085137479,0.1131822113449954,-0.03314966848471659,0.13799898174589423,-0.05498111903612058,-0.19104625127768288,0.058066224652179865,-0.06945703985294642,-0.08373478863115746,0.11704591342066267,0.05419340683550998,0.14565096939474584,0.04383280121689408,0.003609291806718304,0.03160625611022794,-0.16519868534613083,-0.012429784834262082,0.04594004486526016,-0.1280405039421024,-0.10536725737009384,0.03689263781235499,0.10049780967378803,-0.14509353992594903,-0.019485219439541724,0.02481632716404833,-0.034855810423673445,-0.08126916283762112,-0.05362019418839289,0.04064883687344636,0.0767226189035685,0.005856908846825886,-0.016909505798311023,0.043605662457037946,0.056561145785793465,0.01215199115112733,0.0986464082710824,-0.01491881053908712,0.06660463561221096,0.06415157600249877,0.07230820787061183,-0.08502866390497085
pharmaceutical,0.09124693316478497,0.0459265592420235,0.09143424259407809,-0.029878208923854524,-0.013154994346752434,0.05283226428235711,0.03876443052672287,-0.04590158415242315,0.007400977942876615,0.05529218803576075,-0.06493919704080224,0.048852197872821516,0.0023857077143099627,-0.03430733693050482,0.01187206593529739,0.008266197179761969,-0.02965390965860547,0.023455883436051362,0.013837371613781319,-0.0450105768573384,-0.07254590244021861,-0.01779557029691602,0.026205532889886772,-0.02871253346204586,-0.09278920006685196,0.0014544232549507062,-0.036329552123940075,0.06330039327804317,-0.14100818597872775,0.023430389830153255,-0.050825486147399394,0.0816248945815002,0.04286654483899801,-0.0835765874062328,-0.10627466771353347,-0.11939231673753786,-0.0922988904286479,-0.17433414749166656,-0.20590779353641703,-0.04785173259298919,-0.1631945567571411,-0.12036556608966328,0.04877754214180009,0.023915894919613434,-0.005215791413945774,-0.035697755568606444,0.10550015478686817,0.06441080593453885,0.20936019155416702,-0.08412823083178253,-0.03392538638360735,0.04990740550306135,-0.02089336213110895,0.07948089520802622,0.013101057914487456,0.05307897844295244,-0.06634458813740288,0.02472193436874081,-0.025995786368346045,-0.04533436416165443,-0.1569537195322745,-0.1051717181706886,0.1089235024297166,-0.03392722911253085,0.11580012323069505,-0.018437286653067212,0.018912953430117126,0.07198707072910168,0.2817589721443332,-0.07991401025817485,0.11729320496280499,0.007284147002395595,0.004884143624265286,-0.013939981808563975,0.06012033959383251,0.011319622534938768,-0.08800633388375498,0.06281845520003743,-0.08806904188574113,-0.23021628399893052,-0.13677529298945196,0.01551501582271479,0.0048539310553545045,-0.020964129933339612,-0.08801633181902285,0.05427562279744717,-0.019731606192643428,-0.06094248437312117,0.04413056735043741,0.04237527811538261,0.08294749232704131,-0.06782882573287699,0.057105249763393776,-0.10211729739216173,-0.013630033126341264,-0.07430462735729143,-0.04173750596759183,0.028370550420232284,0.06849251184737219,-0.027125650873059376,-0.03334062423489027,-0.021577261564236463,-0.008269806685336821,-0.18864934916517975,0.09461008598516175,0.021752715084603233,0.06576305066469411,-0.10254653009936303,0.007673460126213075,-0.09097881318281548,-0.006965615881317455,-0.1481561692890821,-0.09586521847408211,-0.013654052093223311,0.13282773180242086,-0.014256598528790132,-0.01366894588672206,-0.06635594911534963,-0.10178068609802046,0.03714231441635828,-0.07196955016394632
phosphate,0.08401554858546681,0.0022875624629832606,0.06967271772566813,0.16083223794869972,-0.07009367392223059,-0.05163825445140393,0.07165390554303383,0.0047387034370060446,0.08549798449489254,0.030456443597353517,-0.053175364512607085,0.03907951998353076,0.03782366174550517,0.009477159904708345,0.005055740321269864,-0.057410676667604445,0.0007277732682134208,-0.1237757224975382,-0.05645358172488593,-0.09314910400367724,-0.07540614042587199,-0.06011481876190759,-0.03598818645706232,-0.05171882579761338,0.08419131311889375,-0.12260513977207865,0.0520195627697885,-0.16809824519037647,0.06413117767290709,0.017096267324915412,-0.007399127509189279,-0.07534273336795971,-0.0721100869055956,-0.0192861347317759,-0.09765572106946951,-0.0482318879463488,-0.01679877482652637,0.018894299633395784,0.03894895982626941,0.0976059551173552,0.03739583546986838,-0.1792909757396516,0.05837641112893424,0.1491608986345708,-0.01922559988624162,-0.048131832700904424,0.12816939078463868,-0.22283466019759207,0.1312070130748759,0.19586718466194059,0.22375537826444925,0.12312414529067586,0.025236874492967326,-0.14133186508030657,0.1305486547605375,0.001040992484814901,-0.05861852615694163,-0.021054588846292105,-0.0034539910086803013,0.06732634508805371,-0.008919157059239957,0.024062396723165555,-0.1783798116508401,0.026040484515077934,-0.16058226941059617,0.06993550182455821,-0.1651447362254626,-0.14437885962485297,-0.029477826978362088,-0.08303461446786121,0.06903424152088988,-0.07649868795655484,0.03573777700000682,-0.06991374562324851,-0.09931778219026959,0.14162566612786512,-0.0019492208663058619,0.15454977741028428,-0.06886777079358791,-0.13899176026032736,0.006407398453726846,-0.08284129839695001,-0.1147878346035697,-0.04634659018674089,-0.08141127317041008,-0.030511516507147098,0.025750576524653648,-0.02573261975342335,0.03907915364493768,0.05071630236183183,-0.12435224419681659,0.04886149698949212,-0.030765860044902463,0.01851856270172501,0.00296899044447433,-0.06130050289267561,-0.04786447748774272,-0.03937590984683029,0.1296725893394246,-0.03127705284771755,0.04906768456485904,0.1343270915055597,-0.021644895968613596,-0.02268414253820815,-0.013704802681827322,0.03480768067485633,0.003724958514566088,0.09215238244431986,0.008269577024141543,-0.026392475197372884,0.010233850647372159,0.007595547311566569,-0.05479040118656796,0.035254959730602844,-0.0626399058746514,0.036062360257954486,0.029198035861138318,-0.10536555908772935,0.05353002936612648,-0.03472775968829545,-0.06907184723060529
plant based,0.043763009923330855,-0.047455334135541836,-0.1506248655692622,0.047213957658042094,-0.07671105878705199,-0.027066010958978037,-0.0803952612303759,0.0032184750956592225,-0.24263640255255473,-0.09638478265357338,-0.021520100984965002,-0.09422953323299953,-0.23293264450670065,0.20499613242931927,0.31753251861279574,-0.12427237920279326,0.01682398189236974,0.07921146344272449,-0.20436291345925062,-0.011805812785891129,-0.28560201120170287,0.12582433604191362,-0.14224917989068878,-0.1781451455197148,0.1071625497797849,0.10922373427148017,-0.0910977933676588,0.14405473585838735,-0.021883881143898873,-0.032157907402437305,0.013844326118023168,-0.12011051993178919,0.06130454959387607,-0.01485813001889788,-0.05615359079902549,0.020392303560289725,-0.14511021455717515,-0.07976608210332206,0.1783820781860134,-0.14971105554218042,-0.07302535285554085,-0.0015944209302858458,0.06612703996808698,0.002896622893876065,-0.14533248285421735,-0.08586939793139474,-0.058584533788308635,0.01710242574628755,-0.06832966420495104,-0.07658191772232166,0.1054103069736592,0.023917860822196546,-0.0027730881896227307,-0.03172331632388211,-0.03344048439676804,-0.018509897570154754,-0.0451910473125095,-0.0324808832490862,-0.001465021301852249,0.05771760150204737,0.13384587671302425,-0.04432083403722283,0.0436101077034229,-0.08925183863930461,0.04275841921247497,0.02414407101950283,-0.09315936452648987,-0.04023570341307774,0.05298744519690042,-0.03563102509845059,-0.0052623424931953905,-0.048952965802626286,-0.040388265995673,-0.04181064904024502,0.029350675562188483,0.051973965053465694,-0.06033981607692653,0.007756941949695027,0.020083589776961383,-0.030338101416163332,-0.10853706603363789,-0.029715038812766104,0.10958024032262118,-0.035641248746875034,-0.054112723952480075,-0.07616601412636775,-0.037408611010528496,-0.05427350005945292,-0.05572647307658354,-0.0030857442812449176,-0.10788356312638406,-0.08050549615634543,-0.010218297269821305,0.0046598959069228466,-0.009616098680853107,0.12321205771218793,-0.02822462908580503,-0.00441438257820026,-0.027907691199451842,0.012574066336681872,0.01951444717410583,0.04727854188870212,-0.0653850745727689,0.055300928716587344,0.0919641827360839,0.03178674246138309,-0.0496817800428287,0.021998055163491546,0.06797133808636481,-0.017461871757249378,0.06384116886554397,-0.02619726924722822,0.051595439492218384,0.05914955810631639,-0.013918763265342471,-0.04247338517464482,-0.03558883428114474,0.003799369073212107,0.03518046539896326,0.03987365091863656,-0.043443511922436805
podcast,0.0892078531692137,-0.008865548705931094,-0.11052738671648325,0.0727035958521369,-0.015474080772150485,0.02068869736384365,-0.01189040023733982,-0.04092467228877185,-0.18594895816013196,0.0008729598383503514,-0.027946229140226292,-0.013591708175992187,-0.06730888755805833,0.026129923475348843,-0.07355684216648431,-0.012223309531858975,0.007067185875798136,0.003885781790196596,-0.012300135542207793,0.03162545637780851,-0.0051427614237732275,-0.016086911677730582,-0.10554833414443893,-0.02813149404639703,-0.04657300562041866,-0.11351178719365808,-0.041351407120332015,0.033616691397807937,0.01917438804303551,0.05721264720395403,-0.027578929386309008,0.03973314412040761,0.06388599539517884,-0.0126317076531852,-0.034676962432298425,0.06776595455577618,0.04515966434653389,0.09039397072953798,0.03310724029039737,0.14570370165117047,-0.02907218381810713,-0.11423912097641131,-0.019160734283401676,-0.01918447712047733,0.058652154683552185,0.18632658582920983,-0.007643591963380027,-0.07556131275411125,-0.05842796216446494,0.08658191409354479,0.01491801296379705,0.031150830042347467,-0.002504495152976738,-0.029995341857006946,-0.015451395387417369,0.011513668266601471,0.019226337294387053,-0.016489233000580434,-0.017641410934749805,0.03372771289410204,0.06646146057141933,0.04317377193923601,0.10417660743801618,0.04631482049848559,0.13325482364556468,0.10201613757152729,-0.12006073883650628,0.043367415404452644,-0.06482490709731954,0.042180891053748656,-0.05112906510555844,0.13918250778195915,0.045001730146054526,-0.03067935613748202,-0.09475042493538864,0.005411334391433983,-0.03501303017400352,-0.11575080454710165,-0.05624033518339292,-0.004900267750507972,-0.03549434432397856,-0.06839202658520004,0.03867519744598794,0.12230167445162382,0.062170741256255276,-0.007268129490050797,-0.09044805865459106,-0.06640506117501777,0.001172492103323819,-0.10047627984031529,-0.08695126764500141,-0.03987563730579676,-0.011954879196987529,0.015214637162585346,-0.0013908486242358957,-0.12507822327249454,0.016995692489048607,0.08118854819341301,0.14487347364117872,0.06721905376685898,0.10905903181636607,0.005011492905123821,0.034300073127581716,0.0113248024450313,-0.005328616873498455,-0.02797578876540173,-0.024519492770246117,-0.08298285866876016,-0.05653695971197906,-0.1581433275117588,-0.09277485587655074,-0.0878147942277457,-0.07567455181291459,-0.12845367411413672,-0.04718845013611629,0.001834732130279966,-0.04963486301098632,0.10069450836458659,-0.09551172637378122,-0.08022407099611628,-0.10167801195432029
poverty,0.08724215378911528,0.03914439571706157,0.10890817736428854,0.12507061999677785,-0.03530564424521343,-0.053031008247380745,0.07388613854656836,0.006479311953531758,-0.005526469341448286,-0.04083373586696406,0.042187625910204654,0.022997154743701304,-0.00379418138844523,-0.017332076099438508,-0.010872660283013973,-0.010533049195381634,-0.014253128614761247,-0.03301237294324084,0.027305839746989927,0.02927102383653951,0.02070836519443204,-0.004581355754542578,-0.042826849417699236,-0.03349818236314327,0.019462961082945672,0.02450487176906068,0.030860693887522616,-0.0033337151131548944,0.06828822773294703,-0.01553518314249229,0.016419464260071705,0.022579976812895856,0.06048513159694475,0.03579595612360832,-0.06520352295880781,0.005730131017395099,-0.020466528286191575,0.01979499513033284,0.13334674422656229,0.044475280841803,-0.1008182871377518,0.04801688263234153,0.09088579806885315,-0.008520755260268562,-0.0770938134574995,-0.03884625170409132,0.04590701133487906,0.12128151767390802,0.15189820413688324,-0.04753983312117624,0.02352129359945483,0.0767266415648119,0.01876697031126175,0.0881428420786759,0.08007601397450326,0.13887301501411226,-0.022072207426000467,-0.06277250460703881,0.11617654033970505,0.1114484782437734,-0.1245382488253364,-0.015199710821050014,-0.062029478001501076,-0.02736418641094042,-0.004605675866420175,-0.04273220786791512,0.07202865443356812,-0.06644084317711166,-0.03590821113909921,0.015723963949979238,-0.04837125978153653,-0.15193525280501233,-0.0047875152026853884,0.027442101864121056,-0.013361802315828623,-0.06911730848082961,0.12327485039922892,-0.15033835375911989,-0.05756258282205316,-0.0006072617649292723,-0.12798672369733732,0.038999321345832096,-0.06971642896196838,0.04060193474534738,0.04968122610724285,-0.09005447160397259,0.03031640048424858,0.2220121771723116,0.09717820937352131,0.05311671366227584,0.011407846615078036,-0.0017752199813746844,-0.16182789335986558,0.06761689935919618,0.007143231408198472,-0.011834877796025316,-0.1467252167354438,-0.14826371697350815,-0.15921375464100956,0.23904535186310732,0.017192264161836245,0.03849179527434575,0.042861425104139976,-0.03741137903685369,-0.16124187528332898,0.04406266110308252,-0.09527313492962079,-0.03789059552904112,-0.07006223960907652,-0.1257556490214189,-0.053883687378489975,-0.02974386003690876,0.07772349343560732,-0.027551379033547277,0.08229683761436618,-0.03440533412524453,-0.10109029055234224,0.07313431349823418,0.06995505878064923,0.16182778568664258,-0.0945176706385591
power outage,0.056530390844359873,-0.015170249427413157,-0.1129267087334789,0.006787751092822298,-0.013676175700095156,0.11198475855813479,-0.04917194146822557,-0.10295094856849055,-0.04020122997417923,0.18747446128353573,-0.09478416413288723,0.02834509261931188,-0.03626276570221223,0.2998651146978354,0.17954532516353863,-0.08529333448885465,0.1572495960204242,-0.3566849630596044,0.1932482778878859,0.27013224120207174,0.20611063701180052,0.2433307777250162,0.241937584248404,-0.14136714650233959,-0.13036281620825338,-0.08777580979654191,0.0776275651688574,-0.20324878577309802,0.12023527617326796,0.02135657522706604,-0.04699244029454424,-0.04112227954737239,-0.07755280683685478,0.06693717559770829,-0.14990253069707432,0.01695848194883648,0.02355455959798554,-0.039453737134576804,-0.061784245599048764,-0.07307758479606435,-0.14690513325632704,-0.02927641880135165,0.018562741638420734,-0.03567625904094812,0.0613939576048581,-0.07031982343758988,-0.0650432788808448,-0.004550507148036899,0.0036967661848285663,-0.031682293465659594,-0.10605888472908716,0.0568903385764301,0.024834540724111977,0.024498771060842986,-0.00031273749373954274,-0.039948692076421766,0.057931241182378045,-0.010500669400910993,-0.005744731254439361,-0.0789220621693256,-0.07865137770227565,-0.03599355118937969,0.010860481728060353,-0.023099007336608357,-0.017352624086860696,-0.00018723801398481954,0.026896443345753737,-0.0001495141369787928,0.035002200667661874,0.06902387280344108,-0.021641069795410015,0.0717250222350856,0.021312815383076694,-0.0987970145299308,0.01469330487286482,0.055471768597706236,0.03616058820439624,0.027971305202620856,0.018728331194099196,-0.06612894177938104,0.021812455612228707,-0.047675497596985444,0.07495215664373854,0.021252285142156047,0.09237455926188526,-0.005254685494333272,0.03315932315714487,-0.04022211085105859,0.04247112639764533,0.0741621470282198,-0.04021909396629374,0.04322308357429909,-0.03078878992922104,0.07875043706413762,0.020609386572545803,0.002420409221246242,0.0024420726958136185,0.03357512212759646,0.024787269827282646,0.03360372833795157,0.048591781026416786,-0.06168083045023956,-0.03803540947171223,0.028874669860060237,-0.03071584534869151,0.037902560750014275,-0.0218435948277274,-0.0022738877981563488,-0.022039166847760888,-0.006384728027235213,0.006969219486457935,0.03680772111426186,0.004402815587390092,0.0298621370800427,0.0020214771979803897,-0.005669655354979987,-0.01107846056427685,0.0200473145775659,0.04291613947151815,0.09054004879176131,0.005901022356448987
price of gold,0.030057870649918106,-0.13052983843615548,0.16187923215935968,-0.14893654126963893,-0.018022372762046258,0.04728002744870513,-0.0045590856219489715,-0.0460336587627673,-0.09820963493100095,0.053350298250038605,0.17635772775143396,0.03181223181676033,0.13120603857792926,0.05064804783460894,0.09454426999067828,-0.0387996122831914,-0.048000089636745034,-0.032764083323012255,0.025024394555736098,0.09121602622596892,0.010375085354928704,-0.039638557125160206,-0.10207506953740392,0.15247242875408742,0.06378840032162568,0.07509211079987572,0.04555884194226788,0.0001993936084437875,0.08319975347911002,0.025079826953262503,0.01504055671610447,-0.07077088405483777,0.03658263233215721,0.0171766577414181,0.052984540827376685,0.0737486167043033,-0.06299319973250878,0.03252082587026652,0.031842477526527344,0.10598649433537741,0.02579728714215751,-0.023643884462324807,-0.02437807554970059,0.0026199786359036407,0.0073329422299952055,0.038103799129989985,-0.023065219551654102,-0.025784903722280948,-0.02789364411235764,0.1099066722629697,-0.04128924296281551,-0.11067209798150274,-0.07351484460669436,-0.08668827991395033,0.09053996137269273,-0.13528792760790345,0.09300395335660687,0.08429886741780683,0.02124352887327355,-0.023639504465429825,-0.013262941613731441,0.007272499922708019,0.017143905736128694,0.10053058353710885,0.05426228799797228,-0.0730393372898533,-0.10600839475962953,0.015362893677361596,0.1171454489105705,-0.11053165806435733,-0.06633427370398315,0.12302883493429737,0.17058078625457807,0.07427066753178688,0.10906491557167594,0.11396113718879636,-0.13072369837238507,0.002503832360508683,0.09057922065392465,0.0037555241678058765,-0.03365741887729147,-0.05712054464895601,-0.03825637943036883,0.054603454015502734,-0.1321641394259042,3.7353858761773884e-05,-0.06517025602832094,0.11535899784232899,-0.00014513339649900592,-0.07981588114811389,0.029613280817948385,0.03566093117211289,-0.03427252535134104,-0.06924935438708363,-0.02317437311537006,0.01146047831393849,-0.019445374876842093,-0.15259316674002676,0.04483813703949934,0.11050804528611574,0.0661995347216684,0.011620710576922464,-0.08532669364095136,-0.020773393961029153,-0.057460537705944524,-0.0743705797375448,-0.008515457882784115,0.06530182159295722,-0.21178963080833024,0.03925949970873176,0.18349121711615138,-0.04269480069321262,-0.12075652214122866,0.023955662910967082,-0.07670357498308795,0.0529441345463253,-0.029933932988306457,-0.001568412448274964,0.03278036411774716,-0.012666253855239784,-0.049450973392185384
property management,0.09860703238035058,0.01754524894537992,-0.06504470555665966,-0.04175315074294216,0.07181539332529799,0.03316127664367772,0.030622642708887524,0.045606891480048775,0.0074459687322943665,0.02089600085589887,0.001155901773876835,-0.057938543532977074,0.022212563360178447,-0.06188672741747362,0.018237306054642247,-0.028843955170416415,-0.02133907606593914,-0.029845121366067658,0.012267974745461048,-0.043011791087636225,-0.06359736314293257,0.011284500338601337,0.014790522691136156,-0.01814594581918011,0.003809219504908078,-0.024361251578032716,0.008046694185301222,-0.013547855366767541,-0.007982852219840192,-0.0021293296668179335,0.011292204888369708,-0.03328720544979533,-0.00870365549375311,0.06246043883208116,-0.012543287621718004,-0.03264754764241054,-0.04074400187866834,0.02138580164232904,-0.020646531475011207,-0.019201476461945186,0.028802727050289925,0.04478726815452982,0.019660964416981765,-0.007313430882289321,0.045814657029862746,0.014952567496649331,-0.022666689223561954,-0.026795032658816956,-0.021251826939590455,-0.007703738661768159,-0.029244462029619837,0.06410844753414922,-0.064577350516901,-0.04383389439160523,0.0666403865899371,0.11672805603224418,0.00347434792773919,0.07476948006588259,-0.02344008977889684,-0.10206251648217055,-0.040323256597266516,-0.0004363634396793159,-0.004857288150008923,-0.024012946041787067,0.007656088318361233,-0.013417779575281907,0.031467045986540494,0.006586657190292694,-0.0020300785964917634,0.008049311373985549,-0.020235312968307384,-0.02735628712153513,-0.026047037799516483,-0.021459086716854404,0.07025489906931888,0.00647615013580213,0.02174911247341261,0.018306965572301777,-0.0647232595886028,-0.019777120303393382,0.01858606381125242,0.11460795420329001,0.06450274905972124,-0.044662941795562384,-0.10323631632827274,0.013078726708120787,0.06109245859377164,-0.0046945062138649615,0.09391260473925077,-0.1129323510860787,0.016657016621810558,0.10181904639838932,0.040899106692062426,0.041973790089205,-0.03480118537117396,0.029482394565961523,-0.07527058248285312,0.0323324293236919,0.021199407482314643,-0.09656184469465165,0.17479178938613324,0.030133758115315545,-0.004382875620049005,-0.14488255817022178,-0.140371712803744,-0.0022123127976783133,0.1435184014754209,-0.09121073447589013,-0.0006297201170621172,-0.13916274542826768,0.20230145044389594,0.04534856242094232,0.03211297156815358,-0.03291289274539166,-0.04415170011448289,-0.29090623693705847,0.06331326273110213,-0.0701883923296426,0.05884459406003652,0.05938301968961546,-0.03903677574748303
property tax,0.08738060380884001,-0.07867539848685258,-0.001589668645636667,0.07225106078055542,0.015098140279548058,0.010594441964909645,0.08399833958258794,0.11009217839059286,-0.041258503422363126,-0.0588243296335145,0.08117898223959666,0.026693476395949427,-0.049264924696463035,0.008731434231922018,0.0006740507179572666,-0.0031269250938484048,-0.04876759552313606,0.042828907231044086,0.031068385507937835,0.07032356562284792,0.002775557604207316,0.06783136949137025,0.09783834008867179,0.09484796611098467,0.02596507522553538,-0.0561204481589665,-0.016468451499411,0.0811788079818495,0.02445396023191949,0.057624688862811566,-0.048014281296018924,-0.11024739337815083,-0.0030799389054318935,0.017205829715829374,0.13891658393791984,-0.00682379697800258,-0.06608933928990562,0.05795584609434364,-0.03614056020693047,0.04970504433796519,-0.09562259273292997,-0.02018733310314995,0.16855335106166763,-0.13799951447205436,-0.01853705102155456,0.10018496568147864,-0.0375737115821758,0.06271542172615835,0.013235325101732823,-0.016673742162442343,-0.03263358175888366,-0.042070421798330294,0.023568867661383778,-0.12768981174378954,0.03416134464288561,0.1268939144650446,0.030633606628990104,-0.049565199335900534,-0.13214205343560248,-0.060715062762691674,0.06511214513785914,-0.16253393110909042,-0.16036457028737472,-0.2078686816757185,0.03186317029256751,-0.03895198963684957,-0.03941885844882062,-0.18546817692837886,-0.06740957221579151,0.043202746230093014,-0.22354259376245528,-0.015475477378935265,-0.07661256092434858,-0.11475280121671458,0.021904078497973902,-0.04098011230186996,-0.00024442458562674504,-4.0349813094177345e-05,-0.07323040934495081,0.010998433673745147,0.15918931495237598,-0.02544678437367014,0.09543790152958907,0.09889453739518583,-0.0700767752392979,0.04106616273304067,0.1954766902345083,0.01445904277509949,-0.021766991309617494,0.05814105933981069,0.06311500835955014,-0.10963616222583202,0.06402983121956164,0.01783490054229989,0.03257043483437319,-0.13239292928552412,-0.11068307570165405,0.05383570586844631,0.06105186835142763,0.0687527781200458,-0.125189709712139,-0.013751469501785574,-0.06309497626429715,-0.1297501335138405,-0.028852149558009764,-0.013040252277283684,0.03212490700344826,-0.05431832928400575,0.1289599989391012,0.06689188143812697,0.10222325346207636,0.07026969525581332,0.068595902886187,-0.050148837945062516,0.006084000366001346,0.0780575029166906,-0.012177253808838082,0.0017575418360412532,0.054482144353751365,-0.007503935521099474,-0.13263998277086914
publishing,0.09703093100079958,0.04986344598941987,0.05607776279564754,0.033021227457518544,0.031671540152813,0.026581819783610575,0.022847207764782388,0.004264040114500231,0.017153354571936532,0.03067946802862613,0.008594951227370227,0.02342968277929351,0.0027448998441407355,-0.02664823636171808,0.00511596841152775,-0.0219785668815937,-0.04217322301487637,0.009714319584129202,-0.0012582478555753854,-0.025157517700983206,-0.05853152604720377,-0.007918069428129594,-0.028393441126679228,-0.022311741144242177,-0.07334583472691775,-0.030865387002827704,-0.03278839971681383,-0.0024409420671215425,-0.07711978918622608,0.005164470166988349,-0.030348923182099856,0.02137772166193825,-0.02751069547122688,0.1389177560169707,-0.07607498018577591,-0.001895558716855858,0.007037305441024218,-0.04780144698704577,-0.049768240466792776,-0.07867263842703581,0.06138814326684096,0.028470695696840208,0.06697794729605641,-0.05097342173740078,-0.07691593369911166,-0.020679131731926852,0.051117765477695615,-0.0031213569253493723,-0.037746662305853045,0.008422812091509111,0.005714250138405371,-0.05620351578034266,0.0037791059332033944,-0.1328475828955813,-0.09887406985125391,-0.0007291437849291238,0.1236841096242299,-0.024350711025667757,0.06400958440883284,0.11776940898810057,-0.12895007036629919,0.09248711474502183,-0.05264594367896151,-0.04079544287590105,0.06185226829321605,-0.07323444807431985,0.016987671898802126,0.06308439432550192,-0.014962473681623442,0.0003513817647626538,0.006556571059207818,0.09001980283820267,-0.11740053945101138,-0.1824789223943444,-0.07257998283387437,0.02906029061024995,0.13840013802033027,-0.15949264128748497,0.15225538939575486,0.03741823175241731,0.0074814691095255945,-0.10797185128981296,-0.16485150415107094,0.07103905211727335,0.0531526389059494,-0.12194603512403437,-0.03723954502929881,0.05332453866844715,-0.04490366201092946,0.18550625295208517,0.02909977227712485,0.018582491541938684,0.19523516523229975,0.14276776156367782,-0.01905837129179125,0.09036040676126862,0.026908071777214958,-0.052289951777653276,0.011178994998533153,0.024425162393637827,0.055247872417532075,-0.034113443964434456,-0.012722068189234707,-0.06932631737076872,0.02921723478166811,-0.024460120603216708,0.0913103834510693,0.10927430154082912,0.00672855419625791,-0.019098133634302808,0.17162070009152647,-0.08114621436796776,-0.039904257271398666,-0.015609587974041389,0.07358336208790615,0.034669744288939736,0.1434927511919971,0.050867317143004916,-0.04681858195812853,-0.0765758670690416,0.10525917282518046
real estate,0.09219500423767568,0.08679284709431648,-0.03861590353630316,-0.042194152752824864,0.027978244755053786,0.0218642550149303,0.05061572858631344,0.013279017105769236,0.008371484095440281,0.0275605904487125,0.018370592741957105,-0.014465991627559427,0.033748940044145,-0.05080401913638667,0.030115516440526836,0.005674365048956171,-0.018117047141138383,0.0009419660346851661,0.007392379820855426,0.019190429041009337,-0.022147712746460307,-0.008516853073146376,0.022827052547169373,-0.005582742972470964,-0.02853056674149724,0.015298699666959762,-0.03357082643716696,0.022784609611695664,-0.013553167269076327,-0.04091449707078876,0.022566143150826754,0.07684118180546451,0.0028811881462780273,0.02682621885461845,-0.049673945578212406,0.04820890850746137,-0.035552002275664116,-0.02047287416435182,-0.008720571359871709,0.044721961094572285,-0.04818108771119249,-0.01926734353167541,-0.005081154438668068,0.01515117975921251,0.020398527894765338,0.057788778063090074,-0.050320599564803885,-0.02542280074113696,-0.002455551926782276,0.0055987994545289715,-0.05415751486931859,-0.046000087227757024,0.01986025267670747,-0.07474446148600741,0.0116385555972188,0.012047516249260634,-0.03588165028433868,-0.046963011265555785,0.0504264825269688,0.06331155722601832,0.0049899569283434544,0.03321420353613229,0.04586902593678295,0.01530049823907622,0.06597928546980465,-0.002341785692920609,-0.052546501677530416,-0.024145250435167846,0.017126671132406693,-0.009976290590667373,0.046057650559407484,0.016197133199940303,-0.08209036495424732,0.05229880429510379,-0.05318584550710916,-0.012525269681877116,0.059077374905263026,0.054726111789401566,0.004355865078702802,0.10695565731256848,0.02312593796388325,0.05532587227088623,0.0061757616928200115,0.01859300184612937,0.02922119459342834,0.04642421703704053,-0.07433081143485262,0.022888215177328464,0.019742420969113078,-0.03759290835414244,-0.051294317342458234,-0.013590454223405463,-0.0635278725459027,0.0018308911953478502,-0.020090106519578797,-0.04506084181821477,0.001520582053131575,-0.0581040731818589,0.11700258578928122,-0.05249362378858358,0.07852644333211439,-0.1454529655200193,-0.02845538300654528,-0.021392547618945584,-0.05712767970143479,-0.02388203498373757,-0.059089907086617,-0.03496835279119101,0.07666749453784273,-0.18482801199612714,0.04878340269497623,0.06115127654647616,0.04577493561925593,0.009204607706434517,-0.08397905622818018,-0.09359843155065237,-0.01814625714111824,0.027894415160137496,-0.057333944128180145,0.03130235081156696,-0.15958362215786276
recycling,0.09519833604254031,0.0644643682914023,-0.06604749498909088,-0.01855995910180856,0.03377559574267121,0.019032903132445517,-0.01668355946582795,0.013412958785642118,-0.05870176881591669,-0.04346570965754659,0.03210471246637479,0.00411506660478752,0.013822712902659623,0.018931109068125538,-0.03517845275928044,0.01632413552787122,-0.01905775030373473,0.0072132641944918545,0.002442970048667937,-0.01506181956511457,-0.0018845240838424604,0.007233014091818839,-0.06418716787050475,-0.03819519216166774,-0.010333005894855033,0.01567884074009377,0.005563939495891436,0.007534015034981339,-0.04741860603143149,2.3322754100423698e-05,-0.005838636771652209,0.08560092909723468,-0.05727688125769033,0.0038970032835119912,-0.036506116685197085,-0.002682875396475777,-0.04740955780624749,-0.055298388468242546,0.05713087163738614,-0.030000763568329075,-0.0025126715197471743,0.03796116660970744,-0.023815410630750017,-0.05812946484049966,0.009965896517164903,0.0582273417595443,0.009375298475240365,0.04165168342499208,-0.02218280858050512,0.04369443747696221,-0.03306538463330656,0.02887799104407476,-0.0588745348625723,-0.015021700570646538,0.02244766436508152,0.025254741183279094,0.07706191255883296,0.0020660619593883024,-0.06699620027918,0.029390459137595363,0.06693502430198128,0.04993339735064916,0.009797665947278995,0.029947584781580626,-0.04110378591647404,-0.020811389238955657,0.015802124990210737,-0.019525664832191855,-0.0029325056242384927,0.0012732461275369034,0.058958896420771414,-0.1467362317875985,-0.03860287430774794,0.03949646985306783,0.13604074054285617,-0.03505463446051033,-0.040769412625694786,-0.0184617524205603,-0.04721110771569183,-0.03576516129167218,0.004536855363197622,-0.0014282084840613399,0.10223642841399838,-0.01892769422236123,-0.03718981837097997,-0.05916545746708924,-0.1061972408684556,0.04052370164691156,0.050247905644235064,0.012501339667883688,-0.03293698874417496,-0.002713935471251549,0.06110021531847067,-0.009560701634860287,0.04272685073549541,-0.019785682868608455,-0.005651667172463563,0.018824492416886586,0.08647822345522538,0.031916882171245026,-0.04565198804864104,0.1278908099064097,0.16088024927226152,0.06411114396312924,-0.1251591594740681,0.09414646906629581,0.014588473640439924,0.022883733320142534,-0.10328478775441885,0.023952195899253306,-0.025566020139306103,-0.0008874877796727423,-0.09936844395154115,-0.08284188109767501,0.1400201142867015,0.05314194218093957,-0.12081914214318534,-0.08970908304208278,0.042385040909115386,0.0842893676991107,-0.045464912975212615
refinance,0.050091676007806715,0.055726776885518685,-0.0847719620031534,-0.20324978388642148,-0.12778630502081648,0.024151864321769027,0.13633614288920404,-0.24061848931846241,-0.016234566092760604,-0.08580299587477223,-0.014098985426356566,-0.0877402439500964,-0.0025486382366872707,0.17648589575469853,0.11542659315258084,-0.02058361727791591,-0.03172189318290366,-0.013963552655205642,0.02355779968729667,0.03449812809826128,-0.11707129152318929,-0.2814150558434143,0.09036870098593919,0.07495335659065658,-0.11516418697244532,0.027399556898030742,-0.02821965523555306,0.03795568626976892,0.016680864721013523,0.05184555245160922,-0.013450873474334147,0.08599053302944486,-0.02309890972029468,0.04235290561717502,0.1295047921817472,0.06889515000670049,-0.024223375604993044,0.04502901954203395,0.0027639827614047915,0.05492872371449371,-0.04168077717458515,-0.01633568300890037,0.032385214815016466,0.11769526028653318,0.09720407996269914,0.01511274417339766,0.014112463175552939,-0.022141697143166578,-0.12549588980475718,-0.00752957114649578,0.11994093810162396,-0.09069841775596241,0.12641616848863985,0.103969877686486,-0.06749268314948542,-0.062114273560755925,-0.09604193956899895,-0.05126385137931724,-0.07171628163777267,-0.0952726908533203,-0.0027532212109484646,-0.0402769690533662,-0.051456748766046626,0.010447191313585125,-0.029605934289948076,-0.04636844745987693,-0.06387336963200572,-0.04162842670471135,0.015136626482354469,0.008344326170433788,-0.05128222687044938,-0.061932887692202565,-0.010339178937566397,-0.07281440229207226,-0.08759175483574667,0.25598635344610154,0.1744516576472982,-0.09286816676469083,-0.08556234400852332,-0.047504331395728565,0.021654590128757114,-0.058483756347385035,0.031037092657401774,-0.11405157631272564,0.056431719478173756,-0.016074135597039255,0.13575927737484478,0.06449240880029727,0.02611308106812224,-0.02525838171321254,-0.001696467124192011,0.09060122002312924,-0.010347921129627907,0.005021113911491709,-0.09169676789867957,-0.014903702587297493,0.13658489074806757,-0.06683125673996314,0.014355861245576168,0.06314708006306659,0.0852169920311586,0.13096356101042997,0.022413810809788277,-0.11288623400851293,0.07500405856934678,-0.03565472982175797,0.06837089258356291,-0.09307188100209639,0.01578884661234602,0.01841000603536385,-0.05415672552589336,0.07906135844887446,0.002190350162723606,-0.08348433855160042,0.011796116051795792,-0.014763591075771527,-0.1008830746269285,0.0016935505606575363,-0.026770144392916112,-0.04748090650240806,0.10979082614823979
resorts,0.08524594235662307,0.04813144441545089,-0.09221169065689523,-0.03115824797616761,0.009677523298327802,0.03515939458210175,0.032706780708667234,0.16691207371147834,0.035037048717954614,0.008239529206952041,0.08657905213915061,-0.11980583435967454,-0.11682041913684728,-0.1113577651093655,0.08320708415352568,0.01018755932138753,-0.1127637650169823,-0.09929179814904221,0.01958393546750211,0.01830798678202103,0.005524258901875911,-0.0205880729557094,-0.026039303458407607,-0.07303430773912782,0.060535037327378374,-0.08580696749841663,0.1267791906627918,-0.014860064713865235,-0.01637125683349462,-0.013753307471632607,0.160057498208066,0.04704157159313599,-0.018643479762770886,-0.04014347089888879,0.05594087728814778,0.07826215025365053,-0.03605681295430028,-0.051250859851400855,-0.1022595744039381,-0.0002955184032626332,-0.050802158579786316,-0.010024858985331108,-0.012198174564959285,0.04464844409992715,-0.07151025040891458,0.05405546767590252,0.06111213852486603,-0.0028944800190012464,-0.1481429521335087,0.09778878792810927,-0.021756044703409617,-0.1242428048132053,0.12640687628806463,0.006537714859640733,-0.09290701176535585,0.03891114510989743,0.08374005260597349,-0.014554945298136716,0.16490370616337144,-0.020104368557130343,0.13995993099706888,0.09208057526406302,0.04197076501695137,-0.11776916486033949,0.09807677007050465,0.054481316036056986,0.043195473873215276,0.013510741671895409,0.082966079709751,0.02525328741324777,-0.010724976702244218,-0.03655715463644656,-0.01128235655422349,0.06252402679990329,0.051854410184904956,0.00540862010222537,0.06811226855910998,0.07093480387433543,-0.072646409248325,-0.07996520697583487,0.03212992395099403,-0.027930866499462297,-0.13934669626752627,0.02147426729742946,-0.013516768300901507,0.011835988955650543,0.0033592679065264745,0.09824769018244522,-0.12571351132734326,-0.050710433302376914,-0.19686870255855313,0.09489831846398046,-0.07144268729339154,0.026849694363242044,0.08839896507088812,-0.02430640651067524,-0.014359954190108576,-0.029533096839606754,0.07960087073209077,-0.0025609532567182867,-0.040120760940447434,-0.09838325894194805,-0.06648420496389335,-0.05844929844045457,-0.0016550013762645262,0.09120998674914335,0.1764117104519561,-0.1455780730322427,-0.06449356162729611,-0.05740265170465665,-0.09811367238349483,0.012270834043047503,-0.12289821991687896,0.015737341333677907,0.03928422716471312,-0.019013533719563373,0.1369918781064036,-0.09452113039044524,0.08010139316516565,-0.09393733175683663,0.04053188355258469
robotics,0.0786806787126957,-0.05613330085702245,0.16362283686730977,0.012886913030036808,0.0030686400616147134,-0.004345243475338364,0.027260572636713318,0.029809625987044334,-0.049065953470087034,-0.007339607391764481,-0.06582112755021226,0.030840875074998792,-0.01888106297130624,0.018825664665493434,-0.016149296569225553,-0.06599972070371546,0.0300072359410094,0.03768789303839971,-0.10362807705585322,0.03893674626356799,0.01919370450905694,0.0041800146003603544,0.03466628631688323,0.0003012396463717218,-0.06361606622732968,-0.05125061595957969,0.08312797876960908,-0.04229417540569346,0.12303093092275992,-0.06951583457218959,-0.01651707405875809,-0.0720087953586992,0.15490323629532632,-0.15752778239916412,-0.08952423032428816,0.07561912782528453,-0.07934288525935672,-0.1354016773533828,-0.028229114649863905,0.07317875476901424,0.018096149790755377,0.2177901846035956,0.07792171583928519,-0.20889934969583943,0.1626044509573099,0.001869336444410799,-0.04810653359006136,-0.18338052077629635,-0.015037479492783716,0.14402660364878028,-0.06301194918152994,-0.01259084146279646,0.05944628238805877,0.22766315204655413,0.060006349793111674,-0.1475709454964485,-0.14098044463470488,0.07153992516242386,-0.038933044470040076,0.016195099141952746,0.13902250383566753,0.15982469816339645,0.050281594637150345,0.05687813211736936,-0.00017088553259575825,0.027036084515601133,0.038897905362283616,0.013405929401952177,0.06166105637878208,-0.020110475960234762,-0.05970364141635784,-0.04617611298747376,-0.14783130227916946,0.14776115862932782,0.1332517541317341,0.09976760301514578,0.10188988737533429,-0.007272513658423324,-0.13280875828824434,0.014710155201217684,-0.012404872082997308,-0.01457301579249054,-0.06668107593617643,0.06908946750286776,-0.09798771470896621,-0.08660970759787989,0.0648155814972308,-0.1098733957871453,-0.060923351804438156,-0.03169745582520764,0.08979763925550803,-0.0817890181701443,-0.006829368753177911,0.0996564289298594,-0.006880549490404661,0.1294191353445105,0.05459144047403331,-0.0310998952782657,-0.1323015414284869,-0.1221132996024079,-0.004356498895139636,-0.11057018845612104,0.04499798849798529,-0.001018150083526445,-0.09632300559171482,0.05043161825384784,0.07791530650307948,-0.05824544398838634,-0.019922407216054566,0.006267244688145755,-0.01829483657715012,0.04553213330828949,0.09484514210850101,-0.0052742854512739246,-0.019160373077991455,0.06334221210450461,-0.09526146024359103,-0.05288915051598225,-0.008089436178283099,-0.032567217032377374,-0.05347760982113242
s&p 500,0.014004639887843055,-0.1976311084808731,-0.031780976123457594,-0.027017514763382055,0.07802429243348644,0.059300893945586526,-0.03175805967510051,-0.021839739792614127,0.05087837199925853,-0.0017987318387553649,-0.03330755707919689,-0.0058260714967912595,0.004946528208820507,-0.006756876390397194,-0.021056645373002524,0.005818036723060884,0.01931844925225631,-0.06610780006903241,-0.0470276078980433,-0.027326273855317364,-0.020307249527342773,-0.02015589536030582,0.007061778258085213,0.015616257684056452,-0.0056263793641286985,0.02709487472830214,-0.026313827690152676,0.0305420858596175,0.07394498421234438,-0.018220877818384336,-0.19809564041613983,-0.061981732858673005,0.08565238561612691,0.035729295265230006,-0.02315276288113848,0.04088418398801965,0.12735272216349955,-0.025381701278655803,-0.1304834612666454,-0.08666891437231028,0.026484455833765366,0.07142262737656369,0.10621770978545655,-0.026416269408498894,-0.053628027930026974,0.02583031768287348,-0.10704320474008447,0.041844659658267495,0.07448815361213601,-0.0024868005424098253,0.04952555771759269,-0.12257872013550256,-0.11073175537451756,-0.07524203885223563,0.012152347007859682,0.04446543196265285,-0.0647716345860711,-0.06580864025640468,0.15052109372398081,-0.059569778802296254,0.0955297797936508,0.04749412524473248,0.12327087898355352,0.08491725233079762,-0.05096211954375524,-0.008501902435399441,0.012572850018458941,-0.060167823158791996,-0.07449647223329738,-0.19536519226591498,-0.18932534207211424,-0.15622279459846763,0.15655813201477323,-0.0717859357971086,-0.02726537145701897,-0.11592031901814161,0.02449008795253271,-0.017222911460660156,-0.055425950957674414,-0.09320147341383336,0.20279396336364572,-0.03919203479713144,0.03226694598533813,-0.004521214110492146,0.00793298737685641,0.03432959107112369,-0.10447680958547471,-0.19114139648593534,0.006043528656500562,0.10954510609019846,-0.11792081603691072,-0.02568908762921906,-0.02538013363574896,0.0021758683814760704,0.056576408045913386,-0.10050616437739342,0.11910691172353792,-0.04203989753723482,0.10546542499571952,0.13610581766105095,-0.09548029898174033,0.0380417425097955,-0.028328567474230487,0.08660302270991646,-0.023450367148826885,0.04518021616460145,-0.05805308220103484,0.0011996702854973852,-0.20316078010301794,-0.14195626570902534,-0.10803625767153437,-0.1391057860031187,0.1814207248851163,-0.03826357710273097,-0.06286646814092507,-0.05485775885707072,0.07189796789729136,-0.10290736220449576,-0.03756010744662598,-0.06913536265936751,0.05211939419803717
sand,0.09043724407716082,0.020691647843814106,-0.09831784925855742,-0.07060122159556717,0.12484483734272782,0.03810376561573382,0.017512572988157015,0.030968338767616305,0.04282514498100452,-0.06806892997995333,-0.026930506398396052,-0.01171799594503163,0.12712956376955237,0.00023242968860084147,-0.038428348157343105,-0.036881736283073445,0.020022583427356952,-0.036532086403357436,0.03264837980129388,-0.02346244471002005,0.014460521631680169,-0.0012544249246082897,0.05531450091546342,-0.03917190081791623,0.06466367922917321,0.032264490177966586,-0.016148859850094226,-0.057733376383299694,-0.10257243923849763,-0.09289640608170292,-0.0294560184972962,-0.022030736105819036,-0.04286051430392259,-0.007250383584158419,-0.0627627742391672,-0.04749697323833148,-0.09148380124460664,-0.016204204068170566,-0.003384011432495561,0.03621830069429624,-0.010634240180898315,0.01715022122312114,0.01336011042073492,-0.06410240462378508,0.018956350799837797,0.011035911622472114,-0.0658368256313489,0.04943520465402643,0.0005856162883669594,0.024467972067511327,-0.0710099401091033,-0.0682402987671078,0.004769468130797072,-0.022207318706532336,-0.052813020433729436,0.02985314041223052,0.017158718702426586,-0.04661455844468321,0.05472592619570661,0.03179505911229141,0.09658869037310064,0.05068505441849314,0.03985240833882754,0.026728248372922057,0.030041098900859098,-0.035270980445104634,0.11236215936422207,-0.006123370918398881,0.005549414212436928,-0.06419688323192371,0.04776585605174631,-0.14230119740792674,-0.07511293017574686,-0.021097093212801767,0.020629346987001026,0.11688462107635883,-0.019061379924326292,-0.08775630788820582,0.032057461469301836,0.03825889979495199,0.052727102804837625,0.0724297021701767,-0.05507039375067446,-0.1331040444898608,-0.02447215890068096,-0.009897947503025303,0.03900792704333153,-0.00782300448510851,-0.030727169186220784,0.014877853030566171,-0.026131994824849236,-0.061787089517081645,0.1663080543406984,0.08855925084502457,2.533616984862208e-05,0.02358182206928536,-0.13407323287582695,-0.15323367861548534,0.016131506147923663,0.1469180623186411,0.08573360265350369,0.061570271038892815,-0.17920843897366184,0.006601555170885619,-0.04661155079909085,0.044968797549944005,-0.04297165396406801,0.02450279680107617,0.06989457706898303,0.1974272320187014,0.054042640604274716,-0.13052134838279839,-0.11528733567788872,-0.06301382432660342,0.059580610362099634,0.055317852869743556,-0.043709704479357236,-0.00853485962086454,-0.043764271294497045,-0.0720614725887796,-0.08176044312310618
savings,0.06240495704139399,-0.008607054298270756,0.04984685782355856,0.1768840543129953,-0.1327124004850325,-0.09290995162861843,-0.010203702368798228,-0.10415872257868818,0.011496599736201946,0.06333338397871482,-0.10334660732058865,-0.12397111535387369,-0.03535979699654062,-0.08568284303065296,-0.016763314167280354,-0.3426012631599849,-0.06857232448850632,0.10774221405976721,-0.006094092178779466,0.16792930866592443,0.04462093469963402,0.08426160986085107,0.21833070462162218,0.27684851573138575,0.23523212260652318,-0.241157904940689,0.011637976366768582,0.0412425281406994,-0.11237098870381972,-0.14401303672745197,0.004558048920499935,-0.06646422779335869,0.040787935263061806,0.1214992792254886,-0.007376947307875498,-0.01755398933271967,-0.229965490487004,0.1445802312992624,-0.02834181608985429,-0.0877612232026021,0.12564508761371848,-0.09839528618446662,0.03448071506858855,0.08059351789910754,-0.016362537946944304,0.07171852986775311,-0.08393865434097028,0.00833581789075255,-0.04641153875661536,-0.01975937921347453,0.026672015529187826,-0.01599078004146647,-0.09423158221895653,0.03687374587311156,-0.01260808980019218,-0.021003678661573946,-0.14907705399761212,0.0724326646545309,0.13352302917721587,-0.021028651434041992,0.028876255055183167,0.11439132730751049,0.026379208937418908,-0.03763515589886965,0.10777893663877287,-0.06840429401612833,0.09874794813510131,0.007882665351534299,0.05795068467120882,0.003175897302099672,0.019592442348713726,0.08931218446248683,0.004508908062131743,0.016758798241236342,0.0006870662037695638,0.01987184752066988,0.08140854859700981,0.06798059306778304,0.0032683245762167787,0.04239327376895183,0.0020552919380697338,-0.025032859782258055,-0.05583127891948097,-0.025777077008288077,0.03418081328266153,-0.05059314374876889,-0.07544928504704831,0.049737174814798196,0.08806321873588728,0.03396127544161252,0.08887098262557028,-0.012488695076914996,-0.09087741329239196,-0.08154045417540962,0.013463494681376337,-0.022729623557805265,-0.07807106007483994,-0.009953529123771648,-0.006891651415860037,0.06361960646968992,-0.013169897633236064,0.025222508487453138,0.08272579295781717,0.05343748644635463,0.007895246176351518,0.005621754096382037,-0.05599117266205751,-0.02611350741889451,-0.03573230899126001,-0.011654663433300672,-0.0393754892364494,0.09606511430590883,-0.028411106007433115,-0.05542892429899088,-0.0002225283311769726,-0.059617239673016256,0.025227149334547533,-0.056882859347095915,-0.03748378996757404,0.040753898689098955,0.03342122243276942
self storage,0.09288987463549904,0.04107995164770725,0.010348793249269121,-0.12329765010089358,0.016711324537958733,0.03104498927239049,-0.016239693375221558,0.015439071486996681,0.04527882539940286,-0.005808808740685578,-0.02328105117157581,-0.034104743022485166,0.03519247383025847,-0.023276671963962874,0.07001056298390045,-0.028633057664871748,0.004553626867516496,-0.05620389241718333,-0.1577870679900298,-0.06879470518411554,0.012887717740492539,-0.01590974783681491,0.052560586710676205,0.047953988322376344,-0.09687955314395807,0.13319610777649532,0.009743282424531888,-0.086971485196052,-0.02383623682261606,-0.073690114789973,-0.013877718928622891,-0.01669891077875731,-0.06553562284450494,0.08886789346387289,0.02042897000619945,-0.07454807229253768,-0.08182983113040593,0.020458453177852092,-0.09400669865238714,0.015661639485460562,0.0518232148603185,0.03520144632219517,-0.09279329997638129,-0.07475399499056204,-0.09126422884815923,-0.03741700381175078,-0.17353733111591077,0.0795957427639144,0.1253506151356567,-0.0414258864918327,0.07194496923236868,0.06999311586127377,0.0440439924915606,-0.013860802751935887,0.03698524335688699,0.044228343017792854,-0.09164706483196601,0.1294021720657557,0.03895482341509064,0.07337612040941033,0.0832568150013388,0.03864216209595872,-0.05998923240374314,-0.008777011709843333,0.04866753454857291,-0.07063519822794082,0.09751270972702042,0.04917247088205469,-0.15129425645623537,-0.04652619942999469,-0.0600635849468707,0.04521054748888735,0.16293683891590036,-0.014699952319314834,0.025170350098698013,-0.020204199215239898,-0.07225859086111686,-0.1626101676055861,-0.08419069498833551,-0.0016665601918308091,-0.02628358718072068,-0.0820455602041411,-0.0817326544107391,0.14584043157951132,-0.15877317204660482,-0.01471972561102182,0.006532008178805152,0.017872767355441667,-0.01301001430434571,0.019461429830761965,-0.059991393251830796,0.13554936928510133,-0.11374239012492174,0.08424298432653135,-0.17305151285648251,0.055582942767583424,0.07685571148608784,0.10011033887860579,0.19110778694458602,0.0639163199472568,-0.07676538399946951,0.05423304911862209,-0.0529088300543358,-0.01789773820985123,0.08206375389115216,0.01299347346040957,-0.03082498551991491,-0.06341647915585878,0.0930150922817118,0.032296491747713305,-0.12738352635684574,0.05965171598112093,0.0384645539159293,-0.006947811977724171,0.1569975075457346,0.04188266026387476,0.10642245001533557,-0.008828168002296737,-0.08021656549833463,0.11576196562788979,-0.02093842937771901
silicon valley,0.059783313971917364,0.08308621918661689,0.033409162268506404,0.022326768482954867,0.09849450352101106,0.027618072169418872,0.06066794038567043,0.04972848576696939,0.049182731568903654,-0.07665252910712456,0.10546874087017365,-0.04593293796211112,0.04630899276739383,-0.1524693818451582,0.07343218732579401,-0.32692889684574905,0.3239396367854521,-0.06351677490492307,-0.3411328710175656,0.26602763053922907,-0.04573152239020965,-0.0016505716704580398,0.04016024775314811,-0.1207159692589076,0.07727306944505323,-0.04591978681663246,-0.011368278401960141,0.1268778566387249,-0.09224265507551999,0.332578251212454,-0.10537525696451111,0.1257897616721352,0.0036149740045937125,0.003947973494940693,0.018533875009489595,-0.21782776275354948,0.10741512277616394,0.1398318223728937,-0.046330431273143464,0.04105852344251196,0.046737785424854426,0.2391510583146163,-0.18638941192281253,0.025367422755708066,-0.01053846752924717,-0.03822396626538705,0.16692270779019971,0.037663703125856304,0.014351363960631247,0.03929738514481456,-0.0746351325941958,-0.009734595736273818,0.10271143336483385,0.048701466927421555,0.07427815222137175,-0.09624985070176502,0.04050655150864391,-0.03065895660904835,-0.10550530158183916,-0.0370981139539876,0.028229609382332696,-0.08244432904668966,-0.012218321828555388,-0.0025659048874667814,-0.03743865083188262,-0.007286435012808901,0.00814541299646072,0.031337099539475555,0.004334359677693397,-0.007128214143583278,-0.010535129392271289,-0.019432043330072174,-0.005887261725238501,-0.01749614929570603,0.024333186969856452,-0.021324415613801717,-0.0037697603760765185,0.03950810360527324,-0.0559484696069952,0.01947985798266416,0.04971822435858066,0.01306690350822956,-0.05891716988982062,0.03175163553371292,0.04110569385751175,-0.03465131491148974,-0.04743788607102162,0.008008417632740635,-0.00907934592197411,-0.002204713061590674,0.00961131805781678,0.007882575946534107,-0.005443882335357281,0.013252721970537604,-0.0026687000582071227,-0.02945017204130649,0.034741190374629485,0.005933426683184667,0.02375671300676814,0.043619160447638305,0.033156917175930126,0.0003802125102285031,-0.05038242775718538,-0.011821422330091369,-0.006730093506401927,-0.02260434217497101,-0.0063091443265672585,0.052348249869776306,-0.018148140037838573,-0.01382711596214807,0.013061038421863125,-0.025752238787364976,-0.039177942001695054,0.02845176424804348,-0.0693595872988707,-0.021167090732384,-0.02442259267471905,0.014918397312149757,0.00017825129293177339,0.015602404172175163,-0.021397582994623285
silver,0.0972249296974794,-0.0030720974314876037,0.03965027920671479,-0.0673172353246898,0.00856394648298449,0.02855357811746012,-0.07173043114391325,-0.03162718278808467,0.0400152627308092,-0.020845010465250564,0.10024651113070542,0.02589172143125986,0.02992911607010084,0.01704403163866477,-0.012752892496478641,-0.0018825962885003246,-0.023670524838503546,0.03450024681517537,0.07305967335921096,0.18069143306440882,-0.004907988059746869,-0.04969404105930276,-0.08962739733946588,-0.03363881871321826,0.02722485352206411,-0.021477221696739542,-0.0036894494682828422,-0.07492546000652779,-0.03368745257546192,-0.01695416134739095,0.007310829869462526,-0.026644490547390053,0.0958563495128208,0.090172718683816,-0.04226758170676455,0.040779557319364015,-0.003800823899726573,0.11660311138444399,0.010608603036882214,0.03891468202121191,-0.08924535544234569,-0.049494437763885124,0.10076632914192074,0.03707252423093676,-0.02705056162331406,-0.048185403259330684,-0.025442699302866884,-0.035127572088801406,-0.00010377133732677665,0.014357302405096735,0.029822857854762998,0.10516361609229964,0.0397610865703603,-0.0266581175148821,-0.005341764439131785,0.09016011867735069,-0.006572339903764483,-0.08340344118158251,-0.014699823678154998,-0.06436661538486724,-0.06922523736040094,-0.05685502529372477,-0.10692808359930435,0.03226926037999122,-0.0015199936967800211,0.03727272288236182,-0.048470584553019225,0.014262138931202907,-0.10416933290139,-0.060191125408860124,-0.07920552830871276,-0.06029815499473019,-0.04003392147579883,0.06757135852260268,0.08356300610804882,0.037508202505222285,-0.11114119394376634,0.06556061004302453,-0.12783665244557996,0.06261363508238169,-0.09875040501219283,0.05113930151296098,-0.028537116191142648,-0.10229164065235487,0.007939337305105456,0.10843799988885264,-0.15817611832477785,-0.11445890969564648,-0.09349566140736378,0.00613835345075138,0.11147748747193074,-0.07954563438201447,-0.022740092784723352,0.011866706595683528,0.11614048825819612,0.04979834491529544,0.0943537463667195,-0.04624317168855717,-0.07170087078019127,-0.002173171001071665,0.1174725449692903,-0.012214002257507586,-0.021613311526379495,0.14855562570670078,-0.023312125994797064,-0.20500536967296612,0.0861454766459456,0.020358040345395248,0.08300067759985609,0.02492207918196503,-0.07153660294816078,-0.047609771443708496,0.06737505364258764,-0.10712350118451484,0.0953409608012864,-0.043519182101448194,-0.11573427869178819,0.016568937284185403,0.05320246667476876,0.031057908512429615,0.0026630603793849905
silver price,0.01273177701039896,-0.13201312729718093,0.13307011186586445,-0.15632645301972403,-0.03583618709032664,0.08410219095557564,-0.0009011283398654131,-0.026844472984440804,-0.1428050192508147,0.06916963687588322,0.2036567434139108,0.05659793930957842,0.10648291280940154,0.037019020851824354,0.07579112199061758,-0.06928575638138579,-0.01800337744278785,-0.030846729933192134,0.09701382821237903,0.21250650729236628,0.07216957595418008,-0.10607668438747675,-0.27272547118451906,-0.0732922948607648,0.054729454562351044,-0.0024876126053902867,-0.011373963413311278,-0.11177490341151328,-0.1659458267803645,-0.09977370937924764,0.10699182323707142,-0.09290397278366654,0.12036040169174878,0.09689721826705008,-0.01324714266521776,-0.025569833440266324,-0.03627186106976548,-0.04863887137838584,-0.07531198324869985,0.03992462451505098,0.02086113693753606,-0.003791581290353639,-0.10824137359838014,-0.08126537548729967,-0.1263959612295045,-0.009625583772505816,0.13181985740291793,-0.06212465610341708,-0.023310193955326068,-0.054907660929322574,-0.013359383253758544,0.07709688001404746,0.02423745603021832,-0.06134223555791471,-0.06870465189003633,0.03071499442813959,-0.1523069062658473,0.013343909537438088,-0.04977242952237551,0.037349114239964815,-0.08759033744090784,0.09119899879290812,-0.013670792450484399,-0.08059094292645841,-0.025645540979227683,0.16703410748425984,0.13634184044335917,-0.031445963097398756,-0.08558004925878693,0.04221983702612819,0.04625245005044944,0.07553657264091253,-0.030067302954477404,-0.025644737681740748,-0.049450956830844106,-0.11476161227037962,0.010998242711626072,0.046212266581137765,-0.11829676540931604,0.04244834130693431,0.011574669033659522,0.006976242134196961,0.05410112397288513,-0.1199834834483111,0.1102101243697265,5.0318585558364534e-05,0.052653084766695266,0.0015342123620739612,-0.10068970218119594,-0.04525464219781404,0.06059120441744417,0.010005638957018859,0.017651050664355062,0.07313408652509797,0.04370495198490147,0.01083531971351041,-0.042289713771542926,0.03576704194122837,0.025657720093735084,0.04612510845649777,-0.06533120619066762,0.058054694706008214,-0.009773615449493428,-0.07261682466904247,0.1883026952769262,0.08074796393876049,-0.08324352033713356,0.07137103146758399,0.046104209100878785,-0.002953767868574821,-0.12806247507615176,0.10403941890492754,-0.00236481978863079,0.017528973396499455,0.03412304760990982,0.02740074230461463,0.04038638143344821,-0.09001302280505952,-0.05635621018883305,-0.08120583058432958,-0.01748631877402127
social media,0.08478659794496471,-0.10244469891566454,0.0615603702621268,0.05518916318378296,-0.039133363011750286,0.015818274255435947,0.02810280251830419,-0.02284520809962856,-0.04556966944682079,0.035195560741778785,0.02780706593830019,0.0015546615496998663,0.04863897101877122,-0.021313595088465538,-0.06730347006674864,0.005068772559483127,0.0040830408363432165,0.010577933699123873,-0.01550802947983208,-0.004260244271344422,-0.014422152440338593,0.005029637353602193,0.021378302130255333,-0.00463492860910596,-0.03296317938921636,-0.0053699834682941,-0.07446821387012026,0.025754047468303138,-0.06827755443975943,-0.01300652946074191,0.030376190167156283,0.07212747523665888,0.0343109938326008,0.014246678596668628,0.035940388071794845,-0.05572969831604923,-0.04169594959830811,0.04102145348111155,-0.056040256805759234,-0.017723614212914015,-0.06300343534259474,-0.05235933101410698,-0.10085812784187326,-0.07656526708956174,-0.010039329769829396,-0.03513818739006701,-0.02730365610418429,-0.015887789690640104,-0.07527904550310428,-0.04732122587671882,-0.008793727452101979,0.09009565860444999,0.0011006822891305099,-0.04224719268502751,0.08668841463287306,-0.1779964391382062,0.03500036191507713,0.03418982762470739,0.17751157473509965,0.022648796312595372,0.02919112860157222,-0.020667879224264593,-0.09310346515465232,0.01231961008807192,-0.08379719415779358,0.0446505548590719,0.03102443191440023,-0.14649833422798536,0.024695987583033627,0.17954913312528803,-0.08321608230930697,-0.09424339798162544,-0.06535239143396153,0.23047510912538888,-0.11777258829169715,0.022684913881334007,-0.052308086408665515,0.11058296039683022,0.11297038569176888,-0.10997288845624208,0.012657884228848417,-0.21693436019175272,0.1683551065939039,-0.0019975576972383717,0.04979333740328379,-0.05118026565540493,0.051246046154800405,-0.012364404167390902,-0.07991522416366834,0.07511015697001971,0.0664848639586443,-0.03610261635005921,0.1940765458049654,-0.029736299690615746,-0.13040579563302016,0.025840910260901608,0.18002917056715673,-0.07638453021023954,0.05240265513879373,0.030520753427818723,-0.04374725149226692,0.025885526230776966,0.013744771422334823,0.002454575249046846,-0.01117495501808259,0.032275686802195155,0.04422770368598177,-0.1289505270585336,0.09638023465035007,-0.14278376698117815,-0.04750200376717642,-0.01699471449970217,0.0320275337536657,-0.11127872095429209,-0.010436944317027531,0.11008276766584296,0.008478303476866771,0.1132747306303732,-0.05545126134101763,0.060865805454141816,-0.0312180651597373
social security card,0.09187951139323182,0.05360734217689662,-0.06482698055600032,-0.02381487224410525,0.018625649268870916,0.03216399945367371,0.014137756767756427,0.03374391543768008,-0.05704870009005082,0.05469020872096377,-0.02163928190696275,-0.023337197443319344,-0.09681359380575354,-0.09117715335470439,0.076889789507424,0.009943950608230345,-0.12442248098840622,0.0571494937989622,0.004746859438532888,0.11148401260235219,-0.03819833066132595,0.08020469123793571,-0.036766710641582385,0.08638360814894777,-0.07245553820579709,-0.05810058577282393,-0.07565896566715018,0.020351096008515708,-0.014505885982823645,-0.05208695950421435,0.08596376104741846,-0.021482930523940708,0.028296404132753573,-0.007754604266509028,0.0810598676928441,-0.06980488079347838,0.12474621129760187,-0.09256865396419758,-0.0568705362210779,-0.12431589896350864,0.003535518739432836,0.08842494800072855,0.04089374932130844,0.04056553553295556,0.0660503404388124,0.10794051599815771,-0.1764040407018014,-0.03039704689868434,0.10663274366789716,-0.04207139860095639,0.13795647716694892,0.08071829528301519,0.16563572245361027,0.018825613461616684,0.07516449689549251,-0.061963922871096616,-0.07544625943239283,-0.09934650364669242,-0.12859583544304562,-0.14348674450224422,0.05580968275257529,0.028564646459231798,-0.002353133121781422,0.036774940785768824,-0.028626053583663345,0.0013074577742370058,-0.043317215057893946,-0.0783869737940581,-0.008397641716788355,-0.00400817679847227,-0.06413856434548051,0.18743169025465717,-0.08227953771090547,-0.016230772685272413,-0.046272394365268935,-0.15871707269172608,0.06014997455327016,0.10449182660336857,0.07433138332121927,-0.09134029224534239,0.028327564993507692,0.015867777073609455,-0.03332406281991021,-0.11546530388438996,0.10939423246634877,-0.14397160397859715,-0.07551155660202655,-0.07245338835674985,0.02267799674995817,-0.19890492459672288,0.021087575415533362,0.17260199970792142,0.08934253320079164,-0.06955458730952237,-0.041427970665083635,-0.033848780007226804,-0.09178633102494255,-0.11521052571942889,-0.12435820286023885,0.06096264810421579,-0.04210380687155289,0.03289817924420224,-0.03548079747317762,-0.030166808597271076,-0.10128069597105112,0.027275487939573816,0.011315834272834542,0.11980627186530993,-0.08707675623566064,-0.0177319487018226,-0.0363701374274673,-0.21309579148608604,-0.15052429130434436,0.021085100082383776,0.12502346534416853,0.1562560869687867,0.05266240651320322,0.003727966072441063,0.05015286790721711,0.014093039406997118,0.053147201108892685
social security office,0.08409243718923316,0.10815013917617715,-0.05423927319200914,-0.006314930120092512,-0.022921720605806436,-0.0202310890033283,-0.027666391694987955,0.006454087494484905,-0.017415548775259405,0.06768686498125177,0.030109815923115093,-0.07926341163651562,-0.01399202765631487,-0.047250385657614115,0.060013254599708736,0.04013821232325392,-0.1015058980197865,0.023256690831698894,0.024014117175714923,0.04295510412888542,-0.03355105201268942,0.007836811854746606,-0.0037666728190125223,-0.01413030711664175,0.010357987113863171,-0.06135399824869108,0.024938105490914478,0.04775027381471724,0.05108242411842575,0.048026586957463924,-0.00897455773798344,0.06087818388105144,0.04366115212209312,0.03411277352354159,0.05904593391512073,0.010387100803246615,0.06633817344632312,0.08109736186190354,-0.021213830878935115,0.049109805637131354,-0.03872617706292569,-0.05435781404770023,0.09009090755655495,0.05347209330641372,0.03330547699452746,-0.016470155220331628,-0.017683535684371605,0.020743982675772987,-0.016752207541240426,-0.008087938198659696,-0.06837720924256535,0.0632189608774543,-0.004727156900261584,0.01892306082825476,0.03281688649910084,-0.002603187186430961,-0.07137691175724636,-0.05429767974733825,-0.11237494297623488,0.08636771835856856,0.06986935176754337,-0.04913657740937917,0.15566203875055315,0.17335101105083237,-0.0283450070501969,-0.030216421038720624,0.0610858499878654,-0.11597478197752972,-0.07330856833266225,0.015604654599435872,0.0855680998904174,-0.09257526961889465,0.010494398361510865,-0.029216136199893144,-0.0367001688209088,-0.02948939795284334,-0.025894727005443624,0.1387942711275777,-0.02969295478039769,-0.006620601992796217,0.11505226231960311,-0.06347759800128233,-0.0017335820080100102,-0.07394430593795007,-0.06163126966185174,0.18825801613357557,0.003560259404627456,0.1490368832590541,-0.09602202934790877,0.05657940714873087,0.13094483458383344,0.12847247713564025,0.00484898252080072,0.12811554648298953,0.005756853645858505,0.06508252364580311,-0.14221987297012717,0.09157508860774756,0.018083758461504396,-0.13856479718966566,-0.04201036759412778,-0.01920111636334733,-0.05294262591458019,0.055553351514463084,0.0022722639964971175,0.12172254559444479,-0.1805109013077641,-0.14908426385012785,0.010574059671417016,-0.008569026378213235,-0.07929111409070211,-0.0711716866133097,-0.10090359487594876,-0.05448654463106821,-0.09947163950340432,-0.019207889584166145,0.15788129611975554,0.05567029051269698,0.0631951484560429,0.06294531806086205,-0.005557908916616196
software,0.09808265942732874,0.03532900130996562,0.06290791772669475,-0.020393180253558626,-0.005403242034418637,0.028378433270202157,0.00293707638234308,0.0005557628836726729,0.05925329501963971,0.0341279712667771,-0.008748952952390464,0.025317622464171855,0.004341225012028062,-0.017244388656818672,0.06680010834841645,0.010714005760511274,-0.0016168191319362757,-0.06507233906792519,-0.060879796217685946,-0.07596020524227379,-0.05188643845321679,-0.022996921834212758,0.038981535038071086,-0.003217717725913215,-0.06520328453988507,0.06345681512685009,-0.03183694169987363,0.00860759816564877,0.0329513247138025,-0.041467332027686536,-0.008058911296186865,0.017432369504581137,0.03326808048363207,-0.03296735857195694,0.06811350128103279,0.03629444685354945,-0.08051234316131303,0.004498370494126328,-0.06760848291147242,-0.02016659877064553,-0.059355384274722596,0.09985195605679914,0.051665853526994196,-0.0012520923509374074,-0.0538493210175326,-0.036026222033226876,-0.03361526050913957,0.01982348545650397,-0.054225795552746495,-0.07455716811682796,0.020521151095550402,0.09650846155996796,-0.048524085782546134,-0.046367851569802304,0.12318245129408065,0.1258157978716564,-0.023591339119080693,0.05963838934882708,0.08215680192201978,-0.03441077577928814,0.042280302273647645,-0.02964017563162586,-0.01230693549561316,-0.024778204351479392,-0.0027334451950292576,0.037230587922827935,0.024738710091042636,0.038323076618866074,-0.1955104270143011,-0.02784842491519441,0.1807782328447937,0.05665614494249849,-0.1033024544488047,-0.048663004838052255,-0.0295578197743515,0.06405774607105058,0.08199850459383896,0.15560874880448927,0.018676056814327945,0.045490906115091156,-0.02057118459649652,-0.05978311545614812,0.04053911850185117,0.04726641151467221,0.09567133631874664,-0.009226158539098842,-0.09658716687503886,0.047306846106658584,0.02457458208565682,0.0288884160295229,0.041893628127415185,-0.09703560682369967,0.062013170415013204,0.004434269929690083,-0.11493988818038414,0.1587772216935127,-0.0395735728413041,0.08198473166150207,-0.03158802245261839,0.014301404969685733,0.14870523417365836,-0.01723751139979746,-0.04591598229617754,0.13013788910468066,-0.028332101995731187,-0.13284417649569089,0.08293952713201874,0.01418440720199574,0.006464603170744503,0.08937645392105699,0.04916451711648495,-0.061442369219638436,-0.007677325247453133,0.12315985051040029,-0.17666669335111435,-0.030148310232568136,0.16963774084110755,-0.1234230872135172,0.016768792936058218,-0.15816742131738495,0.01400064638677347
solar panels,0.08546849751831434,-0.03864156887990634,-0.11515211879295902,-0.004383033726803172,0.059462259723861856,-0.07600670104054968,0.041893132099815884,-0.017647034268117073,-0.025027946494206227,0.07277439093893483,-0.031828964942406654,-0.08949363713814189,0.1225359793648868,-0.023751770698924885,0.0654448943276622,0.0564867086150161,-0.030183914084132485,-0.0730133684037376,0.07211390894157176,0.041623964750507045,0.026605643990968476,0.043155996479615516,0.14459924452881764,-0.0930969822490997,-0.022433735005456278,0.07487660355084823,-0.05124208233539095,-0.12187126418807932,0.13294097927689982,0.1324696221251574,-0.12318317836648483,0.016348328687733473,0.10516024019929102,0.0665013602887006,0.13749166786180406,0.09571160059472492,0.06419061795129989,0.026295655773243803,-0.07181898191877639,-0.022664365510818664,0.13135163125122507,-0.015229232136167873,-0.16236568670687748,-0.06742852039876349,-0.03986841281959426,-0.08960905630692656,-0.10265415659293517,-0.0937870848358215,0.06941981597352814,-0.11277957630563035,0.17340278716373209,-0.12031941256924504,0.09972097573848698,-0.010627853336566694,-0.09628960463410464,-0.0468606103276204,-0.10062835777876271,0.03903233381377986,0.07802373570129928,0.07509272033167527,-0.005973765408969956,0.08881426190559955,-0.02304856919865811,-0.0015531348427250402,0.08347668009141718,-0.1371705665818107,-0.048541918074217844,-0.1492618568984602,0.1045939319122352,-0.1018079393790143,0.08373513390649562,-0.11475138209203273,-0.0694538279184228,0.07171933279661721,-0.0050981817923187005,-0.2465238582019496,-0.06411415254427195,-0.037329363596538545,-0.06082839601392435,-0.0021424159235773127,-0.16580199165457327,-0.005343503995973005,0.03542447685208134,0.05151622716760655,-0.09165108972617209,-0.005579928715245205,-0.07581043059544644,0.14695816270558723,-0.10612850679902697,-0.0841339106186951,0.09653852428415387,-0.009586040556811327,0.09343966362654695,-0.07452549562698318,0.07258663922811986,-0.024866431877536822,-0.06342641319702616,-0.10947619909851161,-0.07502281906895582,-0.04004595179587642,0.13052312686054965,0.0798718033395318,0.12314220781902178,-0.11891456982713718,0.09593939924799108,-0.09869777422520773,-0.08362926264011736,0.00017948181762951834,0.06972589861140516,0.056334411062122634,0.10076822514203365,-0.06459476592960745,-0.022561082235575267,-0.020808046993239748,-0.136702287664783,0.027495793846640533,-0.049176854643085854,-0.06135047105978625,0.09122744291318918,0.024862458791251166,0.011358989102211087
steel,0.0986636428691885,0.008437090708411745,0.007272541753467456,-0.05365919845514239,0.021329748971223226,-0.049543757376454334,-0.02003878967926537,-0.007715259489958891,0.062485774147787505,-0.08921288361730759,-0.05469957409454803,0.00087009522577601,-0.04703834766467488,-0.016399543836040222,-0.06672264332651609,0.09499627672551851,0.038909882343835696,0.07598128711782663,0.02941935500519662,0.05405134451664512,0.01441655999558773,0.0768831884949771,0.024901018224772243,-0.024844664097584748,0.025586079684291597,-0.00991784443512326,0.039308753393937856,-0.021876992878144867,-0.02747237293806641,0.07084902367406494,0.10494750429807134,0.13023796345670044,0.14541596201276547,0.03352488377019974,0.04749444007577057,0.05561664801225523,0.03362036734691566,-0.005469790133245313,0.01534449429816975,-0.007913333082328344,0.014569186972556533,0.015566990632211297,0.0958520799983111,0.04000811794718401,-0.07245945907020385,0.019308569666592026,0.005519197144709071,-0.00894496418313228,0.007548259313174592,0.05585903449168039,-0.0260705273305201,0.053307526989736675,-0.023624748949691042,0.0167698381633335,-0.00372678197082204,-0.1194759802496862,-0.09325987570621792,-0.08307023087580942,0.07784083830066559,-0.05646618081855163,-0.16935190709202216,0.005933077906748758,-0.11571448116426972,-0.08303940797274494,-0.014223680108851142,0.010233674083600097,-0.027683667683159458,-0.03274127920437617,0.02207626936951205,0.02735465204747433,-0.040936448143204955,0.06436817114459438,0.01672631764998585,-0.07956900519734225,0.0256399221213817,-0.009947183198865443,0.03285594874659584,-0.07432822219502327,-0.006615128566011513,0.08437920934765544,0.047280048342476615,0.11077117362168401,-0.09264053294786322,-0.03897432774839279,-0.13270387030728956,0.09952446749411893,0.10877763432144548,-0.03454441873556793,-0.1318741385645619,-0.012382761551476544,-0.040668542254708284,-0.08254453305298484,0.03822088329870047,-0.08290598724160642,-0.10302489885740665,0.006353095604658333,0.19337181957299232,-0.07328763281016314,0.03267125925179881,-0.03663652317600201,-0.10161922099923112,0.005141005202567758,-0.10581059622294832,0.057701356737516335,0.09871352053109221,0.05651210282056958,-0.08049524489556234,-0.06297997530499747,0.06634021313331882,0.18265740584776702,-0.08910390544596578,0.01863551353547427,-0.0324862479893646,0.041916874306806906,-0.19150255462773638,-0.05843059799835674,0.10259980794321288,-0.07905002962957725,0.18577107058189163,0.13847125427270493,-0.042071659484864646
stimulus,-0.04138944775089203,0.02359668367890116,-0.09055522162184505,-0.1070935468419467,-0.18343806715190322,-0.03814636339589677,0.1900879326368671,-0.1491804188622138,0.13250521663117346,-0.10964522171675656,0.11292753162360887,0.23285559727170135,0.02172607586257848,-0.012142067266632455,0.10517934414521181,-0.3152684557032143,-0.043018700742325125,0.250698791613734,0.10698392802783414,-0.1774502647083091,0.14566598407875467,0.24472291394999762,-0.07930788529835667,-0.10390043554180198,-0.10629074036076865,-0.04724675663350054,-0.0906399998546136,-0.027522987782135994,0.12199800297878813,-0.15575791197712113,-0.08602673545988082,0.11697383021682617,-0.1449526069003751,0.06924705262334288,0.1830680650187295,-0.06487950016623986,0.040868094118679844,0.07985647465107887,-0.09134836537383972,-0.04061278134355748,0.09864654457525182,0.10846838661373662,0.08515748710393972,-0.06409703062722871,-0.10341110203979789,-0.03867475681671906,0.056845762578772295,-0.14488990096064724,0.003982687445214378,0.08531272311103696,-0.08492919542832343,0.04542341797789187,0.013157168369533845,0.1460676884139396,-0.048306841936560194,0.011639310802558684,0.004785741232717647,-0.02402938188755209,0.11292845660418271,0.06584622364646081,0.0025622318420773366,-0.07200441469391694,0.011405993478655188,0.1436481941480967,0.08465892238676617,-0.0009172456391209408,-0.0758590741530242,-0.04609501619957624,-0.03850096959710222,0.06950961038732853,-0.036629903123669046,0.05701011780512646,-0.029518439955882447,-0.01682899973678289,-0.012159619228938177,-0.05867711564508107,-0.04819179319815409,-0.03638653620927562,-0.08254534138405939,-0.017597974102890962,-0.020785647979494688,0.049094399113144144,0.059734092697151006,-0.039672465291798506,-0.04461703648343006,0.018509581750115967,-0.0420349717024186,-0.008612719598014263,-0.012695961351913226,0.0744555015594698,-0.10645011532582604,0.006440193456418802,0.009026186983629926,-0.04381674623504628,-0.047318984363175595,0.015600413335526968,-0.031072195991539722,0.0890987836036168,0.015524293225699207,-0.07503530455826099,0.03370958432934873,0.02937614668394113,-0.009878597975832727,-0.03412866539290661,-0.004125248785848405,0.02759066511103452,0.04830104061435633,0.030993135351529075,-0.046508573664411995,-0.02990427394647861,0.014103259746714725,-0.01630288987053233,0.004450930415574005,-0.03157603779472598,-0.0004517772829985556,0.030096674294751595,-0.012348115024440262,-0.024422367739003525,0.05662212073175905,-0.021650610446822923,-0.0655206919770163
streaming,0.05278489499480929,-0.1563086763479651,-0.07596344805221972,0.0826966084535437,-0.0010278277587924434,0.03181931924599105,-0.08532014316194067,-0.04838093486918009,0.11467473045241547,0.057770350197254884,0.09880421154136539,0.032895812245895203,-0.03293337080743627,-0.042615651082722965,-0.005809088141478497,0.029447517207752866,-0.03736204810919884,-0.02349404363465157,-0.053059812475948764,-0.06473059994365118,0.011778734315043097,0.015671491838495567,-0.011255926836132983,0.04431719998043727,0.0014537791090895383,0.0556244930609543,-0.048493121160769745,-0.02544603535226742,-0.054461775922105035,0.06745606178605645,0.04670055728534338,-0.05378210492112137,-0.05995702392850146,-0.01592894423569175,0.015620671240237083,0.05569509453082631,0.0355970786576853,0.0304183045242207,0.05698461513336871,-0.059144891265524996,-0.09734475909438664,-0.029185406860546024,-0.10587357745378036,-0.07141323948901032,0.06421495419678083,0.06064665650193817,0.05041051141795495,-0.01203237441333585,0.019708411282783743,-0.07175331906109461,-0.0203259020943381,0.03861585852967918,0.03872056009639182,-0.021923434941291127,-0.03639428600999971,0.06637112528059276,0.016835681269695334,-0.02203820371430783,0.07172678567303428,-0.10118532200648506,-0.04419943886012928,0.02705456818226826,-0.06351211815392449,-0.028594091398830686,0.05644729815105717,-0.01276759377128997,0.03120880816212495,0.05906422479342444,-0.04874165315006961,-0.06598184872804959,0.030262612270994582,0.01290436081338414,-0.1833454358535413,0.02852165080698771,0.02037434519480702,0.0026102012999688826,-0.01735869482998074,-0.008699429688776312,-0.14707888361519514,0.12400132623224022,-0.0003395688676814286,0.06654418926896136,-0.03287164368168743,0.042090490175882844,-0.03087848138431398,-0.0005877415376140498,-0.10324394056565325,-0.07357902304797032,-0.04591309536126474,-0.05810468230982474,-0.08219078062104034,0.10212629739896034,-0.20533743253829773,0.10184415839378597,-0.0758050213967166,-0.08067854582838213,-0.07491338373314674,-0.03516759067172862,0.026228827380665887,0.016638617338157448,0.003250473001066005,0.015007040616885455,0.01891059354236703,-0.1299758556937519,-0.06212896782719686,0.02026317199021409,0.19916443765773464,0.07923801839118419,0.05088103439299074,0.003497473194396564,-0.054067152837613805,-0.021220024491908726,0.1143924231658422,-0.12293536994011126,-0.24694688252441627,0.08182103360309709,0.015450973624472161,-0.03200686293353688,0.024114939480706008,0.12597356279753513,0.10106631463129068
supply chain,0.068089093975776,-0.11285924218101938,0.0819551561100206,-0.025210808427565568,-0.1063108672119381,-0.07515896384476344,0.03163571442978219,-0.04860467121826697,-0.06432999783106036,0.11077434508883063,-0.06729345740614666,-0.11180159588129435,0.05210893461508682,-0.01288713321699436,-0.05466221648500237,0.10503600387551307,0.11183010441462957,-0.018217471549409232,0.003868980298362242,-0.02940689034562899,-0.024511548373686465,-0.01849729784165837,0.07300571335807843,-0.03765117850645231,0.00818371123660108,0.034121494420122675,-0.10142725841556544,0.04904706586974943,-0.1075343439064264,-0.11687739279423807,0.062130397151718954,0.1256690567490724,-0.029456042056171566,-0.051567385913925665,0.050364807606403585,-0.22963190522741844,-0.11692657100774072,0.14783327758102063,-0.15384452826786382,-0.14208354902368145,-0.1340178928235131,-0.0012989397723120605,-0.06113232686003213,-0.18379214724062573,0.022292240581552353,0.00914914177833532,-0.09293160453472785,-0.10400041895134335,0.027472151927562617,-0.02038977844493827,0.14342536043903079,-0.04402660555143879,-0.014688909340418693,0.002269169694516515,-0.2328342189874022,-0.04856977808069601,0.11001193206436048,-0.16439281883893853,-0.07271284205208406,0.23383341983669217,-0.09971311575251898,-0.16344902827452518,0.1058811187295769,0.04470226457364157,0.008095275334609249,0.10376189340784812,0.034541235874213025,0.062130090734185475,-0.037464226870296026,-0.2279907137141739,-0.08020533183245329,0.04403321206675426,-0.05528480017836268,0.051160520575032675,0.03348751925344071,0.07740455439627718,0.0351892187397415,0.08713964920077782,-0.013548545964217253,0.03022736692434449,0.07426201582575911,-0.027041671205730117,-0.038027550293934696,0.04957270196272766,-0.1307743334951207,-0.07394810659053347,0.02952664616606182,0.0057719502499690226,-0.03345126004053088,0.02577280194594641,0.02004020427188479,0.12438195848357764,-0.039908309239419654,-0.06891350981217659,0.07290933784362028,0.024199511730436583,-0.009357874658124432,0.09722598747534067,-0.028554555309938397,0.07180847197492672,-0.010078247362765903,0.003598654360271736,-0.0016173320029952039,0.03909943079930886,-0.020170662945216505,-0.07720128784689523,0.03797103971211613,0.03937044370936771,-0.002610371370481493,-0.05628432434629431,0.007573912290122463,0.030418033624875523,0.0862185367913908,-0.011051944618206867,-0.057487189734326385,-0.07405959790304704,-0.07813486923896876,-0.04212510087590341,0.060987130735356845,-0.08998488597941395,-0.05111842346340636
tesla stock,-0.017998107949068733,-0.11112897391790731,-0.18298444355312174,0.031646206504973864,-0.11348400605892822,0.010944805001650897,0.06732433404443944,-0.036474963960198496,0.09900193888374255,0.033131127734260225,0.020087019185131297,0.142226092624211,0.10416684786782804,-0.18529651461337882,0.11064755577125131,0.12557173198336546,-0.023915173286159424,-0.06426978443228133,-0.11828175491352141,0.15100257511146173,-0.17787810716845065,0.2054082121503824,0.08897600141738264,0.10586116354374658,-0.049536258742118075,0.10184249461192232,0.1022225317310145,-0.03595537697941123,-0.24622844045785802,-0.14409287829335438,-0.33358534786538163,0.05611778199010528,-0.047805483621810835,-0.07478120843344886,0.15626446363478103,0.15124078802571983,0.12165738176234436,0.04152502681058081,0.21878404240310276,0.018318850138245787,-0.21397118908664534,-0.024685897615336773,0.042150456938901265,-0.08605373042153891,-0.14938360439846685,0.07412485940870538,0.07849763589825579,-0.1583968926120918,-0.11819988137074969,0.04182323914092864,0.08512698887805303,-0.011645112406990205,-0.04627950078222069,0.03983847659175886,-0.0035777311717504617,0.014960768318954806,0.04042366772800958,0.11864362030980738,-0.1554954407224125,-0.008156902910503652,-0.09203468367729187,0.07109935196664077,-0.0015795383570491456,-0.017454459659858177,-0.00219952274213683,0.028487833138203477,0.16669908418492424,-0.004779495399054506,0.039850585446972786,0.10866147433889423,0.06856742737102363,-0.03598884577125596,0.13252736030301696,-0.005982280515563619,-0.02662638638658373,0.0012298834508156775,-0.02144269598888939,0.021792444826953764,0.03218423415910551,-0.022713055119945282,0.0026843758204803496,-0.02876948834421385,-0.04364279983862985,-0.009872327766819282,-0.08118586377582637,-0.055083733403780186,0.07981620304324112,-0.04492308023217755,0.01480671290978798,-0.069431497786526,0.06890716133483053,-0.03874984955700095,-0.06604562586046832,-0.037982586720033476,0.024908836863548757,0.0006123917015298927,0.038855575266605734,-0.048327646039189806,-0.04129376668791773,0.026635763780399953,-0.008042886465505838,-0.06717629854231522,0.011613969773363507,0.023869804819695476,-0.0013067922413652622,-0.018187422145469128,0.026241448018094644,-0.008579989797550147,-0.020612474143850024,-0.03187816627810217,-0.02468968509602156,-0.02235054773907675,-0.04988386503704517,0.005760182279580202,0.032262728084648605,-0.03242155770621645,0.009252845849681349,0.0032624854349884887,-0.05553237362809358,-0.03153659604327004,-0.022408024847348704
the depression,0.05769749226434027,-0.024547882366124315,0.11191482498271686,0.21878328302648226,-0.015018636436021275,-0.13693939179632236,0.19853188196263177,0.07530572294546067,-0.022481663613915563,-0.16115652860212484,0.09751800336678118,0.02178954714892986,-0.08716489472295992,-0.056164057158347866,0.012650524254755685,-0.04998730608278453,0.05387251839316387,-0.08217340800286115,-0.014697738416343073,0.043422047121929326,0.07894214108356937,-0.041864693727604374,0.006736329359314399,0.058500501721676174,-0.0792325001300361,0.06448816298634637,-0.005459017533413896,0.03278763794604944,0.05342715198852419,-0.07130226451844587,-0.005154719660695882,-0.011644436938146248,-0.0015082588934508812,-0.017684302507471387,0.019467670500721804,0.08547911181879932,0.02550218309153415,-0.0016734874361783308,0.0030104854134868023,-0.0253206135420014,0.015986694228881056,0.004759389847625681,0.016158420515373008,-0.061200231060034194,-0.037681585319948,0.07766055629750802,-0.1594253404006526,0.09325959374234125,-0.045374348148039256,0.012080075368251161,-0.11634111419072367,-0.11663436338322514,0.10047272968031251,-0.0029625671028824345,-0.12116429828784614,-0.018533298720425157,-0.09321818023127368,0.03974631090698096,0.00010382052496045457,-0.005934363012732882,-0.11942758236762026,-0.01751490876005527,0.13604011534039412,-0.09511755392070038,-0.13916131521112243,0.03540127695040825,-0.07465630340418139,-0.02246462354188761,-0.012328742474467129,-0.05108089192913541,-0.022340700266560223,0.0511115978504598,0.06467372327151866,-0.11658629385324991,0.07540003840864001,0.03311764675127283,-0.14803458638364891,0.13345057005275812,0.09221674314083307,0.025894591475092692,-0.06158138566525658,-0.04545104606253236,-0.09552586375230032,0.0009010942458032384,0.055450680744179685,0.06647884516835076,-0.008138705804771098,-0.040028207631632055,-0.02350514589473479,0.011617513486052663,-0.060088063409681994,-0.04588416728640474,-0.049078650977371456,-0.029190365091447547,-0.06471537138083214,0.031603267899017684,0.03632305534349838,-0.1304689251636029,0.006704345570302358,-0.08305142083409979,0.18803737399225992,-0.007725652841184136,-0.0691732907700146,-0.14917859095353864,0.08666069822417982,0.11466495800795953,0.03711114833533369,0.07184027365392859,0.061068098224150755,0.04798719542519153,-0.18061152085758003,-0.09053442003820117,0.15059635429838733,-0.07214943827312617,0.08465264949786856,-0.06972139732959945,-0.001840553940976597,0.030246623945953847,0.05550211617305498,0.01618700201154183,0.06302111435877486
therapeutics,0.08098620427717033,-0.07944785707845538,-0.06293144178795687,-0.045152098932580126,-0.04259678333240632,0.032106843147592753,0.05943330459119125,-0.047453272468733675,0.004532384905800577,-0.09628161779675289,0.055634270650290946,0.02962758324082311,-0.14161192606940182,-0.03640592874576794,-0.028212393855539312,-0.03440091513847434,-0.09391619933014249,-0.10219223234544018,0.12958346061471226,-0.11297637411724812,-0.009962530751182665,-0.0860379062231579,0.010551329174053251,-0.0186588524403921,0.08646655405541685,-0.24638345348102664,-0.09425250992895778,-0.05146538038648251,0.004579499231821618,0.06345239793303226,-0.18566887842870008,-0.028006268454290318,0.15815459886653463,-0.07327960305518492,-0.045044452847236,0.07722984505003223,-0.060480981057493,0.1435361318120736,0.12554151533027433,-0.07447338377974694,-0.09615510422456597,0.04095815324699886,-0.21814563678928334,-0.012409541373127372,0.043553970767447575,-0.19711226604106014,-0.22141063383188755,0.03424306072501168,0.1467557415321406,0.164798817206796,0.007300836162951583,-0.06377814195721607,-0.22048725711637562,0.05800812651600433,0.13545938844558625,-0.11820487811889174,0.1222700847327324,-0.057525486683881175,0.02439902410470557,-0.08163527716452518,-0.036530888341715834,-0.09886989577379626,0.011626770260991539,-0.09991689113090824,-0.0016817061594575963,0.11113928538630206,0.09731603530710571,0.04090049587908982,-0.09659191393982092,-0.04007324779830918,0.08052326109848454,0.02196271111855549,-0.059939079325772984,0.08474510928215383,-0.10591728974223119,-0.08585999011693105,0.03297812668523052,-0.06945292029036902,0.028412841875549683,0.004384060852396378,-0.15387649347658994,0.049553850253679414,-0.022160022014214943,-0.04712580175840182,0.012313276666389613,-0.0011603219897361496,0.0802771793608909,-0.007192716813186395,-0.06277061105941366,-0.1289542129035366,0.030841494733693173,0.011274178186247461,-0.00567305565281017,0.007079346737905334,-0.0708994286743896,0.028762882687746613,0.08659224992094981,0.10928513240287897,0.002227263294006479,0.015129218104227612,-0.0691521809448116,0.02780490712136032,-0.06633783993501191,-0.10718412208913006,-0.051465958732513556,0.05495703052700067,0.027587645405656062,0.06592436200295015,-0.0055642517075997835,0.007478008742015638,-0.026531475276481524,-0.02208779507593113,-0.024280189170033963,0.10968060566612492,0.038320497271844556,0.05529805779507948,0.06405164425983767,-0.03715653563997047,0.03226901769925329,-0.03298691891171628,-0.010294140723101482
titanium,0.09002068540584807,-0.022057102641983725,0.03712146683074522,-0.05671125340476555,0.02931219599103065,-0.11887769332423556,-0.06210705417149618,-0.05432022500539912,0.10283192167105731,-0.10124067861294783,-0.08645912668760822,0.049472298117176,-0.10785934057203832,0.06466744754994024,-0.11061794192812927,0.088749037745699,0.053693384558025976,0.08182742972471502,-0.07338382290889776,0.05362653473280244,-0.051053354002996806,0.08138176107601014,0.060602229637300865,-0.09438675372554145,-0.08097923053582579,0.09697156262422381,-0.0848916193138376,-0.08400959600161172,0.012656053390798096,0.06908386056195732,0.03641095490321606,-0.13158563563925724,0.08679511013076474,0.12249545313203523,-0.03377722924479329,-0.005859062946609782,-0.04425457310054384,0.04842734985108042,-0.030903086795150553,0.07864826048924124,0.05065640422040553,-0.10599463052073621,-0.05772674911968028,-0.0767887260737084,-0.11255078844855278,0.0029586262495836513,0.027611269566140788,0.01233443033187128,-0.04182169140334471,0.02794445727596627,0.0720972211225958,-0.08556189425035414,-0.0489900451547849,0.004691745719405442,-0.02971538989495974,-0.13925157811031594,0.09638133120018608,0.019731319368468014,0.0026493644599826453,0.018065332245577832,-0.024137479190741558,-0.11726225293759131,0.0033233788988301614,-0.030398036056506678,0.2019923219830747,-0.04502654949597501,-0.056378810845145205,-0.009348187440159542,0.12523775952805052,0.14896726435419336,0.08858083111451438,-0.05990405021614181,0.09615605343850014,-0.04572808027885937,0.02768309947054197,0.026477582197259014,0.009612600784765862,0.14579278807367685,-0.04459038545336283,0.06919651845366426,0.05516306066809444,0.1391699624458862,0.05115554857809959,0.04363987410049574,0.22856298359092583,0.16501681261404486,0.03828007037025065,0.0902842158343691,-0.034393979954907214,0.08714821485229188,0.07528473632384587,0.14766999338314407,-0.033504413463526166,-0.09174967300710238,0.007478636018217954,0.10170332502861362,-0.05303094027325389,-0.03187964773023553,0.07749314022740615,0.006094116476972625,-0.01585573994301387,0.030901419335637947,-0.0030844066949555077,0.03382183570296875,-0.235606109667213,-0.020913865306294743,0.053118387668106636,0.12669809731233103,-0.08586083344304792,-0.10918188145668488,-0.18127783992302152,-0.06466479448319659,0.02118568425721581,0.10109572191824906,0.05259298482544995,-0.004188994861539355,0.011863168109666943,-0.049998821767044,-0.06006296715383745,-0.1202144512625924,-0.006861786622223119
transportation,0.09923188064592815,0.039190145646851644,0.00036614533863165203,0.03132435108352775,0.04692114758154001,0.027323614304902617,-0.019381014806838476,-0.014065307524909108,0.011973885877001975,0.07652158179862908,-0.02905692683344711,-0.052413894677146376,0.030372383108706064,-0.012871769632631896,-0.04678873054352846,0.02981171798859871,-0.022861314458893518,0.04538038963306413,0.029213652190168485,-0.007509975389617882,-0.031073334810415545,0.024124726298115785,-0.08204811741415342,0.007073648027651482,-0.10022491650922247,-0.020892959531564333,-0.0007811072725245442,0.08310900239796944,0.04593196944463716,0.08532441878236334,-0.02461060838440917,-0.03341173291849461,0.09573998661319458,0.030492589937934182,-0.05549596291749129,0.0021450398508437094,0.030191129957627065,0.052665772745824874,0.007133254208769851,-0.05394466031511782,0.04733912533022028,-0.050068045417708394,-0.0005653024720572945,-0.004955478393885618,0.053773835430678985,0.007517997482750824,0.056300053471975496,-0.09115925511964265,0.00872084033257979,-0.050906111616204966,-0.029003910876862465,-0.02269396726026217,0.031771146960210134,0.10008698446588986,-0.04147973749649094,-0.04223692413025158,0.021345550755468148,0.030943087101091588,-0.029899665288319378,0.053330654885157966,0.03489707912627797,0.02892807002671463,0.10304522667378384,0.04136867391356738,0.07504009807979793,0.08448151890568734,0.036490848344967484,-0.04173956384999331,-0.0022173080390862215,-0.03520079221932751,0.016262177715438666,-0.034822754779838906,0.02634703207515497,-0.050586002819304754,0.011819837079924449,0.06244176047687864,0.0076517753969156,0.10531555177294931,0.054316813780419346,0.0224001929087512,0.040775341514354566,-0.06308952292027287,0.017027201946134767,0.013946029073641088,-0.07451872639932,-0.009490666619136577,0.11477030429987561,-0.06838520568247708,0.128033501279898,0.008064164853361266,0.0430340966043177,-0.014595691910636432,-0.08054771458668489,0.04604724598907319,-0.07135809520992112,0.0420443045582076,-0.02926752559457186,-0.006498725948296778,0.07308104808438953,0.11675082282821955,0.059044493261735956,0.019163555351008527,0.005906312683770901,-0.06744556536935602,0.061810056123771925,0.0886327487797323,-0.08120078887111384,0.10963082535198851,-0.013947713366270056,0.1102751477412529,0.007449139852068767,0.038675343483770615,-0.00905603330037703,-0.013395946644803945,-0.13025511490550506,0.007738452775769948,0.14601769628262684,0.058521929117211775,-0.1949393322813767,0.03247483896903078,-0.03234532083472828
trucking,0.09459304416172813,0.07654195114833008,-0.050486512085556746,-0.00617835937147847,0.03902889395644862,0.007322476200189145,-0.010549344886569575,-0.0001396846946493101,-0.013825191249649272,0.03680634732271958,0.016714578136452357,-0.03199775844377963,-0.007187782605708275,-0.0054132406170147316,-0.027005434590863114,0.01503611403244774,-0.05536460315694147,0.02107843163915463,0.026340225960413986,-0.02647916498870412,-0.01915639656670756,-0.0004016914697076053,-0.032591261245857074,0.011698021786319415,-0.018094495820027402,-0.017067810127231218,0.02867465369055275,0.03650722358495801,-0.03708588145922011,-0.02521918514111282,-0.017008061283083544,0.012829554570921076,-0.02515964346546744,0.08094326576055463,-0.020418433767366996,-0.05339279980503999,-0.015196341486150955,-0.002462277097354023,0.04042370572553531,-0.014795937391162594,0.06902164086713085,-0.02858309728791977,-0.005019510067458245,-0.08727305096157706,0.04927832823791628,0.009793361914000338,0.029441649339879035,-0.046383269133949835,0.027374369338963842,-0.001254033307983425,0.008577184468631753,0.017334227803642743,0.038899585922408095,0.021961201153282626,0.0060109454848765315,0.015117853314591603,-0.00021662536807655342,0.0012088891987503542,-0.0590030190856121,0.013320630199106159,0.03276362162571983,0.020292630248326178,0.01594765939332769,0.02142438209685871,-0.022301886163857976,0.03224641539571674,0.003602425371332714,0.011518142536715986,0.02394907375666993,-0.07729056477790007,-0.03932728472199975,-0.018963554769103663,0.10946810596007775,-0.06351215762205858,-0.07234733092067865,0.039311893849977936,0.03107278670050435,0.028712428674821242,0.030965577850338346,-0.02687363186711281,-0.05041891155028973,0.08371072274492772,-0.012794180641242402,-0.07282865333221464,-0.015578048341796522,0.04028247410164816,-0.027834839209961635,-0.043193287182452446,-0.0630686229356313,-0.10656277924100072,0.04334640845149069,-0.11978093891075849,0.10931397793907151,-0.07238631186441802,-0.028551850120531554,0.0763966434709827,-0.10389274515271422,0.09116651574840737,0.08936922064183385,0.10653753697146608,0.04803459473869938,-0.15416115318734283,0.11410065065835426,0.10493052456362849,0.02788401335662908,-0.0016963704314981662,-0.01584988406189213,0.05064076758113692,-0.08654343901602589,0.07803126858097689,-0.10297446889295493,-0.03134030170341586,0.06967156723224971,0.07796007511926113,-0.04672455393656981,-0.1711117860215123,0.09931288040635639,0.2703456521419211,0.07441201743456458,0.333223319870978,-0.12087759096694212
vaccines,-0.00017792334845313822,-0.02406209668730676,-0.12439922890444041,-0.12305627485721662,-0.3060588049025289,-0.029100978336885686,0.14218219101081225,0.05703401934795452,0.19717934103114962,0.04133876146084228,0.02190287658431005,-0.2663119283631895,-0.03130185032119749,-0.06945955974037342,-0.05511319223396191,-0.11328460875846605,-0.024717054740903806,0.1683556484188933,0.03685409478290113,-0.017883299843227944,0.18520586346045015,0.19106994597994276,-0.2513965544849257,-0.1699755569152207,-0.268711032520794,0.04701134846803939,0.09301739254939712,-0.05351946389126314,0.025888291910309183,0.047199822263233285,-0.06377392331000267,-0.05477252943968937,0.02428332815898818,-0.111319855609919,-0.12327327058834683,-0.03983994105296744,-0.047963974323114555,-0.007276852001014439,0.09986950407641251,0.08989441964589728,0.08335227738909019,-0.09071560075574184,-0.09903275765505563,-0.006765578145024903,0.03344294757184268,0.05560508255486457,-0.11060276971198264,0.19684058912617974,0.05823225068865888,-0.04766711545315884,0.057939008618577495,-0.03461563590255139,-0.04674017358968713,-0.19715816697581867,-0.002684504275946069,-0.0754025669868298,0.022302855378802805,0.02720798900684686,-0.10642810613433794,-0.032175449801833275,0.06257348348540706,0.024712608988330026,-0.1392519302521394,-0.06330651329207318,-0.046581177160582986,0.13764692586039246,0.03746633553381798,0.030169499188252756,0.07711510837623214,-0.08311326962842924,0.01131148279269964,-0.03430072451813186,-0.009466229458896407,0.040840478633854496,0.017294274417245493,0.08682306305859834,0.004317868057740377,0.07910985972027579,-0.018730649361258442,0.023755652215501598,0.10387134968548872,-0.06237759872398012,-0.023420031669140553,0.055234123411880054,0.04455968646570855,-0.08109510569749984,-0.011394717063039989,0.02124519433445867,0.05558819890318799,-0.0008464064943268686,0.08946052620862222,-0.03956970871675076,0.016032684168185193,0.016515301153989786,0.005416038010753724,-0.022428899667570446,0.03828666998526789,-0.0846512966119635,-0.07085440511345434,0.10624808914097841,0.045910919344481826,-0.07906960779392666,-0.02372082594532761,0.011939676010114642,0.0008776776240750732,-0.07176168343853272,-0.017018479589156796,-0.07289967492690311,0.014375530683831229,-0.0036468902790767095,-0.025826350901848177,0.03771799588223264,-0.025736893906127947,-0.027300981777512903,-0.005663670043417168,-0.06934250938791166,0.027558949851985835,0.008647051154427834,0.014147191609655937,0.025016185532402188,0.04949153686031833
video games,0.09234684186063279,0.061306246497406715,0.03953516931806377,0.04654505606650922,-0.06703369497985923,-0.01714913664395622,-0.028209803476687268,-0.028899151694357965,0.054639963678292866,-0.025936196658625947,0.1364569234922965,0.0858363425520503,0.01124608124847154,0.0014301431689286992,-0.01973723936117942,0.050695242239505584,0.0031981961073757185,0.010865100767572727,0.05280747300130994,0.0712765121412321,0.07957502085178304,-0.05683321056581298,0.023150936141768275,0.04077359213012804,0.001101157383253313,0.06937950724598682,-0.021550858105202058,0.025199754604301686,0.0787477993800699,-0.03404881173397533,0.053457020322359446,-0.0026392556293129005,-0.033306003675337176,-0.0823122700625406,0.07124582857248227,0.06003156412244514,-0.03355242561352695,-0.04410658086294247,-0.10055741977266185,-0.08004033757531605,0.019811829556356495,-0.05052204745571659,-0.05202554279761275,-0.012621283670163377,0.022956664602368955,-0.043021679593978894,0.09392741847946895,0.005397292299372771,-0.06040026748216996,-0.10787656549035377,0.08544972679494123,-0.10027707504544613,-0.06046905107536349,0.07625225366607831,0.05627596988177608,-0.019716982705209246,-0.0068522076641475554,0.00940425703012265,-0.000509736698895577,-0.031641298726306534,0.16328691729954273,-0.179423940264376,0.07261021209094214,-0.14569971930175613,0.0884628474146108,-0.01148085275701341,-0.004946302224023244,-0.08770230071270665,-0.03194429735373485,-0.034489505480128475,0.06531016278238672,0.17498566481370775,0.02712537846705737,-0.07536300314513529,-0.1493193185323627,-0.011829124226112792,-0.11257418616396606,0.08350936351813416,-0.054119645303346786,0.13983783636433,-0.009281386483170971,-0.035636596035829145,-0.061939156536569,0.007675838366466056,-0.0019442387744989936,-0.07592122917519835,0.17478908161214035,-0.018544748588180195,-0.013224266155243906,-0.0379370705042872,-0.1481837126483701,-0.14069407707482412,-0.009127309393397821,0.1082560372484389,0.10332302518241364,0.030150192987358153,0.09364181356490589,0.009008048015419257,-0.06608012270988713,0.020020739032012447,0.07811275667314016,0.11418279220522973,0.09475267249382997,0.008731905793444239,-0.1653383375625167,0.16955900024110998,0.031687199878099544,0.13983618094981293,0.058248349317961655,-0.03372207842588132,0.09827835489775265,-0.04339906979502013,-0.07983421952683335,-0.09056999474760435,-0.022928205648587566,-0.09299227601424927,0.03362433628988973,0.19313825686663857,-0.08108601444529388,0.07898939006527222,-0.02532810121294473
wall street,0.091626616458114,0.07947737387951448,0.014402898707068562,0.014021700273613873,0.015311295288807633,0.01775650211088104,-0.013438269573423794,-0.06301472898863025,0.10379478070823488,0.045146476663212934,0.07215995457536596,-0.003065062516263235,0.03216129981092252,-0.03962000571391523,0.03777140501912841,0.0001795364018068405,-0.07107224570153961,0.03017835003265083,-0.0012657536238567801,-0.003710980815958713,-0.04273695587240194,0.0009307019551365453,0.04815666218424029,-0.023135089895244647,0.06816822377532575,-0.004418872888230858,-0.057835765068326564,-0.07036597343619895,0.02055975836157741,0.03511569606342557,0.034391232950175224,-0.08816031482455407,-0.02336349038401306,-0.007729620618337513,0.06377653875195544,-0.04131999748979901,-0.02576302402679855,-0.07737987746979885,0.045595648850414165,0.01555044656338642,-0.09475178161453124,-0.016091722202346816,-0.05887583998096195,0.014210786561918348,0.06660385667935978,-0.051867340075987575,0.007265094993979156,0.05319935268459215,0.015156395362541465,-0.011359685066748594,-0.1415902044197479,-0.044265359537040985,0.20305861767398953,-0.01168870635893926,0.024380248822252724,-0.034694121113251895,-0.07286963713213374,0.11330856120996177,0.04010071503831685,0.054097469853262026,-0.07743268980163569,-0.05355663870264955,-0.045487894201531244,-0.04217896087101067,-0.041517169004980425,-0.10322039640100418,0.012031555450824297,0.09431416807169084,0.13545770674941104,-0.07613469355553958,0.16457071356522163,-0.00019493923176177978,0.06321320524358273,0.22671431537618178,-0.04310672260993911,-0.012832096558939942,-0.00888346065789608,-0.10959249046157041,0.07347085123806346,0.09950246057116859,0.17108220577190486,-0.23191203684030254,-0.009274006153682521,-0.057392670332373746,0.1024420737018883,0.034634202229830414,0.12553266983168776,-0.22794782528930765,0.022051384236188906,-0.006544242451258064,-0.09108261771442541,-0.14474286981875956,0.08441886569907579,-0.15200692937238952,-0.19720209047637113,-0.11123101192251554,-0.08549596518050975,0.05889822452629914,-0.0027110954892443015,0.06619917121655805,0.05645817606745935,0.10977396007606689,-0.020012864517931765,0.16323586454583447,0.08402647379051056,-0.013408200641464557,0.004833972056628742,-0.013414501491416042,-0.1101883209908576,-0.07809653575763818,0.0817235877042034,0.032951773538667045,0.15333311978491035,-0.0226379561877975,0.09174292574455073,-0.005173268951832982,0.07403987579567502,-0.06332490715667652,0.1793345670292039,-0.035124596472570935,-0.09930361522503733
waste management,0.08300625442783172,0.015406126244387757,-0.03262837879057451,0.053554290768301975,-9.89239311083992e-05,0.08560530925020912,0.019227254230886448,0.0805159526362708,-0.05252168483802337,0.025952217956189887,0.029098344097933698,0.063589735734297,-0.2869882979477871,-0.06995998958424315,0.19598880581381994,0.10273771601518294,0.006999025891765275,-0.04882380652498011,0.22463977341524394,-0.12102346900720254,-0.04179630355477102,-0.15973663401498506,0.007193772276760105,-0.19868268818792362,-0.014578862543864007,0.11492517557367755,0.15833424976276383,0.0009786190551106869,-0.13273429912172513,-0.029013649141324142,-0.016112283050371205,-0.1526582701333536,-0.14361987668770143,-0.10400635378135546,0.0677099230815777,-0.1592412258200152,0.15747633464270416,0.10252553438656105,-0.01552313670989651,0.10524763913570358,0.10992902571370683,-0.024971656636183916,-0.14650269432055923,0.10233195386781119,-0.03101602100185595,0.053006767933815375,-0.035772390074272964,-0.03896565118933844,-0.10435356823212441,-0.05228950130447744,-0.07840821384063734,0.01207467681715084,-0.06662117394461281,0.12225741520090447,-0.030065259487881163,-0.12470607445647552,-0.21359191201436037,-0.05134678486417236,0.07865701484766473,-0.05529337926016183,-0.015718238799925,-0.044668661856916356,0.04937454847168507,0.0338342173296112,-0.024288444076465077,-0.08473686530425716,0.047570343123133615,-0.02885376725270185,0.027841215182075447,0.04796777684621815,-0.031010635781642676,0.04228481485301724,-0.02140772803794344,0.011491968411219858,0.07580907858592549,0.0838894458566553,0.031792759637594745,0.02345792496711154,-0.08540610594987084,0.0739363446882785,0.006296006124935782,-0.08198553418270105,-0.16977882234788663,0.04686563109452794,-0.07566729137296688,-0.06076895074976253,-0.08641166303622812,0.03185530178139834,0.12418746098626417,0.11010502870155484,0.18328900572647877,-0.08381328745676651,0.027904478841730543,0.00025860557078240774,0.062410091872238546,-0.0949215019380055,0.024528566802909157,0.10194613426298851,-0.06170816587428876,0.0932470948523009,-0.12228272221957913,0.01725066856205143,0.025838979481788316,0.024965925595784984,-0.07433523833957006,-0.03860657191750097,-0.02793548690857217,0.09519397655415568,-0.006410087599584193,-0.02270463996708836,0.01593157036944101,-0.006296312699633124,0.041646944324341614,-0.05782376499730292,-0.01927253767911649,-0.03066476783177442,0.0027852486668517515,-0.01401812558960042,0.012896431519176688,0.009559001716733111,-0.005157239588145547
water bill,0.08599029946905064,-0.08213236096661282,-0.10662954109546574,0.04518599804952439,0.030372860932301435,0.02127061068461011,-0.06329028333013427,-0.02482825491028421,-0.0017738599685289136,-0.01317247549390425,-0.009001307163819458,-0.005301340259532185,-0.003718245326852493,0.007673851071433459,-0.0332924664159113,-0.0071166995397237785,-0.031010310093919354,-0.0016014894622561392,0.02142098497512171,0.02553724752679865,-0.004013535048404977,0.0050688396545640665,-0.04234037753741972,0.02789227810031761,-0.04117104705057151,-0.021547400260687143,0.0010266853486186958,-0.003904486169516626,0.07079004440197972,0.04520241311995149,-0.05374786118666075,-0.0065159201206591594,0.011596094529513051,0.021080655220210305,0.02662279952971103,0.018145828035447814,-0.031664272219992226,0.05189982835468219,0.10691429192831749,0.03710568692039604,-0.1503118814406086,0.056610674538241895,-0.036617353227703806,0.05231039555831045,-0.0931861319691418,-0.03887327034987484,-0.0024692701398165134,0.049122108060752574,0.08587159311061501,-0.06660631170586824,-0.11803728679178235,0.07385259199897798,0.10974879921614572,-0.004522355474807081,-0.08029174605712719,-0.006325802429218895,-0.12711512419742604,0.02869924056956277,0.16785038403448999,0.016053251163395822,0.09142639790832727,-0.024018965266768572,0.10275853210974341,0.16609027839900217,0.04583592417065355,0.037044011183038704,0.07524892132146407,0.11028692172395747,-0.018722303046554103,0.08790665909287093,0.004513910906783811,0.05078753851446342,-0.0004667771864016422,0.020988318199626155,-0.1255011471111822,3.88225636190607e-05,0.015069135891697661,0.21874098470311334,0.047062336430705745,-0.07085177236064225,0.09950615558106239,0.015660118213443697,-0.23469048743038629,0.07319518198366746,-0.0818676962894295,0.10060406488081024,0.058447328160793566,0.14746598408139638,-0.011198237695143262,-0.001838296190704759,-0.1828459406000504,0.02519190851063695,-0.01746132154346698,0.09197186937879602,-0.04087868031383089,0.11485698504896368,0.012490969970851345,-0.11188050794178962,0.02697502954916493,0.05398645035865258,-0.11740883110208127,0.06636248757016526,0.13698007361734696,0.09445404753812042,0.09031121837559386,-0.2091920079463583,0.06855830710775768,0.05842133378560753,0.04124958926588079,0.14058613946273193,0.0023789512797379,-0.017003991241324894,-0.04214002690347354,0.04685488326986319,0.16398891222139544,-0.004744294190683632,-0.14478693709786697,-0.053574093794899774,0.02436961445117481,-0.029535240915217597,-0.10966996643155108
weight loss,0.09750265242521648,-0.004811311671695505,-0.03532964558544054,0.02433268923567781,0.07723929414719334,0.0341399625290793,0.07012075867609788,0.03325087011504345,0.09676064598593416,-0.028111561369184596,0.05161669143210596,0.005097522479879482,-0.013233549499682619,-0.09412019623215193,0.03167463093652177,-0.04018684333719452,0.012135901893835526,-0.06566249713403148,0.059442031821589116,-0.007343857248681012,-0.015369630118278382,0.03513779775315228,0.0038016378275405453,0.05360533812102621,-0.05402957059739495,-0.022560462572344543,0.019510794660227922,-0.07281801650976491,-0.02146912754370915,0.037642665167951665,0.1674784908703273,-0.014036876050388333,0.067638092807567,0.027967972382636725,0.12729254291948197,0.01611457651241471,-0.03566128380190005,-0.04495433076152698,-0.015751708758977818,-0.03157069460054983,-0.05810309774877874,-0.05424825361266833,-0.022894080905883435,-0.050628529844435034,0.00021545988207723014,0.01509249347433299,0.03339505674108888,-0.005254710356562026,-0.11738373859481019,0.01490297597439224,0.014020786150741761,-0.030263900451516057,0.03928695901490795,0.022001952712869362,0.032299884020058484,0.025364637687372744,0.06330709915019736,-0.006558302311720811,0.022703323341083048,0.20874098595443077,0.014595096745978739,0.04814517079608398,-0.07156834565049532,0.05372653374906977,-0.060128151971179586,0.004570076851675452,-0.10410292712545013,-0.03521835019101737,-0.009596512094617836,0.022571531860986427,0.03710248673076623,-0.06930510809586171,-0.16405057357466815,-0.04977466269878594,0.07764585742557624,0.03428145960213447,-0.050388382221589784,0.04261101017312706,0.020841884863361096,-0.15471223260075112,0.1429343712075328,0.10429831274302355,0.07756744618882704,-0.17595464213213144,-0.11204571765065523,-0.003737299637730132,-0.07250840636933019,-0.06118639314125774,-0.019799303973410315,-0.010821833253225721,0.0837870029137274,0.09857423901095835,-0.0799714076196294,0.03452752389482013,-0.034658047936060886,0.040494113501078205,0.10766077583228431,0.02654580287251964,-0.07755826837943755,0.12717845892458735,-0.04869301939872913,0.008640826019655611,0.01404885313823193,0.08687155964248583,-0.08295204938107023,-0.007180982958689974,-0.17696801941123755,0.01236856589810615,0.010214969049295272,0.09468204293540805,0.16121585834470506,-0.0008639910575364701,0.12206957015942715,0.010491275606220665,0.15255644335129231,-0.17431110781297465,-0.04083559288397147,-0.0367410212519374,-0.11168729288997263,0.057596157060980105,0.130206773398025
wireless,0.08059466376625068,0.10698526403042617,0.05243359911255195,-0.04442054493035742,-0.005121745840985161,-0.07141389570238701,-0.1049966464507837,0.008054483894188445,0.055603363162412794,-0.0812936901609712,0.0006385539054075653,0.0904912278054018,-0.03068801869274869,0.051881710041913366,-0.032485538610930606,0.05533459297759836,-0.012436649557320855,0.059175357177062085,0.0066252348654975615,0.042015181405732474,-0.0012728647350904003,0.006929113099215036,0.0424271527033614,-0.05681336787981127,0.030143506780878408,-0.05532142544894227,0.06834955341632068,-0.025563716654687284,0.07064452336080267,-0.0018387992393926501,0.009533321515372353,-0.0694749422277055,0.09105631095096728,-0.08579533655071858,0.037179633654565496,-0.1078642717978123,-0.03979000635860608,0.03622412553800647,0.08469981340073797,0.017446508828367145,0.010040699109313562,0.06063527924785796,0.11079170840693064,0.019749860227650982,-0.07384422259314212,-0.09898023632851942,0.018447301030741926,-0.021516453979912444,0.005808627960356376,0.032836500297001636,0.03768185198464005,0.01853440149842811,-0.09956561581894584,-0.009700270066994733,-0.08049215825117327,0.016341342948799964,0.01407446733617316,-0.06517980153890811,0.005256966153819098,-0.02489580122303659,0.017019581473492182,0.014116127972850327,0.125394235350825,-0.03723264195210825,-0.038857412994880346,-0.11401529182476858,0.017872303813468587,0.03305008616142251,0.053939121061863625,-0.01031776138942397,-0.017874661100561937,-0.01401735283623099,0.05181175059799694,0.11500710173227027,-0.008127710509067066,0.07369639271189897,-0.011089720627101118,0.06004569675951613,0.10408742579589934,0.028304908995807954,0.1407628164123559,-0.03240959509111309,0.10774970182675973,-0.038057369613933516,-0.02387434810821759,0.03231853614830901,-0.043618517491135475,0.011358025416206147,-0.14677735925786345,0.029736636818954526,0.1092943582806826,0.09847897851313442,-0.040105790647235226,-0.10211281842468779,-0.11157048699878196,0.04558484667696708,0.04931763353165137,0.003019262261933338,0.10244337530339634,0.03952783384936257,-0.11395572629548119,-0.06238324497598711,-0.04523789158076415,-0.12447614961967444,-0.06304372765567785,0.0752895169055131,0.05255785316428015,0.05771817042920329,0.035597067509148185,-0.05145060830398744,0.04560657310752364,0.08838158295176704,-0.08685412385059069,-0.12331959885707011,0.04233863329802553,0.0012778612910634805,-0.08668608987496455,0.10431344854217564,0.051947996647293875,0.11607090964091411,0.09272252556267883
zinc,0.075536343557265,-0.0846232518467543,-0.040790006320547696,-0.010288657360443244,-0.1397582008819683,-0.07416928432373136,0.034136504159753646,-0.10978513715592117,0.11628948915670224,0.015721626601475483,-0.004681499015121117,0.07116068632252855,-0.021954802486841677,0.02238261047123373,0.03803994134351144,0.10294748096129247,0.21309232990880758,0.03613073469106014,0.016546194174220426,0.014511363350763164,0.09134030096715345,-0.040999686669286384,-0.05887968871194497,-0.1016769207045943,-0.048949709675614586,-0.13922131873447177,-0.21407844259567071,0.12430854128141412,-0.019079457559577198,0.17949972744149198,0.18476741736748925,0.08581644060122864,-0.02415050543739887,0.01698151323854711,0.09694389905422249,0.11894669919380133,-0.1333853168987994,-0.025881013603238225,0.027259111264953263,0.09886409068501917,-0.05017133565532253,0.10734094947834824,0.045556387635370114,-0.009529353407368706,0.10039817423629972,-0.003044327591538828,-0.03530068662188318,-0.11550576187611068,0.04282647632580618,-0.22040467006641673,0.05412730244899051,-0.1437011617172646,-0.07360613003797414,-0.14666658538018873,0.13188786055754143,0.18032135214049658,-0.09702188847164539,0.007013690490776211,-0.07010725023883788,0.015281461555269597,0.047455219860137586,0.18734842635021454,0.02666181624811392,0.05519753888878119,-0.10444876150898391,-0.12255559910635273,0.09067196816456065,0.06759750575564968,0.14988102145183035,0.12067690932409508,-0.09673273702297987,0.074468667422113,0.005051470944171858,-0.05607933246114716,-0.00801950672372469,0.03036414566160208,0.054958186346866986,-0.05095551541974805,0.17350286559263234,-0.0020888264243767093,-0.08702510694509884,-0.06819366907269754,-0.08243141012763008,0.008441377144531803,-0.05980936394554512,0.045776416242120824,-0.022804544729990092,-0.022486006094523565,0.011988814551630027,-0.03322234583603091,0.02196441187784598,0.04372612859047049,-0.04736794979922017,-0.024453985260246582,0.10347432123697259,-0.0416072143910468,-0.09216556517042496,0.05110944773102445,0.012868486339870765,-0.032233387765200926,-0.1427950538668044,-0.07603572240318883,-0.13755449427013128,0.015305835227753386,-0.0023408056969328322,0.009676544223026069,0.01790866729930697,0.09352866327429202,-0.018238506690071037,-0.0069860544687904026,0.001824644788500019,-0.030174956894187914,0.03967787637973511,-0.05844833231332297,0.04321922206362003,-0.02232414385609871,-0.00952038022153704,-0.07251073496892577,0.01679110555336926,-0.043581554046786465,-0.030351786027075195
