keyword,2016-05-01,2016-06-01,2016-07-01,2016-08-01,2016-09-01,2016-10-01,2016-11-01,2016-12-01,2017-01-01,2017-02-01,2017-03-01,2017-04-01,2017-05-01,2017-06-01,2017-07-01,2017-08-01,2017-09-01,2017-10-01,2017-11-01,2017-12-01,2018-01-01,2018-02-01,2018-03-01,2018-04-01,2018-05-01,2018-06-01,2018-07-01,2018-08-01,2018-09-01,2018-10-01,2018-11-01,2018-12-01,2019-01-01,2019-02-01,2019-03-01,2019-04-01,2019-05-01,2019-06-01,2019-07-01,2019-08-01,2019-09-01,2019-10-01,2019-11-01,2019-12-01,2020-01-01,2020-02-01,2020-03-01,2020-04-01,2020-05-01,2020-06-01,2020-07-01,2020-08-01,2020-09-01,2020-10-01,2020-11-01,2020-12-01,2021-01-01,2021-02-01,2021-03-01,2021-04-01,2021-05-01,2021-06-01,2021-07-01,2021-08-01,2021-09-01,2021-10-01,2021-11-01,2021-12-01,2022-01-01,2022-02-01,2022-03-01,2022-04-01,2022-05-01,2022-06-01,2022-07-01,2022-08-01,2022-09-01,2022-10-01,2022-11-01,2022-12-01,2023-01-01,2023-02-01,2023-03-01,2023-04-01,2023-05-01,2023-06-01,2023-07-01,2023-08-01,2023-09-01,2023-10-01,2023-11-01,2023-12-01,2024-01-01,2024-02-01,2024-03-01,2024-04-01,2024-05-01,2024-06-01,2024-07-01,2024-08-01,2024-09-01,2024-10-01,2024-11-01,2024-12-01,2025-01-01,2025-02-01,2025-03-01,2025-04-01,2025-05-01,2025-06-01,2025-07-01,2025-08-01,2025-09-01,2025-10-01,2025-11-01,2025-12-01,2026-01-01,2026-02-01,2026-03-01,2026-04-01,2026-05-01
5g,9.090909090909092,6.666666666666667,10.0,11.11111111111111,10.0,10.0,4.0,8.333333333333332,7.6923076923076925,7.6923076923076925,7.142857142857142,8.333333333333332,8.333333333333332,9.090909090909092,10.0,8.333333333333332,10.0,8.333333333333332,6.666666666666667,6.666666666666667,11.11111111111111,5.405405405405405,10.0,10.526315789473683,15.384615384615383,14.285714285714285,15.384615384615383,15.384615384615383,23.076923076923077,12.0,14.285714285714285,12.12121212121212,22.727272727272727,35.294117647058826,31.25,46.666666666666664,36.84210526315789,40.0,42.857142857142854,25.0,40.0,31.25,40.0,56.25,35.0,30.555555555555557,17.0,75.55555555555556,41.37931034482759,31.428571428571427,37.03703703703704,50.0,48.0,68.0,48.27586206896552,57.692307692307686,32.5,33.33333333333333,46.15384615384615,52.17391304347826,57.14285714285714,78.94736842105263,73.68421052631578,93.75,68.42105263157895,77.77777777777779,71.42857142857143,62.5,84.61538461538461,62.06896551724138,61.53846153846154,63.63636363636363,45.16129032258064,51.85185185185185,77.77777777777779,76.47058823529412,54.54545454545454,57.14285714285714,55.00000000000001,66.66666666666666,64.70588235294117,70.58823529411765,52.38095238095239,68.75,73.33333333333333,80.0,84.61538461538461,73.33333333333333,91.66666666666666,68.75,68.75,73.33333333333333,62.5,58.82352941176471,58.82352941176471,56.25,64.28571428571429,71.42857142857143,71.42857142857143,33.33333333333333,66.66666666666666,56.25,37.5,50.0,45.45454545454545,34.61538461538461,22.5,12.32876712328767,41.66666666666667,50.0,64.28571428571429,50.0,45.45454545454545,34.48275862068966,48.27586206896552,56.00000000000001,62.96296296296296,82.75862068965517,41.02564102564102,100.0,84.21052631578947
advertising,81.81818181818183,53.333333333333336,80.0,88.88888888888889,90.0,81.81818181818183,40.0,61.53846153846154,69.23076923076923,78.57142857142857,71.42857142857143,84.61538461538461,75.0,72.72727272727273,80.0,66.66666666666666,90.0,69.23076923076923,66.66666666666666,46.666666666666664,42.10526315789473,23.076923076923077,36.36363636363637,47.368421052631575,57.14285714285714,50.0,50.0,50.0,53.84615384615385,33.33333333333333,38.095238095238095,17.647058823529413,34.78260869565217,52.94117647058824,50.0,60.0,36.84210526315789,46.666666666666664,50.0,24.0,57.14285714285714,50.0,43.75,37.5,40.0,22.22222222222222,7.000000000000001,14.000000000000002,23.333333333333332,17.142857142857142,25.0,26.08695652173913,30.76923076923077,26.923076923076923,23.333333333333332,25.0,15.0,16.666666666666664,23.076923076923077,30.434782608695656,28.57142857142857,31.57894736842105,30.0,29.411764705882355,31.57894736842105,36.84210526315789,33.33333333333333,20.833333333333336,22.22222222222222,26.666666666666668,32.0,39.130434782608695,22.58064516129032,21.428571428571427,33.33333333333333,35.294117647058826,31.818181818181817,40.0,38.095238095238095,36.84210526315789,38.88888888888889,44.44444444444444,33.33333333333333,50.0,43.75,40.0,42.857142857142854,42.857142857142854,61.53846153846154,47.05882352941176,41.17647058823529,46.666666666666664,43.75,52.94117647058824,50.0,47.05882352941176,46.666666666666664,42.857142857142854,40.0,20.0,43.75,41.17647058823529,28.000000000000004,31.57894736842105,31.818181818181817,30.76923076923077,20.0,10.81081081081081,32.0,34.78260869565217,34.48275862068966,32.0,43.47826086956522,31.03448275862069,37.93103448275862,38.46153846153847,44.44444444444444,60.0,34.146341463414636,42.42424242424242,38.095238095238095
aerospace,27.27272727272727,20.0,30.0,33.33333333333333,30.0,30.0,12.0,16.666666666666664,23.076923076923077,23.076923076923077,21.428571428571427,25.0,25.0,27.27272727272727,30.0,25.0,30.0,25.0,20.0,20.0,16.666666666666664,8.108108108108109,15.0,15.789473684210526,23.076923076923077,21.428571428571427,23.076923076923077,23.076923076923077,23.076923076923077,12.0,14.285714285714285,9.090909090909092,13.636363636363637,23.52941176470588,18.75,26.666666666666668,15.789473684210526,20.0,21.428571428571427,12.5,26.666666666666668,25.0,20.0,18.75,20.0,8.333333333333332,3.0,6.666666666666667,10.344827586206897,8.571428571428571,11.11111111111111,13.636363636363637,12.0,12.0,6.896551724137931,7.6923076923076925,7.5,8.333333333333332,11.538461538461538,13.043478260869565,14.285714285714285,15.789473684210526,15.789473684210526,18.75,15.789473684210526,16.666666666666664,14.285714285714285,8.333333333333332,11.538461538461538,10.344827586206897,11.538461538461538,13.636363636363637,9.67741935483871,11.11111111111111,16.666666666666664,17.647058823529413,13.636363636363637,14.285714285714285,15.0,16.666666666666664,17.647058823529413,23.52941176470588,19.047619047619047,18.75,20.0,20.0,23.076923076923077,26.666666666666668,33.33333333333333,25.0,25.0,20.0,25.0,23.52941176470588,23.52941176470588,25.0,28.57142857142857,28.57142857142857,21.428571428571427,13.333333333333334,26.666666666666668,25.0,16.666666666666664,15.0,18.181818181818183,19.230769230769234,12.5,5.47945205479452,16.666666666666664,22.727272727272727,17.857142857142858,25.0,22.727272727272727,17.24137931034483,17.24137931034483,20.0,25.925925925925924,24.13793103448276,20.51282051282051,24.24242424242424,26.31578947368421
airlines,1540.0,1071.428571428571,1500.0,1825.0,1575.0,1200.0,527.2727272727273,983.3333333333334,1133.3333333333337,1050.0,1166.6666666666663,1666.6666666666667,1500.0,1540.0,1500.0,1420.0,1320.0,1116.6666666666663,942.8571428571428,942.8571428571428,950.0,435.2941176470588,710.0,950.0,1283.3333333333337,1383.3333333333337,1416.6666666666663,1300.0,1200.0,566.6666666666667,744.4444444444445,426.6666666666667,750.0,937.5,1171.428571428571,1042.857142857143,844.4444444444445,1185.7142857142858,1383.3333333333337,663.6363636363636,1183.3333333333337,1014.2857142857142,914.2857142857142,928.5714285714288,833.3333333333334,431.25,164.44444444444443,121.73913043478262,228.57142857142856,256.25,266.66666666666663,310.0,266.66666666666663,291.66666666666663,246.15384615384616,290.90909090909093,188.88888888888889,250.0,433.3333333333333,527.2727272727273,655.5555555555555,766.6666666666667,755.5555555555555,737.5,577.7777777777777,762.5,580.0,518.1818181818181,566.6666666666667,561.5384615384615,745.4545454545454,770.0,535.7142857142857,630.7692307692307,987.5,912.5,660.0,688.8888888888889,711.1111111111111,766.6666666666667,912.5,900.0,777.7777777777777,928.5714285714288,985.7142857142858,1100.0,1250.0,1116.6666666666663,1033.3333333333337,800.0,828.5714285714287,814.2857142857142,1028.571428571429,775.0,985.7142857142858,885.7142857142858,957.1428571428572,1116.6666666666663,1000.0,461.5384615384615,757.1428571428571,757.1428571428571,454.54545454545456,600.0,590.0,458.3333333333333,300.0,157.57575757575756,481.8181818181818,590.0,500.0,518.1818181818181,509.99999999999994,384.61538461538464,423.0769230769231,500.0,491.6666666666667,414.28571428571433,361.11111111111114,366.66666666666663,911.1111111111112
aluminum,172.72727272727272,126.66666666666666,180.0,200.0,190.0,180.0,68.0,141.66666666666669,138.46153846153845,153.84615384615387,135.71428571428572,161.53846153846155,190.9090909090909,181.8181818181818,190.0,150.0,190.0,153.84615384615387,135.71428571428572,106.25,89.47368421052632,48.717948717948715,100.0,105.0,157.14285714285714,142.85714285714286,142.85714285714286,128.57142857142858,146.15384615384613,66.66666666666666,85.71428571428571,56.25,81.81818181818183,111.76470588235294,118.75,140.0,115.78947368421052,135.71428571428572,126.66666666666666,76.0,133.33333333333331,118.75,112.5,106.25,90.0,51.35135135135135,17.0,46.666666666666664,80.0,65.71428571428571,78.57142857142857,86.95652173913044,84.61538461538461,76.92307692307693,63.33333333333333,72.0,47.5,51.42857142857142,80.76923076923077,104.34782608695652,113.63636363636364,121.05263157894736,110.0,131.25,121.05263157894736,110.5263157894737,100.0,72.0,76.92307692307693,73.33333333333333,100.0,104.34782608695652,74.19354838709677,78.57142857142857,122.22222222222224,117.64705882352942,104.76190476190476,100.0,95.23809523809524,100.0,111.76470588235294,116.66666666666669,105.0,131.25,146.66666666666666,140.0,142.85714285714286,140.0,161.53846153846155,123.52941176470588,125.0,118.75,118.75,123.52941176470588,125.0,137.5,157.14285714285714,157.14285714285714,133.33333333333331,72.41379310344827,137.5,137.5,84.0,95.0,83.33333333333334,88.46153846153845,58.536585365853654,31.08108108108108,95.83333333333334,109.09090909090908,86.20689655172413,96.0,113.04347826086956,85.71428571428571,89.28571428571429,88.46153846153845,88.88888888888889,100.0,94.73684210526316,197.05882352941177,180.95238095238096
amazon stock,18.181818181818183,13.333333333333334,20.0,11.11111111111111,20.0,20.0,12.0,16.666666666666664,15.384615384615383,23.076923076923077,21.428571428571427,25.0,33.33333333333333,54.54545454545454,60.0,41.66666666666667,30.0,41.66666666666667,40.0,33.33333333333333,38.88888888888889,24.324324324324326,40.0,47.368421052631575,46.15384615384615,42.857142857142854,61.53846153846154,61.53846153846154,61.53846153846154,40.0,38.095238095238095,24.24242424242424,36.36363636363637,35.294117647058826,37.5,40.0,36.84210526315789,40.0,42.857142857142854,25.0,26.666666666666668,31.25,26.666666666666668,31.25,30.0,25.0,18.0,28.88888888888889,31.03448275862069,25.71428571428571,51.85185185185185,50.0,44.0,40.0,31.03448275862069,34.61538461538461,22.5,27.77777777777778,30.76923076923077,34.78260869565217,28.57142857142857,31.57894736842105,36.84210526315789,37.5,26.31578947368421,27.77777777777778,28.57142857142857,20.833333333333336,23.076923076923077,27.58620689655172,42.30769230769231,40.909090909090914,41.935483870967744,62.96296296296296,61.111111111111114,58.82352941176471,36.36363636363637,42.857142857142854,50.0,38.88888888888889,47.05882352941176,52.94117647058824,33.33333333333333,43.75,46.666666666666664,53.333333333333336,53.84615384615385,53.333333333333336,50.0,37.5,43.75,40.0,37.5,47.05882352941176,35.294117647058826,43.75,42.857142857142854,42.857142857142854,42.857142857142854,23.333333333333332,33.33333333333333,31.25,29.166666666666668,35.0,27.27272727272727,26.923076923076923,17.5,13.6986301369863,29.166666666666668,27.27272727272727,32.142857142857146,33.33333333333333,31.818181818181817,31.03448275862069,31.03448275862069,32.0,25.925925925925924,34.48275862068966,20.51282051282051,27.27272727272727,35.0
amd stock,9.090909090909092,6.666666666666667,10.0,11.11111111111111,10.0,10.0,4.0,16.666666666666664,15.384615384615383,30.76923076923077,28.57142857142857,16.666666666666664,33.33333333333333,36.36363636363637,40.0,25.0,30.0,25.0,20.0,13.333333333333334,16.666666666666664,5.405405405405405,10.0,10.526315789473683,15.384615384615383,21.428571428571427,23.076923076923077,30.76923076923077,46.15384615384615,20.0,14.285714285714285,9.090909090909092,13.636363636363637,17.647058823529413,12.5,20.0,15.789473684210526,20.0,21.428571428571427,12.5,13.333333333333334,12.5,20.0,18.75,20.0,11.11111111111111,5.0,8.88888888888889,10.344827586206897,11.428571428571429,18.51851851851852,18.181818181818183,16.0,16.0,10.344827586206897,11.538461538461538,10.0,11.11111111111111,11.538461538461538,13.043478260869565,14.285714285714285,15.789473684210526,15.789473684210526,25.0,10.526315789473683,16.666666666666664,19.047619047619047,12.5,11.538461538461538,13.79310344827586,11.538461538461538,13.636363636363637,12.903225806451612,11.11111111111111,16.666666666666664,17.647058823529413,13.636363636363637,14.285714285714285,10.0,11.11111111111111,11.76470588235294,11.76470588235294,9.523809523809524,12.5,26.666666666666668,26.666666666666668,23.076923076923077,26.666666666666668,16.666666666666664,12.5,18.75,26.666666666666668,37.5,35.294117647058826,35.294117647058826,31.25,35.714285714285715,35.714285714285715,42.857142857142854,20.0,20.0,31.25,16.666666666666664,25.0,22.727272727272727,23.076923076923077,10.0,5.47945205479452,20.833333333333336,22.727272727272727,25.0,29.166666666666668,22.727272727272727,37.93103448275862,27.58620689655172,20.0,18.51851851851852,20.689655172413794,10.256410256410255,21.21212121212121,63.1578947368421
api,118.1818181818182,100.0,130.0,155.55555555555557,130.0,130.0,50.0,92.3076923076923,107.6923076923077,107.14285714285714,114.28571428571428,125.0,133.33333333333331,145.45454545454547,127.27272727272728,116.66666666666669,140.0,115.38461538461536,107.14285714285714,86.66666666666667,73.68421052631578,38.46153846153847,71.42857142857143,78.94736842105263,115.38461538461536,107.14285714285714,107.14285714285714,107.14285714285714,100.0,55.55555555555556,66.66666666666666,36.36363636363637,63.63636363636363,88.23529411764706,93.75,87.5,78.94736842105263,100.0,107.14285714285714,56.00000000000001,107.14285714285714,93.75,87.5,68.75,70.0,37.83783783783784,13.0,31.91489361702128,46.875,42.857142857142854,57.14285714285714,63.63636363636363,53.84615384615385,42.30769230769231,30.0,37.5,25.0,33.33333333333333,46.15384615384615,45.83333333333333,54.54545454545454,63.1578947368421,60.0,75.0,63.1578947368421,63.1578947368421,54.54545454545454,41.66666666666667,53.84615384615385,53.333333333333336,65.38461538461539,78.26086956521739,53.125,62.96296296296296,94.11764705882352,105.88235294117648,76.19047619047619,76.19047619047619,80.0,78.94736842105263,100.0,111.11111111111111,100.0,111.76470588235294,126.66666666666666,133.33333333333331,130.76923076923077,120.0,141.66666666666669,106.25,106.25,100.0,112.5,111.11111111111111,111.76470588235294,112.5,135.71428571428572,135.71428571428572,120.0,58.06451612903226,121.42857142857142,112.5,68.0,80.0,90.9090909090909,84.61538461538461,52.38095238095239,29.87012987012987,84.0,117.3913043478261,125.0,115.38461538461536,118.1818181818182,93.10344827586206,131.0344827586207,153.84615384615387,181.4814814814815,246.66666666666669,178.0487804878049,196.96969696969697,131.57894736842107
apple stock,36.36363636363637,20.0,30.0,33.33333333333333,40.0,30.0,12.0,25.0,23.076923076923077,30.76923076923077,28.57142857142857,25.0,33.33333333333333,36.36363636363637,30.0,41.66666666666667,50.0,33.33333333333333,33.33333333333333,26.666666666666668,27.77777777777778,16.216216216216218,20.0,21.052631578947366,38.46153846153847,21.428571428571427,23.076923076923077,46.15384615384615,46.15384615384615,20.0,33.33333333333333,18.181818181818183,36.36363636363637,23.52941176470588,31.25,33.33333333333333,26.31578947368421,26.666666666666668,28.57142857142857,16.666666666666664,26.666666666666668,25.0,26.666666666666668,31.25,30.0,22.22222222222222,15.0,17.77777777777778,24.13793103448276,20.0,33.33333333333333,100.0,96.0,60.0,41.37931034482759,46.15384615384615,35.0,38.88888888888889,46.15384615384615,47.82608695652174,42.857142857142854,42.10526315789473,47.368421052631575,50.0,42.10526315789473,38.88888888888889,38.095238095238095,41.66666666666667,34.61538461538461,27.58620689655172,30.76923076923077,31.818181818181817,29.03225806451613,25.925925925925924,33.33333333333333,41.17647058823529,31.818181818181817,33.33333333333333,30.0,27.77777777777778,41.17647058823529,41.17647058823529,28.57142857142857,31.25,40.0,53.333333333333336,46.15384615384615,46.666666666666664,50.0,31.25,37.5,40.0,37.5,35.294117647058826,41.17647058823529,31.25,42.857142857142854,50.0,42.857142857142854,23.333333333333332,33.33333333333333,31.25,20.833333333333336,25.0,27.27272727272727,23.076923076923077,12.5,15.068493150684931,25.0,27.27272727272727,25.0,29.166666666666668,36.36363636363637,24.13793103448276,24.13793103448276,24.0,25.925925925925924,24.13793103448276,17.94871794871795,24.24242424242424,31.57894736842105
auto parts,318.1818181818182,260.0,440.00000000000006,411.1111111111111,310.0,290.0,137.5,291.66666666666663,246.15384615384616,223.0769230769231,307.69230769230774,291.66666666666663,400.0,418.1818181818182,390.0,300.0,310.0,284.61538461538464,250.0,193.33333333333337,155.55555555555557,80.0,210.0,194.44444444444443,246.15384615384616,284.61538461538464,271.42857142857144,271.42857142857144,269.2307692307692,130.76923076923077,147.61904761904762,100.0,163.63636363636363,206.25,300.0,266.66666666666663,205.26315789473685,260.0,300.0,166.66666666666669,250.0,218.75,226.66666666666663,206.25,163.1578947368421,91.66666666666666,34.0,71.73913043478261,127.58620689655172,108.33333333333331,144.44444444444443,159.0909090909091,136.0,152.0,113.79310344827589,128.0,84.21052631578947,82.85714285714286,130.76923076923077,147.82608695652172,150.0,189.4736842105263,178.94736842105263,206.25,157.89473684210526,166.66666666666669,142.85714285714286,108.0,107.6923076923077,103.33333333333334,140.0,134.7826086956522,103.33333333333334,125.92592592592592,200.0,194.1176470588235,131.8181818181818,145.0,125.0,147.05882352941177,135.29411764705884,138.88888888888889,130.0,162.5,180.0,180.0,200.0,173.33333333333334,192.30769230769232,150.0,143.75,140.0,140.0,129.41176470588235,135.29411764705884,143.75,164.28571428571428,192.30769230769232,160.0,82.75862068965517,140.0,131.25,83.33333333333334,110.5263157894737,90.9090909090909,73.07692307692307,53.65853658536586,27.77777777777778,83.33333333333334,100.0,100.0,103.84615384615384,100.0,88.88888888888889,79.3103448275862,88.0,92.3076923076923,76.66666666666667,58.97435897435898,75.0,95.23809523809524
auto sales,163.63636363636363,120.0,190.0,200.0,180.0,145.45454545454547,60.0,115.38461538461536,130.76923076923077,150.0,142.85714285714286,130.76923076923077,150.0,163.63636363636363,200.0,158.33333333333331,170.0,123.07692307692308,106.66666666666669,100.0,94.73684210526316,53.84615384615385,86.36363636363636,89.47368421052632,121.42857142857142,128.57142857142858,128.57142857142858,128.57142857142858,115.38461538461536,55.55555555555556,71.42857142857143,44.11764705882353,65.21739130434783,111.76470588235294,125.0,113.33333333333331,89.47368421052632,126.66666666666666,121.42857142857142,72.0,114.28571428571428,100.0,93.75,87.5,80.0,50.0,14.000000000000002,24.0,53.333333333333336,51.42857142857142,64.28571428571429,65.21739130434783,57.692307692307686,53.84615384615385,43.333333333333336,54.166666666666664,35.0,44.44444444444444,80.76923076923077,78.26086956521739,76.19047619047619,84.21052631578947,80.0,94.11764705882352,78.94736842105263,78.94736842105263,66.66666666666666,54.166666666666664,51.85185185185185,56.666666666666664,60.0,60.86956521739131,41.935483870967744,50.0,77.77777777777779,82.35294117647058,59.09090909090909,60.0,52.38095238095239,57.89473684210527,72.22222222222221,83.33333333333334,71.42857142857143,87.5,81.25,86.66666666666667,100.0,100.0,92.3076923076923,70.58823529411765,64.70588235294117,73.33333333333333,75.0,82.35294117647058,87.5,70.58823529411765,80.0,85.71428571428571,80.0,40.0,68.75,58.82352941176471,36.0,42.10526315789473,40.909090909090914,42.30769230769231,27.500000000000004,13.513513513513514,36.0,43.47826086956522,37.93103448275862,40.0,39.130434782608695,31.03448275862069,31.03448275862069,38.46153846153847,37.03703703703704,43.333333333333336,31.70731707317073,36.36363636363637,52.38095238095239
automation,36.36363636363637,26.666666666666668,40.0,44.44444444444444,40.0,40.0,16.666666666666664,33.33333333333333,38.46153846153847,38.46153846153847,38.46153846153847,41.66666666666667,45.45454545454545,36.36363636363637,50.0,36.36363636363637,50.0,38.46153846153847,35.714285714285715,26.666666666666668,22.22222222222222,12.5,20.0,22.22222222222222,38.46153846153847,30.76923076923077,35.714285714285715,35.714285714285715,30.76923076923077,19.230769230769234,19.047619047619047,12.12121212121212,22.727272727272727,31.25,31.25,33.33333333333333,21.052631578947366,33.33333333333333,28.57142857142857,20.833333333333336,35.714285714285715,31.25,33.33333333333333,25.0,31.57894736842105,13.88888888888889,5.0,10.869565217391305,13.79310344827586,13.88888888888889,18.51851851851852,22.727272727272727,20.0,20.0,13.79310344827586,16.0,10.526315789473683,14.285714285714285,15.384615384615383,21.73913043478261,22.727272727272727,26.31578947368421,26.31578947368421,31.25,26.31578947368421,33.33333333333333,23.809523809523807,20.0,19.230769230769234,20.0,24.0,26.08695652173913,16.666666666666664,18.51851851851852,29.411764705882355,35.294117647058826,22.727272727272727,25.0,25.0,29.411764705882355,35.294117647058826,33.33333333333333,30.0,31.25,33.33333333333333,33.33333333333333,35.714285714285715,33.33333333333333,38.46153846153847,31.25,31.25,33.33333333333333,40.0,35.294117647058826,35.294117647058826,37.5,35.714285714285715,38.46153846153847,33.33333333333333,20.689655172413794,40.0,37.5,25.0,26.31578947368421,27.27272727272727,26.923076923076923,17.073170731707318,11.11111111111111,37.5,59.09090909090909,50.0,53.84615384615385,69.56521739130434,44.44444444444444,48.27586206896552,48.0,57.692307692307686,66.66666666666666,58.97435897435898,68.75,52.38095238095239
bank capital,54.54545454545454,46.666666666666664,70.0,66.66666666666666,60.0,54.54545454545454,24.0,46.15384615384615,46.15384615384615,42.857142857142854,42.857142857142854,46.15384615384615,50.0,63.63636363636363,60.0,50.0,60.0,46.15384615384615,40.0,40.0,31.57894736842105,15.384615384615383,27.27272727272727,31.57894736842105,42.857142857142854,42.857142857142854,42.857142857142854,42.857142857142854,46.15384615384615,22.22222222222222,28.57142857142857,17.647058823529413,26.08695652173913,35.294117647058826,37.5,40.0,31.57894736842105,40.0,42.857142857142854,24.0,35.714285714285715,37.5,37.5,37.5,30.0,16.666666666666664,5.0,12.0,16.666666666666664,17.142857142857142,17.857142857142858,21.73913043478261,19.230769230769234,19.230769230769234,13.333333333333334,20.833333333333336,12.5,13.88888888888889,19.230769230769234,21.73913043478261,23.809523809523807,26.31578947368421,25.0,23.52941176470588,26.31578947368421,26.31578947368421,23.809523809523807,20.833333333333336,18.51851851851852,20.0,24.0,21.73913043478261,16.129032258064516,21.428571428571427,33.33333333333333,35.294117647058826,22.727272727272727,30.0,28.57142857142857,26.31578947368421,33.33333333333333,33.33333333333333,33.33333333333333,37.5,31.25,40.0,35.714285714285715,35.714285714285715,38.46153846153847,29.411764705882355,29.411764705882355,33.33333333333333,31.25,29.411764705882355,31.25,29.411764705882355,33.33333333333333,35.714285714285715,33.33333333333333,16.666666666666664,25.0,23.52941176470588,16.0,21.052631578947366,22.727272727272727,19.230769230769234,12.5,5.405405405405405,20.0,21.73913043478261,17.24137931034483,20.0,21.73913043478261,17.24137931034483,17.24137931034483,19.230769230769234,22.22222222222222,20.0,17.073170731707318,18.181818181818183,23.809523809523807
banking,336.3636363636364,253.33333333333331,400.0,422.22222222222223,340.0,336.3636363636364,140.0,276.9230769230769,253.84615384615384,257.14285714285717,250.0,269.2307692307692,300.0,327.2727272727273,370.0,283.33333333333337,360.0,253.84615384615384,220.00000000000003,240.0,178.94736842105263,92.3076923076923,154.54545454545453,173.6842105263158,228.57142857142856,235.71428571428572,235.71428571428572,228.57142857142856,246.15384615384616,125.92592592592592,161.9047619047619,97.05882352941175,139.1304347826087,211.76470588235296,200.0,220.00000000000003,178.94736842105263,233.33333333333337,242.85714285714283,136.0,228.57142857142856,206.25,206.25,212.5,160.0,94.44444444444444,30.0,80.0,100.0,88.57142857142857,114.28571428571428,121.73913043478262,111.53846153846156,115.38461538461536,93.33333333333331,133.33333333333331,80.0,86.11111111111111,134.6153846153846,139.1304347826087,142.85714285714286,157.89473684210526,150.0,158.8235294117647,147.36842105263156,147.36842105263156,128.57142857142858,120.83333333333331,100.0,96.66666666666669,108.0,113.04347826086956,80.64516129032258,92.85714285714286,138.88888888888889,135.29411764705884,104.54545454545456,125.0,109.52380952380952,126.3157894736842,127.77777777777776,133.33333333333331,133.33333333333331,150.0,137.5,153.33333333333334,157.14285714285714,157.14285714285714,176.9230769230769,123.52941176470588,129.41176470588235,146.66666666666666,125.0,117.64705882352942,125.0,105.88235294117648,120.0,128.57142857142858,120.0,60.0,106.25,100.0,64.0,89.47368421052632,77.27272727272727,69.23076923076923,45.0,24.324324324324326,72.0,82.6086956521739,79.3103448275862,80.0,86.95652173913044,68.96551724137932,68.96551724137932,80.76923076923077,85.18518518518519,86.66666666666667,60.97560975609756,72.72727272727273,85.71428571428571
banks,318.1818181818182,200.0,360.0,344.44444444444446,290.0,310.0,120.0,225.0,230.76923076923077,223.0769230769231,192.8571428571429,250.0,225.0,309.09090909090907,340.0,275.0,300.0,225.0,200.0,173.33333333333334,166.66666666666669,75.67567567567568,140.0,147.36842105263156,223.0769230769231,228.57142857142856,246.15384615384616,253.84615384615384,238.46153846153845,120.0,133.33333333333331,93.93939393939394,140.9090909090909,176.47058823529412,175.0,213.33333333333337,168.42105263157893,213.33333333333337,250.0,162.5,200.0,187.5,206.66666666666669,168.75,140.0,77.77777777777779,30.0,124.44444444444444,258.62068965517244,142.85714285714286,155.55555555555557,154.54545454545453,128.0,136.0,113.79310344827589,119.23076923076924,90.0,91.66666666666666,123.07692307692308,152.17391304347828,166.66666666666669,184.21052631578948,252.6315789473684,462.5,189.4736842105263,172.22222222222223,157.14285714285714,129.16666666666669,126.92307692307692,117.2413793103448,119.23076923076924,163.63636363636363,109.6774193548387,144.44444444444443,205.55555555555551,188.23529411764704,131.8181818181818,138.0952380952381,150.0,161.11111111111111,194.1176470588235,347.05882352941177,290.4761904761905,231.25,213.33333333333337,233.33333333333337,253.84615384615384,200.0,225.0,181.25,206.25,180.0,181.25,194.1176470588235,182.35294117647055,181.25,192.8571428571429,228.57142857142856,235.71428571428572,93.33333333333331,186.66666666666663,268.75,195.83333333333331,150.0,140.9090909090909,115.38461538461536,70.0,42.465753424657535,112.5,145.45454545454547,128.57142857142858,133.33333333333331,127.27272727272728,110.34482758620688,113.79310344827589,144.0,125.92592592592592,144.82758620689654,89.74358974358975,118.1818181818182,152.63157894736844
benefits,542.8571428571429,422.22222222222223,616.6666666666667,616.6666666666667,650.0,571.4285714285714,260.0,462.5,600.0,500.0,522.2222222222223,550.0,614.2857142857143,614.2857142857143,716.6666666666667,512.5,716.6666666666667,562.5,522.2222222222223,466.6666666666667,441.6666666666667,212.5,364.2857142857143,400.0,488.8888888888889,488.8888888888889,511.1111111111111,500.0,550.0,276.4705882352941,323.0769230769231,200.0,385.7142857142857,463.6363636363637,490.00000000000006,490.00000000000006,391.66666666666663,488.8888888888889,500.0,281.25,477.77777777777777,470.0,450.0,430.0,407.6923076923077,231.81818181818184,98.38709677419357,238.70967741935485,331.57894736842104,263.6363636363636,370.5882352941177,428.57142857142856,356.25,368.75,278.9473684210526,380.0,260.0,281.8181818181818,375.0,386.6666666666667,453.8461538461538,450.0,475.0,570.0,441.6666666666667,450.0,446.1538461538462,340.0,400.0,321.0526315789474,375.0,450.0,305.2631578947369,350.0,554.5454545454546,554.5454545454546,400.0,469.2307692307692,469.2307692307692,525.0,645.4545454545454,636.3636363636364,507.6923076923077,680.0,650.0,660.0,711.1111111111111,711.1111111111111,800.0,650.0,640.0,700.0,730.0,627.2727272727273,660.0,680.0,711.1111111111111,688.8888888888889,688.8888888888889,321.0526315789474,640.0,640.0,433.3333333333333,541.6666666666667,557.1428571428571,493.75,296.0,158.69565217391303,400.0,514.2857142857143,455.55555555555554,475.0,528.5714285714286,472.22222222222223,511.1111111111111,518.75,552.9411764705882,526.3157894736843,350.0,380.9523809523809,507.6923076923077
black friday,0.0,0.0,0.0,0.0,50.0,150.0,2025.0,50.0,50.0,0.0,0.0,0.0,0.0,0.0,0.0,0.0,50.0,150.0,3100.0,33.33333333333333,0.0,0.0,0.0,0.0,0.0,0.0,0.0,0.0,50.0,80.0,2500.0,16.666666666666664,0.0,0.0,0.0,0.0,0.0,0.0,33.33333333333333,25.0,33.33333333333333,133.33333333333331,3200.0,233.33333333333337,25.0,14.285714285714285,5.555555555555555,12.5,0.0,16.666666666666664,20.0,25.0,20.0,120.0,1180.0,40.0,14.285714285714285,16.666666666666664,20.0,25.0,25.0,33.33333333333333,25.0,33.33333333333333,33.33333333333333,166.66666666666669,1475.0,40.0,20.0,0.0,0.0,0.0,0.0,20.0,33.33333333333333,33.33333333333333,25.0,75.0,1200.0,66.66666666666666,33.33333333333333,33.33333333333333,25.0,33.33333333333333,0.0,0.0,50.0,33.33333333333333,50.0,100.0,1766.6666666666667,66.66666666666666,33.33333333333333,33.33333333333333,33.33333333333333,33.33333333333333,33.33333333333333,50.0,33.33333333333333,20.0,33.33333333333333,100.0,1175.0,125.0,25.0,20.0,14.285714285714285,7.6923076923076925,25.0,25.0,20.0,20.0,25.0,60.0,920.0,60.0,20.0,16.666666666666664,14.285714285714285,16.666666666666664,25.0
broadband,27.27272727272727,20.0,30.0,33.33333333333333,30.0,27.27272727272727,12.0,23.076923076923077,23.076923076923077,21.428571428571427,21.428571428571427,23.076923076923077,25.0,36.36363636363637,40.0,25.0,40.0,23.076923076923077,20.0,20.0,15.789473684210526,7.6923076923076925,13.636363636363637,15.789473684210526,21.428571428571427,21.428571428571427,21.428571428571427,21.428571428571427,23.076923076923077,11.11111111111111,14.285714285714285,8.823529411764707,13.043478260869565,17.647058823529413,18.75,20.0,15.789473684210526,20.0,21.428571428571427,12.0,21.428571428571427,18.75,18.75,18.75,15.0,8.333333333333332,4.0,8.0,13.333333333333334,11.428571428571429,14.285714285714285,17.391304347826086,15.384615384615383,15.384615384615383,13.333333333333334,16.666666666666664,10.0,11.11111111111111,15.384615384615383,17.391304347826086,28.57142857142857,26.31578947368421,25.0,29.411764705882355,26.31578947368421,26.31578947368421,23.809523809523807,20.833333333333336,14.814814814814811,13.333333333333334,16.0,13.043478260869565,9.67741935483871,10.714285714285714,16.666666666666664,17.647058823529413,13.636363636363637,15.0,14.285714285714285,15.789473684210526,16.666666666666664,16.666666666666664,14.285714285714285,18.75,18.75,20.0,21.428571428571427,21.428571428571427,23.076923076923077,17.647058823529413,17.647058823529413,13.333333333333334,18.75,17.647058823529413,18.75,17.647058823529413,20.0,21.428571428571427,20.0,10.0,18.75,17.647058823529413,8.0,10.526315789473683,9.090909090909092,7.6923076923076925,5.0,2.702702702702702,12.0,13.043478260869565,10.344827586206897,12.0,8.695652173913043,6.896551724137931,10.344827586206897,11.538461538461538,11.11111111111111,13.333333333333334,9.75609756097561,12.12121212121212,9.523809523809524
cable tv,45.45454545454545,40.0,60.0,66.66666666666666,70.0,54.54545454545454,28.000000000000004,53.84615384615385,53.84615384615385,42.857142857142854,35.714285714285715,38.46153846153847,41.66666666666667,45.45454545454545,60.0,50.0,60.0,46.15384615384615,40.0,40.0,31.57894736842105,12.82051282051282,22.727272727272727,26.31578947368421,35.714285714285715,35.714285714285715,42.857142857142854,35.714285714285715,46.15384615384615,18.51851851851852,23.809523809523807,14.705882352941178,21.73913043478261,29.411764705882355,31.25,26.666666666666668,21.052631578947366,33.33333333333333,35.714285714285715,20.0,35.714285714285715,31.25,31.25,37.5,25.0,13.88888888888889,4.0,10.0,13.333333333333334,11.428571428571429,17.857142857142858,21.73913043478261,19.230769230769234,19.230769230769234,16.666666666666664,20.833333333333336,12.5,11.11111111111111,15.384615384615383,17.391304347826086,19.047619047619047,21.052631578947366,20.0,23.52941176470588,21.052631578947366,21.052631578947366,19.047619047619047,16.666666666666664,18.51851851851852,13.333333333333334,16.0,13.043478260869565,12.903225806451612,14.285714285714285,22.22222222222222,23.52941176470588,18.181818181818183,20.0,19.047619047619047,21.052631578947366,22.22222222222222,22.22222222222222,14.285714285714285,18.75,18.75,20.0,21.428571428571427,21.428571428571427,30.76923076923077,17.647058823529413,23.52941176470588,20.0,18.75,17.647058823529413,18.75,11.76470588235294,13.333333333333334,21.428571428571427,20.0,10.0,18.75,17.647058823529413,12.0,15.789473684210526,13.636363636363637,11.538461538461538,7.5,2.702702702702702,8.0,13.043478260869565,10.344827586206897,12.0,13.043478260869565,10.344827586206897,10.344827586206897,11.538461538461538,11.11111111111111,13.333333333333334,12.195121951219512,18.181818181818183,19.047619047619047
cancer treatment,27.27272727272727,13.333333333333334,20.0,22.22222222222222,20.0,18.181818181818183,8.0,15.384615384615383,23.076923076923077,21.428571428571427,21.428571428571427,23.076923076923077,25.0,18.181818181818183,30.0,16.666666666666664,30.0,23.076923076923077,20.0,20.0,15.789473684210526,7.6923076923076925,13.636363636363637,15.789473684210526,21.428571428571427,21.428571428571427,21.428571428571427,21.428571428571427,23.076923076923077,11.11111111111111,14.285714285714285,5.88235294117647,13.043478260869565,17.647058823529413,18.75,20.0,15.789473684210526,20.0,21.428571428571427,12.0,21.428571428571427,18.75,18.75,18.75,15.0,8.333333333333332,2.0,4.0,6.666666666666667,8.571428571428571,10.714285714285714,13.043478260869565,11.538461538461538,11.538461538461538,10.0,12.5,5.0,5.555555555555555,7.6923076923076925,13.043478260869565,9.523809523809524,15.789473684210526,15.0,17.647058823529413,15.789473684210526,15.789473684210526,14.285714285714285,8.333333333333332,7.4074074074074066,10.0,12.0,13.043478260869565,6.451612903225806,10.714285714285714,16.666666666666664,11.76470588235294,9.090909090909092,15.0,9.523809523809524,10.526315789473683,16.666666666666664,16.666666666666664,14.285714285714285,18.75,18.75,20.0,21.428571428571427,21.428571428571427,23.076923076923077,17.647058823529413,17.647058823529413,20.0,18.75,17.647058823529413,18.75,17.647058823529413,20.0,14.285714285714285,13.333333333333334,10.0,18.75,17.647058823529413,12.0,15.789473684210526,13.636363636363637,11.538461538461538,7.5,4.054054054054054,12.0,17.391304347826086,17.24137931034483,16.0,17.391304347826086,13.79310344827586,13.79310344827586,15.384615384615383,14.814814814814811,20.0,14.634146341463412,18.181818181818183,19.047619047619047
capital gains,9.090909090909092,6.666666666666667,10.0,11.11111111111111,10.0,20.0,8.0,16.666666666666664,15.384615384615383,15.384615384615383,14.285714285714285,16.666666666666664,16.666666666666664,18.181818181818183,20.0,16.666666666666664,20.0,16.666666666666664,13.333333333333334,26.666666666666668,16.666666666666664,8.108108108108109,15.0,15.789473684210526,15.384615384615383,14.285714285714285,15.384615384615383,15.384615384615383,15.384615384615383,8.0,9.523809523809524,6.0606060606060606,9.090909090909092,17.647058823529413,18.75,20.0,10.526315789473683,13.333333333333334,14.285714285714285,8.333333333333332,13.333333333333334,12.5,13.333333333333334,12.5,10.0,8.333333333333332,2.0,4.444444444444445,6.896551724137931,8.571428571428571,11.11111111111111,13.636363636363637,12.0,12.0,10.344827586206897,15.384615384615383,12.5,13.88888888888889,15.384615384615383,34.78260869565217,28.57142857142857,21.052631578947366,15.789473684210526,18.75,15.789473684210526,22.22222222222222,19.047619047619047,16.666666666666664,15.384615384615383,17.24137931034483,19.230769230769234,22.727272727272727,9.67741935483871,11.11111111111111,16.666666666666664,17.647058823529413,9.090909090909092,9.523809523809524,10.0,16.666666666666664,17.647058823529413,23.52941176470588,19.047619047619047,25.0,20.0,20.0,23.076923076923077,20.0,16.666666666666664,18.75,18.75,20.0,18.75,29.411764705882355,29.411764705882355,37.5,28.57142857142857,21.428571428571427,21.428571428571427,20.0,33.33333333333333,25.0,20.833333333333336,25.0,18.181818181818183,19.230769230769234,12.5,6.8493150684931505,16.666666666666664,18.181818181818183,17.857142857142858,16.666666666666664,18.181818181818183,17.24137931034483,17.24137931034483,20.0,22.22222222222222,20.689655172413794,17.94871794871795,21.21212121212121,20.0
carbon fiber,27.27272727272727,20.0,30.0,33.33333333333333,30.0,30.0,12.0,25.0,23.076923076923077,23.076923076923077,21.428571428571427,25.0,25.0,27.27272727272727,30.0,25.0,30.0,25.0,20.0,20.0,16.666666666666664,8.108108108108109,15.0,15.789473684210526,23.076923076923077,21.428571428571427,23.076923076923077,23.076923076923077,23.076923076923077,12.0,14.285714285714285,9.090909090909092,13.636363636363637,17.647058823529413,18.75,20.0,15.789473684210526,20.0,21.428571428571427,12.5,20.0,18.75,20.0,18.75,15.0,8.333333333333332,3.0,6.666666666666667,10.344827586206897,8.571428571428571,11.11111111111111,13.636363636363637,12.0,12.0,10.344827586206897,11.538461538461538,7.5,8.333333333333332,11.538461538461538,13.043478260869565,14.285714285714285,15.789473684210526,15.789473684210526,18.75,15.789473684210526,16.666666666666664,14.285714285714285,12.5,11.538461538461538,10.344827586206897,15.384615384615383,18.181818181818183,9.67741935483871,11.11111111111111,16.666666666666664,17.647058823529413,13.636363636363637,14.285714285714285,15.0,16.666666666666664,17.647058823529413,17.647058823529413,14.285714285714285,18.75,20.0,26.666666666666668,30.76923076923077,20.0,25.0,18.75,18.75,20.0,18.75,23.52941176470588,17.647058823529413,25.0,28.57142857142857,28.57142857142857,28.57142857142857,10.0,26.666666666666668,18.75,16.666666666666664,15.0,18.181818181818183,15.384615384615383,10.0,5.47945205479452,16.666666666666664,18.181818181818183,14.285714285714285,16.666666666666664,18.181818181818183,13.79310344827586,13.79310344827586,16.0,14.814814814814811,20.689655172413794,15.384615384615383,39.39393939393939,40.0
casinos,45.45454545454545,31.25,70.0,55.55555555555556,50.0,50.0,20.0,41.66666666666667,38.46153846153847,38.46153846153847,35.714285714285715,38.46153846153847,45.45454545454545,54.54545454545454,60.0,50.0,50.0,38.46153846153847,28.57142857142857,25.0,26.31578947368421,12.82051282051282,23.809523809523807,25.0,35.714285714285715,35.714285714285715,42.857142857142854,42.857142857142854,38.46153846153847,14.814814814814811,19.047619047619047,12.5,22.727272727272727,29.411764705882355,37.5,33.33333333333333,26.31578947368421,42.857142857142854,40.0,24.0,33.33333333333333,31.25,25.0,31.25,30.0,13.513513513513514,10.0,13.333333333333334,50.0,31.428571428571427,39.285714285714285,26.08695652173913,23.076923076923077,19.230769230769234,16.666666666666664,24.0,15.0,17.142857142857142,23.076923076923077,30.434782608695656,31.818181818181817,36.84210526315789,35.0,37.5,31.57894736842105,31.57894736842105,27.27272727272727,24.0,23.076923076923077,20.0,24.0,21.73913043478261,19.35483870967742,17.857142857142858,38.88888888888889,35.294117647058826,23.809523809523807,23.809523809523807,19.047619047619047,27.77777777777778,29.411764705882355,27.77777777777778,25.0,31.25,33.33333333333333,33.33333333333333,42.857142857142854,33.33333333333333,38.46153846153847,29.411764705882355,31.25,31.25,31.25,29.411764705882355,31.25,31.25,35.714285714285715,35.714285714285715,33.33333333333333,17.24137931034483,31.25,25.0,20.0,25.0,20.833333333333336,19.230769230769234,12.195121951219512,6.756756756756757,20.833333333333336,27.27272727272727,24.13793103448276,24.0,30.434782608695656,17.857142857142858,17.24137931034483,23.076923076923077,22.22222222222222,19.35483870967742,21.052631578947366,32.35294117647059,28.57142857142857
cement,72.72727272727273,46.666666666666664,70.0,77.77777777777779,70.0,54.54545454545454,20.0,38.46153846153847,46.15384615384615,42.857142857142854,50.0,61.53846153846154,66.66666666666666,72.72727272727273,80.0,66.66666666666666,70.0,53.84615384615385,40.0,40.0,36.84210526315789,23.076923076923077,36.36363636363637,42.10526315789473,57.14285714285714,57.14285714285714,64.28571428571429,57.14285714285714,53.84615384615385,25.925925925925924,28.57142857142857,17.647058823529413,26.08695652173913,35.294117647058826,43.75,53.333333333333336,47.368421052631575,53.333333333333336,57.14285714285714,32.0,50.0,43.75,37.5,31.25,30.0,19.444444444444446,7.000000000000001,18.0,36.666666666666664,28.57142857142857,35.714285714285715,39.130434782608695,30.76923076923077,30.76923076923077,23.333333333333332,25.0,17.5,19.444444444444446,30.76923076923077,43.47826086956522,47.61904761904761,47.368421052631575,45.0,47.05882352941176,42.10526315789473,36.84210526315789,33.33333333333333,25.0,25.925925925925924,23.333333333333332,32.0,39.130434782608695,29.03225806451613,32.142857142857146,50.0,47.05882352941176,36.36363636363637,40.0,33.33333333333333,36.84210526315789,38.88888888888889,44.44444444444444,42.857142857142854,62.5,62.5,60.0,64.28571428571429,64.28571428571429,69.23076923076923,47.05882352941176,41.17647058823529,46.666666666666664,43.75,41.17647058823529,50.0,52.94117647058824,60.0,64.28571428571429,60.0,33.33333333333333,50.0,47.05882352941176,36.0,42.10526315789473,31.818181818181817,30.76923076923077,22.5,12.162162162162163,44.0,43.47826086956522,41.37931034482759,40.0,39.130434782608695,27.58620689655172,27.58620689655172,30.76923076923077,29.629629629629623,30.0,24.390243902439025,39.39393939393939,47.61904761904761
charity,63.63636363636363,46.666666666666664,60.0,77.77777777777779,80.0,90.0,36.0,75.0,53.84615384615385,61.53846153846154,57.14285714285714,66.66666666666666,58.333333333333336,63.63636363636363,60.0,58.333333333333336,90.0,66.66666666666666,60.0,60.0,44.44444444444444,18.91891891891892,35.0,42.10526315789473,61.53846153846154,57.14285714285714,53.84615384615385,53.84615384615385,61.53846153846154,28.000000000000004,38.095238095238095,24.24242424242424,31.818181818181817,41.17647058823529,43.75,46.666666666666664,36.84210526315789,46.666666666666664,42.857142857142854,25.0,46.666666666666664,43.75,53.333333333333336,50.0,35.0,19.444444444444446,6.0,13.333333333333334,24.13793103448276,20.0,29.629629629629623,27.27272727272727,24.0,24.0,20.689655172413794,30.76923076923077,15.0,16.666666666666664,19.230769230769234,26.08695652173913,28.57142857142857,26.31578947368421,26.31578947368421,31.25,31.57894736842105,33.33333333333333,28.57142857142857,29.166666666666668,23.076923076923077,24.13793103448276,30.76923076923077,31.818181818181817,19.35483870967742,22.22222222222222,33.33333333333333,35.294117647058826,31.818181818181817,33.33333333333333,35.0,38.88888888888889,41.17647058823529,41.17647058823529,33.33333333333333,43.75,40.0,46.666666666666664,53.84615384615385,53.333333333333336,66.66666666666666,43.75,50.0,46.666666666666664,37.5,41.17647058823529,41.17647058823529,43.75,42.857142857142854,42.857142857142854,35.714285714285715,20.0,40.0,43.75,29.166666666666668,40.0,31.818181818181817,26.923076923076923,20.0,9.58904109589041,29.166666666666668,36.36363636363637,25.0,29.166666666666668,31.818181818181817,24.13793103448276,27.58620689655172,40.0,33.33333333333333,41.37931034482759,23.076923076923077,33.33333333333333,30.0
chemicals,45.45454545454545,33.33333333333333,40.0,44.44444444444444,50.0,36.36363636363637,16.0,23.076923076923077,30.76923076923077,28.57142857142857,35.714285714285715,38.46153846153847,41.66666666666667,45.45454545454545,40.0,33.33333333333333,50.0,30.76923076923077,26.666666666666668,26.666666666666668,21.052631578947366,12.82051282051282,18.181818181818183,26.31578947368421,35.714285714285715,28.57142857142857,28.57142857142857,28.57142857142857,30.76923076923077,18.51851851851852,19.047619047619047,11.76470588235294,17.391304347826086,23.52941176470588,31.25,33.33333333333333,26.31578947368421,33.33333333333333,28.57142857142857,16.0,35.714285714285715,25.0,25.0,18.75,20.0,11.11111111111111,4.0,10.0,16.666666666666664,14.285714285714285,14.285714285714285,17.391304347826086,19.230769230769234,15.384615384615383,10.0,12.5,10.0,11.11111111111111,15.384615384615383,17.391304347826086,23.809523809523807,26.31578947368421,20.0,23.52941176470588,21.052631578947366,21.052631578947366,19.047619047619047,12.5,14.814814814814811,16.666666666666664,20.0,26.08695652173913,19.35483870967742,17.857142857142858,22.22222222222222,29.411764705882355,22.727272727272727,25.0,19.047619047619047,21.052631578947366,27.77777777777778,44.44444444444444,28.57142857142857,37.5,37.5,33.33333333333333,35.714285714285715,35.714285714285715,46.15384615384615,35.294117647058826,29.411764705882355,26.666666666666668,31.25,35.294117647058826,37.5,41.17647058823529,46.666666666666664,42.857142857142854,33.33333333333333,20.0,37.5,35.294117647058826,24.0,26.31578947368421,27.27272727272727,26.923076923076923,15.0,9.45945945945946,24.0,26.08695652173913,24.13793103448276,24.0,26.08695652173913,20.689655172413794,20.689655172413794,23.076923076923077,25.925925925925924,26.666666666666668,19.51219512195122,27.27272727272727,33.33333333333333
clay,200.0,146.66666666666666,210.0,233.33333333333337,220.00000000000003,240.0,91.66666666666666,175.0,176.9230769230769,161.53846153846155,161.53846153846155,250.0,209.0909090909091,190.9090909090909,210.0,200.0,250.0,184.6153846153846,164.28571428571428,153.33333333333334,127.77777777777776,57.49999999999999,115.0,127.77777777777776,200.0,184.6153846153846,200.0,200.0,215.3846153846154,88.46153846153845,123.8095238095238,69.6969696969697,100.0,143.75,168.75,166.66666666666669,115.78947368421052,146.66666666666666,157.14285714285714,104.16666666666669,200.0,143.75,153.33333333333334,137.5,110.5263157894737,61.111111111111114,22.0,54.34782608695651,86.20689655172413,69.44444444444444,88.88888888888889,113.63636363636364,92.0,96.0,72.41379310344827,84.0,57.89473684210527,62.857142857142854,84.61538461538461,104.34782608695652,95.45454545454544,115.78947368421052,115.78947368421052,150.0,115.78947368421052,116.66666666666669,100.0,84.0,88.46153846153845,76.66666666666667,96.0,108.69565217391305,80.0,88.88888888888889,141.1764705882353,141.1764705882353,113.63636363636364,115.0,115.0,135.29411764705884,135.29411764705884,138.88888888888889,120.0,156.25,160.0,153.33333333333334,164.28571428571428,153.33333333333334,192.30769230769232,137.5,150.0,153.33333333333334,153.33333333333334,147.05882352941177,158.8235294117647,162.5,185.71428571428572,184.6153846153846,160.0,86.20689655172413,180.0,150.0,108.33333333333331,136.8421052631579,109.09090909090908,100.0,63.41463414634146,36.11111111111111,104.16666666666669,113.63636363636364,92.85714285714286,100.0,113.04347826086956,96.29629629629628,103.44827586206895,112.0,107.6923076923077,96.66666666666669,79.48717948717949,118.75,147.61904761904762
climate change,36.36363636363637,13.333333333333334,20.0,22.22222222222222,30.0,40.0,28.000000000000004,41.66666666666667,46.15384615384615,38.46153846153847,35.714285714285715,46.15384615384615,45.45454545454545,63.63636363636363,30.0,25.0,50.0,30.76923076923077,35.714285714285715,25.0,21.052631578947366,10.256410256410255,19.047619047619047,25.0,28.57142857142857,14.285714285714285,14.285714285714285,14.285714285714285,23.076923076923077,22.22222222222222,28.57142857142857,15.625,18.181818181818183,35.294117647058826,37.5,46.666666666666664,42.10526315789473,35.714285714285715,20.0,16.0,73.33333333333333,43.75,43.75,37.5,35.0,16.216216216216218,5.0,11.11111111111111,13.333333333333334,5.714285714285714,7.142857142857142,8.695652173913043,30.76923076923077,23.076923076923077,13.333333333333334,12.0,7.5,11.428571428571429,15.384615384615383,21.73913043478261,18.181818181818183,15.789473684210526,15.0,25.0,21.052631578947366,21.052631578947366,22.727272727272727,16.0,15.384615384615383,16.666666666666664,20.0,243.47826086956525,25.806451612903224,14.285714285714285,22.22222222222222,23.52941176470588,28.57142857142857,28.57142857142857,33.33333333333333,27.77777777777778,29.411764705882355,33.33333333333333,30.0,168.75,46.666666666666664,26.666666666666668,28.57142857142857,26.666666666666668,38.46153846153847,29.411764705882355,37.5,31.25,25.0,35.294117647058826,31.25,256.25,50.0,21.428571428571427,20.0,10.344827586206897,31.25,37.5,24.0,25.0,25.0,23.076923076923077,14.634146341463412,8.108108108108109,29.166666666666668,13.636363636363637,13.79310344827586,12.0,17.391304347826086,17.857142857142858,21.428571428571427,23.076923076923077,25.925925925925924,35.483870967741936,18.421052631578945,23.52941176470588,23.809523809523807
coal,81.81818181818183,40.0,60.0,66.66666666666666,70.0,81.81818181818183,36.0,69.23076923076923,61.53846153846154,71.42857142857143,64.28571428571429,69.23076923076923,66.66666666666666,81.81818181818183,70.0,58.333333333333336,70.0,61.53846153846154,53.333333333333336,60.0,42.10526315789473,20.51282051282051,36.36363636363637,42.10526315789473,50.0,42.857142857142854,42.857142857142854,50.0,53.84615384615385,33.33333333333333,38.095238095238095,26.47058823529412,34.78260869565217,47.05882352941176,50.0,53.333333333333336,42.10526315789473,46.666666666666664,50.0,28.000000000000004,50.0,50.0,50.0,50.0,40.0,22.22222222222222,7.000000000000001,16.0,26.666666666666668,17.142857142857142,21.428571428571427,26.08695652173913,26.923076923076923,26.923076923076923,23.333333333333332,33.33333333333333,17.5,22.22222222222222,26.923076923076923,30.434782608695656,33.33333333333333,31.57894736842105,30.0,35.294117647058826,31.57894736842105,42.10526315789473,33.33333333333333,29.166666666666668,29.629629629629623,26.666666666666668,32.0,39.130434782608695,25.806451612903224,25.0,38.88888888888889,41.17647058823529,31.818181818181817,45.0,38.095238095238095,47.368421052631575,44.44444444444444,44.44444444444444,38.095238095238095,50.0,43.75,40.0,50.0,42.857142857142854,53.84615384615385,41.17647058823529,47.05882352941176,66.66666666666666,50.0,52.94117647058824,50.0,47.05882352941176,53.333333333333336,42.857142857142854,40.0,20.0,43.75,41.17647058823529,28.000000000000004,42.10526315789473,36.36363636363637,34.61538461538461,20.0,12.162162162162163,32.0,30.434782608695656,27.58620689655172,28.000000000000004,30.434782608695656,27.58620689655172,31.03448275862069,38.46153846153847,37.03703703703704,43.333333333333336,24.390243902439025,30.303030303030305,38.095238095238095
commercial real estate,27.27272727272727,20.0,30.0,33.33333333333333,20.0,20.0,8.0,16.666666666666664,23.076923076923077,23.076923076923077,21.428571428571427,25.0,25.0,27.27272727272727,30.0,25.0,30.0,25.0,13.333333333333334,13.333333333333334,16.666666666666664,8.108108108108109,15.0,15.789473684210526,23.076923076923077,21.428571428571427,23.076923076923077,23.076923076923077,15.384615384615383,12.0,9.523809523809524,6.0606060606060606,13.636363636363637,17.647058823529413,18.75,20.0,15.789473684210526,20.0,21.428571428571427,12.5,20.0,18.75,20.0,12.5,15.0,8.333333333333332,2.0,4.444444444444445,10.344827586206897,8.571428571428571,11.11111111111111,13.636363636363637,12.0,12.0,6.896551724137931,11.538461538461538,7.5,8.333333333333332,11.538461538461538,13.043478260869565,14.285714285714285,15.789473684210526,15.789473684210526,18.75,15.789473684210526,16.666666666666664,14.285714285714285,12.5,11.538461538461538,10.344827586206897,11.538461538461538,13.636363636363637,6.451612903225806,11.11111111111111,16.666666666666664,17.647058823529413,9.090909090909092,9.523809523809524,10.0,11.11111111111111,17.647058823529413,17.647058823529413,14.285714285714285,18.75,20.0,20.0,23.076923076923077,20.0,16.666666666666664,12.5,12.5,13.333333333333334,18.75,17.647058823529413,17.647058823529413,18.75,14.285714285714285,14.285714285714285,14.285714285714285,10.0,13.333333333333334,12.5,8.333333333333332,10.0,13.636363636363637,11.538461538461538,7.5,4.10958904109589,12.5,13.636363636363637,14.285714285714285,12.5,13.636363636363637,10.344827586206897,13.79310344827586,12.0,14.814814814814811,13.79310344827586,10.256410256410255,12.12121212121212,15.789473684210526
computing,27.27272727272727,13.333333333333334,20.0,22.22222222222222,30.0,30.0,12.0,16.666666666666664,15.384615384615383,23.076923076923077,21.428571428571427,25.0,25.0,18.181818181818183,20.0,16.666666666666664,30.0,25.0,20.0,13.333333333333334,16.666666666666664,8.108108108108109,15.0,15.789473684210526,15.384615384615383,14.285714285714285,15.384615384615383,15.384615384615383,23.076923076923077,12.0,14.285714285714285,6.0606060606060606,9.090909090909092,17.647058823529413,18.75,20.0,10.526315789473683,13.333333333333334,14.285714285714285,8.333333333333332,20.0,18.75,13.333333333333334,12.5,15.0,8.333333333333332,3.0,4.444444444444445,6.896551724137931,5.714285714285714,7.4074074074074066,9.090909090909092,12.0,12.0,6.896551724137931,7.6923076923076925,5.0,8.333333333333332,7.6923076923076925,13.043478260869565,14.285714285714285,10.526315789473683,10.526315789473683,12.5,15.789473684210526,16.666666666666664,14.285714285714285,8.333333333333332,11.538461538461538,10.344827586206897,11.538461538461538,13.636363636363637,9.67741935483871,7.4074074074074066,11.11111111111111,17.647058823529413,13.636363636363637,14.285714285714285,15.0,16.666666666666664,17.647058823529413,17.647058823529413,14.285714285714285,18.75,20.0,13.333333333333334,15.384615384615383,20.0,25.0,18.75,18.75,20.0,18.75,17.647058823529413,17.647058823529413,18.75,21.428571428571427,14.285714285714285,14.285714285714285,10.0,20.0,18.75,12.5,25.0,22.727272727272727,19.230769230769234,10.0,5.47945205479452,16.666666666666664,18.181818181818183,17.857142857142858,20.833333333333336,27.27272727272727,20.689655172413794,27.58620689655172,28.000000000000004,29.629629629629623,55.172413793103445,33.33333333333333,33.33333333333333,25.0
construction,418.1818181818182,286.6666666666667,440.00000000000006,488.8888888888889,430.0,409.99999999999994,166.66666666666669,308.33333333333337,338.46153846153845,346.1538461538462,353.8461538461538,383.33333333333337,400.0,427.27272727272725,450.0,427.27272727272725,440.00000000000006,346.1538461538462,292.85714285714283,240.0,244.44444444444449,107.5,229.99999999999997,255.55555555555551,361.53846153846155,361.53846153846155,335.7142857142857,335.7142857142857,338.46153846153845,173.0769230769231,185.71428571428572,112.12121212121212,204.54545454545453,281.25,287.5,333.33333333333337,247.3684210526316,326.6666666666667,328.57142857142856,195.83333333333331,335.7142857142857,287.5,260.0,231.25,231.57894736842107,130.55555555555557,44.0,89.13043478260869,141.3793103448276,133.33333333333331,177.77777777777777,218.18181818181816,184.0,188.0,127.58620689655172,152.0,110.5263157894737,125.71428571428572,180.76923076923077,208.69565217391303,204.54545454545453,242.1052631578947,226.3157894736842,281.25,242.1052631578947,244.44444444444449,195.23809523809524,152.0,157.69230769230768,153.33333333333334,200.0,217.3913043478261,150.0,174.07407407407408,258.8235294117647,276.4705882352941,200.0,225.0,204.99999999999997,217.6470588235294,252.94117647058823,266.66666666666663,229.99999999999997,281.25,320.0,326.6666666666667,335.7142857142857,306.6666666666667,361.53846153846155,293.75,268.75,260.0,306.6666666666667,294.11764705882354,276.4705882352941,318.75,378.57142857142856,353.8461538461538,320.0,172.41379310344826,326.6666666666667,306.25,183.33333333333331,221.0526315789474,218.18181818181816,207.6923076923077,129.26829268292684,75.0,220.83333333333337,263.6363636363636,232.14285714285717,230.76923076923077,260.8695652173913,222.22222222222223,200.0,231.99999999999997,250.0,293.3333333333333,197.43589743589743,243.75,280.9523809523809
copper,190.9090909090909,146.66666666666666,210.0,233.33333333333337,229.99999999999997,218.18181818181816,100.0,207.6923076923077,192.30769230769232,185.71428571428572,171.42857142857142,192.30769230769232,191.66666666666669,209.0909090909091,229.99999999999997,191.66666666666669,229.99999999999997,184.6153846153846,166.66666666666669,173.33333333333334,136.8421052631579,64.1025641025641,109.09090909090908,115.78947368421052,157.14285714285714,157.14285714285714,157.14285714285714,150.0,176.9230769230769,85.18518518518519,119.04761904761904,70.58823529411765,108.69565217391305,141.1764705882353,150.0,160.0,115.78947368421052,153.33333333333334,150.0,88.0,157.14285714285714,137.5,143.75,143.75,115.0,66.66666666666666,21.0,46.0,86.66666666666667,74.28571428571429,92.85714285714286,104.34782608695652,96.15384615384616,92.3076923076923,80.0,104.16666666666669,60.0,72.22222222222221,92.3076923076923,108.69565217391305,119.04761904761904,136.8421052631579,120.0,147.05882352941177,121.05263157894736,136.8421052631579,114.28571428571428,104.16666666666669,96.29629629629628,93.33333333333331,108.0,108.69565217391305,80.64516129032258,85.71428571428571,138.88888888888889,141.1764705882353,118.1818181818182,130.0,109.52380952380952,131.57894736842107,150.0,144.44444444444443,119.04761904761904,156.25,162.5,173.33333333333334,178.57142857142858,178.57142857142858,192.30769230769232,141.1764705882353,147.05882352941177,166.66666666666669,150.0,152.94117647058823,162.5,152.94117647058823,186.66666666666663,192.8571428571429,166.66666666666669,86.66666666666667,162.5,152.94117647058823,104.0,131.57894736842107,118.1818181818182,107.6923076923077,67.5,36.48648648648648,108.0,121.73913043478262,113.79310344827589,120.0,126.08695652173914,110.34482758620688,113.79310344827589,130.76923076923077,148.14814814814815,140.0,100.0,142.42424242424244,161.9047619047619
cost of living,36.36363636363637,26.666666666666668,40.0,44.44444444444444,40.0,40.0,16.0,33.33333333333333,30.76923076923077,30.76923076923077,28.57142857142857,33.33333333333333,33.33333333333333,36.36363636363637,50.0,33.33333333333333,40.0,33.33333333333333,26.666666666666668,26.666666666666668,27.77777777777778,13.513513513513514,25.0,26.31578947368421,38.46153846153847,35.714285714285715,38.46153846153847,38.46153846153847,30.76923076923077,20.0,19.047619047619047,12.12121212121212,22.727272727272727,29.411764705882355,31.25,33.33333333333333,21.052631578947366,33.33333333333333,35.714285714285715,20.833333333333336,26.666666666666668,31.25,26.666666666666668,25.0,25.0,13.88888888888889,3.0,6.666666666666667,10.344827586206897,11.428571428571429,14.814814814814811,18.181818181818183,16.0,16.0,13.79310344827586,15.384615384615383,10.0,11.11111111111111,15.384615384615383,17.391304347826086,19.047619047619047,21.052631578947366,21.052631578947366,25.0,21.052631578947366,22.22222222222222,19.047619047619047,16.666666666666664,19.230769230769234,17.24137931034483,23.076923076923077,22.727272727272727,16.129032258064516,18.51851851851852,27.77777777777778,29.411764705882355,22.727272727272727,23.809523809523807,20.0,22.22222222222222,29.411764705882355,29.411764705882355,23.809523809523807,31.25,33.33333333333333,33.33333333333333,38.46153846153847,33.33333333333333,41.66666666666667,31.25,31.25,33.33333333333333,31.25,29.411764705882355,29.411764705882355,31.25,35.714285714285715,35.714285714285715,35.714285714285715,16.666666666666664,33.33333333333333,31.25,20.833333333333336,25.0,22.727272727272727,19.230769230769234,12.5,6.8493150684931505,20.833333333333336,22.727272727272727,25.0,25.0,22.727272727272727,17.24137931034483,27.58620689655172,32.0,29.629629629629623,34.48275862068966,23.076923076923077,24.24242424242424,25.0
credit card,800.0,608.3333333333333,950.0,1028.571428571429,912.5,833.3333333333334,370.0,780.0,663.6363636363636,760.0,627.2727272727273,720.0,788.8888888888889,888.8888888888889,1050.0,877.7777777777778,962.5,780.0,772.7272727272727,725.0,533.3333333333333,250.0,500.0,500.0,745.4545454545454,772.7272727272727,800.0,754.5454545454546,709.0909090909091,385.7142857142857,458.8235294117647,292.5925925925926,427.77777777777777,557.1428571428571,607.6923076923076,600.0,553.3333333333334,766.6666666666667,809.0909090909091,434.99999999999994,708.3333333333333,607.6923076923076,708.3333333333333,630.7692307692307,506.25,270.0,86.58536585365853,189.4736842105263,300.0,243.33333333333331,336.3636363636364,388.88888888888886,350.0,357.14285714285717,300.0,400.0,248.3870967741935,258.62068965517244,357.14285714285717,389.4736842105263,427.77777777777777,531.25,540.0,623.0769230769231,513.3333333333334,540.0,494.11764705882354,409.99999999999994,414.28571428571433,356.0,465.00000000000006,468.42105263157896,348.0,436.3636363636363,714.2857142857143,635.7142857142857,444.44444444444446,517.6470588235294,511.7647058823529,650.0,642.8571428571429,613.3333333333334,505.88235294117646,684.6153846153845,733.3333333333333,758.3333333333333,845.4545454545455,725.0,830.0000000000001,638.4615384615385,638.4615384615385,646.1538461538462,638.4615384615385,571.4285714285714,564.2857142857143,600.0,658.3333333333333,709.0909090909091,650.0,333.33333333333337,553.8461538461538,561.5384615384615,365.0,481.25,411.1111111111111,361.9047619047619,215.15151515151513,127.1186440677966,380.0,450.0,386.9565217391304,404.7619047619048,415.7894736842105,354.54545454545456,333.33333333333337,395.2380952380952,400.0,324.0,271.875,330.7692307692308,505.88235294117646
credit score,109.09090909090908,80.0,120.0,122.22222222222224,110.0,100.0,44.0,76.92307692307693,100.0,85.71428571428571,92.85714285714286,100.0,108.33333333333331,118.1818181818182,140.0,108.33333333333331,120.0,100.0,80.0,66.66666666666666,63.1578947368421,30.76923076923077,63.63636363636363,73.68421052631578,100.0,92.85714285714286,100.0,92.85714285714286,92.3076923076923,44.44444444444444,52.38095238095239,29.411764705882355,60.86956521739131,82.35294117647058,93.75,100.0,73.68421052631578,86.66666666666667,100.0,56.00000000000001,92.85714285714286,81.25,75.0,68.75,70.0,41.66666666666667,13.0,28.000000000000004,56.666666666666664,48.57142857142857,60.71428571428571,65.21739130434783,53.84615384615385,53.84615384615385,43.333333333333336,54.166666666666664,40.0,41.66666666666667,65.38461538461539,73.91304347826086,71.42857142857143,78.94736842105263,75.0,76.47058823529412,68.42105263157895,78.94736842105263,66.66666666666666,54.166666666666664,55.55555555555556,50.0,64.0,69.56521739130434,45.16129032258064,50.0,83.33333333333334,82.35294117647058,54.54545454545454,60.0,57.14285714285714,57.89473684210527,88.88888888888889,77.77777777777779,66.66666666666666,100.0,93.75,100.0,107.14285714285714,100.0,100.0,70.58823529411765,70.58823529411765,80.0,81.25,76.47058823529412,87.5,82.35294117647058,86.66666666666667,92.85714285714286,93.33333333333331,46.666666666666664,75.0,70.58823529411765,48.0,63.1578947368421,59.09090909090909,53.84615384615385,37.5,20.27027027027027,56.00000000000001,65.21739130434783,55.172413793103445,56.00000000000001,60.86956521739131,48.27586206896552,48.27586206896552,53.84615384615385,59.25925925925925,60.0,48.78048780487805,57.57575757575758,76.19047619047619
cryptocurrency,0.0,0.0,0.0,0.0,0.0,0.0,0.0,0.0,0.0,0.0,0.0,0.0,18.181818181818183,36.36363636363637,30.0,33.33333333333333,40.0,30.76923076923077,57.14285714285714,162.5,142.10526315789474,35.8974358974359,38.095238095238095,30.0,35.714285714285715,28.57142857142857,28.57142857142857,28.57142857142857,23.076923076923077,11.11111111111111,14.285714285714285,9.375,9.090909090909092,11.76470588235294,12.5,13.333333333333334,15.789473684210526,21.428571428571427,13.333333333333334,8.0,13.333333333333334,12.5,6.25,6.25,10.0,5.405405405405405,2.0,4.444444444444445,6.666666666666667,5.714285714285714,7.142857142857142,13.043478260869565,7.6923076923076925,7.6923076923076925,10.0,16.0,22.5,37.142857142857146,26.923076923076923,65.21739130434783,104.54545454545456,47.368421052631575,25.0,37.5,36.84210526315789,63.1578947368421,59.09090909090909,32.0,34.61538461538461,23.333333333333332,20.0,21.73913043478261,16.129032258064516,14.285714285714285,16.666666666666664,17.647058823529413,9.523809523809524,9.523809523809524,19.047619047619047,16.666666666666664,11.76470588235294,11.11111111111111,10.0,12.5,13.333333333333334,13.333333333333334,14.285714285714285,6.666666666666667,7.6923076923076925,5.88235294117647,12.5,12.5,12.5,11.76470588235294,12.5,12.5,7.142857142857142,7.142857142857142,6.666666666666667,3.4482758620689653,6.25,6.25,12.0,15.0,12.5,7.6923076923076925,4.878048780487805,2.702702702702702,8.333333333333332,13.636363636363637,27.58620689655172,16.0,13.043478260869565,10.714285714285714,14.285714285714285,15.384615384615383,14.814814814814811,19.35483870967742,10.526315789473683,8.823529411764707,9.523809523809524
currency,163.63636363636363,133.33333333333331,170.0,166.66666666666669,160.0,150.0,76.0,133.33333333333331,130.76923076923077,123.07692307692308,128.57142857142858,141.66666666666669,158.33333333333331,154.54545454545453,170.0,141.66666666666669,170.0,133.33333333333331,120.0,133.33333333333331,111.11111111111111,51.35135135135135,90.0,94.73684210526316,138.46153846153845,128.57142857142858,130.76923076923077,130.76923076923077,130.76923076923077,68.0,76.19047619047619,48.48484848484848,77.27272727272727,94.11764705882352,106.25,113.33333333333331,94.73684210526316,120.0,121.42857142857142,70.83333333333334,106.66666666666669,100.0,100.0,93.75,80.0,44.44444444444444,15.0,31.11111111111111,48.27586206896552,37.142857142857146,48.148148148148145,59.09090909090909,52.0,52.0,41.37931034482759,50.0,32.5,41.66666666666667,53.84615384615385,65.21739130434783,71.42857142857143,68.42105263157895,68.42105263157895,75.0,68.42105263157895,88.88888888888889,71.42857142857143,54.166666666666664,57.692307692307686,58.620689655172406,80.76923076923077,86.36363636363636,58.06451612903226,62.96296296296296,100.0,100.0,81.81818181818183,85.71428571428571,85.0,94.44444444444444,100.0,111.76470588235294,90.47619047619048,150.0,126.66666666666666,113.33333333333331,138.46153846153845,126.66666666666666,150.0,106.25,100.0,106.66666666666669,112.5,100.0,100.0,112.5,128.57142857142858,121.42857142857142,114.28571428571428,56.666666666666664,126.66666666666666,106.25,70.83333333333334,105.0,86.36363636363636,73.07692307692307,47.5,27.3972602739726,79.16666666666666,77.27272727272727,78.57142857142857,75.0,77.27272727272727,58.620689655172406,65.51724137931035,80.0,77.77777777777779,75.86206896551724,56.41025641025641,60.60606060606061,89.47368421052632
cyber monday,0.0,0.0,0.0,0.0,0.0,10.0,365.2173913043478,18.181818181818183,0.0,0.0,0.0,0.0,0.0,0.0,0.0,0.0,0.0,7.6923076923076925,723.0769230769231,6.666666666666667,0.0,0.0,0.0,0.0,0.0,0.0,0.0,0.0,0.0,3.8461538461538463,500.0,3.225806451612903,0.0,0.0,0.0,0.0,0.0,0.0,0.0,0.0,0.0,6.666666666666667,146.66666666666666,506.66666666666663,0.0,0.0,0.0,0.0,0.0,0.0,0.0,4.761904761904762,4.0,4.166666666666666,132.14285714285714,41.66666666666667,2.631578947368421,3.0303030303030303,4.0,4.545454545454546,5.0,5.555555555555555,5.263157894736842,6.666666666666667,5.555555555555555,5.555555555555555,204.76190476190476,8.333333333333332,4.0,0.0,0.0,0.0,0.0,0.0,0.0,0.0,5.0,5.263157894736842,184.21052631578948,11.11111111111111,0.0,0.0,0.0,0.0,0.0,0.0,0.0,7.142857142857142,8.333333333333332,6.25,220.00000000000003,6.666666666666667,6.666666666666667,6.25,6.666666666666667,6.666666666666667,7.6923076923076925,7.6923076923076925,7.142857142857142,3.571428571428571,6.666666666666667,6.25,30.434782608695656,115.78947368421052,4.545454545454546,4.0,2.564102564102564,1.4285714285714286,4.3478260869565215,4.761904761904762,3.7037037037037033,4.166666666666666,4.761904761904762,3.8461538461538463,33.33333333333333,66.66666666666666,3.8461538461538463,3.4482758620689653,2.7777777777777777,3.225806451612903,5.0
cyber security,9.090909090909092,6.666666666666667,10.0,11.11111111111111,10.0,18.181818181818183,8.0,7.6923076923076925,15.384615384615383,14.285714285714285,14.285714285714285,15.384615384615383,16.666666666666664,18.181818181818183,20.0,16.666666666666664,20.0,15.384615384615383,13.333333333333334,13.333333333333334,10.526315789473683,5.128205128205128,9.090909090909092,10.526315789473683,14.285714285714285,14.285714285714285,14.285714285714285,14.285714285714285,15.384615384615383,7.4074074074074066,9.523809523809524,5.88235294117647,8.695652173913043,11.76470588235294,12.5,13.333333333333334,10.526315789473683,13.333333333333334,14.285714285714285,8.0,14.285714285714285,18.75,12.5,12.5,15.0,5.555555555555555,2.0,4.0,6.666666666666667,5.714285714285714,7.142857142857142,8.695652173913043,7.6923076923076925,7.6923076923076925,6.666666666666667,8.333333333333332,5.0,5.555555555555555,11.538461538461538,13.043478260869565,14.285714285714285,15.789473684210526,15.0,17.647058823529413,15.789473684210526,15.789473684210526,14.285714285714285,12.5,11.11111111111111,13.333333333333334,16.0,17.391304347826086,12.903225806451612,14.285714285714285,22.22222222222222,23.52941176470588,18.181818181818183,20.0,19.047619047619047,15.789473684210526,22.22222222222222,22.22222222222222,19.047619047619047,25.0,25.0,26.666666666666668,28.57142857142857,35.714285714285715,38.46153846153847,23.52941176470588,23.52941176470588,26.666666666666668,31.25,29.411764705882355,25.0,23.52941176470588,26.666666666666668,28.57142857142857,26.666666666666668,13.333333333333334,25.0,23.52941176470588,16.0,21.052631578947366,18.181818181818183,19.230769230769234,12.5,5.405405405405405,20.0,17.391304347826086,17.24137931034483,16.0,17.391304347826086,13.79310344827586,13.79310344827586,15.384615384615383,14.814814814814811,16.666666666666664,12.195121951219512,15.151515151515152,19.047619047619047
defense,209.0909090909091,133.33333333333331,190.0,222.22222222222223,300.0,300.0,116.0,241.66666666666663,192.30769230769232,192.30769230769232,171.42857142857142,191.66666666666669,175.0,163.63636363636363,180.0,175.0,280.0,225.0,220.00000000000003,153.33333333333334,122.22222222222224,56.75675675675676,105.0,105.26315789473684,146.15384615384613,128.57142857142858,130.76923076923077,153.84615384615387,207.6923076923077,112.0,123.8095238095238,72.72727272727273,95.45454545454544,117.64705882352942,118.75,133.33333333333331,105.26315789473684,113.33333333333331,121.42857142857142,83.33333333333334,200.0,168.75,166.66666666666669,137.5,115.0,55.55555555555556,26.0,46.666666666666664,68.96551724137932,65.71428571428571,74.07407407407408,90.9090909090909,112.0,100.0,93.10344827586206,107.6923076923077,67.5,63.888888888888886,76.92307692307693,100.0,95.23809523809524,105.26315789473684,100.0,125.0,131.57894736842107,138.88888888888889,128.57142857142858,95.83333333333334,92.3076923076923,82.75862068965517,96.15384615384616,104.54545454545456,74.19354838709677,74.07407407407408,116.66666666666669,129.41176470588235,140.9090909090909,138.0952380952381,135.0,150.0,147.05882352941177,147.05882352941177,104.76190476190476,143.75,140.0,126.66666666666666,146.15384615384613,146.66666666666666,266.66666666666663,206.25,193.75,206.66666666666669,181.25,141.1764705882353,141.1764705882353,143.75,157.14285714285714,150.0,150.0,80.0,226.66666666666663,212.5,162.5,160.0,140.9090909090909,111.53846153846156,67.5,35.61643835616438,108.33333333333331,122.72727272727272,110.71428571428572,129.16666666666669,190.9090909090909,148.27586206896552,141.3793103448276,164.0,151.85185185185185,144.82758620689654,110.25641025641026,127.27272727272728,147.36842105263156
depression,236.36363636363637,133.33333333333331,180.0,233.33333333333337,250.0,260.0,100.0,184.6153846153846,200.0,200.0,200.0,250.0,233.33333333333337,190.9090909090909,190.9090909090909,183.33333333333331,240.0,200.0,207.14285714285717,173.33333333333334,142.10526315789474,74.35897435897436,142.85714285714286,157.89473684210526,207.6923076923077,192.8571428571429,164.28571428571428,157.14285714285714,192.30769230769232,107.40740740740742,142.85714285714286,81.81818181818183,127.27272727272728,188.23529411764704,200.0,181.25,147.36842105263156,137.5,157.14285714285714,84.0,171.42857142857142,168.75,162.5,150.0,140.0,75.67567567567568,28.000000000000004,65.95744680851064,84.375,62.857142857142854,78.57142857142857,100.0,92.3076923076923,92.3076923076923,76.66666666666667,100.0,57.49999999999999,72.22222222222221,96.15384615384616,95.83333333333334,104.54545454545456,110.5263157894737,95.0,118.75,115.78947368421052,115.78947368421052,100.0,79.16666666666666,84.61538461538461,86.66666666666667,107.6923076923077,117.3913043478261,84.375,81.48148148148148,111.76470588235294,111.76470588235294,109.52380952380952,109.52380952380952,110.0,126.3157894736842,147.05882352941177,150.0,135.0,141.1764705882353,153.33333333333334,126.66666666666666,130.76923076923077,126.66666666666666,166.66666666666669,137.5,143.75,131.25,131.25,144.44444444444443,135.29411764705884,156.25,150.0,121.42857142857142,106.66666666666669,54.83870967741935,142.85714285714286,131.25,84.0,95.0,90.9090909090909,88.46153846153845,52.38095238095239,32.467532467532465,80.0,78.26086956521739,71.42857142857143,65.38461538461539,86.36363636363636,75.86206896551724,79.3103448275862,80.76923076923077,85.18518518518519,100.0,82.92682926829268,84.84848484848484,105.26315789473684
derivative,36.36363636363637,12.5,20.0,22.22222222222222,80.0,90.0,28.000000000000004,41.66666666666667,38.46153846153847,53.84615384615385,42.857142857142854,46.15384615384615,36.36363636363637,18.181818181818183,20.0,16.666666666666664,70.0,69.23076923076923,50.0,31.25,21.052631578947366,17.94871794871795,28.57142857142857,25.0,28.57142857142857,14.285714285714285,14.285714285714285,14.285714285714285,53.84615384615385,33.33333333333333,28.57142857142857,12.5,18.181818181818183,35.294117647058826,31.25,33.33333333333333,21.052631578947366,14.285714285714285,13.333333333333334,8.0,46.666666666666664,56.25,37.5,25.0,20.0,16.216216216216218,4.0,13.333333333333334,13.333333333333334,5.714285714285714,7.142857142857142,8.695652173913043,30.76923076923077,30.76923076923077,16.666666666666664,12.0,7.5,14.285714285714285,15.384615384615383,17.391304347826086,13.636363636363637,10.526315789473683,5.0,12.5,26.31578947368421,36.84210526315789,22.727272727272727,12.0,15.384615384615383,20.0,20.0,21.73913043478261,12.903225806451612,7.142857142857142,11.11111111111111,17.647058823529413,33.33333333333333,42.857142857142854,28.57142857142857,27.77777777777778,23.52941176470588,38.88888888888889,30.0,31.25,26.666666666666668,13.333333333333334,14.285714285714285,13.333333333333334,53.84615384615385,52.94117647058824,37.5,31.25,25.0,41.17647058823529,31.25,31.25,28.57142857142857,14.285714285714285,13.333333333333334,6.896551724137931,43.75,50.0,24.0,25.0,16.666666666666664,23.076923076923077,12.195121951219512,6.756756756756757,16.666666666666664,9.090909090909092,6.896551724137931,8.0,26.08695652173913,28.57142857142857,17.24137931034483,15.384615384615383,14.814814814814811,22.58064516129032,15.789473684210526,14.705882352941178,23.809523809523807
diagnostics,80.0,60.0,80.0,100.0,90.0,80.0,33.33333333333333,58.333333333333336,72.72727272727273,64.28571428571429,61.53846153846154,75.0,58.333333333333336,63.63636363636363,100.0,83.33333333333334,90.0,75.0,57.14285714285714,53.333333333333336,52.63157894736842,23.684210526315788,42.857142857142854,55.55555555555556,76.92307692307693,76.92307692307693,76.92307692307693,71.42857142857143,76.92307692307693,38.46153846153847,47.368421052631575,24.24242424242424,43.47826086956522,58.82352941176471,66.66666666666666,66.66666666666666,55.55555555555556,71.42857142857143,78.57142857142857,41.66666666666667,71.42857142857143,62.5,60.0,53.333333333333336,52.63157894736842,28.57142857142857,9.0,20.0,40.0,36.11111111111111,53.84615384615385,45.45454545454545,48.0,48.0,42.857142857142854,50.0,30.0,35.294117647058826,46.15384615384615,54.54545454545454,52.38095238095239,66.66666666666666,63.1578947368421,87.5,77.77777777777779,77.77777777777779,61.904761904761905,58.333333333333336,53.84615384615385,43.333333333333336,52.0,57.14285714285714,38.70967741935484,48.148148148148145,76.47058823529412,82.35294117647058,54.54545454545454,60.0,57.89473684210527,61.111111111111114,70.58823529411765,72.22222222222221,65.0,80.0,86.66666666666667,86.66666666666667,92.3076923076923,86.66666666666667,100.0,81.25,75.0,62.5,80.0,70.58823529411765,75.0,68.75,73.33333333333333,78.57142857142857,78.57142857142857,35.483870967741936,66.66666666666666,62.5,37.5,47.368421052631575,45.45454545454545,40.0,25.0,15.068493150684931,41.66666666666667,47.61904761904761,42.857142857142854,45.83333333333333,50.0,39.285714285714285,39.285714285714285,40.0,40.74074074074074,37.93103448275862,30.76923076923077,37.5,55.00000000000001
dividend,45.45454545454545,33.33333333333333,50.0,55.55555555555556,50.0,50.0,20.0,50.0,38.46153846153847,53.84615384615385,42.857142857142854,46.15384615384615,54.54545454545454,45.45454545454545,50.0,41.66666666666667,50.0,46.15384615384615,42.857142857142854,43.75,36.84210526315789,17.94871794871795,28.57142857142857,30.0,42.857142857142854,42.857142857142854,35.714285714285715,42.857142857142854,46.15384615384615,25.925925925925924,28.57142857142857,18.75,31.818181818181817,41.17647058823529,43.75,53.333333333333336,31.57894736842105,42.857142857142854,40.0,24.0,46.666666666666664,43.75,43.75,50.0,40.0,24.324324324324326,11.0,24.444444444444443,36.666666666666664,28.57142857142857,32.142857142857146,43.47826086956522,34.61538461538461,34.61538461538461,30.0,40.0,25.0,34.285714285714285,42.30769230769231,43.47826086956522,40.909090909090914,47.368421052631575,40.0,43.75,42.10526315789473,42.10526315789473,36.36363636363637,36.0,34.61538461538461,30.0,40.0,43.47826086956522,25.806451612903224,25.0,44.44444444444444,52.94117647058824,33.33333333333333,42.857142857142854,38.095238095238095,50.0,52.94117647058824,55.55555555555556,50.0,56.25,53.333333333333336,60.0,64.28571428571429,53.333333333333336,61.53846153846154,47.05882352941176,56.25,62.5,56.25,64.70588235294117,62.5,56.25,64.28571428571429,64.28571428571429,53.333333333333336,27.58620689655172,56.25,56.25,36.0,55.00000000000001,41.66666666666667,50.0,26.82926829268293,14.864864864864863,41.66666666666667,54.54545454545454,62.06896551724138,52.0,47.82608695652174,42.857142857142854,67.85714285714286,69.23076923076923,55.55555555555556,58.06451612903226,44.73684210526316,47.05882352941176,50.0
donation,81.81818181818183,60.0,90.0,100.0,90.0,90.0,37.5,75.0,69.23076923076923,76.92307692307693,69.23076923076923,75.0,81.81818181818183,81.81818181818183,110.0,109.09090909090908,120.0,76.92307692307693,71.42857142857143,73.33333333333333,55.55555555555556,25.0,50.0,50.0,69.23076923076923,76.92307692307693,78.57142857142857,78.57142857142857,69.23076923076923,38.46153846153847,52.38095238095239,33.33333333333333,45.45454545454545,62.5,62.5,66.66666666666666,52.63157894736842,66.66666666666666,78.57142857142857,41.66666666666667,71.42857142857143,62.5,66.66666666666666,62.5,57.89473684210527,27.77777777777778,12.0,26.08695652173913,34.48275862068966,41.66666666666667,44.44444444444444,50.0,40.0,36.0,34.48275862068966,48.0,26.31578947368421,25.71428571428571,34.61538461538461,43.47826086956522,45.45454545454545,52.63157894736842,52.63157894736842,62.5,52.63157894736842,55.55555555555556,52.38095238095239,44.0,42.30769230769231,40.0,48.0,47.82608695652174,36.666666666666664,40.74074074074074,64.70588235294117,64.70588235294117,45.45454545454545,55.00000000000001,55.00000000000001,70.58823529411765,70.58823529411765,66.66666666666666,55.00000000000001,68.75,66.66666666666666,73.33333333333333,78.57142857142857,80.0,76.92307692307693,68.75,75.0,73.33333333333333,73.33333333333333,64.70588235294117,64.70588235294117,62.5,71.42857142857143,84.61538461538461,86.66666666666667,41.37931034482759,66.66666666666666,75.0,41.66666666666667,57.89473684210527,54.54545454545454,42.30769230769231,26.82926829268293,15.27777777777778,45.83333333333333,54.54545454545454,53.57142857142857,46.15384615384615,56.52173913043478,44.44444444444444,48.27586206896552,60.0,53.84615384615385,53.333333333333336,41.02564102564102,46.875,52.38095238095239
dow jones,100.0,114.28571428571428,120.0,125.0,80.0,80.0,75.0,100.0,100.0,100.0,85.71428571428571,83.33333333333334,83.33333333333334,100.0,100.0,100.0,100.0,100.0,71.42857142857143,85.71428571428571,100.0,147.05882352941177,180.0,200.0,200.0,233.33333333333337,200.0,216.66666666666663,166.66666666666669,150.0,170.0,162.5,229.99999999999997,212.5,228.57142857142856,214.28571428571428,222.22222222222223,228.57142857142856,242.85714285714283,225.0,242.85714285714283,225.0,214.28571428571428,200.0,180.0,170.58823529411765,212.7659574468085,252.3809523809524,264.2857142857143,264.70588235294116,253.84615384615384,250.0,241.66666666666663,258.33333333333337,214.28571428571428,216.66666666666663,126.3157894736842,147.05882352941177,216.66666666666663,209.0909090909091,210.0,233.33333333333337,233.33333333333337,250.0,222.22222222222223,250.0,190.0,209.0909090909091,158.33333333333331,164.28571428571428,191.66666666666669,163.63636363636363,186.66666666666663,238.46153846153845,266.66666666666663,312.5,260.0,260.0,266.66666666666663,287.5,262.5,262.5,240.0,225.0,271.42857142857144,271.42857142857144,283.33333333333337,271.42857142857144,250.0,212.5,225.0,242.85714285714283,228.57142857142856,150.0,150.0,162.5,185.71428571428572,157.14285714285714,185.71428571428572,128.57142857142858,185.71428571428572,162.5,127.27272727272728,133.33333333333331,130.0,116.66666666666669,136.8421052631579,137.14285714285714,227.27272727272728,190.0,146.15384615384613,150.0,127.27272727272728,114.28571428571428,100.0,108.33333333333331,100.0,107.14285714285714,110.5263157894737,118.75,166.66666666666669
earnings,54.54545454545454,26.666666666666668,80.0,66.66666666666666,50.0,80.0,24.0,33.33333333333333,61.53846153846154,69.23076923076923,42.857142857142854,66.66666666666666,66.66666666666666,45.45454545454545,90.0,66.66666666666666,50.0,75.0,53.333333333333336,33.33333333333333,50.0,27.027027027027028,30.0,52.63157894736842,61.53846153846154,35.714285714285715,76.92307692307693,69.23076923076923,46.15384615384615,44.0,38.095238095238095,15.151515151515152,45.45454545454545,64.70588235294117,43.75,73.33333333333333,42.10526315789473,40.0,78.57142857142857,33.33333333333333,46.666666666666664,62.5,53.333333333333336,31.25,55.00000000000001,33.33333333333333,6.0,35.55555555555556,44.827586206896555,22.857142857142858,59.25925925925925,59.09090909090909,36.0,48.0,31.03448275862069,23.076923076923077,30.0,41.66666666666667,34.61538461538461,47.82608695652174,42.857142857142854,31.57894736842105,47.368421052631575,62.5,36.84210526315789,61.111111111111114,52.38095238095239,25.0,50.0,62.06896551724138,42.30769230769231,72.72727272727273,41.935483870967744,33.33333333333333,77.77777777777779,76.47058823529412,31.818181818181817,57.14285714285714,45.0,33.33333333333333,64.70588235294117,82.35294117647058,38.095238095238095,75.0,73.33333333333333,46.666666666666664,92.3076923076923,86.66666666666667,66.66666666666666,68.75,68.75,46.666666666666664,81.25,111.76470588235294,64.70588235294117,93.75,100.0,64.28571428571429,85.71428571428571,50.0,60.0,87.5,58.333333333333336,40.0,63.63636363636363,76.92307692307693,25.0,19.17808219178082,58.333333333333336,45.45454545454545,110.71428571428572,91.66666666666666,59.09090909090909,68.96551724137932,89.65517241379311,64.0,96.29629629629628,124.13793103448276,79.48717948717949,103.03030303030305,110.5263157894737
economy,145.45454545454547,73.33333333333333,100.0,122.22222222222224,160.0,160.0,64.0,116.66666666666669,115.38461538461536,130.76923076923077,114.28571428571428,141.66666666666669,125.0,100.0,100.0,91.66666666666666,150.0,133.33333333333331,106.66666666666669,93.33333333333331,83.33333333333334,45.94594594594595,80.0,84.21052631578947,123.07692307692308,85.71428571428571,92.3076923076923,107.6923076923077,138.46153846153845,72.0,80.95238095238095,42.42424242424242,77.27272727272727,100.0,100.0,120.0,89.47368421052632,80.0,78.57142857142857,54.166666666666664,120.0,100.0,100.0,87.5,80.0,52.77777777777778,21.0,51.11111111111111,55.172413793103445,31.428571428571427,37.03703703703704,50.0,76.0,64.0,44.827586206896555,42.30769230769231,30.0,33.33333333333333,50.0,56.52173913043478,57.14285714285714,47.368421052631575,42.10526315789473,56.25,63.1578947368421,66.66666666666666,57.14285714285714,41.66666666666667,50.0,62.06896551724138,76.92307692307693,95.45454545454544,61.29032258064516,51.85185185185185,66.66666666666666,76.47058823529412,81.81818181818183,90.47619047619048,85.0,83.33333333333334,100.0,111.76470588235294,90.47619047619048,112.5,113.33333333333331,86.66666666666667,84.61538461538461,106.66666666666669,166.66666666666669,112.5,106.25,100.0,112.5,117.64705882352942,111.76470588235294,125.0,128.57142857142858,100.0,92.85714285714286,53.333333333333336,140.0,125.0,87.5,85.0,86.36363636363636,84.61538461538461,55.00000000000001,31.506849315068493,79.16666666666666,68.18181818181817,67.85714285714286,75.0,95.45454545454544,72.41379310344827,89.65517241379311,104.0,107.40740740740742,113.79310344827589,82.05128205128204,84.84848484848484,95.0
engineering,254.54545454545453,166.66666666666669,240.0,322.22222222222223,330.0,300.0,125.0,216.66666666666663,246.15384615384616,246.15384615384616,246.15384615384616,275.0,281.8181818181818,227.27272727272728,250.0,281.8181818181818,310.0,276.9230769230769,214.28571428571428,180.0,161.11111111111111,75.0,150.0,172.22222222222223,223.0769230769231,184.6153846153846,164.28571428571428,207.14285714285717,246.15384615384616,119.23076923076924,128.57142857142858,72.72727272727273,136.36363636363637,175.0,193.75,193.33333333333337,147.36842105263156,166.66666666666669,178.57142857142858,116.66666666666669,228.57142857142856,193.75,166.66666666666669,143.75,152.63157894736844,80.55555555555556,23.0,45.65217391304348,75.86206896551724,61.111111111111114,81.48148148148148,113.63636363636364,108.0,96.0,65.51724137931035,80.0,57.89473684210527,62.857142857142854,84.61538461538461,95.65217391304348,95.45454545454544,105.26315789473684,105.26315789473684,137.5,131.57894736842107,138.88888888888889,104.76190476190476,76.0,100.0,90.0,112.0,130.43478260869566,86.66666666666667,85.18518518518519,129.41176470588235,164.70588235294116,127.27272727272728,145.0,130.0,141.1764705882353,170.58823529411765,161.11111111111111,145.0,168.75,180.0,160.0,164.28571428571428,186.66666666666663,230.76923076923077,200.0,168.75,173.33333333333334,206.66666666666669,194.1176470588235,176.47058823529412,200.0,207.14285714285717,200.0,166.66666666666669,103.44827586206895,226.66666666666663,212.5,120.83333333333331,142.10526315789474,154.54545454545453,134.6153846153846,80.48780487804879,48.61111111111111,137.5,145.45454545454547,142.85714285714286,157.69230769230768,169.56521739130434,137.03703703703704,134.48275862068965,152.0,176.9230769230769,193.33333333333337,135.8974358974359,159.375,171.42857142857142
entertainment,172.72727272727272,126.66666666666666,190.0,188.88888888888889,170.0,170.0,68.0,141.66666666666669,146.15384615384613,146.15384615384613,150.0,191.66666666666669,150.0,172.72727272727272,200.0,150.0,170.0,150.0,120.0,113.33333333333331,105.55555555555556,51.35135135135135,95.0,100.0,146.15384615384613,128.57142857142858,153.84615384615387,146.15384615384613,138.46153846153845,72.0,80.95238095238095,51.51515151515152,86.36363636363636,111.76470588235294,118.75,120.0,94.73684210526316,120.0,128.57142857142858,75.0,113.33333333333331,243.75,266.66666666666663,168.75,100.0,52.77777777777778,15.0,28.88888888888889,41.37931034482759,40.0,51.85185185185185,59.09090909090909,52.0,52.0,44.827586206896555,46.15384615384615,35.0,38.88888888888889,53.84615384615385,60.86956521739131,66.66666666666666,78.94736842105263,78.94736842105263,93.75,68.42105263157895,72.22222222222221,66.66666666666666,54.166666666666664,61.53846153846154,58.620689655172406,61.53846153846154,72.72727272727273,48.38709677419355,55.55555555555556,88.88888888888889,88.23529411764706,63.63636363636363,66.66666666666666,70.0,72.22222222222221,94.11764705882352,94.11764705882352,76.19047619047619,93.75,93.33333333333331,100.0,115.38461538461536,93.33333333333331,125.0,81.25,87.5,93.33333333333331,93.75,94.11764705882352,88.23529411764706,93.75,92.85714285714286,100.0,107.14285714285714,46.666666666666664,93.33333333333331,81.25,54.166666666666664,65.0,63.63636363636363,57.692307692307686,35.0,19.17808219178082,54.166666666666664,68.18181818181817,64.28571428571429,62.5,68.18181818181817,51.72413793103448,55.172413793103445,64.0,74.07407407407408,72.41379310344827,51.28205128205128,60.60606060606061,78.94736842105263
etf,27.27272727272727,25.0,30.0,33.33333333333333,30.0,30.0,16.0,33.33333333333333,30.76923076923077,30.76923076923077,35.714285714285715,30.76923076923077,36.36363636363637,36.36363636363637,40.0,33.33333333333333,40.0,38.46153846153847,28.57142857142857,31.25,42.10526315789473,17.94871794871795,23.809523809523807,20.0,28.57142857142857,28.57142857142857,35.714285714285715,35.714285714285715,38.46153846153847,18.51851851851852,19.047619047619047,12.5,22.727272727272727,23.52941176470588,31.25,33.33333333333333,21.052631578947366,28.57142857142857,26.666666666666668,20.0,26.666666666666668,25.0,25.0,25.0,30.0,16.216216216216218,13.0,26.666666666666668,26.666666666666668,25.71428571428571,32.142857142857146,34.78260869565217,26.923076923076923,26.923076923076923,23.333333333333332,36.0,30.0,42.857142857142854,53.84615384615385,43.47826086956522,45.45454545454545,42.10526315789473,35.0,43.75,36.84210526315789,52.63157894736842,40.909090909090914,32.0,42.30769230769231,33.33333333333333,40.0,34.78260869565217,22.58064516129032,28.57142857142857,33.33333333333333,35.294117647058826,28.57142857142857,28.57142857142857,30.0,33.33333333333333,41.17647058823529,38.88888888888889,35.0,37.5,40.0,46.666666666666664,50.0,46.666666666666664,46.15384615384615,41.17647058823529,43.75,56.25,100.0,58.82352941176471,68.75,56.25,64.28571428571429,64.28571428571429,66.66666666666666,31.03448275862069,50.0,56.25,48.0,60.0,54.166666666666664,50.0,29.268292682926827,18.91891891891892,45.83333333333333,59.09090909090909,75.86206896551724,64.0,69.56521739130434,64.28571428571429,75.86206896551724,92.3076923076923,111.11111111111111,93.5483870967742,78.94736842105263,78.78787878787878,80.95238095238095
exchange rate,63.63636363636363,66.66666666666666,80.0,77.77777777777779,60.0,60.0,33.33333333333333,58.333333333333336,53.84615384615385,46.15384615384615,53.84615384615385,58.333333333333336,63.63636363636363,54.54545454545454,60.0,54.54545454545454,60.0,46.15384615384615,42.857142857142854,42.857142857142854,33.33333333333333,15.0,30.0,33.33333333333333,53.84615384615385,50.0,50.0,50.0,46.15384615384615,23.076923076923077,25.0,15.151515151515152,22.727272727272727,31.25,37.5,40.0,31.57894736842105,33.33333333333333,35.714285714285715,25.0,35.714285714285715,31.25,33.33333333333333,25.0,25.0,13.88888888888889,6.0,10.869565217391305,13.79310344827586,11.11111111111111,14.814814814814811,18.181818181818183,16.0,16.0,13.79310344827586,16.0,7.894736842105263,11.428571428571429,15.384615384615383,17.391304347826086,18.181818181818183,21.052631578947366,21.052631578947366,20.0,21.052631578947366,22.22222222222222,19.047619047619047,16.0,15.384615384615383,13.333333333333334,20.0,21.73913043478261,16.666666666666664,18.51851851851852,35.294117647058826,29.411764705882355,27.27272727272727,30.0,30.0,29.411764705882355,29.411764705882355,27.77777777777778,30.0,37.5,40.0,40.0,38.46153846153847,33.33333333333333,38.46153846153847,31.25,31.25,33.33333333333333,33.33333333333333,29.411764705882355,29.411764705882355,37.5,35.714285714285715,38.46153846153847,26.666666666666668,17.24137931034483,26.666666666666668,25.0,20.833333333333336,26.31578947368421,22.727272727272727,19.230769230769234,12.5,8.333333333333332,20.833333333333336,27.27272727272727,96.42857142857144,38.46153846153847,26.08695652173913,22.22222222222222,44.827586206896555,88.0,65.38461538461539,60.0,38.46153846153847,40.625,30.0
expense,27.27272727272727,20.0,30.0,33.33333333333333,40.0,40.0,16.0,33.33333333333333,30.76923076923077,46.15384615384615,35.714285714285715,41.66666666666667,33.33333333333333,27.27272727272727,30.0,25.0,40.0,33.33333333333333,26.666666666666668,26.666666666666668,27.77777777777778,13.513513513513514,25.0,26.31578947368421,30.76923076923077,21.428571428571427,23.076923076923077,23.076923076923077,30.76923076923077,20.0,19.047619047619047,12.12121212121212,22.727272727272727,35.294117647058826,31.25,33.33333333333333,21.052631578947366,20.0,21.428571428571427,12.5,33.33333333333333,25.0,26.666666666666668,18.75,20.0,16.666666666666664,4.0,8.88888888888889,13.79310344827586,11.428571428571429,14.814814814814811,13.636363636363637,20.0,16.0,13.79310344827586,11.538461538461538,10.0,13.88888888888889,19.230769230769234,17.391304347826086,19.047619047619047,15.789473684210526,15.789473684210526,18.75,26.31578947368421,22.22222222222222,19.047619047619047,16.666666666666664,19.230769230769234,24.13793103448276,23.076923076923077,27.27272727272727,16.129032258064516,14.814814814814811,22.22222222222222,23.52941176470588,22.727272727272727,23.809523809523807,25.0,22.22222222222222,29.411764705882355,41.17647058823529,28.57142857142857,37.5,33.33333333333333,26.666666666666668,30.76923076923077,26.666666666666668,50.0,37.5,37.5,33.33333333333333,37.5,47.05882352941176,41.17647058823529,43.75,35.714285714285715,28.57142857142857,35.714285714285715,16.666666666666664,40.0,37.5,25.0,25.0,27.27272727272727,34.61538461538461,20.0,10.95890410958904,25.0,31.818181818181817,28.57142857142857,29.166666666666668,36.36363636363637,27.58620689655172,27.58620689655172,32.0,37.03703703703704,51.72413793103448,33.33333333333333,36.36363636363637,31.57894736842105
fast food,100.0,80.0,130.0,122.22222222222224,110.0,110.0,44.0,100.0,84.61538461538461,92.3076923076923,92.85714285714286,108.33333333333331,108.33333333333331,136.36363636363637,160.0,116.66666666666669,130.0,116.66666666666669,86.66666666666667,100.0,77.77777777777779,35.13513513513514,75.0,73.68421052631578,115.38461538461536,121.42857142857142,130.76923076923077,123.07692307692308,115.38461538461536,60.0,76.19047619047619,51.51515151515152,77.27272727272727,88.23529411764706,106.25,113.33333333333331,94.73684210526316,126.66666666666666,142.85714285714286,83.33333333333334,113.33333333333331,112.5,113.33333333333331,118.75,85.0,50.0,17.0,31.11111111111111,58.620689655172406,57.14285714285714,74.07407407407408,86.36363636363636,72.0,72.0,62.06896551724138,80.76923076923077,45.0,50.0,73.07692307692307,91.30434782608695,109.52380952380952,126.3157894736842,126.3157894736842,137.5,110.5263157894737,116.66666666666669,100.0,95.83333333333334,69.23076923076923,65.51724137931035,76.92307692307693,95.45454545454544,67.74193548387096,81.48148148148148,138.88888888888889,123.52941176470588,90.9090909090909,95.23809523809524,100.0,116.66666666666669,105.88235294117648,111.76470588235294,90.47619047619048,125.0,126.66666666666666,153.33333333333334,176.9230769230769,140.0,158.33333333333331,118.75,125.0,146.66666666666666,106.25,100.0,117.64705882352942,125.0,135.71428571428572,142.85714285714286,157.14285714285714,70.0,133.33333333333331,125.0,83.33333333333334,110.0,86.36363636363636,73.07692307692307,55.00000000000001,31.506849315068493,83.33333333333334,95.45454545454544,85.71428571428571,87.5,90.9090909090909,68.96551724137932,75.86206896551724,100.0,77.77777777777779,75.86206896551724,61.53846153846154,78.78787878787878,105.0
fertilizer,63.63636363636363,33.33333333333333,40.0,33.33333333333333,40.0,30.0,8.0,16.666666666666664,15.384615384615383,30.76923076923077,35.714285714285715,66.66666666666666,58.333333333333336,45.45454545454545,40.0,33.33333333333333,40.0,33.33333333333333,20.0,13.333333333333334,16.666666666666664,10.81081081081081,30.0,36.84210526315789,61.53846153846154,42.857142857142854,38.46153846153847,30.76923076923077,30.76923076923077,12.0,14.285714285714285,6.0606060606060606,13.636363636363637,23.52941176470588,37.5,60.0,42.10526315789473,40.0,35.714285714285715,20.833333333333336,26.666666666666668,25.0,20.0,12.5,15.0,11.11111111111111,7.000000000000001,24.444444444444443,41.37931034482759,28.57142857142857,25.925925925925924,27.27272727272727,24.0,20.0,13.79310344827586,11.538461538461538,7.5,13.88888888888889,34.61538461538461,52.17391304347826,52.38095238095239,42.10526315789473,31.57894736842105,31.25,26.31578947368421,27.77777777777778,19.047619047619047,12.5,15.384615384615383,20.689655172413794,42.30769230769231,54.54545454545454,38.70967741935484,37.03703703703704,44.44444444444444,35.294117647058826,22.727272727272727,23.809523809523807,20.0,16.666666666666664,23.52941176470588,35.294117647058826,38.095238095238095,75.0,80.0,66.66666666666666,53.84615384615385,40.0,50.0,31.25,25.0,20.0,25.0,29.411764705882355,52.94117647058824,75.0,85.71428571428571,64.28571428571429,50.0,16.666666666666664,40.0,31.25,16.666666666666664,15.0,18.181818181818183,19.230769230769234,25.0,16.43835616438356,50.0,45.45454545454545,28.57142857142857,25.0,27.27272727272727,17.24137931034483,17.24137931034483,16.0,18.51851851851852,27.58620689655172,35.8974358974359,60.60606060606061,78.94736842105263
financial services,45.45454545454545,40.0,60.0,55.55555555555556,50.0,40.0,20.833333333333336,41.66666666666667,38.46153846153847,38.46153846153847,38.46153846153847,50.0,54.54545454545454,54.54545454545454,50.0,45.45454545454545,60.0,38.46153846153847,35.714285714285715,33.33333333333333,27.77777777777778,12.5,25.0,27.77777777777778,38.46153846153847,38.46153846153847,35.714285714285715,35.714285714285715,38.46153846153847,19.230769230769234,19.047619047619047,12.12121212121212,22.727272727272727,31.25,31.25,33.33333333333333,26.31578947368421,33.33333333333333,35.714285714285715,20.833333333333336,35.714285714285715,31.25,26.666666666666668,25.0,26.31578947368421,13.88888888888889,5.0,10.869565217391305,13.79310344827586,13.88888888888889,18.51851851851852,22.727272727272727,16.0,20.0,13.79310344827586,16.0,13.157894736842104,14.285714285714285,19.230769230769234,21.73913043478261,22.727272727272727,26.31578947368421,26.31578947368421,31.25,26.31578947368421,27.77777777777778,23.809523809523807,20.0,19.230769230769234,20.0,24.0,21.73913043478261,16.666666666666664,18.51851851851852,29.411764705882355,29.411764705882355,22.727272727272727,25.0,25.0,29.411764705882355,29.411764705882355,27.77777777777778,25.0,31.25,33.33333333333333,33.33333333333333,35.714285714285715,33.33333333333333,38.46153846153847,31.25,31.25,33.33333333333333,33.33333333333333,35.294117647058826,35.294117647058826,31.25,35.714285714285715,38.46153846153847,33.33333333333333,17.24137931034483,33.33333333333333,31.25,20.833333333333336,26.31578947368421,22.727272727272727,23.076923076923077,12.195121951219512,8.333333333333332,20.833333333333336,31.818181818181817,28.57142857142857,30.76923076923077,43.47826086956522,29.629629629629623,27.58620689655172,28.000000000000004,34.61538461538461,43.333333333333336,28.205128205128204,34.375,28.57142857142857
footwear,63.63636363636363,40.0,80.0,111.11111111111111,70.0,63.63636363636363,32.0,69.23076923076923,46.15384615384615,42.857142857142854,50.0,53.84615384615385,58.333333333333336,63.63636363636363,80.0,91.66666666666666,70.0,53.84615384615385,60.0,60.0,31.57894736842105,15.384615384615383,31.818181818181817,36.84210526315789,57.14285714285714,50.0,57.14285714285714,78.57142857142857,61.53846153846154,25.925925925925924,42.857142857142854,26.47058823529412,26.08695652173913,35.294117647058826,50.0,46.666666666666664,36.84210526315789,46.666666666666664,64.28571428571429,48.0,57.14285714285714,43.75,50.0,62.5,30.0,19.444444444444446,5.0,10.0,26.666666666666668,22.857142857142858,28.57142857142857,39.130434782608695,26.923076923076923,26.923076923076923,23.333333333333332,37.5,15.0,16.666666666666664,30.76923076923077,34.78260869565217,38.095238095238095,36.84210526315789,40.0,58.82352941176471,36.84210526315789,36.84210526315789,42.857142857142854,41.66666666666667,22.22222222222222,20.0,24.0,26.08695652173913,22.58064516129032,21.428571428571427,44.44444444444444,58.82352941176471,27.27272727272727,30.0,33.33333333333333,42.10526315789473,27.77777777777778,27.77777777777778,28.57142857142857,37.5,37.5,40.0,50.0,57.14285714285714,46.15384615384615,35.294117647058826,41.17647058823529,46.666666666666664,31.25,35.294117647058826,37.5,35.294117647058826,40.0,42.857142857142854,40.0,30.0,37.5,29.411764705882355,24.0,31.57894736842105,18.181818181818183,15.384615384615383,12.5,6.756756756756757,24.0,26.08695652173913,24.13793103448276,36.0,26.08695652173913,20.689655172413794,20.689655172413794,26.923076923076923,22.22222222222222,20.0,17.073170731707318,24.24242424242424,28.57142857142857
foreclosure,45.45454545454545,33.33333333333333,40.0,55.55555555555556,40.0,40.0,16.0,25.0,30.76923076923077,38.46153846153847,35.714285714285715,33.33333333333333,33.33333333333333,36.36363636363637,40.0,33.33333333333333,40.0,33.33333333333333,20.0,20.0,22.22222222222222,10.81081081081081,20.0,21.052631578947366,30.76923076923077,28.57142857142857,30.76923076923077,30.76923076923077,30.76923076923077,16.0,14.285714285714285,9.090909090909092,18.181818181818183,23.52941176470588,25.0,26.666666666666668,21.052631578947366,26.666666666666668,28.57142857142857,16.666666666666664,20.0,18.75,20.0,18.75,20.0,11.11111111111111,3.0,6.666666666666667,13.79310344827586,11.428571428571429,14.814814814814811,18.181818181818183,12.0,12.0,10.344827586206897,11.538461538461538,7.5,8.333333333333332,11.538461538461538,13.043478260869565,14.285714285714285,15.789473684210526,15.789473684210526,18.75,10.526315789473683,11.11111111111111,9.523809523809524,8.333333333333332,11.538461538461538,10.344827586206897,11.538461538461538,13.636363636363637,9.67741935483871,11.11111111111111,16.666666666666664,17.647058823529413,9.090909090909092,14.285714285714285,10.0,11.11111111111111,17.647058823529413,17.647058823529413,14.285714285714285,18.75,20.0,20.0,23.076923076923077,20.0,16.666666666666664,18.75,12.5,13.333333333333334,18.75,17.647058823529413,17.647058823529413,18.75,21.428571428571427,21.428571428571427,14.285714285714285,10.0,13.333333333333334,12.5,8.333333333333332,10.0,13.636363636363637,11.538461538461538,7.5,4.10958904109589,12.5,13.636363636363637,10.714285714285714,12.5,13.636363636363637,10.344827586206897,10.344827586206897,12.0,11.11111111111111,13.79310344827586,10.256410256410255,12.12121212121212,15.789473684210526
foundry,27.27272727272727,12.5,20.0,33.33333333333333,20.0,20.0,8.0,16.666666666666664,15.384615384615383,23.076923076923077,21.428571428571427,23.076923076923077,27.27272727272727,27.27272727272727,30.0,25.0,20.0,23.076923076923077,14.285714285714285,12.5,15.789473684210526,7.6923076923076925,14.285714285714285,15.0,21.428571428571427,21.428571428571427,21.428571428571427,21.428571428571427,15.384615384615383,7.4074074074074066,9.523809523809524,6.25,13.636363636363637,17.647058823529413,12.5,13.333333333333334,15.789473684210526,21.428571428571427,20.0,8.0,13.333333333333334,12.5,18.75,12.5,15.0,5.405405405405405,2.0,4.444444444444445,6.666666666666667,5.714285714285714,7.142857142857142,8.695652173913043,7.6923076923076925,7.6923076923076925,6.666666666666667,8.0,5.0,5.714285714285714,7.6923076923076925,8.695652173913043,13.636363636363637,15.789473684210526,15.0,18.75,15.789473684210526,15.789473684210526,13.636363636363637,8.0,11.538461538461538,10.0,12.0,13.043478260869565,9.67741935483871,10.714285714285714,16.666666666666664,17.647058823529413,14.285714285714285,14.285714285714285,15.0,16.666666666666664,17.647058823529413,16.666666666666664,15.0,18.75,20.0,20.0,21.428571428571427,20.0,30.76923076923077,17.647058823529413,18.75,18.75,18.75,23.52941176470588,18.75,18.75,28.57142857142857,28.57142857142857,20.0,10.344827586206897,18.75,18.75,12.0,15.0,12.5,11.538461538461538,7.317073170731707,4.054054054054054,12.5,18.181818181818183,13.79310344827586,16.0,17.391304347826086,14.285714285714285,13.79310344827586,15.384615384615383,14.814814814814811,16.129032258064516,13.157894736842104,15.151515151515152,19.047619047619047
gaming,200.0,154.54545454545453,242.85714285714283,250.0,200.0,214.28571428571428,105.55555555555556,211.11111111111111,177.77777777777777,160.0,150.0,166.66666666666669,187.5,200.0,228.57142857142856,187.5,200.0,155.55555555555557,190.9090909090909,200.0,130.76923076923077,65.38461538461539,121.42857142857142,130.76923076923077,188.88888888888889,190.0,200.0,211.11111111111111,200.0,94.44444444444444,166.66666666666669,108.33333333333331,125.0,166.66666666666669,163.63636363636363,145.45454545454547,121.42857142857142,163.63636363636363,190.0,111.76470588235294,154.54545454545453,154.54545454545453,209.0909090909091,245.45454545454547,133.33333333333331,73.07692307692307,29.166666666666668,93.75,152.38095238095238,124.0,157.89473684210526,181.25,166.66666666666669,166.66666666666669,185.71428571428572,226.3157894736842,110.34482758620688,115.38461538461536,161.11111111111111,162.5,173.33333333333334,185.71428571428572,200.0,208.33333333333337,169.23076923076923,176.9230769230769,220.00000000000003,170.58823529411765,157.89473684210526,142.85714285714286,147.36842105263156,156.25,118.1818181818182,142.10526315789474,230.76923076923077,225.0,156.25,166.66666666666669,235.71428571428572,269.2307692307692,225.0,216.66666666666663,166.66666666666669,209.0909090909091,209.0909090909091,236.36363636363637,260.0,240.0,266.66666666666663,218.18181818181816,345.45454545454544,372.7272727272727,272.7272727272727,233.33333333333337,225.0,200.0,240.0,240.0,250.0,123.8095238095238,227.27272727272728,200.0,211.76470588235296,292.85714285714283,193.75,152.63157894736844,96.55172413793105,47.16981132075472,158.8235294117647,193.33333333333337,165.0,176.47058823529412,168.75,138.0952380952381,204.76190476190476,272.22222222222223,221.0526315789474,185.71428571428572,160.71428571428572,434.7826086956522,385.7142857142857
gas price,18.181818181818183,13.333333333333334,20.0,22.22222222222222,20.0,20.0,8.333333333333332,16.666666666666664,23.076923076923077,15.384615384615383,15.384615384615383,16.666666666666664,18.181818181818183,18.181818181818183,20.0,27.27272727272727,30.0,15.384615384615383,21.428571428571427,21.428571428571427,16.666666666666664,7.5,15.0,16.666666666666664,30.76923076923077,21.428571428571427,21.428571428571427,21.428571428571427,23.076923076923077,11.538461538461538,20.0,12.12121212121212,13.636363636363637,18.75,18.75,26.666666666666668,21.052631578947366,26.666666666666668,28.57142857142857,12.5,28.57142857142857,25.0,20.0,18.75,15.0,8.333333333333332,6.0,13.043478260869565,10.344827586206897,8.333333333333332,7.4074074074074066,9.090909090909092,12.0,12.0,10.344827586206897,12.0,10.526315789473683,14.285714285714285,19.230769230769234,17.391304347826086,27.27272727272727,21.052631578947366,21.052631578947366,26.666666666666668,21.052631578947366,33.33333333333333,28.57142857142857,16.0,19.230769230769234,26.666666666666668,104.0,39.130434782608695,46.666666666666664,70.37037037037037,76.47058823529412,52.94117647058824,36.36363636363637,45.0,35.0,41.17647058823529,41.17647058823529,33.33333333333333,30.0,43.75,40.0,40.0,46.15384615384615,46.666666666666664,53.84615384615385,43.75,37.5,40.0,33.33333333333333,29.411764705882355,35.294117647058826,37.5,42.857142857142854,46.15384615384615,40.0,20.689655172413794,33.33333333333333,31.25,20.833333333333336,21.052631578947366,22.727272727272727,19.230769230769234,12.5,8.333333333333332,25.0,27.27272727272727,28.57142857142857,23.076923076923077,21.73913043478261,18.51851851851852,31.03448275862069,36.0,34.61538461538461,30.0,69.23076923076923,59.375,110.0
gas prices,36.36363636363637,26.666666666666668,40.0,44.44444444444444,50.0,40.0,16.0,33.33333333333333,38.46153846153847,30.76923076923077,21.428571428571427,33.33333333333333,33.33333333333333,36.36363636363637,40.0,58.333333333333336,80.0,33.33333333333333,33.33333333333333,26.666666666666668,22.22222222222222,10.81081081081081,20.0,31.57894736842105,69.23076923076923,42.857142857142854,46.15384615384615,38.46153846153847,38.46153846153847,20.0,28.57142857142857,21.21212121212121,27.27272727272727,29.411764705882355,37.5,53.333333333333336,36.84210526315789,46.666666666666664,50.0,25.0,46.666666666666664,43.75,33.33333333333333,31.25,30.0,16.666666666666664,14.000000000000002,26.666666666666668,17.24137931034483,11.428571428571429,11.11111111111111,13.636363636363637,12.0,16.0,17.24137931034483,15.384615384615383,17.5,30.555555555555557,46.15384615384615,26.08695652173913,71.42857142857143,36.84210526315789,42.10526315789473,43.75,31.57894736842105,72.22222222222221,52.38095238095239,29.166666666666668,26.923076923076923,58.620689655172406,234.6153846153846,63.63636363636363,87.09677419354838,155.55555555555557,122.22222222222224,82.35294117647058,59.09090909090909,66.66666666666666,50.0,55.55555555555556,52.94117647058824,47.05882352941176,33.33333333333333,56.25,46.666666666666664,53.333333333333336,76.92307692307693,66.66666666666666,83.33333333333334,50.0,50.0,46.666666666666664,37.5,35.294117647058826,41.17647058823529,56.25,42.857142857142854,50.0,50.0,23.333333333333332,46.666666666666664,37.5,25.0,25.0,22.727272727272727,23.076923076923077,15.0,9.58904109589041,29.166666666666668,31.818181818181817,25.0,25.0,22.727272727272727,17.24137931034483,20.689655172413794,28.000000000000004,25.925925925925924,24.13793103448276,94.87179487179486,69.6969696969697,185.0
gas station,145.45454545454547,120.0,200.0,200.0,170.0,170.0,64.0,141.66666666666669,115.38461538461536,107.14285714285714,121.42857142857142,158.33333333333331,158.33333333333331,190.9090909090909,209.0909090909091,200.0,220.00000000000003,158.33333333333331,120.0,140.0,89.47368421052632,44.73684210526316,90.47619047619048,105.26315789473684,169.23076923076923,171.42857142857142,200.0,200.0,176.9230769230769,81.48148148148148,105.0,66.66666666666666,90.47619047619048,117.64705882352942,137.5,153.33333333333334,126.3157894736842,181.25,214.28571428571428,112.5,160.0,143.75,150.0,143.75,100.0,55.55555555555556,19.0,37.77777777777778,68.96551724137932,68.57142857142857,92.5925925925926,109.09090909090908,84.0,88.46153846153845,66.66666666666666,100.0,52.5,65.71428571428571,88.46153846153845,108.69565217391305,157.14285714285714,157.89473684210526,173.6842105263158,193.33333333333337,142.10526315789474,150.0,128.57142857142858,112.5,92.3076923076923,86.20689655172413,116.0,122.72727272727272,96.7741935483871,129.62962962962962,211.76470588235296,170.58823529411765,118.1818181818182,128.57142857142858,115.0,133.33333333333331,135.29411764705884,129.41176470588235,110.0,156.25,173.33333333333334,180.0,223.0769230769231,185.71428571428572,191.66666666666669,137.5,131.25,146.66666666666666,118.75,105.88235294117648,125.0,125.0,150.0,157.14285714285714,171.42857142857142,70.0,142.85714285714286,118.75,79.16666666666666,95.0,72.72727272727273,61.53846153846154,42.5,24.65753424657534,79.16666666666666,100.0,82.14285714285714,92.0,86.36363636363636,67.85714285714286,71.42857142857143,84.0,70.37037037037037,65.51724137931035,58.97435897435898,69.6969696969697,131.57894736842107
gdp,45.45454545454545,26.666666666666668,30.0,44.44444444444444,50.0,72.72727272727273,24.0,38.46153846153847,38.46153846153847,50.0,42.857142857142854,46.15384615384615,41.66666666666667,36.36363636363637,30.0,33.33333333333333,60.0,46.15384615384615,40.0,33.33333333333333,26.31578947368421,15.384615384615383,27.27272727272727,31.57894736842105,35.714285714285715,28.57142857142857,50.0,35.714285714285715,46.15384615384615,25.925925925925924,28.57142857142857,14.705882352941178,21.73913043478261,41.17647058823529,37.5,40.0,31.57894736842105,26.666666666666668,28.57142857142857,16.0,42.857142857142854,37.5,37.5,31.25,25.0,19.444444444444446,6.0,14.000000000000002,20.0,11.428571428571429,17.857142857142858,17.391304347826086,23.076923076923077,26.923076923076923,16.666666666666664,16.666666666666664,10.0,13.88888888888889,19.230769230769234,21.73913043478261,19.047619047619047,15.789473684210526,15.0,17.647058823529413,21.052631578947366,26.31578947368421,19.047619047619047,16.666666666666664,18.51851851851852,26.666666666666668,32.0,34.78260869565217,22.58064516129032,17.857142857142858,38.88888888888889,23.52941176470588,27.27272727272727,35.0,28.57142857142857,31.57894736842105,33.33333333333333,38.88888888888889,33.33333333333333,43.75,37.5,26.666666666666668,35.714285714285715,35.714285714285715,53.84615384615385,47.05882352941176,41.17647058823529,40.0,37.5,52.94117647058824,43.75,47.05882352941176,40.0,35.714285714285715,33.33333333333333,16.666666666666664,43.75,47.05882352941176,28.000000000000004,31.57894736842105,31.818181818181817,34.61538461538461,22.5,12.162162162162163,28.000000000000004,26.08695652173913,44.827586206896555,28.000000000000004,30.434782608695656,27.58620689655172,37.93103448275862,46.15384615384615,55.55555555555556,70.0,36.58536585365854,42.42424242424242,33.33333333333333
gold,1266.6666666666663,975.0,1333.3333333333337,1766.6666666666667,1366.6666666666663,1333.3333333333337,614.2857142857143,1125.0,1000.0,1075.0,975.0,975.0,1300.0,1300.0,1533.3333333333337,925.0,1233.3333333333337,975.0,1025.0,1125.0,666.6666666666667,383.33333333333337,571.4285714285714,616.6666666666667,1000.0,925.0,1000.0,875.0,900.0,425.0,650.0,400.0,557.1428571428571,760.0,740.0,740.0,600.0,1075.0,1050.0,571.4285714285714,925.0,740.0,760.0,780.0,633.3333333333333,354.54545454545456,130.0,246.66666666666669,444.44444444444446,400.0,537.5,600.0,450.0,462.5,433.3333333333333,600.0,341.66666666666663,354.54545454545456,475.0,557.1428571428571,666.6666666666667,666.6666666666667,833.3333333333334,920.0,633.3333333333333,840.0,700.0,628.5714285714286,512.5,511.1111111111111,550.0,600.0,466.6666666666667,500.0,840.0,800.0,633.3333333333333,666.6666666666667,683.3333333333333,716.6666666666667,840.0,840.0,716.6666666666667,900.0,840.0,819.9999999999999,1200.0,950.0,975.0,800.0,920.0,1150.0,840.0,840.0,880.0000000000001,920.0,1075.0,1025.0,1125.0,633.3333333333333,920.0,900.0,671.4285714285714,833.3333333333334,614.2857142857143,625.0,408.3333333333333,254.54545454545453,742.8571428571429,771.4285714285714,622.2222222222223,700.0,728.5714285714286,677.7777777777777,655.5555555555555,850.0,925.0,977.7777777777778,641.6666666666667,1000.0,1166.6666666666663
gold price,54.54545454545454,53.333333333333336,70.0,66.66666666666666,60.0,60.0,32.0,58.333333333333336,53.84615384615385,46.15384615384615,42.857142857142854,50.0,41.66666666666667,45.45454545454545,50.0,50.0,60.0,41.66666666666667,40.0,46.666666666666664,33.33333333333333,16.216216216216218,25.0,26.31578947368421,38.46153846153847,35.714285714285715,38.46153846153847,46.15384615384615,38.46153846153847,24.0,23.809523809523807,21.21212121212121,27.27272727272727,35.294117647058826,31.25,33.33333333333333,26.31578947368421,46.666666666666664,50.0,41.66666666666667,53.333333333333336,43.75,40.0,37.5,40.0,25.0,18.0,26.666666666666668,31.03448275862069,25.71428571428571,48.148148148148145,68.18181818181817,40.0,36.0,31.03448275862069,34.61538461538461,27.500000000000004,30.555555555555557,38.46153846153847,39.130434782608695,47.61904761904761,47.368421052631575,42.10526315789473,50.0,42.10526315789473,44.44444444444444,42.857142857142854,33.33333333333333,30.76923076923077,37.93103448275862,53.84615384615385,40.909090909090914,29.03225806451613,33.33333333333333,55.55555555555556,52.94117647058824,40.909090909090914,42.857142857142854,40.0,44.44444444444444,52.94117647058824,52.94117647058824,66.66666666666666,87.5,80.0,60.0,69.23076923076923,60.0,75.0,68.75,68.75,93.33333333333331,62.5,52.94117647058824,64.70588235294117,106.25,85.71428571428571,78.57142857142857,78.57142857142857,46.666666666666664,86.66666666666667,93.75,62.5,65.0,54.54545454545454,65.38461538461539,50.0,42.465753424657535,83.33333333333334,90.9090909090909,110.71428571428572,87.5,118.1818181818182,168.9655172413793,124.13793103448276,176.0,259.25925925925924,224.13793103448273,161.53846153846155,127.27272727272728,147.36842105263156
google stock,18.181818181818183,13.333333333333334,20.0,22.22222222222222,20.0,30.0,12.0,16.666666666666664,23.076923076923077,23.076923076923077,21.428571428571427,25.0,25.0,27.27272727272727,30.0,25.0,30.0,25.0,20.0,20.0,22.22222222222222,13.513513513513514,20.0,15.789473684210526,23.076923076923077,14.285714285714285,23.076923076923077,23.076923076923077,23.076923076923077,16.0,14.285714285714285,9.090909090909092,13.636363636363637,17.647058823529413,18.75,20.0,15.789473684210526,13.333333333333334,14.285714285714285,8.333333333333332,13.333333333333334,18.75,20.0,18.75,15.0,13.88888888888889,8.0,13.333333333333334,17.24137931034483,11.428571428571429,14.814814814814811,18.181818181818183,16.0,16.0,13.79310344827586,15.384615384615383,12.5,13.88888888888889,15.384615384615383,17.391304347826086,14.285714285714285,15.789473684210526,15.789473684210526,18.75,15.789473684210526,16.666666666666664,19.047619047619047,12.5,15.384615384615383,34.48275862068966,26.923076923076923,31.818181818181817,22.58064516129032,22.22222222222222,44.44444444444444,35.294117647058826,22.727272727272727,28.57142857142857,25.0,22.22222222222222,29.411764705882355,35.294117647058826,23.809523809523807,31.25,33.33333333333333,33.33333333333333,38.46153846153847,26.666666666666668,33.33333333333333,31.25,25.0,26.666666666666668,31.25,29.411764705882355,29.411764705882355,31.25,35.714285714285715,28.57142857142857,35.714285714285715,16.666666666666664,26.666666666666668,25.0,20.833333333333336,25.0,22.727272727272727,23.076923076923077,12.5,8.21917808219178,25.0,22.727272727272727,25.0,25.0,31.818181818181817,24.13793103448276,27.58620689655172,32.0,29.629629629629623,31.03448275862069,23.076923076923077,27.27272727272727,36.84210526315789
gpu,27.27272727272727,20.0,30.0,33.33333333333333,20.0,27.27272727272727,12.0,23.076923076923077,23.076923076923077,21.428571428571427,21.428571428571427,23.076923076923077,25.0,36.36363636363637,40.0,25.0,30.0,23.076923076923077,26.666666666666668,33.33333333333333,26.31578947368421,10.256410256410255,18.181818181818183,21.052631578947366,21.428571428571427,21.428571428571427,21.428571428571427,28.57142857142857,23.076923076923077,11.11111111111111,19.047619047619047,8.823529411764707,13.043478260869565,23.52941176470588,18.75,20.0,15.789473684210526,20.0,28.57142857142857,12.0,21.428571428571427,18.75,25.0,25.0,20.0,8.333333333333332,4.0,10.0,20.0,14.285714285714285,17.857142857142858,21.73913043478261,23.076923076923077,19.230769230769234,20.0,29.166666666666668,15.0,16.666666666666664,23.076923076923077,30.434782608695656,28.57142857142857,31.57894736842105,30.0,35.294117647058826,26.31578947368421,26.31578947368421,28.57142857142857,25.0,29.629629629629623,26.666666666666668,28.000000000000004,30.434782608695656,19.35483870967742,21.428571428571427,38.88888888888889,35.294117647058826,27.27272727272727,35.0,33.33333333333333,42.10526315789473,38.88888888888889,38.88888888888889,28.57142857142857,37.5,37.5,46.666666666666664,50.0,50.0,53.84615384615385,41.17647058823529,47.05882352941176,53.333333333333336,50.0,52.94117647058824,50.0,41.17647058823529,46.666666666666664,50.0,53.333333333333336,26.666666666666668,50.0,41.17647058823529,36.0,57.89473684210527,50.0,42.30769230769231,27.500000000000004,13.513513513513514,40.0,47.82608695652174,44.827586206896555,48.0,43.47826086956522,34.48275862068966,51.72413793103448,65.38461538461539,59.25925925925925,53.333333333333336,43.90243902439025,66.66666666666666,47.61904761904761
great depression,36.36363636363637,6.666666666666667,10.0,11.11111111111111,20.0,20.0,16.0,25.0,30.76923076923077,38.46153846153847,35.714285714285715,33.33333333333333,33.33333333333333,9.090909090909092,10.0,8.333333333333332,20.0,16.666666666666664,20.0,20.0,22.22222222222222,13.513513513513514,25.0,26.31578947368421,30.76923076923077,7.142857142857142,7.6923076923076925,7.6923076923076925,15.384615384615383,12.0,14.285714285714285,9.090909090909092,18.181818181818183,29.411764705882355,31.25,33.33333333333333,21.052631578947366,6.666666666666667,7.142857142857142,4.166666666666666,13.333333333333334,18.75,20.0,18.75,20.0,13.88888888888889,8.0,17.77777777777778,17.24137931034483,5.714285714285714,3.7037037037037033,9.090909090909092,8.0,8.0,6.896551724137931,7.6923076923076925,7.5,8.333333333333332,11.538461538461538,13.043478260869565,14.285714285714285,5.263157894736842,5.263157894736842,6.25,5.263157894736842,11.11111111111111,9.523809523809524,8.333333333333332,11.538461538461538,10.344827586206897,15.384615384615383,22.727272727272727,16.129032258064516,7.4074074074074066,5.555555555555555,5.88235294117647,9.090909090909092,14.285714285714285,15.0,16.666666666666664,23.52941176470588,29.411764705882355,23.809523809523807,25.0,26.666666666666668,6.666666666666667,7.6923076923076925,6.666666666666667,16.666666666666664,18.75,18.75,20.0,25.0,29.411764705882355,29.411764705882355,31.25,21.428571428571427,7.142857142857142,7.142857142857142,3.3333333333333335,13.333333333333334,18.75,12.5,15.0,18.181818181818183,19.230769230769234,12.5,8.21917808219178,12.5,4.545454545454546,3.571428571428571,4.166666666666666,9.090909090909092,10.344827586206897,10.344827586206897,12.0,11.11111111111111,13.79310344827586,10.256410256410255,12.12121212121212,15.789473684210526
grocery stores,36.36363636363637,33.33333333333333,50.0,44.44444444444444,30.0,30.0,16.0,41.66666666666667,23.076923076923077,23.076923076923077,28.57142857142857,33.33333333333333,33.33333333333333,45.45454545454545,60.0,41.66666666666667,40.0,33.33333333333333,33.33333333333333,46.666666666666664,22.22222222222222,10.81081081081081,20.0,21.052631578947366,38.46153846153847,42.857142857142854,46.15384615384615,38.46153846153847,30.76923076923077,16.0,23.809523809523807,24.24242424242424,18.181818181818183,23.52941176470588,31.25,33.33333333333333,26.31578947368421,40.0,42.857142857142854,25.0,33.33333333333333,25.0,33.33333333333333,50.0,20.0,11.11111111111111,12.0,15.555555555555555,20.689655172413794,17.142857142857142,22.22222222222222,27.27272727272727,20.0,20.0,24.13793103448276,30.76923076923077,12.5,13.88888888888889,19.230769230769234,21.73913043478261,28.57142857142857,31.57894736842105,36.84210526315789,37.5,31.57894736842105,27.77777777777778,38.095238095238095,33.33333333333333,23.076923076923077,17.24137931034483,19.230769230769234,27.27272727272727,19.35483870967742,22.22222222222222,38.88888888888889,35.294117647058826,22.727272727272727,23.809523809523807,35.0,44.44444444444444,29.411764705882355,29.411764705882355,23.809523809523807,31.25,33.33333333333333,40.0,46.15384615384615,33.33333333333333,33.33333333333333,25.0,37.5,46.666666666666664,25.0,23.52941176470588,23.52941176470588,25.0,28.57142857142857,28.57142857142857,28.57142857142857,13.333333333333334,26.666666666666668,25.0,25.0,35.0,18.181818181818183,15.384615384615383,10.0,5.47945205479452,16.666666666666664,18.181818181818183,17.857142857142858,16.666666666666664,18.181818181818183,13.79310344827586,24.13793103448276,32.0,18.51851851851852,13.79310344827586,12.82051282051282,15.151515151515152,21.052631578947366
hardware,409.09090909090907,306.6666666666667,440.00000000000006,433.3333333333333,380.0,336.3636363636364,148.0,292.30769230769226,276.9230769230769,242.85714285714283,278.57142857142856,330.7692307692308,375.0,409.09090909090907,440.00000000000006,358.33333333333337,409.99999999999994,307.69230769230774,286.6666666666667,273.3333333333333,194.73684210526315,92.3076923076923,177.27272727272728,221.0526315789474,335.7142857142857,335.7142857142857,321.42857142857144,300.0,315.38461538461536,140.74074074074073,200.0,120.58823529411764,160.8695652173913,217.6470588235294,243.75,286.6666666666667,257.89473684210526,340.0,342.85714285714283,176.0,292.85714285714283,231.25,256.25,250.0,180.0,100.0,46.0,132.0,253.33333333333331,188.57142857142856,221.42857142857144,252.17391304347828,200.0,192.30769230769232,166.66666666666669,208.33333333333337,112.5,133.33333333333331,184.6153846153846,239.1304347826087,280.9523809523809,289.4736842105263,265.0,276.4705882352941,242.1052631578947,226.3157894736842,223.80952380952385,195.83333333333331,166.66666666666669,146.66666666666666,188.0,208.69565217391303,174.19354838709677,192.8571428571429,294.44444444444446,270.5882352941177,200.0,215.0,209.52380952380955,236.84210526315783,211.11111111111111,211.11111111111111,185.71428571428572,293.75,318.75,326.6666666666667,335.7142857142857,307.14285714285717,307.69230769230774,229.41176470588235,252.94117647058823,280.0,237.5,217.6470588235294,256.25,270.5882352941177,326.6666666666667,350.0,293.3333333333333,146.66666666666666,243.75,223.52941176470588,156.0,200.0,159.0909090909091,134.6153846153846,92.5,54.054054054054056,180.0,204.34782608695653,168.9655172413793,168.0,165.2173913043478,131.0344827586207,155.17241379310346,161.53846153846155,159.25925925925927,143.33333333333334,121.95121951219512,178.78787878787878,233.33333333333337
health care,172.72727272727272,126.66666666666666,170.0,200.0,190.0,200.0,87.5,141.66666666666669,169.23076923076923,153.84615384615387,238.46153846153845,175.0,245.45454545454547,218.18181818181816,240.0,172.72727272727272,220.00000000000003,169.23076923076923,157.14285714285714,120.0,116.66666666666669,52.5,95.0,105.26315789473684,135.71428571428572,138.46153846153845,121.42857142857142,135.71428571428572,146.15384615384613,76.92307692307693,95.23809523809524,54.54545454545454,90.9090909090909,125.0,118.75,126.66666666666666,100.0,133.33333333333331,135.71428571428572,75.0,142.85714285714286,137.5,126.66666666666666,106.25,105.26315789473684,61.111111111111114,22.0,45.65217391304348,58.620689655172406,52.77777777777778,70.37037037037037,81.81818181818183,76.0,88.0,68.96551724137932,80.0,55.26315789473685,57.14285714285714,69.23076923076923,82.6086956521739,77.27272727272727,94.73684210526316,94.73684210526316,125.0,115.78947368421052,116.66666666666669,100.0,80.0,92.3076923076923,70.0,88.0,86.95652173913044,63.33333333333333,70.37037037037037,111.76470588235294,117.64705882352942,86.95652173913044,105.0,105.0,105.88235294117648,123.52941176470588,122.22222222222224,100.0,125.0,133.33333333333331,126.66666666666666,128.57142857142858,126.66666666666666,161.53846153846155,131.25,131.25,126.66666666666666,131.25,129.41176470588235,123.52941176470588,131.25,142.85714285714286,138.46153846153845,126.66666666666666,68.96551724137932,146.66666666666666,137.5,87.5,126.3157894736842,109.09090909090908,88.46153846153845,56.09756097560976,31.944444444444443,80.0,95.45454545454544,85.71428571428571,84.61538461538461,108.69565217391305,96.29629629629628,93.10344827586206,100.0,107.6923076923077,110.0,74.35897435897436,90.625,104.76190476190476
health insurance,118.1818181818182,86.66666666666667,120.0,155.55555555555557,140.0,154.54545454545453,84.0,130.76923076923077,161.53846153846155,121.42857142857142,121.42857142857142,115.38461538461536,133.33333333333331,136.36363636363637,160.0,116.66666666666669,150.0,138.46153846153845,146.66666666666666,126.66666666666666,89.47368421052632,41.02564102564102,72.72727272727273,84.21052631578947,100.0,100.0,107.14285714285714,114.28571428571428,115.38461538461536,70.37037037037037,90.47619047619048,50.0,73.91304347826086,94.11764705882352,93.75,106.66666666666669,73.68421052631578,93.33333333333331,107.14285714285714,60.0,107.14285714285714,106.25,112.5,106.25,85.0,47.22222222222222,14.000000000000002,24.0,40.0,40.0,53.57142857142857,60.86956521739131,53.84615384615385,65.38461538461539,53.333333333333336,62.5,37.5,41.66666666666667,57.692307692307686,65.21739130434783,71.42857142857143,73.68421052631578,75.0,88.23529411764706,78.94736842105263,89.47368421052632,80.95238095238095,70.83333333333334,66.66666666666666,56.666666666666664,68.0,69.56521739130434,45.16129032258064,53.57142857142857,83.33333333333334,88.23529411764706,63.63636363636363,80.0,85.71428571428571,84.21052631578947,94.44444444444444,88.88888888888889,76.19047619047619,100.0,93.75,100.0,114.28571428571428,114.28571428571428,123.07692307692308,105.88235294117648,117.64705882352942,120.0,118.75,105.88235294117648,106.25,105.88235294117648,106.66666666666669,114.28571428571428,113.33333333333331,56.666666666666664,106.25,105.88235294117648,92.0,121.05263157894736,104.54545454545456,80.76923076923077,47.5,25.675675675675674,72.0,86.95652173913044,82.75862068965517,84.0,95.65217391304348,93.10344827586206,113.79310344827589,115.38461538461536,111.11111111111111,103.33333333333334,75.60975609756098,84.84848484848484,95.23809523809524
health it,18.181818181818183,13.333333333333334,10.0,22.22222222222222,20.0,18.181818181818183,8.0,15.384615384615383,15.384615384615383,14.285714285714285,14.285714285714285,15.384615384615383,16.666666666666664,18.181818181818183,20.0,16.666666666666664,20.0,15.384615384615383,13.333333333333334,13.333333333333334,10.526315789473683,5.128205128205128,13.636363636363637,10.526315789473683,14.285714285714285,14.285714285714285,14.285714285714285,14.285714285714285,15.384615384615383,11.11111111111111,9.523809523809524,5.88235294117647,8.695652173913043,17.647058823529413,12.5,20.0,10.526315789473683,13.333333333333334,14.285714285714285,8.0,21.428571428571427,18.75,18.75,12.5,15.0,8.333333333333332,3.0,6.0,10.0,5.714285714285714,10.714285714285714,8.695652173913043,11.538461538461538,11.538461538461538,10.0,12.5,7.5,8.333333333333332,11.538461538461538,13.043478260869565,14.285714285714285,10.526315789473683,10.0,17.647058823529413,15.789473684210526,15.789473684210526,14.285714285714285,12.5,14.814814814814811,13.333333333333334,16.0,21.73913043478261,12.903225806451612,14.285714285714285,16.666666666666664,17.647058823529413,18.181818181818183,20.0,19.047619047619047,21.052631578947366,22.22222222222222,27.77777777777778,23.809523809523807,31.25,31.25,26.666666666666668,28.57142857142857,28.57142857142857,38.46153846153847,35.294117647058826,29.411764705882355,33.33333333333333,31.25,35.294117647058826,37.5,35.294117647058826,33.33333333333333,28.57142857142857,26.666666666666668,16.666666666666664,37.5,41.17647058823529,24.0,31.57894736842105,31.818181818181817,30.76923076923077,17.5,10.81081081081081,28.000000000000004,30.434782608695656,27.58620689655172,32.0,43.47826086956522,34.48275862068966,41.37931034482759,57.692307692307686,62.96296296296296,56.666666666666664,41.46341463414634,45.45454545454545,42.857142857142854
health services,63.63636363636363,46.666666666666664,70.0,77.77777777777779,80.0,80.0,28.000000000000004,50.0,61.53846153846154,61.53846153846154,57.14285714285714,53.84615384615385,63.63636363636363,63.63636363636363,70.0,66.66666666666666,80.0,61.53846153846154,57.14285714285714,37.5,42.10526315789473,20.51282051282051,38.095238095238095,40.0,50.0,50.0,50.0,57.14285714285714,61.53846153846154,29.629629629629623,33.33333333333333,18.75,31.818181818181817,47.05882352941176,43.75,53.333333333333336,36.84210526315789,50.0,53.333333333333336,28.000000000000004,53.333333333333336,50.0,43.75,37.5,40.0,21.62162162162162,9.0,17.77777777777778,23.333333333333332,20.0,28.57142857142857,30.434782608695656,30.76923076923077,30.76923076923077,23.333333333333332,28.000000000000004,20.0,22.857142857142858,30.76923076923077,30.434782608695656,27.27272727272727,36.84210526315789,35.0,50.0,42.10526315789473,36.84210526315789,31.818181818181817,28.000000000000004,30.76923076923077,26.666666666666668,32.0,30.434782608695656,22.58064516129032,25.0,38.88888888888889,47.05882352941176,38.095238095238095,33.33333333333333,33.33333333333333,33.33333333333333,41.17647058823529,44.44444444444444,40.0,43.75,46.666666666666664,46.666666666666664,50.0,53.333333333333336,61.53846153846154,47.05882352941176,50.0,43.75,50.0,47.05882352941176,43.75,50.0,50.0,50.0,46.666666666666664,27.58620689655172,50.0,50.0,32.0,35.0,33.33333333333333,34.61538461538461,19.51219512195122,12.162162162162163,33.33333333333333,40.909090909090914,37.93103448275862,40.0,47.82608695652174,42.857142857142854,39.285714285714285,42.30769230769231,48.148148148148145,58.06451612903226,39.473684210526315,41.17647058823529,38.095238095238095
heat pump,18.181818181818183,20.0,30.0,22.22222222222222,20.0,18.181818181818183,8.0,23.076923076923077,23.076923076923077,14.285714285714285,14.285714285714285,15.384615384615383,16.666666666666664,18.181818181818183,20.0,16.666666666666664,20.0,15.384615384615383,13.333333333333334,20.0,21.052631578947366,7.6923076923076925,9.090909090909092,10.526315789473683,21.428571428571427,21.428571428571427,21.428571428571427,14.285714285714285,15.384615384615383,7.4074074074074066,14.285714285714285,8.823529411764707,13.043478260869565,17.647058823529413,18.75,13.333333333333334,15.789473684210526,20.0,21.428571428571427,8.0,14.285714285714285,12.5,18.75,18.75,15.0,8.333333333333332,2.0,4.0,10.0,8.571428571428571,10.714285714285714,13.043478260869565,7.6923076923076925,11.538461538461538,10.0,12.5,7.5,13.88888888888889,15.384615384615383,17.391304347826086,19.047619047619047,26.31578947368421,15.0,17.647058823529413,21.052631578947366,15.789473684210526,19.047619047619047,12.5,18.51851851851852,13.333333333333334,16.0,17.391304347826086,9.67741935483871,14.285714285714285,22.22222222222222,23.52941176470588,13.636363636363637,20.0,19.047619047619047,26.31578947368421,22.22222222222222,22.22222222222222,19.047619047619047,25.0,25.0,26.666666666666668,35.714285714285715,28.57142857142857,23.076923076923077,23.52941176470588,23.52941176470588,26.666666666666668,37.5,23.52941176470588,25.0,23.52941176470588,26.666666666666668,28.57142857142857,26.666666666666668,13.333333333333334,18.75,23.52941176470588,16.0,26.31578947368421,31.818181818181817,19.230769230769234,10.0,6.756756756756757,20.0,26.08695652173913,24.13793103448276,24.0,21.73913043478261,20.689655172413794,24.13793103448276,30.76923076923077,33.33333333333333,30.0,21.951219512195124,39.39393939393939,33.33333333333333
home care,100.0,60.0,90.0,100.0,90.0,90.0,33.33333333333333,66.66666666666666,81.81818181818183,64.28571428571429,69.23076923076923,75.0,83.33333333333334,90.9090909090909,100.0,83.33333333333334,90.0,75.0,64.28571428571429,53.333333333333336,52.63157894736842,26.31578947368421,42.857142857142854,50.0,69.23076923076923,76.92307692307693,76.92307692307693,71.42857142857143,69.23076923076923,34.61538461538461,47.368421052631575,24.24242424242424,43.47826086956522,58.82352941176471,66.66666666666666,66.66666666666666,55.55555555555556,71.42857142857143,78.57142857142857,41.66666666666667,71.42857142857143,62.5,60.0,66.66666666666666,63.1578947368421,34.285714285714285,11.0,20.0,30.0,25.0,38.46153846153847,40.909090909090914,36.0,40.0,32.142857142857146,37.5,25.0,29.411764705882355,34.61538461538461,45.45454545454545,47.61904761904761,55.55555555555556,52.63157894736842,68.75,61.111111111111114,55.55555555555556,47.61904761904761,45.83333333333333,42.30769230769231,33.33333333333333,40.0,42.857142857142854,29.03225806451613,37.03703703703704,58.82352941176471,58.82352941176471,40.909090909090914,45.0,47.368421052631575,50.0,58.82352941176471,55.55555555555556,50.0,60.0,66.66666666666666,66.66666666666666,76.92307692307693,66.66666666666666,75.0,62.5,56.25,56.25,66.66666666666666,58.82352941176471,62.5,62.5,66.66666666666666,71.42857142857143,71.42857142857143,32.25806451612903,66.66666666666666,62.5,37.5,47.368421052631575,50.0,44.0,27.500000000000004,16.43835616438356,50.0,57.14285714285714,53.57142857142857,58.333333333333336,59.09090909090909,46.42857142857143,46.42857142857143,60.0,55.55555555555556,58.620689655172406,48.717948717948715,68.75,80.0
home improvement,36.36363636363637,26.666666666666668,40.0,33.33333333333333,30.0,36.36363636363637,12.0,23.076923076923077,30.76923076923077,28.57142857142857,28.57142857142857,30.76923076923077,33.33333333333333,36.36363636363637,40.0,33.33333333333333,40.0,30.76923076923077,26.666666666666668,20.0,15.789473684210526,7.6923076923076925,18.181818181818183,21.052631578947366,28.57142857142857,35.714285714285715,35.714285714285715,28.57142857142857,30.76923076923077,11.11111111111111,19.047619047619047,11.76470588235294,17.391304347826086,23.52941176470588,50.0,66.66666666666666,42.10526315789473,60.0,64.28571428571429,32.0,57.14285714285714,43.75,50.0,56.25,40.0,22.22222222222222,10.0,28.000000000000004,53.333333333333336,42.857142857142854,50.0,43.47826086956522,34.61538461538461,42.30769230769231,33.33333333333333,37.5,22.5,25.0,34.61538461538461,47.82608695652174,52.38095238095239,52.63157894736842,40.0,23.52941176470588,26.31578947368421,21.052631578947366,19.047619047619047,16.666666666666664,14.814814814814811,13.333333333333334,16.0,17.391304347826086,12.903225806451612,14.285714285714285,22.22222222222222,23.52941176470588,18.181818181818183,15.0,14.285714285714285,15.789473684210526,16.666666666666664,16.666666666666664,14.285714285714285,25.0,25.0,26.666666666666668,28.57142857142857,28.57142857142857,23.076923076923077,17.647058823529413,17.647058823529413,20.0,18.75,17.647058823529413,25.0,23.52941176470588,20.0,21.428571428571427,20.0,10.0,18.75,17.647058823529413,12.0,10.526315789473683,13.636363636363637,15.384615384615383,10.0,5.405405405405405,12.0,17.391304347826086,17.24137931034483,16.0,17.391304347826086,13.79310344827586,13.79310344827586,15.384615384615383,14.814814814814811,16.666666666666664,12.195121951219512,15.151515151515152,19.047619047619047
hospitals,81.81818181818183,56.25,90.0,100.0,90.0,90.0,36.0,66.66666666666666,69.23076923076923,69.23076923076923,64.28571428571429,69.23076923076923,81.81818181818183,90.9090909090909,90.0,75.0,90.0,76.92307692307693,64.28571428571429,50.0,47.368421052631575,25.64102564102564,42.857142857142854,45.0,64.28571428571429,64.28571428571429,64.28571428571429,71.42857142857143,69.23076923076923,33.33333333333333,42.857142857142854,25.0,40.909090909090914,52.94117647058824,62.5,60.0,47.368421052631575,64.28571428571429,60.0,36.0,60.0,56.25,56.25,50.0,45.0,24.324324324324326,17.0,33.33333333333333,36.666666666666664,28.57142857142857,42.857142857142854,39.130434782608695,34.61538461538461,38.46153846153847,30.0,40.0,25.0,25.71428571428571,34.61538461538461,39.130434782608695,36.36363636363637,47.368421052631575,50.0,68.75,57.89473684210527,47.368421052631575,40.909090909090914,40.0,38.46153846153847,30.0,36.0,39.130434782608695,29.03225806451613,28.57142857142857,50.0,52.94117647058824,38.095238095238095,42.857142857142854,38.095238095238095,38.88888888888889,52.94117647058824,44.44444444444444,45.0,50.0,53.333333333333336,53.333333333333336,57.14285714285714,60.0,61.53846153846154,47.05882352941176,50.0,43.75,56.25,52.94117647058824,50.0,50.0,57.14285714285714,57.14285714285714,53.333333333333336,27.58620689655172,50.0,50.0,32.0,40.0,37.5,38.46153846153847,21.951219512195124,12.162162162162163,33.33333333333333,40.909090909090914,44.827586206896555,40.0,43.47826086956522,35.714285714285715,37.93103448275862,38.46153846153847,44.44444444444444,45.16129032258064,34.21052631578947,35.294117647058826,57.14285714285714
inflation,45.45454545454545,26.666666666666668,40.0,44.44444444444444,50.0,45.45454545454545,20.0,38.46153846153847,38.46153846153847,42.857142857142854,42.857142857142854,46.15384615384615,41.66666666666667,36.36363636363637,40.0,33.33333333333333,40.0,46.15384615384615,33.33333333333333,33.33333333333333,26.31578947368421,17.94871794871795,22.727272727272727,31.57894736842105,35.714285714285715,28.57142857142857,28.57142857142857,28.57142857142857,38.46153846153847,22.22222222222222,28.57142857142857,14.705882352941178,21.73913043478261,35.294117647058826,37.5,40.0,31.57894736842105,26.666666666666668,28.57142857142857,16.0,35.714285714285715,37.5,37.5,31.25,25.0,16.666666666666664,6.0,12.0,20.0,14.285714285714285,17.857142857142858,21.73913043478261,23.076923076923077,19.230769230769234,16.666666666666664,25.0,15.0,19.444444444444446,26.923076923076923,30.434782608695656,47.61904761904761,42.10526315789473,35.0,35.294117647058826,36.84210526315789,52.63157894736842,57.14285714285714,41.66666666666667,48.148148148148145,46.666666666666664,60.0,69.56521739130434,54.83870967741935,71.42857142857143,94.44444444444444,129.41176470588235,77.27272727272727,100.0,76.19047619047619,68.42105263157895,66.66666666666666,77.77777777777779,61.904761904761905,75.0,68.75,66.66666666666666,71.42857142857143,71.42857142857143,92.3076923076923,70.58823529411765,70.58823529411765,80.0,68.75,76.47058823529412,81.25,82.35294117647058,80.0,71.42857142857143,73.33333333333333,40.0,81.25,70.58823529411765,52.0,52.63157894736842,50.0,50.0,30.0,14.864864864864863,44.0,39.130434782608695,48.27586206896552,48.0,47.82608695652174,41.37931034482759,55.172413793103445,65.38461538461539,59.25925925925925,60.0,58.536585365853654,54.54545454545454,52.38095238095239
infrastructure,18.181818181818183,12.5,20.0,22.22222222222222,20.0,30.0,12.0,16.666666666666664,23.076923076923077,23.076923076923077,21.428571428571427,23.076923076923077,27.27272727272727,18.181818181818183,20.0,16.666666666666664,30.0,23.076923076923077,21.428571428571427,12.5,15.789473684210526,7.6923076923076925,14.285714285714285,15.0,14.285714285714285,14.285714285714285,14.285714285714285,14.285714285714285,15.384615384615383,11.11111111111111,9.523809523809524,6.25,9.090909090909092,17.647058823529413,18.75,20.0,15.789473684210526,14.285714285714285,13.333333333333334,8.0,13.333333333333334,18.75,12.5,12.5,15.0,8.108108108108109,4.0,6.666666666666667,6.666666666666667,5.714285714285714,7.142857142857142,8.695652173913043,11.538461538461538,11.538461538461538,6.666666666666667,8.0,5.0,8.571428571428571,11.538461538461538,21.73913043478261,13.636363636363637,21.052631578947366,20.0,56.25,26.31578947368421,31.57894736842105,59.09090909090909,12.0,11.538461538461538,13.333333333333334,16.0,17.391304347826086,9.67741935483871,10.714285714285714,16.666666666666664,17.647058823529413,14.285714285714285,14.285714285714285,14.285714285714285,16.666666666666664,17.647058823529413,22.22222222222222,15.0,18.75,20.0,20.0,21.428571428571427,20.0,23.076923076923077,17.647058823529413,18.75,18.75,18.75,23.52941176470588,25.0,25.0,28.57142857142857,21.428571428571427,20.0,10.344827586206897,25.0,25.0,16.0,15.0,16.666666666666664,19.230769230769234,9.75609756097561,6.756756756756757,16.666666666666664,27.27272727272727,24.13793103448276,28.000000000000004,30.434782608695656,25.0,31.03448275862069,34.61538461538461,37.03703703703704,54.83870967741935,39.473684210526315,41.17647058823529,33.33333333333333
insurance,1533.3333333333337,1175.0,1533.3333333333337,1600.0,1533.3333333333337,1500.0,642.8571428571429,1075.0,1666.6666666666667,1250.0,1250.0,1125.0,1633.3333333333333,1700.0,1733.3333333333333,1733.3333333333333,1700.0,1325.0,1250.0,1150.0,1020.0,463.6363636363637,816.6666666666666,980.0,1200.0,1250.0,1275.0,1275.0,1150.0,587.5,766.6666666666667,420.0,714.2857142857143,1040.0,1275.0,1225.0,1000.0,1250.0,1350.0,714.2857142857143,1275.0,1000.0,1200.0,1150.0,900.0,530.0,162.06896551724137,353.8461538461538,511.1111111111111,509.99999999999994,742.8571428571429,685.7142857142857,642.8571428571429,728.5714285714286,562.5,642.8571428571429,416.6666666666667,530.0,662.5,883.3333333333334,866.6666666666666,1080.0,1120.0,1040.0,1060.0,1060.0,866.6666666666666,728.5714285714286,675.0,588.8888888888889,800.0,933.3333333333334,533.3333333333333,650.0,1020.0,1120.0,850.0,850.0,833.3333333333334,980.0,1120.0,1080.0,933.3333333333334,1325.0,1350.0,1425.0,1450.0,1475.0,1350.0,1120.0,1140.0,1060.0,1500.0,1180.0,1220.0,1180.0,1500.0,1475.0,1525.0,677.7777777777777,1450.0,1180.0,785.7142857142857,933.3333333333334,1133.3333333333337,900.0,516.6666666666667,300.0,871.4285714285713,1066.6666666666663,1100.0,1085.7142857142858,1057.142857142857,975.0,987.5,1071.428571428571,950.0,1111.111111111111,863.6363636363636,933.3333333333334,1150.0
insurance quotes,27.27272727272727,13.333333333333334,20.0,22.22222222222222,30.0,30.0,8.0,16.666666666666664,23.076923076923077,23.076923076923077,21.428571428571427,16.666666666666664,25.0,27.27272727272727,30.0,25.0,30.0,25.0,20.0,13.333333333333334,11.11111111111111,5.405405405405405,15.0,15.789473684210526,23.076923076923077,14.285714285714285,15.384615384615383,23.076923076923077,15.384615384615383,8.0,9.523809523809524,6.0606060606060606,9.090909090909092,11.76470588235294,18.75,13.333333333333334,10.526315789473683,13.333333333333334,21.428571428571427,12.5,13.333333333333334,12.5,13.333333333333334,12.5,15.0,8.333333333333332,2.0,4.444444444444445,6.896551724137931,5.714285714285714,11.11111111111111,9.090909090909092,8.0,8.0,6.896551724137931,7.6923076923076925,7.5,11.11111111111111,19.230769230769234,21.73913043478261,28.57142857142857,36.84210526315789,26.31578947368421,25.0,21.052631578947366,16.666666666666664,14.285714285714285,12.5,11.538461538461538,6.896551724137931,11.538461538461538,9.090909090909092,6.451612903225806,11.11111111111111,16.666666666666664,17.647058823529413,9.090909090909092,9.523809523809524,10.0,11.11111111111111,17.647058823529413,17.647058823529413,14.285714285714285,12.5,13.333333333333334,20.0,23.076923076923077,20.0,25.0,12.5,25.0,20.0,18.75,17.647058823529413,17.647058823529413,18.75,14.285714285714285,21.428571428571427,14.285714285714285,10.0,13.333333333333334,12.5,8.333333333333332,10.0,18.181818181818183,11.538461538461538,7.5,4.10958904109589,12.5,13.636363636363637,32.142857142857146,25.0,31.818181818181817,27.58620689655172,27.58620689655172,24.0,22.22222222222222,41.37931034482759,35.8974358974359,36.36363636363637,35.0
interest rates,36.36363636363637,26.666666666666668,40.0,44.44444444444444,40.0,40.0,20.0,41.66666666666667,38.46153846153847,38.46153846153847,42.857142857142854,41.66666666666667,33.33333333333333,36.36363636363637,40.0,25.0,40.0,33.33333333333333,26.666666666666668,26.666666666666668,22.22222222222222,16.216216216216218,25.0,26.31578947368421,38.46153846153847,35.714285714285715,38.46153846153847,30.76923076923077,38.46153846153847,24.0,23.809523809523807,18.181818181818183,22.727272727272727,29.411764705882355,31.25,40.0,26.31578947368421,40.0,50.0,29.166666666666668,46.666666666666664,37.5,33.33333333333333,25.0,25.0,16.666666666666664,19.0,20.0,24.13793103448276,20.0,22.22222222222222,27.27272727272727,24.0,20.0,17.24137931034483,19.230769230769234,15.0,16.666666666666664,26.923076923076923,26.08695652173913,28.57142857142857,26.31578947368421,21.052631578947366,25.0,21.052631578947366,27.77777777777778,28.57142857142857,20.833333333333336,26.923076923076923,27.58620689655172,38.46153846153847,50.0,35.483870967741936,48.148148148148145,61.111111111111114,47.05882352941176,50.0,52.38095238095239,55.00000000000001,50.0,58.82352941176471,64.70588235294117,66.66666666666666,68.75,73.33333333333333,66.66666666666666,84.61538461538461,73.33333333333333,83.33333333333334,68.75,75.0,80.0,68.75,58.82352941176471,64.70588235294117,68.75,71.42857142857143,64.28571428571429,71.42857142857143,40.0,100.0,56.25,45.83333333333333,45.0,45.45454545454545,38.46153846153847,30.0,16.43835616438356,37.5,40.909090909090914,46.42857142857143,45.83333333333333,63.63636363636363,37.93103448275862,34.48275862068966,52.0,44.44444444444444,41.37931034482759,33.33333333333333,36.36363636363637,40.0
internet service,36.36363636363637,26.666666666666668,40.0,44.44444444444444,40.0,40.0,16.666666666666664,33.33333333333333,38.46153846153847,30.76923076923077,30.76923076923077,33.33333333333333,36.36363636363637,45.45454545454545,50.0,45.45454545454545,50.0,30.76923076923077,28.57142857142857,28.57142857142857,22.22222222222222,10.0,20.0,16.666666666666664,30.76923076923077,35.714285714285715,35.714285714285715,28.57142857142857,30.76923076923077,15.384615384615383,20.0,12.12121212121212,18.181818181818183,25.0,25.0,26.666666666666668,21.052631578947366,26.666666666666668,28.57142857142857,16.666666666666664,28.57142857142857,25.0,26.666666666666668,25.0,21.052631578947366,11.11111111111111,5.0,10.869565217391305,13.79310344827586,13.88888888888889,18.51851851851852,22.727272727272727,20.0,16.0,13.79310344827586,16.0,10.526315789473683,11.428571428571429,15.384615384615383,17.391304347826086,18.181818181818183,21.052631578947366,21.052631578947366,26.666666666666668,21.052631578947366,22.22222222222222,19.047619047619047,12.0,15.384615384615383,13.333333333333334,16.0,17.391304347826086,13.333333333333334,18.51851851851852,29.411764705882355,29.411764705882355,18.181818181818183,20.0,20.0,23.52941176470588,23.52941176470588,22.22222222222222,20.0,25.0,26.666666666666668,26.666666666666668,28.57142857142857,26.666666666666668,30.76923076923077,25.0,25.0,20.0,20.0,23.52941176470588,17.647058823529413,18.75,21.428571428571427,23.076923076923077,26.666666666666668,13.79310344827586,26.666666666666668,18.75,12.5,15.789473684210526,13.636363636363637,11.538461538461538,9.75609756097561,4.166666666666666,16.666666666666664,18.181818181818183,17.857142857142858,15.384615384615383,17.391304347826086,18.51851851851852,17.24137931034483,20.0,19.230769230769234,20.0,23.076923076923077,25.0,25.0
ipo,18.181818181818183,12.5,20.0,22.22222222222222,20.0,30.0,8.0,16.666666666666664,15.384615384615383,38.46153846153847,42.857142857142854,23.076923076923077,18.181818181818183,27.27272727272727,20.0,16.666666666666664,30.0,23.076923076923077,21.428571428571427,12.5,15.789473684210526,7.6923076923076925,19.047619047619047,15.0,14.285714285714285,21.428571428571427,21.428571428571427,21.428571428571427,23.076923076923077,11.11111111111111,9.523809523809524,9.375,9.090909090909092,17.647058823529413,37.5,53.333333333333336,36.84210526315789,35.714285714285715,20.0,12.0,26.666666666666668,18.75,18.75,12.5,15.0,8.108108108108109,2.0,4.444444444444445,10.0,14.285714285714285,17.857142857142858,30.434782608695656,42.30769230769231,15.384615384615383,16.666666666666664,44.0,20.0,25.71428571428571,26.923076923076923,43.47826086956522,22.727272727272727,31.57894736842105,30.0,25.0,26.31578947368421,26.31578947368421,31.818181818181817,16.0,19.230769230769234,16.666666666666664,24.0,26.08695652173913,16.129032258064516,17.857142857142858,27.77777777777778,29.411764705882355,14.285714285714285,9.523809523809524,10.0,11.11111111111111,11.76470588235294,11.11111111111111,10.0,12.5,13.333333333333334,20.0,14.285714285714285,20.0,38.46153846153847,11.76470588235294,18.75,12.5,18.75,17.647058823529413,31.25,18.75,14.285714285714285,14.285714285714285,13.333333333333334,6.896551724137931,18.75,18.75,12.0,15.0,12.5,11.538461538461538,7.317073170731707,4.054054054054054,12.5,27.27272727272727,34.48275862068966,28.000000000000004,30.434782608695656,14.285714285714285,17.24137931034483,26.923076923076923,29.629629629629623,35.483870967741936,21.052631578947366,30.303030303030305,35.0
landlord,36.36363636363637,33.33333333333333,50.0,55.55555555555556,40.0,40.0,16.0,33.33333333333333,30.76923076923077,30.76923076923077,35.714285714285715,33.33333333333333,41.66666666666667,45.45454545454545,50.0,41.66666666666667,40.0,33.33333333333333,26.666666666666668,26.666666666666668,22.22222222222222,10.81081081081081,20.0,21.052631578947366,38.46153846153847,35.714285714285715,38.46153846153847,38.46153846153847,38.46153846153847,20.0,19.047619047619047,12.12121212121212,22.727272727272727,23.52941176470588,25.0,26.666666666666668,26.31578947368421,33.33333333333333,35.714285714285715,20.833333333333336,33.33333333333333,31.25,26.666666666666668,25.0,25.0,11.11111111111111,5.0,11.11111111111111,17.24137931034483,14.285714285714285,22.22222222222222,22.727272727272727,20.0,20.0,13.79310344827586,15.384615384615383,12.5,13.88888888888889,19.230769230769234,21.73913043478261,23.809523809523807,26.31578947368421,26.31578947368421,37.5,26.31578947368421,27.77777777777778,23.809523809523807,20.833333333333336,23.076923076923077,20.689655172413794,23.076923076923077,27.27272727272727,19.35483870967742,22.22222222222222,33.33333333333333,35.294117647058826,27.27272727272727,28.57142857142857,25.0,27.77777777777778,29.411764705882355,35.294117647058826,28.57142857142857,37.5,40.0,40.0,46.15384615384615,40.0,50.0,37.5,31.25,33.33333333333333,37.5,35.294117647058826,35.294117647058826,37.5,42.857142857142854,50.0,42.857142857142854,20.0,40.0,37.5,20.833333333333336,25.0,27.27272727272727,23.076923076923077,15.0,8.21917808219178,25.0,31.818181818181817,28.57142857142857,29.166666666666668,31.818181818181817,24.13793103448276,24.13793103448276,28.000000000000004,29.629629629629623,31.03448275862069,23.076923076923077,27.27272727272727,36.84210526315789
life insurance,90.9090909090909,66.66666666666666,100.0,111.11111111111111,100.0,100.0,41.66666666666667,75.0,84.61538461538461,84.61538461538461,84.61538461538461,91.66666666666666,100.0,100.0,110.0,100.0,110.0,100.0,78.57142857142857,66.66666666666666,66.66666666666666,27.500000000000004,55.00000000000001,61.111111111111114,84.61538461538461,84.61538461538461,78.57142857142857,78.57142857142857,84.61538461538461,42.30769230769231,52.38095238095239,30.303030303030305,54.54545454545454,75.0,68.75,73.33333333333333,57.89473684210527,73.33333333333333,85.71428571428571,50.0,78.57142857142857,75.0,73.33333333333333,62.5,68.42105263157895,38.88888888888889,12.0,26.08695652173913,41.37931034482759,36.11111111111111,51.85185185185185,59.09090909090909,52.0,52.0,41.37931034482759,48.0,39.473684210526315,42.857142857142854,57.692307692307686,60.86956521739131,63.63636363636363,73.68421052631578,73.68421052631578,93.75,78.94736842105263,77.77777777777779,76.19047619047619,60.0,65.38461538461539,56.666666666666664,64.0,60.86956521739131,43.333333333333336,55.55555555555556,88.23529411764706,88.23529411764706,59.09090909090909,70.0,65.0,76.47058823529412,94.11764705882352,83.33333333333334,75.0,87.5,86.66666666666667,93.33333333333331,100.0,93.33333333333331,100.0,87.5,87.5,86.66666666666667,106.66666666666669,88.23529411764706,88.23529411764706,93.75,100.0,100.0,93.33333333333331,44.827586206896555,86.66666666666667,81.25,54.166666666666664,68.42105263157895,68.18181818181817,57.692307692307686,36.58536585365854,20.833333333333336,62.5,77.27272727272727,67.85714285714286,69.23076923076923,73.91304347826086,66.66666666666666,62.06896551724138,72.0,76.92307692307693,73.33333333333333,61.53846153846154,68.75,80.95238095238095
lithium,45.45454545454545,33.33333333333333,50.0,55.55555555555556,60.0,60.0,24.0,50.0,46.15384615384615,46.15384615384615,42.857142857142854,46.15384615384615,54.54545454545454,63.63636363636363,60.0,41.66666666666667,60.0,53.84615384615385,50.0,37.5,31.57894736842105,15.384615384615383,28.57142857142857,30.0,42.857142857142854,35.714285714285715,35.714285714285715,35.714285714285715,46.15384615384615,22.22222222222222,28.57142857142857,18.75,27.27272727272727,35.294117647058826,37.5,40.0,31.57894736842105,35.714285714285715,33.33333333333333,20.0,40.0,43.75,43.75,37.5,30.0,16.216216216216218,5.0,13.333333333333334,20.0,17.142857142857142,21.428571428571427,26.08695652173913,26.923076923076923,30.76923076923077,23.333333333333332,28.000000000000004,20.0,22.857142857142858,26.923076923076923,34.78260869565217,36.36363636363637,42.10526315789473,35.0,43.75,42.10526315789473,42.10526315789473,36.36363636363637,28.000000000000004,34.61538461538461,30.0,40.0,39.130434782608695,29.03225806451613,28.57142857142857,44.44444444444444,52.94117647058824,42.857142857142854,38.095238095238095,42.857142857142854,44.44444444444444,52.94117647058824,50.0,45.0,56.25,60.0,53.333333333333336,57.14285714285714,53.333333333333336,76.92307692307693,52.94117647058824,56.25,50.0,56.25,58.82352941176471,56.25,56.25,64.28571428571429,64.28571428571429,53.333333333333336,27.58620689655172,56.25,81.25,36.0,45.0,37.5,34.61538461538461,21.951219512195124,12.162162162162163,37.5,40.909090909090914,37.93103448275862,44.0,43.47826086956522,39.285714285714285,39.285714285714285,42.30769230769231,40.74074074074074,38.70967741935484,39.473684210526315,70.58823529411765,61.904761904761905
live streaming,45.45454545454545,40.0,50.0,66.66666666666666,60.0,70.0,28.000000000000004,33.33333333333333,61.53846153846154,38.46153846153847,35.714285714285715,41.66666666666667,33.33333333333333,63.63636363636363,40.0,58.333333333333336,70.0,41.66666666666667,33.33333333333333,26.666666666666668,22.22222222222222,13.513513513513514,25.0,26.31578947368421,30.76923076923077,35.714285714285715,38.46153846153847,30.76923076923077,61.53846153846154,20.0,19.047619047619047,15.151515151515152,22.727272727272727,23.52941176470588,25.0,26.666666666666668,21.052631578947366,33.33333333333333,28.57142857142857,16.666666666666664,33.33333333333333,25.0,33.33333333333333,25.0,25.0,13.88888888888889,6.0,11.11111111111111,13.79310344827586,11.428571428571429,14.814814814814811,22.727272727272727,20.0,20.0,17.24137931034483,15.384615384615383,12.5,11.11111111111111,11.538461538461538,13.043478260869565,14.285714285714285,15.789473684210526,15.789473684210526,18.75,21.052631578947366,22.22222222222222,19.047619047619047,12.5,15.384615384615383,10.344827586206897,11.538461538461538,13.636363636363637,12.903225806451612,11.11111111111111,16.666666666666664,17.647058823529413,18.181818181818183,14.285714285714285,20.0,22.22222222222222,17.647058823529413,17.647058823529413,14.285714285714285,18.75,20.0,20.0,23.076923076923077,20.0,33.33333333333333,25.0,18.75,20.0,18.75,17.647058823529413,17.647058823529413,18.75,14.285714285714285,21.428571428571427,14.285714285714285,6.666666666666667,20.0,18.75,12.5,15.0,13.636363636363637,11.538461538461538,7.5,2.73972602739726,12.5,13.636363636363637,14.285714285714285,12.5,18.181818181818183,10.344827586206897,13.79310344827586,16.0,14.814814814814811,13.79310344827586,10.256410256410255,12.12121212121212,15.789473684210526
loan rates,27.27272727272727,20.0,30.0,33.33333333333333,30.0,20.0,12.0,25.0,23.076923076923077,23.076923076923077,21.428571428571427,23.076923076923077,27.27272727272727,27.27272727272727,30.0,25.0,30.0,23.076923076923077,21.428571428571427,18.75,15.789473684210526,7.6923076923076925,19.047619047619047,20.0,28.57142857142857,28.57142857142857,28.57142857142857,28.57142857142857,23.076923076923077,11.11111111111111,14.285714285714285,9.375,18.181818181818183,23.52941176470588,25.0,26.666666666666668,21.052631578947366,28.57142857142857,26.666666666666668,20.0,26.666666666666668,25.0,25.0,18.75,20.0,10.81081081081081,8.0,11.11111111111111,20.0,14.285714285714285,21.428571428571427,21.73913043478261,15.384615384615383,15.384615384615383,10.0,16.0,10.0,11.428571428571429,15.384615384615383,17.391304347826086,18.181818181818183,21.052631578947366,20.0,18.75,15.789473684210526,15.789473684210526,13.636363636363637,12.0,15.384615384615383,13.333333333333334,16.0,17.391304347826086,12.903225806451612,17.857142857142858,27.77777777777778,29.411764705882355,23.809523809523807,23.809523809523807,19.047619047619047,22.22222222222222,29.411764705882355,33.33333333333333,30.0,37.5,40.0,40.0,42.857142857142854,40.0,38.46153846153847,29.411764705882355,31.25,37.5,37.5,35.294117647058826,37.5,37.5,42.857142857142854,42.857142857142854,40.0,20.689655172413794,37.5,31.25,20.0,25.0,25.0,23.076923076923077,14.634146341463412,8.108108108108109,20.833333333333336,22.727272727272727,27.58620689655172,24.0,26.08695652173913,21.428571428571427,21.428571428571427,23.076923076923077,25.925925925925924,22.58064516129032,21.052631578947366,23.52941176470588,30.0
logistics,72.72727272727273,53.333333333333336,70.0,88.88888888888889,80.0,70.0,28.000000000000004,58.333333333333336,61.53846153846154,69.23076923076923,57.14285714285714,61.53846153846154,72.72727272727273,81.81818181818183,90.0,75.0,90.0,69.23076923076923,57.14285714285714,50.0,47.368421052631575,23.076923076923077,38.095238095238095,45.0,64.28571428571429,64.28571428571429,64.28571428571429,71.42857142857143,69.23076923076923,37.03703703703704,42.857142857142854,25.0,50.0,58.82352941176471,56.25,66.66666666666666,52.63157894736842,64.28571428571429,66.66666666666666,40.0,60.0,62.5,50.0,56.25,50.0,27.027027027027028,9.0,17.77777777777778,26.666666666666668,25.71428571428571,32.142857142857146,39.130434782608695,38.46153846153847,38.46153846153847,30.0,36.0,22.5,25.71428571428571,38.46153846153847,43.47826086956522,45.45454545454545,57.89473684210527,50.0,62.5,57.89473684210527,52.63157894736842,45.45454545454545,40.0,38.46153846153847,36.666666666666664,44.0,43.47826086956522,32.25806451612903,39.285714285714285,55.55555555555556,64.70588235294117,52.38095238095239,47.61904761904761,47.61904761904761,50.0,58.82352941176471,55.55555555555556,50.0,62.5,66.66666666666666,73.33333333333333,78.57142857142857,73.33333333333333,76.92307692307693,58.82352941176471,56.25,56.25,68.75,58.82352941176471,56.25,62.5,71.42857142857143,71.42857142857143,66.66666666666666,34.48275862068966,62.5,62.5,36.0,45.0,41.66666666666667,38.46153846153847,24.390243902439025,13.513513513513514,41.66666666666667,54.54545454545454,48.27586206896552,44.0,47.82608695652174,39.285714285714285,42.857142857142854,46.15384615384615,51.85185185185185,58.06451612903226,44.73684210526316,47.05882352941176,52.38095238095239
lumber,163.63636363636363,100.0,160.0,177.77777777777777,160.0,150.0,56.00000000000001,100.0,100.0,176.9230769230769,107.14285714285714,130.76923076923077,154.54545454545453,154.54545454545453,160.0,133.33333333333331,160.0,115.38461538461536,92.85714285714286,81.25,68.42105263157895,35.8974358974359,71.42857142857143,80.0,121.42857142857142,121.42857142857142,114.28571428571428,114.28571428571428,107.6923076923077,51.85185185185185,61.904761904761905,37.5,59.09090909090909,76.47058823529412,100.0,106.66666666666669,84.21052631578947,114.28571428571428,113.33333333333331,64.0,100.0,93.75,81.25,75.0,70.0,35.13513513513514,14.000000000000002,44.44444444444444,76.66666666666667,65.71428571428571,75.0,82.6086956521739,73.07692307692307,65.38461538461539,50.0,56.00000000000001,37.5,45.714285714285715,76.92307692307693,95.65217391304348,104.54545454545456,121.05263157894736,95.0,100.0,78.94736842105263,73.68421052631578,59.09090909090909,52.0,53.84615384615385,50.0,64.0,73.91304347826086,54.83870967741935,60.71428571428571,88.88888888888889,88.23529411764706,66.66666666666666,66.66666666666666,52.38095238095239,55.55555555555556,64.70588235294117,66.66666666666666,60.0,81.25,93.33333333333331,86.66666666666667,85.71428571428571,80.0,84.61538461538461,70.58823529411765,68.75,62.5,62.5,64.70588235294117,68.75,75.0,85.71428571428571,85.71428571428571,80.0,41.37931034482759,68.75,68.75,40.0,40.0,37.5,38.46153846153847,29.268292682926827,16.216216216216218,45.83333333333333,50.0,37.93103448275862,44.0,43.47826086956522,35.714285714285715,34.48275862068966,34.61538461538461,33.33333333333333,32.25806451612903,28.947368421052634,38.23529411764706,52.38095238095239
machine learning,9.090909090909092,6.666666666666667,10.0,11.11111111111111,10.0,20.0,8.333333333333332,16.666666666666664,15.384615384615383,15.384615384615383,15.384615384615383,16.666666666666664,18.181818181818183,18.181818181818183,20.0,18.181818181818183,20.0,23.076923076923077,21.428571428571427,13.333333333333334,11.11111111111111,7.5,15.0,16.666666666666664,23.076923076923077,15.384615384615383,21.428571428571427,14.285714285714285,23.076923076923077,11.538461538461538,14.285714285714285,6.0606060606060606,13.636363636363637,18.75,18.75,20.0,15.789473684210526,20.0,21.428571428571427,12.5,21.428571428571427,18.75,20.0,12.5,10.526315789473683,8.333333333333332,2.0,4.3478260869565215,6.896551724137931,5.555555555555555,7.4074074074074066,9.090909090909092,8.0,8.0,6.896551724137931,8.0,5.263157894736842,5.714285714285714,7.6923076923076925,8.695652173913043,9.090909090909092,10.526315789473683,10.526315789473683,12.5,10.526315789473683,16.666666666666664,9.523809523809524,8.0,7.6923076923076925,10.0,12.0,13.043478260869565,10.0,11.11111111111111,17.647058823529413,17.647058823529413,13.636363636363637,15.0,15.0,17.647058823529413,17.647058823529413,16.666666666666664,15.0,18.75,20.0,20.0,21.428571428571427,20.0,23.076923076923077,18.75,18.75,20.0,20.0,17.647058823529413,17.647058823529413,18.75,21.428571428571427,23.076923076923077,20.0,10.344827586206897,20.0,18.75,12.5,15.789473684210526,13.636363636363637,15.384615384615383,7.317073170731707,4.166666666666666,12.5,18.181818181818183,21.428571428571427,19.230769230769234,21.73913043478261,14.814814814814811,20.689655172413794,24.0,30.76923076923077,40.0,38.46153846153847,34.375,19.047619047619047
machinery,27.27272727272727,18.75,20.0,33.33333333333333,30.0,30.0,12.0,16.666666666666664,23.076923076923077,23.076923076923077,21.428571428571427,23.076923076923077,27.27272727272727,27.27272727272727,30.0,25.0,30.0,23.076923076923077,21.428571428571427,18.75,15.789473684210526,7.6923076923076925,14.285714285714285,15.0,21.428571428571427,21.428571428571427,21.428571428571427,21.428571428571427,23.076923076923077,11.11111111111111,9.523809523809524,6.25,13.636363636363637,17.647058823529413,18.75,20.0,15.789473684210526,21.428571428571427,20.0,12.0,20.0,18.75,18.75,12.5,15.0,8.108108108108109,3.0,6.666666666666667,10.0,8.571428571428571,10.714285714285714,13.043478260869565,11.538461538461538,11.538461538461538,6.666666666666667,12.0,7.5,8.571428571428571,11.538461538461538,13.043478260869565,13.636363636363637,15.789473684210526,15.0,18.75,15.789473684210526,15.789473684210526,13.636363636363637,12.0,11.538461538461538,10.0,12.0,13.043478260869565,9.67741935483871,10.714285714285714,16.666666666666664,17.647058823529413,14.285714285714285,14.285714285714285,14.285714285714285,11.11111111111111,17.647058823529413,16.666666666666664,15.0,18.75,20.0,20.0,14.285714285714285,20.0,23.076923076923077,17.647058823529413,18.75,18.75,18.75,17.647058823529413,18.75,18.75,21.428571428571427,14.285714285714285,13.333333333333334,10.344827586206897,18.75,18.75,12.0,10.0,12.5,11.538461538461538,7.317073170731707,4.054054054054054,12.5,13.636363636363637,13.79310344827586,12.0,13.043478260869565,10.714285714285714,10.344827586206897,11.538461538461538,14.814814814814811,19.35483870967742,10.526315789473683,14.705882352941178,14.285714285714285
manufacturing,100.0,73.33333333333333,100.0,122.22222222222224,110.0,100.0,44.0,69.23076923076923,92.3076923076923,92.85714285714286,85.71428571428571,92.3076923076923,100.0,100.0,100.0,100.0,110.0,100.0,73.33333333333333,60.0,57.89473684210527,30.76923076923077,50.0,63.1578947368421,78.57142857142857,78.57142857142857,78.57142857142857,78.57142857142857,92.3076923076923,44.44444444444444,52.38095238095239,26.47058823529412,52.17391304347826,76.47058823529412,75.0,80.0,63.1578947368421,73.33333333333333,78.57142857142857,44.0,85.71428571428571,81.25,62.5,56.25,60.0,36.11111111111111,12.0,24.0,36.666666666666664,34.285714285714285,35.714285714285715,43.47826086956522,46.15384615384615,46.15384615384615,33.33333333333333,41.66666666666667,25.0,30.555555555555557,42.30769230769231,52.17391304347826,52.38095238095239,57.89473684210527,50.0,58.82352941176471,57.89473684210527,63.1578947368421,52.38095238095239,37.5,40.74074074074074,46.666666666666664,56.00000000000001,52.17391304347826,38.70967741935484,39.285714285714285,61.111111111111114,64.70588235294117,54.54545454545454,60.0,52.38095238095239,52.63157894736842,61.111111111111114,72.22222222222221,57.14285714285714,75.0,68.75,73.33333333333333,78.57142857142857,78.57142857142857,100.0,76.47058823529412,70.58823529411765,66.66666666666666,75.0,82.35294117647058,81.25,82.35294117647058,80.0,78.57142857142857,73.33333333333333,36.666666666666664,81.25,82.35294117647058,48.0,52.63157894736842,54.54545454545454,57.692307692307686,35.0,21.62162162162162,56.00000000000001,69.56521739130434,62.06896551724138,68.0,73.91304347826086,55.172413793103445,62.06896551724138,65.38461538461539,77.77777777777779,86.66666666666667,68.29268292682927,78.78787878787878,76.19047619047619
materials,109.09090909090908,66.66666666666666,100.0,111.11111111111111,120.0,130.0,48.0,83.33333333333334,92.3076923076923,100.0,92.85714285714286,116.66666666666669,108.33333333333331,90.9090909090909,100.0,83.33333333333334,120.0,108.33333333333331,80.0,66.66666666666666,66.66666666666666,35.13513513513514,65.0,68.42105263157895,92.3076923076923,71.42857142857143,76.92307692307693,84.61538461538461,92.3076923076923,52.0,57.14285714285714,30.303030303030305,54.54545454545454,82.35294117647058,87.5,86.66666666666667,73.68421052631578,73.33333333333333,78.57142857142857,45.83333333333333,86.66666666666667,87.5,126.66666666666666,93.75,70.0,36.11111111111111,13.0,33.33333333333333,48.27586206896552,34.285714285714285,44.44444444444444,50.0,56.00000000000001,52.0,48.27586206896552,57.692307692307686,32.5,36.11111111111111,53.84615384615385,60.86956521739131,61.904761904761905,63.1578947368421,52.63157894736842,68.75,68.42105263157895,66.66666666666666,57.14285714285714,41.66666666666667,53.84615384615385,55.172413793103445,61.53846153846154,77.27272727272727,48.38709677419355,44.44444444444444,66.66666666666666,76.47058823529412,68.18181818181817,71.42857142857143,70.0,94.44444444444444,100.0,94.11764705882352,76.19047619047619,93.75,93.33333333333331,80.0,92.3076923076923,86.66666666666667,141.66666666666669,106.25,100.0,86.66666666666667,93.75,100.0,94.11764705882352,106.25,107.14285714285714,92.85714285714286,85.71428571428571,46.666666666666664,120.0,106.25,66.66666666666666,75.0,72.72727272727273,69.23076923076923,47.5,26.027397260273972,75.0,68.18181818181817,67.85714285714286,70.83333333333334,90.9090909090909,75.86206896551724,79.3103448275862,92.0,96.29629629629628,113.79310344827589,79.48717948717949,87.87878787878788,100.0
medicaid,136.36363636363637,100.0,150.0,188.88888888888889,150.0,160.0,64.0,116.66666666666669,146.15384615384613,130.76923076923077,128.57142857142858,133.33333333333331,141.66666666666669,172.72727272727272,180.0,150.0,150.0,141.66666666666669,120.0,106.66666666666669,105.55555555555556,48.64864864864865,85.0,94.73684210526316,130.76923076923077,121.42857142857142,146.15384615384613,138.46153846153845,123.07692307692308,76.0,85.71428571428571,51.51515151515152,90.9090909090909,111.76470588235294,118.75,126.66666666666666,94.73684210526316,120.0,135.71428571428572,83.33333333333334,120.0,118.75,120.0,106.25,105.0,55.55555555555556,17.0,31.11111111111111,48.27586206896552,48.57142857142857,62.96296296296296,77.27272727272727,64.0,76.0,58.620689655172406,61.53846153846154,45.0,50.0,69.23076923076923,73.91304347826086,85.71428571428571,105.26315789473684,94.73684210526316,118.75,94.73684210526316,100.0,90.47619047619048,70.83333333333334,73.07692307692307,68.96551724137932,76.92307692307693,81.81818181818183,54.83870967741935,70.37037037037037,100.0,117.64705882352942,86.36363636363636,95.23809523809524,95.0,94.44444444444444,123.52941176470588,129.41176470588235,104.76190476190476,131.25,140.0,140.0,169.23076923076923,153.33333333333334,175.0,143.75,143.75,140.0,143.75,135.29411764705884,129.41176470588235,150.0,150.0,150.0,157.14285714285714,76.66666666666667,140.0,143.75,95.83333333333334,110.0,131.8181818181818,126.92307692307692,67.5,34.24657534246575,112.5,127.27272727272728,153.57142857142858,108.33333333333331,113.63636363636364,110.34482758620688,89.65517241379311,104.0,111.11111111111111,103.44827586206895,74.35897435897436,84.84848484848484,120.0
medical insurance,27.27272727272727,18.75,30.0,33.33333333333333,30.0,30.0,16.0,25.0,30.76923076923077,23.076923076923077,21.428571428571427,23.076923076923077,27.27272727272727,27.27272727272727,30.0,25.0,30.0,30.76923076923077,28.57142857142857,18.75,15.789473684210526,10.256410256410255,14.285714285714285,15.0,21.428571428571427,21.428571428571427,21.428571428571427,21.428571428571427,23.076923076923077,14.814814814814811,19.047619047619047,9.375,18.181818181818183,23.52941176470588,18.75,20.0,15.789473684210526,21.428571428571427,20.0,12.0,20.0,25.0,25.0,18.75,20.0,10.81081081081081,3.0,6.666666666666667,10.0,8.571428571428571,10.714285714285714,13.043478260869565,11.538461538461538,15.384615384615383,10.0,12.0,7.5,8.571428571428571,15.384615384615383,13.043478260869565,13.636363636363637,15.789473684210526,15.0,18.75,15.789473684210526,21.052631578947366,22.727272727272727,16.0,15.384615384615383,13.333333333333334,16.0,17.391304347826086,12.903225806451612,10.714285714285714,22.22222222222222,23.52941176470588,14.285714285714285,19.047619047619047,19.047619047619047,16.666666666666664,23.52941176470588,22.22222222222222,20.0,25.0,26.666666666666668,26.666666666666668,28.57142857142857,26.666666666666668,30.76923076923077,23.52941176470588,25.0,25.0,25.0,29.411764705882355,25.0,31.25,28.57142857142857,28.57142857142857,26.666666666666668,13.79310344827586,25.0,25.0,20.0,20.0,20.833333333333336,19.230769230769234,12.195121951219512,6.756756756756757,20.833333333333336,22.727272727272727,20.689655172413794,24.0,26.08695652173913,21.428571428571427,24.13793103448276,23.076923076923077,25.925925925925924,25.806451612903224,23.684210526315788,26.47058823529412,23.809523809523807
medicare,136.36363636363637,113.33333333333331,160.0,200.0,180.0,229.99999999999997,96.0,158.33333333333331,161.53846153846155,153.84615384615387,142.85714285714286,141.66666666666669,150.0,163.63636363636363,180.0,150.0,190.0,208.33333333333337,153.33333333333334,140.0,111.11111111111111,51.35135135135135,100.0,100.0,130.76923076923077,135.71428571428572,153.84615384615387,153.84615384615387,161.53846153846155,112.0,123.8095238095238,66.66666666666666,109.09090909090908,135.29411764705884,143.75,146.66666666666666,110.5263157894737,133.33333333333331,150.0,91.66666666666666,153.33333333333334,206.25,193.33333333333337,156.25,130.0,77.77777777777779,22.0,37.77777777777778,62.06896551724138,54.285714285714285,77.77777777777779,95.45454545454544,92.0,116.0,100.0,92.3076923076923,57.49999999999999,66.66666666666666,92.3076923076923,108.69565217391305,109.52380952380952,131.57894736842107,131.57894736842107,156.25,142.10526315789474,194.44444444444443,171.42857142857142,116.66666666666669,115.38461538461536,89.65517241379311,103.84615384615384,118.1818181818182,74.19354838709677,85.18518518518519,133.33333333333331,158.8235294117647,113.63636363636364,171.42857142857142,165.0,150.0,170.58823529411765,164.70588235294116,133.33333333333331,156.25,166.66666666666669,160.0,176.9230769230769,173.33333333333334,233.33333333333337,212.5,212.5,186.66666666666663,187.5,164.70588235294116,164.70588235294116,168.75,171.42857142857142,164.28571428571428,185.71428571428572,90.0,186.66666666666663,237.5,162.5,170.0,159.0909090909091,142.30769230769232,77.5,41.0958904109589,125.0,136.36363636363637,128.57142857142858,125.0,150.0,182.75862068965515,165.51724137931035,152.0,140.74074074074073,131.0344827586207,97.43589743589745,112.12121212121212,145.0
mental health,100.0,66.66666666666666,100.0,111.11111111111111,110.0,109.09090909090908,48.0,76.92307692307693,92.3076923076923,92.85714285714286,92.85714285714286,100.0,108.33333333333331,100.0,110.0,91.66666666666666,110.0,107.6923076923077,86.66666666666667,73.33333333333333,68.42105263157895,38.46153846153847,63.63636363636363,73.68421052631578,107.14285714285714,100.0,92.85714285714286,92.85714285714286,107.6923076923077,66.66666666666666,71.42857142857143,38.23529411764706,65.21739130434783,94.11764705882352,93.75,113.33333333333331,89.47368421052632,93.33333333333331,100.0,56.00000000000001,107.14285714285714,125.0,100.0,81.25,75.0,47.22222222222222,15.0,30.0,53.333333333333336,42.857142857142854,53.57142857142857,60.86956521739131,65.38461538461539,73.07692307692307,46.666666666666664,54.166666666666664,35.0,44.44444444444444,65.38461538461539,73.91304347826086,90.47619047619048,84.21052631578947,80.0,88.23529411764706,89.47368421052632,105.26315789473684,85.71428571428571,66.66666666666666,66.66666666666666,70.0,92.0,104.34782608695652,83.87096774193549,71.42857142857143,100.0,105.88235294117648,100.0,110.0,104.76190476190476,100.0,116.66666666666669,122.22222222222224,114.28571428571428,143.75,150.0,140.0,128.57142857142858,135.71428571428572,169.23076923076923,141.1764705882353,129.41176470588235,126.66666666666666,143.75,141.1764705882353,137.5,147.05882352941177,160.0,150.0,126.66666666666666,63.33333333333333,143.75,141.1764705882353,92.0,105.26315789473684,100.0,96.15384615384616,62.5,35.13513513513514,104.0,104.34782608695652,93.10344827586206,92.0,117.3913043478261,96.55172413793105,96.55172413793105,100.0,103.7037037037037,130.0,92.6829268292683,103.03030303030305,128.57142857142858
metals,54.54545454545454,33.33333333333333,50.0,77.77777777777779,70.0,80.0,32.0,50.0,53.84615384615385,53.84615384615385,50.0,50.0,50.0,45.45454545454545,50.0,41.66666666666667,70.0,66.66666666666666,53.333333333333336,46.666666666666664,38.88888888888889,21.62162162162162,35.0,31.57894736842105,46.15384615384615,35.714285714285715,38.46153846153847,46.15384615384615,53.84615384615385,32.0,38.095238095238095,21.21212121212121,31.818181818181817,41.17647058823529,37.5,40.0,31.57894736842105,33.33333333333333,35.714285714285715,25.0,46.666666666666664,50.0,46.666666666666664,37.5,35.0,19.444444444444446,6.0,13.333333333333334,20.689655172413794,14.285714285714285,22.22222222222222,27.27272727272727,32.0,32.0,24.13793103448276,23.076923076923077,17.5,22.22222222222222,26.923076923076923,30.434782608695656,28.57142857142857,31.57894736842105,26.31578947368421,37.5,36.84210526315789,33.33333333333333,33.33333333333333,25.0,23.076923076923077,27.58620689655172,26.923076923076923,36.36363636363637,22.58064516129032,22.22222222222222,27.77777777777778,35.294117647058826,36.36363636363637,42.857142857142854,40.0,44.44444444444444,47.05882352941176,47.05882352941176,38.095238095238095,43.75,53.333333333333336,40.0,38.46153846153847,40.0,66.66666666666666,56.25,50.0,46.666666666666664,43.75,47.05882352941176,41.17647058823529,43.75,50.0,42.857142857142854,50.0,23.333333333333332,60.0,56.25,29.166666666666668,35.0,31.818181818181817,30.76923076923077,17.5,10.95890410958904,29.166666666666668,27.27272727272727,25.0,29.166666666666668,40.909090909090914,37.93103448275862,31.03448275862069,40.0,44.44444444444444,44.827586206896555,28.205128205128204,30.303030303030305,36.84210526315789
mining,54.54545454545454,33.33333333333333,60.0,66.66666666666666,60.0,60.0,24.0,50.0,46.15384615384615,53.84615384615385,50.0,53.84615384615385,72.72727272727273,90.9090909090909,80.0,66.66666666666666,80.0,69.23076923076923,78.57142857142857,112.5,84.21052631578947,30.76923076923077,42.857142857142854,40.0,50.0,50.0,50.0,50.0,46.15384615384615,25.925925925925924,33.33333333333333,18.75,31.818181818181817,41.17647058823529,37.5,46.666666666666664,31.57894736842105,42.857142857142854,40.0,24.0,40.0,37.5,37.5,37.5,35.0,16.216216216216218,6.0,15.555555555555555,23.333333333333332,17.142857142857142,25.0,30.434782608695656,26.923076923076923,23.076923076923077,23.333333333333332,28.000000000000004,25.0,40.0,42.30769230769231,52.17391304347826,68.18181818181817,52.63157894736842,45.0,56.25,47.368421052631575,52.63157894736842,50.0,40.0,46.15384615384615,36.666666666666664,44.0,47.82608695652174,29.03225806451613,32.142857142857146,50.0,47.05882352941176,38.095238095238095,33.33333333333333,33.33333333333333,44.44444444444444,47.05882352941176,44.44444444444444,35.0,43.75,46.666666666666664,40.0,50.0,40.0,53.84615384615385,41.17647058823529,43.75,43.75,50.0,52.94117647058824,50.0,50.0,50.0,50.0,46.666666666666664,24.13793103448276,43.75,50.0,32.0,40.0,33.33333333333333,34.61538461538461,19.51219512195122,10.81081081081081,37.5,36.36363636363637,34.48275862068966,36.0,39.130434782608695,35.714285714285715,39.285714285714285,46.15384615384615,55.55555555555556,58.06451612903226,42.10526315789473,41.17647058823529,42.857142857142854
mortgage rates,45.45454545454545,46.666666666666664,70.0,66.66666666666666,50.0,45.45454545454545,28.000000000000004,46.15384615384615,46.15384615384615,35.714285714285715,42.857142857142854,46.15384615384615,50.0,54.54545454545454,60.0,41.66666666666667,50.0,30.76923076923077,26.666666666666668,26.666666666666668,26.31578947368421,17.94871794871795,27.27272727272727,31.57894736842105,42.857142857142854,42.857142857142854,42.857142857142854,35.714285714285715,30.76923076923077,18.51851851851852,23.809523809523807,14.705882352941178,26.08695652173913,29.411764705882355,43.75,46.666666666666664,36.84210526315789,60.0,64.28571428571429,56.00000000000001,78.57142857142857,56.25,43.75,31.25,35.0,30.555555555555557,47.0,40.0,50.0,40.0,57.14285714285714,56.52173913043478,42.30769230769231,34.61538461538461,26.666666666666668,33.33333333333333,25.0,27.77777777777778,42.30769230769231,39.130434782608695,38.095238095238095,36.84210526315789,35.0,41.17647058823529,31.57894736842105,31.57894736842105,33.33333333333333,20.833333333333336,29.629629629629623,30.0,44.0,56.52173913043478,38.70967741935484,50.0,66.66666666666666,52.94117647058824,50.0,55.00000000000001,47.61904761904761,42.10526315789473,50.0,55.55555555555556,61.904761904761905,62.5,62.5,60.0,71.42857142857143,71.42857142857143,69.23076923076923,64.70588235294117,58.82352941176471,80.0,68.75,58.82352941176471,62.5,58.82352941176471,66.66666666666666,64.28571428571429,60.0,50.0,106.25,64.70588235294117,48.0,52.63157894736842,45.45454545454545,38.46153846153847,32.5,20.27027027027027,40.0,39.130434782608695,41.37931034482759,48.0,78.26086956521739,44.827586206896555,37.93103448275862,46.15384615384615,48.148148148148145,43.333333333333336,36.58536585365854,36.36363636363637,47.61904761904761
nasdaq,27.27272727272727,20.0,30.0,33.33333333333333,30.0,30.0,16.0,25.0,23.076923076923077,28.57142857142857,28.57142857142857,25.0,33.33333333333333,36.36363636363637,36.36363636363637,36.36363636363637,30.0,33.33333333333333,26.666666666666668,26.666666666666668,26.31578947368421,15.789473684210526,23.809523809523807,26.31578947368421,30.76923076923077,28.57142857142857,38.46153846153847,35.714285714285715,30.76923076923077,22.22222222222222,25.0,18.181818181818183,23.809523809523807,23.52941176470588,25.0,26.666666666666668,26.31578947368421,25.0,28.57142857142857,20.833333333333336,26.666666666666668,25.0,25.0,25.0,25.0,16.666666666666664,10.0,13.333333333333334,20.689655172413794,22.857142857142858,29.629629629629623,31.818181818181817,36.0,26.923076923076923,23.333333333333332,33.33333333333333,22.5,28.57142857142857,50.0,47.82608695652174,47.61904761904761,47.368421052631575,42.10526315789473,53.333333333333336,42.10526315789473,44.44444444444444,38.095238095238095,33.33333333333333,38.46153846153847,34.48275862068966,36.0,36.36363636363637,35.483870967741936,33.33333333333333,47.05882352941176,47.05882352941176,36.36363636363637,38.095238095238095,40.0,38.88888888888889,41.17647058823529,47.05882352941176,40.0,37.5,46.666666666666664,46.666666666666664,53.84615384615385,57.14285714285714,50.0,43.75,37.5,46.666666666666664,43.75,41.17647058823529,43.75,50.0,50.0,50.0,57.14285714285714,36.666666666666664,57.14285714285714,43.75,33.33333333333333,40.0,36.36363636363637,34.61538461538461,32.5,26.027397260273972,41.66666666666667,40.909090909090914,39.285714285714285,40.0,40.909090909090914,35.714285714285715,39.285714285714285,44.0,40.74074074074074,44.827586206896555,35.8974358974359,39.39393939393939,45.0
natural gas,54.54545454545454,33.33333333333333,50.0,55.55555555555556,50.0,54.54545454545454,24.0,46.15384615384615,46.15384615384615,42.857142857142854,42.857142857142854,46.15384615384615,41.66666666666667,45.45454545454545,50.0,41.66666666666667,60.0,46.15384615384615,40.0,40.0,36.84210526315789,15.384615384615383,27.27272727272727,31.57894736842105,42.857142857142854,35.714285714285715,35.714285714285715,35.714285714285715,38.46153846153847,22.22222222222222,33.33333333333333,17.647058823529413,30.434782608695656,35.294117647058826,37.5,40.0,31.57894736842105,33.33333333333333,35.714285714285715,20.0,42.857142857142854,37.5,43.75,37.5,30.0,16.666666666666664,6.0,12.0,20.0,14.285714285714285,17.857142857142858,26.08695652173913,23.076923076923077,23.076923076923077,20.0,25.0,15.0,25.0,23.076923076923077,26.08695652173913,28.57142857142857,26.31578947368421,25.0,29.411764705882355,36.84210526315789,36.84210526315789,33.33333333333333,25.0,25.925925925925924,26.666666666666668,36.0,34.78260869565217,22.58064516129032,25.0,38.88888888888889,35.294117647058826,31.818181818181817,35.0,33.33333333333333,42.10526315789473,50.0,44.44444444444444,33.33333333333333,43.75,37.5,40.0,35.714285714285715,35.714285714285715,38.46153846153847,35.294117647058826,41.17647058823529,40.0,50.0,41.17647058823529,37.5,35.294117647058826,40.0,35.714285714285715,40.0,16.666666666666664,31.25,35.294117647058826,24.0,31.57894736842105,31.818181818181817,26.923076923076923,17.5,9.45945945945946,24.0,26.08695652173913,20.689655172413794,24.0,26.08695652173913,24.13793103448276,27.58620689655172,30.76923076923077,37.03703703703704,33.33333333333333,26.82926829268293,39.39393939393939,33.33333333333333
networking,27.27272727272727,20.0,30.0,33.33333333333333,30.0,30.0,12.0,25.0,23.076923076923077,30.76923076923077,28.57142857142857,23.076923076923077,27.27272727272727,27.27272727272727,30.0,25.0,30.0,23.076923076923077,21.428571428571427,12.5,15.789473684210526,7.6923076923076925,14.285714285714285,15.0,21.428571428571427,21.428571428571427,21.428571428571427,21.428571428571427,23.076923076923077,11.11111111111111,14.285714285714285,6.25,13.636363636363637,17.647058823529413,18.75,20.0,15.789473684210526,21.428571428571427,13.333333333333334,8.0,20.0,18.75,18.75,12.5,15.0,8.108108108108109,2.0,4.444444444444445,6.666666666666667,5.714285714285714,7.142857142857142,8.695652173913043,11.538461538461538,7.6923076923076925,6.666666666666667,8.0,5.0,5.714285714285714,7.6923076923076925,8.695652173913043,9.090909090909092,10.526315789473683,10.0,12.5,15.789473684210526,10.526315789473683,9.090909090909092,8.0,7.6923076923076925,10.0,12.0,13.043478260869565,9.67741935483871,7.142857142857142,11.11111111111111,17.647058823529413,14.285714285714285,14.285714285714285,14.285714285714285,11.11111111111111,17.647058823529413,16.666666666666664,15.0,18.75,20.0,20.0,14.285714285714285,20.0,23.076923076923077,17.647058823529413,18.75,12.5,18.75,23.52941176470588,18.75,18.75,21.428571428571427,21.428571428571427,20.0,10.344827586206897,18.75,25.0,12.0,15.0,12.5,15.384615384615383,9.75609756097561,5.405405405405405,12.5,18.181818181818183,13.79310344827586,16.0,21.73913043478261,14.285714285714285,14.285714285714285,15.384615384615383,18.51851851851852,29.03225806451613,15.789473684210526,17.647058823529413,19.047619047619047
nickel,63.63636363636363,43.75,70.0,66.66666666666666,70.0,70.0,28.000000000000004,50.0,53.84615384615385,61.53846153846154,50.0,53.84615384615385,63.63636363636363,63.63636363636363,70.0,58.333333333333336,70.0,53.84615384615385,50.0,43.75,36.84210526315789,20.51282051282051,33.33333333333333,35.0,50.0,50.0,50.0,50.0,53.84615384615385,25.925925925925924,33.33333333333333,21.875,31.818181818181817,47.05882352941176,50.0,46.666666666666664,36.84210526315789,50.0,46.666666666666664,28.000000000000004,46.666666666666664,43.75,43.75,43.75,35.0,21.62162162162162,7.000000000000001,15.555555555555555,23.333333333333332,20.0,25.0,30.434782608695656,26.923076923076923,26.923076923076923,20.0,28.000000000000004,20.0,22.857142857142858,26.923076923076923,30.434782608695656,31.818181818181817,31.57894736842105,30.0,37.5,36.84210526315789,36.84210526315789,31.818181818181817,28.000000000000004,30.76923076923077,26.666666666666668,40.0,34.78260869565217,22.58064516129032,25.0,38.88888888888889,41.17647058823529,33.33333333333333,33.33333333333333,33.33333333333333,38.88888888888889,41.17647058823529,44.44444444444444,40.0,50.0,46.666666666666664,46.666666666666664,50.0,40.0,53.84615384615385,41.17647058823529,43.75,43.75,43.75,41.17647058823529,43.75,43.75,42.857142857142854,50.0,40.0,24.13793103448276,43.75,43.75,28.000000000000004,35.0,41.66666666666667,38.46153846153847,19.51219512195122,9.45945945945946,29.166666666666668,31.818181818181817,24.13793103448276,28.000000000000004,30.434782608695656,25.0,27.58620689655172,30.76923076923077,33.33333333333333,35.483870967741936,23.684210526315788,38.23529411764706,40.0
nvidia stock,0.0,0.0,0.0,0.0,0.0,0.0,4.0,8.333333333333332,7.6923076923076925,7.6923076923076925,7.142857142857142,8.333333333333332,8.333333333333332,9.090909090909092,10.0,8.333333333333332,10.0,8.333333333333332,6.666666666666667,6.666666666666667,11.11111111111111,5.405405405405405,5.0,5.263157894736842,7.6923076923076925,7.142857142857142,7.6923076923076925,7.6923076923076925,7.6923076923076925,4.0,9.523809523809524,3.0303030303030303,4.545454545454546,5.88235294117647,6.25,6.666666666666667,5.263157894736842,6.666666666666667,7.142857142857142,4.166666666666666,0.0,6.25,6.666666666666667,6.25,5.0,2.7777777777777777,2.0,2.2222222222222223,3.4482758620689653,2.857142857142857,7.4074074074074066,9.090909090909092,12.0,8.0,6.896551724137931,3.8461538461538463,2.5,5.555555555555555,3.8461538461538463,4.3478260869565215,9.523809523809524,15.789473684210526,15.789473684210526,12.5,10.526315789473683,11.11111111111111,19.047619047619047,12.5,11.538461538461538,13.79310344827586,11.538461538461538,9.090909090909092,9.67741935483871,7.4074074074074066,16.666666666666664,17.647058823529413,9.090909090909092,9.523809523809524,10.0,5.555555555555555,5.88235294117647,11.76470588235294,9.523809523809524,12.5,33.33333333333333,33.33333333333333,30.76923076923077,40.0,33.33333333333333,25.0,31.25,26.666666666666668,37.5,82.35294117647058,82.35294117647058,56.25,100.0,185.71428571428572,121.42857142857142,70.0,93.33333333333331,81.25,62.5,60.0,90.9090909090909,69.23076923076923,35.0,24.65753424657534,54.166666666666664,54.54545454545454,57.14285714285714,66.66666666666666,59.09090909090909,55.172413793103445,65.51724137931035,52.0,37.03703703703704,41.37931034482759,30.76923076923077,33.33333333333333,57.89473684210527
oil,2100.0,1000.0,2000.0,2000.0,1900.0,1950.0,633.3333333333333,1366.6666666666663,1366.6666666666663,1433.3333333333337,1366.6666666666663,1466.6666666666663,1433.3333333333337,1466.6666666666663,2250.0,1400.0,1950.0,1366.6666666666663,1366.6666666666663,1075.0,1175.0,488.8888888888889,940.0,1175.0,1566.6666666666663,1533.3333333333337,1600.0,1566.6666666666663,1433.3333333333337,733.3333333333333,900.0,537.5,816.6666666666666,1175.0,1200.0,1225.0,1200.0,1566.6666666666663,1633.3333333333333,733.3333333333333,1466.6666666666663,1050.0,1025.0,1025.0,880.0000000000001,550.0,204.16666666666663,518.1818181818181,728.5714285714286,544.4444444444445,766.6666666666667,840.0,683.3333333333333,716.6666666666667,557.1428571428571,683.3333333333333,450.0,525.0,716.6666666666667,920.0,880.0000000000001,1075.0,1075.0,1100.0,1050.0,1175.0,880.0000000000001,666.6666666666667,733.3333333333333,685.7142857142857,983.3333333333334,980.0,657.1428571428571,714.2857142857143,1150.0,1175.0,860.0,940.0,880.0000000000001,1100.0,1125.0,1150.0,920.0,1225.0,1175.0,1175.0,1600.0,1600.0,1566.6666666666663,1200.0,1200.0,1150.0,1225.0,1175.0,1150.0,1175.0,1225.0,1700.0,1500.0,700.0,1175.0,1175.0,750.0,1000.0,1020.0,816.6666666666666,520.0,300.0,850.0,1080.0,842.8571428571429,866.6666666666666,980.0,742.8571428571429,785.7142857142857,966.6666666666666,900.0,885.7142857142858,1044.4444444444446,1250.0,1460.0
oil price,45.45454545454545,33.33333333333333,40.0,55.55555555555556,40.0,36.36363636363637,16.0,30.76923076923077,23.076923076923077,21.428571428571427,21.428571428571427,23.076923076923077,25.0,27.27272727272727,30.0,25.0,30.0,23.076923076923077,20.0,20.0,15.789473684210526,7.6923076923076925,13.636363636363637,15.789473684210526,28.57142857142857,21.428571428571427,21.428571428571427,14.285714285714285,15.384615384615383,11.11111111111111,19.047619047619047,11.76470588235294,13.043478260869565,17.647058823529413,12.5,20.0,10.526315789473683,20.0,14.285714285714285,8.0,21.428571428571427,12.5,12.5,12.5,15.0,8.333333333333332,12.0,32.0,20.0,14.285714285714285,10.714285714285714,13.043478260869565,11.538461538461538,7.6923076923076925,6.666666666666667,12.5,7.5,11.11111111111111,15.384615384615383,13.043478260869565,14.285714285714285,15.789473684210526,15.0,11.76470588235294,10.526315789473683,15.789473684210526,14.285714285714285,12.5,11.11111111111111,20.0,52.0,21.73913043478261,16.129032258064516,25.0,27.77777777777778,23.52941176470588,18.181818181818183,20.0,19.047619047619047,21.052631578947366,16.666666666666664,16.666666666666664,14.285714285714285,18.75,18.75,20.0,21.428571428571427,21.428571428571427,30.76923076923077,23.52941176470588,17.647058823529413,20.0,18.75,17.647058823529413,18.75,17.647058823529413,13.333333333333334,14.285714285714285,13.333333333333334,10.0,18.75,17.647058823529413,12.0,15.789473684210526,13.636363636363637,11.538461538461538,7.5,5.405405405405405,12.0,26.08695652173913,31.03448275862069,20.0,13.043478260869565,17.24137931034483,31.03448275862069,38.46153846153847,40.74074074074074,36.666666666666664,119.5121951219512,106.06060606060606,100.0
oil prices,63.63636363636363,46.666666666666664,60.0,66.66666666666666,50.0,50.0,20.0,50.0,30.76923076923077,30.76923076923077,28.57142857142857,25.0,33.33333333333333,36.36363636363637,40.0,25.0,30.0,25.0,20.0,20.0,22.22222222222222,8.108108108108109,15.0,15.789473684210526,30.76923076923077,21.428571428571427,23.076923076923077,23.076923076923077,15.384615384615383,12.0,23.809523809523807,15.151515151515152,18.181818181818183,17.647058823529413,18.75,20.0,10.526315789473683,20.0,14.285714285714285,12.5,26.666666666666668,12.5,13.333333333333334,12.5,15.0,8.333333333333332,14.000000000000002,44.44444444444444,24.13793103448276,14.285714285714285,11.11111111111111,9.090909090909092,12.0,8.0,6.896551724137931,7.6923076923076925,7.5,8.333333333333332,11.538461538461538,8.695652173913043,9.523809523809524,10.526315789473683,10.526315789473683,12.5,10.526315789473683,16.666666666666664,14.285714285714285,12.5,11.538461538461538,17.24137931034483,50.0,18.181818181818183,16.129032258064516,22.22222222222222,27.77777777777778,23.52941176470588,18.181818181818183,23.809523809523807,20.0,22.22222222222222,17.647058823529413,17.647058823529413,14.285714285714285,18.75,13.333333333333334,13.333333333333334,15.384615384615383,13.333333333333334,25.0,18.75,18.75,20.0,12.5,11.76470588235294,11.76470588235294,12.5,14.285714285714285,14.285714285714285,7.142857142857142,6.666666666666667,13.333333333333334,12.5,8.333333333333332,10.0,9.090909090909092,7.6923076923076925,5.0,4.10958904109589,8.333333333333332,18.181818181818183,10.714285714285714,8.333333333333332,9.090909090909092,10.344827586206897,10.344827586206897,16.0,14.814814814814811,13.79310344827586,102.56410256410255,103.03030303030305,125.0
oncology,36.36363636363637,25.0,40.0,44.44444444444444,40.0,40.0,16.0,25.0,30.76923076923077,30.76923076923077,28.57142857142857,30.76923076923077,36.36363636363637,36.36363636363637,40.0,33.33333333333333,40.0,30.76923076923077,28.57142857142857,25.0,21.052631578947366,10.256410256410255,19.047619047619047,20.0,28.57142857142857,28.57142857142857,28.57142857142857,35.714285714285715,30.76923076923077,18.51851851851852,19.047619047619047,12.5,22.727272727272727,23.52941176470588,25.0,33.33333333333333,21.052631578947366,28.57142857142857,33.33333333333333,20.0,33.33333333333333,31.25,25.0,25.0,25.0,10.81081081081081,4.0,6.666666666666667,13.333333333333334,11.428571428571429,17.857142857142858,17.391304347826086,15.384615384615383,15.384615384615383,13.333333333333334,16.0,10.0,11.428571428571429,19.230769230769234,17.391304347826086,18.181818181818183,26.31578947368421,25.0,31.25,26.31578947368421,26.31578947368421,18.181818181818183,16.0,19.230769230769234,16.666666666666664,20.0,21.73913043478261,16.129032258064516,17.857142857142858,27.77777777777778,29.411764705882355,19.047619047619047,23.809523809523807,20.0,22.22222222222222,29.411764705882355,27.77777777777778,25.0,31.25,33.33333333333333,33.33333333333333,35.714285714285715,33.33333333333333,38.46153846153847,29.411764705882355,31.25,25.0,31.25,29.411764705882355,31.25,31.25,35.714285714285715,35.714285714285715,33.33333333333333,17.24137931034483,31.25,31.25,20.0,25.0,20.833333333333336,23.076923076923077,12.195121951219512,6.756756756756757,25.0,27.27272727272727,24.13793103448276,24.0,26.08695652173913,21.428571428571427,24.13793103448276,23.076923076923077,25.925925925925924,29.03225806451613,21.052631578947366,24.24242424242424,30.0
online banking,254.54545454545453,186.66666666666663,280.0,288.88888888888886,250.0,227.27272727272728,100.0,200.0,192.30769230769232,171.42857142857142,171.42857142857142,200.0,200.0,218.18181818181816,240.0,208.33333333333337,229.99999999999997,176.9230769230769,153.33333333333334,166.66666666666669,126.3157894736842,64.1025641025641,109.09090909090908,121.05263157894736,164.28571428571428,164.28571428571428,171.42857142857142,171.42857142857142,176.9230769230769,85.18518518518519,109.52380952380952,70.58823529411765,95.65217391304348,141.1764705882353,137.5,153.33333333333334,121.05263157894736,166.66666666666669,178.57142857142858,96.0,157.14285714285714,143.75,143.75,150.0,110.0,63.888888888888886,21.0,56.00000000000001,73.33333333333333,68.57142857142857,75.0,78.26086956521739,73.07692307692307,80.76923076923077,63.33333333333333,95.83333333333334,55.00000000000001,58.333333333333336,96.15384615384616,91.30434782608695,100.0,105.26315789473684,100.0,111.76470588235294,100.0,94.73684210526316,85.71428571428571,79.16666666666666,59.25925925925925,53.333333333333336,68.0,65.21739130434783,48.38709677419355,57.14285714285714,88.88888888888889,88.23529411764706,63.63636363636363,70.0,66.66666666666666,78.94736842105263,77.77777777777779,77.77777777777779,66.66666666666666,87.5,81.25,93.33333333333331,85.71428571428571,85.71428571428571,92.3076923076923,70.58823529411765,64.70588235294117,80.0,62.5,52.94117647058824,50.0,47.05882352941176,53.333333333333336,57.14285714285714,53.333333333333336,26.666666666666668,43.75,47.05882352941176,28.000000000000004,36.84210526315789,31.818181818181817,26.923076923076923,17.5,9.45945945945946,28.000000000000004,30.434782608695656,27.58620689655172,32.0,30.434782608695656,27.58620689655172,24.13793103448276,30.76923076923077,25.925925925925924,26.666666666666668,19.51219512195122,24.24242424242424,33.33333333333333
online shopping,27.27272727272727,20.0,30.0,33.33333333333333,30.0,27.27272727272727,20.0,30.76923076923077,30.76923076923077,28.57142857142857,28.57142857142857,30.76923076923077,33.33333333333333,27.27272727272727,40.0,66.66666666666666,110.0,69.23076923076923,53.333333333333336,40.0,21.052631578947366,10.256410256410255,18.181818181818183,21.052631578947366,28.57142857142857,28.57142857142857,28.57142857142857,28.57142857142857,30.76923076923077,18.51851851851852,28.57142857142857,17.647058823529413,17.391304347826086,23.52941176470588,25.0,20.0,15.789473684210526,20.0,28.57142857142857,12.0,28.57142857142857,25.0,25.0,31.25,20.0,11.11111111111111,7.000000000000001,20.0,23.333333333333332,17.142857142857142,21.428571428571427,21.73913043478261,19.230769230769234,19.230769230769234,23.333333333333332,29.166666666666668,15.0,13.88888888888889,19.230769230769234,21.73913043478261,23.809523809523807,26.31578947368421,25.0,29.411764705882355,26.31578947368421,26.31578947368421,28.57142857142857,25.0,18.51851851851852,16.666666666666664,20.0,21.73913043478261,16.129032258064516,17.857142857142858,27.77777777777778,29.411764705882355,18.181818181818183,20.0,23.809523809523807,31.57894736842105,22.22222222222222,22.22222222222222,19.047619047619047,25.0,25.0,26.666666666666668,28.57142857142857,28.57142857142857,30.76923076923077,23.52941176470588,29.411764705882355,33.33333333333333,25.0,17.647058823529413,18.75,17.647058823529413,20.0,21.428571428571427,20.0,10.0,18.75,17.647058823529413,16.0,21.052631578947366,13.636363636363637,11.538461538461538,7.5,4.054054054054054,16.0,17.391304347826086,13.79310344827586,16.0,13.043478260869565,10.344827586206897,17.24137931034483,23.076923076923077,14.814814814814811,16.666666666666664,9.75609756097561,12.12121212121212,14.285714285714285
ozempic,0.0,0.0,0.0,0.0,0.0,0.0,0.0,0.0,0.0,0.0,0.0,0.0,0.0,0.0,0.0,0.0,0.0,0.0,0.0,0.0,0.0,0.0,0.0,0.0,0.0,0.0,0.0,0.0,0.0,0.0,0.0,0.0,0.0,0.0,0.0,6.666666666666667,5.263157894736842,6.666666666666667,7.142857142857142,4.166666666666666,6.666666666666667,6.25,6.666666666666667,6.25,5.0,2.7777777777777777,1.0,2.2222222222222223,3.4482758620689653,2.857142857142857,3.7037037037037033,4.545454545454546,4.0,4.0,3.4482758620689653,3.8461538461538463,2.5,2.7777777777777777,3.8461538461538463,4.3478260869565215,4.761904761904762,10.526315789473683,10.526315789473683,12.5,10.526315789473683,11.11111111111111,9.523809523809524,8.333333333333332,7.6923076923076925,10.344827586206897,11.538461538461538,13.636363636363637,12.903225806451612,14.814814814814811,22.22222222222222,29.411764705882355,22.727272727272727,28.57142857142857,40.0,44.44444444444444,82.35294117647058,82.35294117647058,80.95238095238095,106.25,120.0,146.66666666666666,130.76923076923077,106.66666666666669,116.66666666666669,100.0,93.75,113.33333333333331,106.25,105.88235294117648,129.41176470588235,137.5,178.57142857142858,157.14285714285714,135.71428571428572,63.33333333333333,126.66666666666666,106.25,66.66666666666666,80.0,77.27272727272727,65.38461538461539,40.0,20.54794520547945,62.5,68.18181818181817,50.0,62.5,59.09090909090909,44.827586206896555,44.827586206896555,52.0,48.148148148148145,41.37931034482759,35.8974358974359,42.42424242424242,63.1578947368421
packaging,45.45454545454545,33.33333333333333,50.0,55.55555555555556,50.0,50.0,20.0,41.66666666666667,46.15384615384615,46.15384615384615,42.857142857142854,50.0,41.66666666666667,54.54545454545454,50.0,41.66666666666667,50.0,50.0,40.0,33.33333333333333,33.33333333333333,16.216216216216218,25.0,26.31578947368421,38.46153846153847,35.714285714285715,38.46153846153847,38.46153846153847,38.46153846153847,24.0,23.809523809523807,15.151515151515152,27.27272727272727,35.294117647058826,37.5,40.0,31.57894736842105,40.0,42.857142857142854,25.0,40.0,37.5,33.33333333333333,31.25,30.0,16.666666666666664,6.0,13.333333333333334,20.689655172413794,17.142857142857142,25.925925925925924,31.818181818181817,28.000000000000004,28.000000000000004,20.689655172413794,23.076923076923077,15.0,16.666666666666664,23.076923076923077,30.434782608695656,33.33333333333333,36.84210526315789,36.84210526315789,43.75,36.84210526315789,38.88888888888889,33.33333333333333,25.0,23.076923076923077,20.689655172413794,23.076923076923077,27.27272727272727,19.35483870967742,22.22222222222222,33.33333333333333,35.294117647058826,27.27272727272727,28.57142857142857,30.0,27.77777777777778,35.294117647058826,35.294117647058826,28.57142857142857,37.5,33.33333333333333,40.0,38.46153846153847,40.0,41.66666666666667,37.5,37.5,40.0,37.5,41.17647058823529,35.294117647058826,37.5,42.857142857142854,42.857142857142854,42.857142857142854,20.0,40.0,43.75,29.166666666666668,30.0,27.27272727272727,26.923076923076923,17.5,9.58904109589041,29.166666666666668,36.36363636363637,39.285714285714285,37.5,36.36363636363637,31.03448275862069,37.93103448275862,44.0,40.74074074074074,58.620689655172406,38.46153846153847,48.48484848484848,47.368421052631575
pharmaceutical,27.27272727272727,20.0,30.0,33.33333333333333,30.0,30.0,12.5,25.0,23.076923076923077,23.076923076923077,23.076923076923077,25.0,27.27272727272727,27.27272727272727,30.0,27.27272727272727,30.0,23.076923076923077,21.428571428571427,13.333333333333334,16.666666666666664,7.5,15.0,16.666666666666664,23.076923076923077,15.384615384615383,21.428571428571427,21.428571428571427,23.076923076923077,11.538461538461538,14.285714285714285,6.0606060606060606,13.636363636363637,18.75,18.75,20.0,15.789473684210526,13.333333333333334,14.285714285714285,8.333333333333332,21.428571428571427,18.75,13.333333333333334,12.5,15.789473684210526,8.333333333333332,3.0,6.521739130434782,10.344827586206897,8.333333333333332,11.11111111111111,13.636363636363637,12.0,12.0,10.344827586206897,8.0,5.263157894736842,8.571428571428571,7.6923076923076925,13.043478260869565,9.090909090909092,10.526315789473683,10.526315789473683,12.5,15.789473684210526,16.666666666666664,9.523809523809524,8.0,7.6923076923076925,10.0,12.0,13.043478260869565,6.666666666666667,7.4074074074074066,11.76470588235294,11.76470588235294,9.090909090909092,10.0,10.0,11.76470588235294,11.76470588235294,16.666666666666664,10.0,12.5,13.333333333333334,13.333333333333334,14.285714285714285,20.0,23.076923076923077,18.75,12.5,13.333333333333334,20.0,17.647058823529413,17.647058823529413,12.5,14.285714285714285,15.384615384615383,13.333333333333334,6.896551724137931,20.0,18.75,8.333333333333332,10.526315789473683,13.636363636363637,11.538461538461538,7.317073170731707,4.166666666666666,12.5,18.181818181818183,14.285714285714285,15.384615384615383,17.391304347826086,14.814814814814811,13.79310344827586,16.0,19.230769230769234,20.0,12.82051282051282,15.625,15.0
phosphate,27.27272727272727,13.333333333333334,20.0,22.22222222222222,40.0,30.0,12.0,25.0,23.076923076923077,30.76923076923077,35.714285714285715,23.076923076923077,36.36363636363637,27.27272727272727,20.0,16.666666666666664,40.0,30.76923076923077,28.57142857142857,18.75,21.052631578947366,10.256410256410255,14.285714285714285,15.0,21.428571428571427,14.285714285714285,14.285714285714285,14.285714285714285,23.076923076923077,14.814814814814811,14.285714285714285,9.375,13.636363636363637,23.52941176470588,18.75,20.0,15.789473684210526,14.285714285714285,13.333333333333334,8.0,20.0,18.75,18.75,18.75,15.0,10.81081081081081,4.0,6.666666666666667,10.0,5.714285714285714,7.142857142857142,8.695652173913043,15.384615384615383,11.538461538461538,10.0,8.0,7.5,8.571428571428571,11.538461538461538,13.043478260869565,13.636363636363637,10.526315789473683,10.0,12.5,15.789473684210526,15.789473684210526,13.636363636363637,8.0,11.538461538461538,13.333333333333334,16.0,17.391304347826086,9.67741935483871,10.714285714285714,11.11111111111111,17.647058823529413,19.047619047619047,19.047619047619047,19.047619047619047,16.666666666666664,17.647058823529413,22.22222222222222,20.0,25.0,20.0,20.0,21.428571428571427,20.0,30.76923076923077,23.52941176470588,25.0,18.75,25.0,23.52941176470588,25.0,25.0,21.428571428571427,21.428571428571427,13.333333333333334,10.344827586206897,25.0,25.0,16.0,15.0,16.666666666666664,19.230769230769234,9.75609756097561,5.405405405405405,12.5,13.636363636363637,10.344827586206897,12.0,17.391304347826086,14.285714285714285,14.285714285714285,15.384615384615383,14.814814814814811,16.129032258064516,13.157894736842104,14.705882352941178,14.285714285714285
plant based,9.090909090909092,6.666666666666667,10.0,11.11111111111111,10.0,10.0,4.0,8.333333333333332,7.6923076923076925,7.6923076923076925,7.142857142857142,8.333333333333332,8.333333333333332,18.181818181818183,40.0,25.0,20.0,16.666666666666664,13.333333333333334,13.333333333333334,11.11111111111111,5.405405405405405,10.0,10.526315789473683,15.384615384615383,14.285714285714285,15.384615384615383,15.384615384615383,15.384615384615383,8.0,9.523809523809524,6.0606060606060606,9.090909090909092,11.76470588235294,12.5,13.333333333333334,10.526315789473683,20.0,21.428571428571427,12.5,20.0,31.25,40.0,31.25,35.0,13.88888888888889,3.0,6.666666666666667,10.344827586206897,8.571428571428571,14.814814814814811,13.636363636363637,12.0,12.0,10.344827586206897,11.538461538461538,10.0,11.11111111111111,15.384615384615383,17.391304347826086,19.047619047619047,15.789473684210526,15.789473684210526,18.75,15.789473684210526,16.666666666666664,14.285714285714285,12.5,19.230769230769234,13.79310344827586,15.384615384615383,18.181818181818183,12.903225806451612,11.11111111111111,16.666666666666664,23.52941176470588,13.636363636363637,14.285714285714285,15.0,16.666666666666664,17.647058823529413,23.52941176470588,19.047619047619047,25.0,20.0,20.0,23.076923076923077,20.0,25.0,18.75,18.75,20.0,31.25,23.52941176470588,17.647058823529413,18.75,21.428571428571427,21.428571428571427,21.428571428571427,10.0,20.0,18.75,12.5,10.0,13.636363636363637,11.538461538461538,7.5,4.10958904109589,12.5,9.090909090909092,10.714285714285714,8.333333333333332,13.636363636363637,10.344827586206897,10.344827586206897,12.0,11.11111111111111,13.79310344827586,10.256410256410255,15.151515151515152,15.789473684210526
podcast,172.72727272727272,133.33333333333331,190.0,222.22222222222223,210.0,200.0,83.33333333333334,150.0,153.84615384615387,169.23076923076923,184.6153846153846,216.66666666666663,218.18181818181816,236.36363636363637,240.0,236.36363636363637,240.0,200.0,185.71428571428572,153.33333333333334,144.44444444444443,67.5,135.0,147.36842105263156,192.8571428571429,230.76923076923077,214.28571428571428,221.42857142857144,238.46153846153845,126.92307692307692,147.61904761904762,90.9090909090909,154.54545454545453,206.25,225.0,226.66666666666663,178.94736842105263,226.66666666666663,264.2857142857143,154.16666666666669,257.14285714285717,225.0,220.00000000000003,193.75,194.73684210526315,100.0,33.0,69.56521739130434,113.79310344827589,94.44444444444444,129.62962962962962,163.63636363636363,132.0,128.0,100.0,124.0,81.57894736842105,88.57142857142857,119.23076923076924,130.43478260869566,145.45454545454547,157.89473684210526,168.42105263157893,200.0,163.1578947368421,166.66666666666669,128.57142857142858,112.0,153.84615384615387,120.0,136.0,147.82608695652172,110.0,122.22222222222224,200.0,211.76470588235296,152.17391304347828,170.0,165.0,188.23529411764704,211.76470588235296,205.55555555555551,180.0,218.75,233.33333333333337,233.33333333333337,242.85714285714283,233.33333333333337,269.2307692307692,206.25,212.5,200.0,225.0,200.0,194.1176470588235,200.0,214.28571428571428,223.0769230769231,213.33333333333337,110.34482758620688,213.33333333333337,212.5,133.33333333333331,157.89473684210526,154.54545454545453,126.92307692307692,78.04878048780488,44.44444444444444,120.0,140.9090909090909,135.71428571428572,138.46153846153845,156.52173913043478,122.22222222222224,120.6896551724138,136.0,153.84615384615387,133.33333333333331,94.87179487179486,115.625,142.85714285714286
poverty,54.54545454545454,26.666666666666668,40.0,44.44444444444444,60.0,60.0,32.0,50.0,46.15384615384615,53.84615384615385,50.0,53.84615384615385,54.54545454545454,36.36363636363637,40.0,41.66666666666667,50.0,46.15384615384615,42.857142857142854,37.5,31.57894736842105,15.384615384615383,28.57142857142857,35.0,42.857142857142854,28.57142857142857,28.57142857142857,28.57142857142857,38.46153846153847,22.22222222222222,28.57142857142857,15.625,22.727272727272727,35.294117647058826,37.5,46.666666666666664,31.57894736842105,28.57142857142857,26.666666666666668,16.0,33.33333333333333,37.5,37.5,31.25,25.0,16.216216216216218,5.0,11.11111111111111,13.333333333333334,11.428571428571429,14.285714285714285,17.391304347826086,19.230769230769234,19.230769230769234,13.333333333333334,16.0,10.0,14.285714285714285,19.230769230769234,21.73913043478261,18.181818181818183,15.789473684210526,15.0,18.75,21.052631578947366,21.052631578947366,18.181818181818183,16.0,19.230769230769234,20.0,24.0,30.434782608695656,19.35483870967742,14.285714285714285,16.666666666666664,23.52941176470588,23.809523809523807,28.57142857142857,28.57142857142857,27.77777777777778,29.411764705882355,33.33333333333333,30.0,37.5,33.33333333333333,26.666666666666668,28.57142857142857,26.666666666666668,38.46153846153847,35.294117647058826,37.5,31.25,37.5,35.294117647058826,37.5,37.5,35.714285714285715,28.57142857142857,20.0,13.79310344827586,31.25,37.5,24.0,25.0,20.833333333333336,23.076923076923077,14.634146341463412,8.108108108108109,20.833333333333336,18.181818181818183,17.24137931034483,16.0,21.73913043478261,21.428571428571427,25.0,23.076923076923077,29.629629629629623,38.70967741935484,21.052631578947366,26.47058823529412,25.0
power outage,36.36363636363637,46.666666666666664,90.0,77.77777777777779,60.0,90.0,16.0,33.33333333333333,46.15384615384615,38.46153846153847,64.28571428571429,58.333333333333336,50.0,63.63636363636363,90.0,58.333333333333336,180.0,58.333333333333336,40.0,46.666666666666664,27.77777777777778,10.81081081081081,70.0,31.57894736842105,53.84615384615385,57.14285714285714,69.23076923076923,53.84615384615385,61.53846153846154,40.0,33.33333333333333,21.21212121212121,36.36363636363637,64.70588235294117,31.25,40.0,36.84210526315789,73.33333333333333,128.57142857142858,33.33333333333333,46.666666666666664,175.0,53.333333333333336,31.25,30.0,16.666666666666664,5.0,15.555555555555555,20.689655172413794,25.71428571428571,33.33333333333333,100.0,36.0,52.0,31.03448275862069,26.923076923076923,27.500000000000004,102.77777777777776,23.076923076923077,21.73913043478261,33.33333333333333,57.89473684210527,63.1578947368421,93.75,47.368421052631575,50.0,23.809523809523807,37.5,38.46153846153847,27.58620689655172,23.076923076923077,31.818181818181817,25.806451612903224,51.85185185185185,66.66666666666666,58.82352941176471,59.09090909090909,38.095238095238095,45.0,105.55555555555556,52.94117647058824,82.35294117647058,61.904761904761905,50.0,40.0,93.33333333333331,130.76923076923077,100.0,66.66666666666666,31.25,31.25,53.333333333333336,93.75,47.05882352941176,41.17647058823529,50.0,92.85714285714286,85.71428571428571,150.0,50.0,120.0,93.75,41.66666666666667,35.0,54.54545454545454,34.61538461538461,25.0,16.43835616438356,41.66666666666667,63.63636363636363,42.857142857142854,33.33333333333333,27.27272727272727,24.13793103448276,24.13793103448276,52.0,55.55555555555556,31.03448275862069,30.76923076923077,21.21212121212121,31.57894736842105
price of gold,18.181818181818183,13.333333333333334,20.0,22.22222222222222,20.0,20.0,8.0,16.666666666666664,15.384615384615383,15.384615384615383,14.285714285714285,16.666666666666664,16.666666666666664,9.090909090909092,10.0,16.666666666666664,20.0,16.666666666666664,13.333333333333334,13.333333333333334,11.11111111111111,5.405405405405405,5.0,5.263157894736842,7.6923076923076925,7.142857142857142,7.6923076923076925,15.384615384615383,7.6923076923076925,8.0,4.761904761904762,6.0606060606060606,9.090909090909092,11.76470588235294,12.5,6.666666666666667,5.263157894736842,13.333333333333334,14.285714285714285,8.333333333333332,13.333333333333334,12.5,13.333333333333334,12.5,10.0,8.333333333333332,4.0,6.666666666666667,6.896551724137931,5.714285714285714,11.11111111111111,18.181818181818183,12.0,8.0,6.896551724137931,7.6923076923076925,7.5,8.333333333333332,7.6923076923076925,8.695652173913043,14.285714285714285,10.526315789473683,10.526315789473683,12.5,10.526315789473683,11.11111111111111,9.523809523809524,8.333333333333332,7.6923076923076925,10.344827586206897,15.384615384615383,13.636363636363637,9.67741935483871,11.11111111111111,16.666666666666664,11.76470588235294,9.090909090909092,9.523809523809524,10.0,11.11111111111111,17.647058823529413,11.76470588235294,14.285714285714285,25.0,20.0,13.333333333333334,15.384615384615383,13.333333333333334,16.666666666666664,18.75,18.75,20.0,12.5,11.76470588235294,17.647058823529413,25.0,21.428571428571427,14.285714285714285,21.428571428571427,10.0,20.0,18.75,12.5,15.0,13.636363636363637,15.384615384615383,10.0,8.21917808219178,16.666666666666664,18.181818181818183,32.142857142857146,25.0,27.27272727272727,34.48275862068966,34.48275862068966,48.0,62.96296296296296,55.172413793103445,43.58974358974359,33.33333333333333,31.57894736842105
property management,90.9090909090909,66.66666666666666,100.0,111.11111111111111,90.0,72.72727272727273,32.0,53.84615384615385,69.23076923076923,71.42857142857143,71.42857142857143,76.92307692307693,83.33333333333334,100.0,110.0,83.33333333333334,90.0,69.23076923076923,53.333333333333336,53.333333333333336,52.63157894736842,25.64102564102564,45.45454545454545,52.63157894736842,71.42857142857143,71.42857142857143,78.57142857142857,71.42857142857143,61.53846153846154,29.629629629629623,38.095238095238095,20.588235294117645,39.130434782608695,58.82352941176471,62.5,66.66666666666666,52.63157894736842,73.33333333333333,78.57142857142857,40.0,64.28571428571429,56.25,50.0,50.0,50.0,27.77777777777778,9.0,16.0,30.0,28.57142857142857,39.285714285714285,39.130434782608695,34.61538461538461,38.46153846153847,26.666666666666668,33.33333333333333,22.5,27.77777777777778,42.30769230769231,47.82608695652174,52.38095238095239,63.1578947368421,60.0,64.70588235294117,57.89473684210527,52.63157894736842,42.857142857142854,37.5,40.74074074074074,40.0,48.0,52.17391304347826,38.70967741935484,46.42857142857143,66.66666666666666,70.58823529411765,45.45454545454545,50.0,42.857142857142854,47.368421052631575,61.111111111111114,61.111111111111114,57.14285714285714,68.75,68.75,80.0,85.71428571428571,78.57142857142857,76.92307692307693,58.82352941176471,52.94117647058824,60.0,68.75,64.70588235294117,68.75,64.70588235294117,73.33333333333333,78.57142857142857,73.33333333333333,36.666666666666664,62.5,52.94117647058824,32.0,42.10526315789473,45.45454545454545,38.46153846153847,27.500000000000004,14.864864864864863,44.0,56.52173913043478,51.72413793103448,56.00000000000001,52.17391304347826,37.93103448275862,34.48275862068966,38.46153846153847,48.148148148148145,50.0,39.02439024390244,45.45454545454545,57.14285714285714
property tax,72.72727272727273,60.0,80.0,88.88888888888889,80.0,90.0,32.0,66.66666666666666,76.92307692307693,92.3076923076923,85.71428571428571,91.66666666666666,83.33333333333334,81.81818181818183,90.0,75.0,80.0,75.0,66.66666666666666,100.0,61.111111111111114,32.432432432432435,65.0,68.42105263157895,76.92307692307693,64.28571428571429,76.92307692307693,76.92307692307693,69.23076923076923,40.0,42.857142857142854,30.303030303030305,50.0,76.47058823529412,81.25,93.33333333333331,52.63157894736842,66.66666666666666,71.42857142857143,41.66666666666667,60.0,68.75,66.66666666666666,62.5,65.0,36.11111111111111,12.0,24.444444444444443,37.93103448275862,34.285714285714285,48.148148148148145,50.0,44.0,48.0,34.48275862068966,42.30769230769231,30.0,36.11111111111111,53.84615384615385,56.52173913043478,57.14285714285714,57.89473684210527,52.63157894736842,62.5,52.63157894736842,61.111111111111114,47.61904761904761,45.83333333333333,53.84615384615385,55.172413793103445,65.38461538461539,81.81818181818183,41.935483870967744,44.44444444444444,66.66666666666666,70.58823529411765,50.0,61.904761904761905,60.0,66.66666666666666,82.35294117647058,88.23529411764706,80.95238095238095,112.5,93.33333333333331,80.0,100.0,80.0,100.0,81.25,87.5,86.66666666666667,93.75,100.0,94.11764705882352,106.25,92.85714285714286,92.85714285714286,92.85714285714286,43.333333333333336,80.0,93.75,54.166666666666664,70.0,68.18181818181817,69.23076923076923,47.5,26.027397260273972,58.333333333333336,72.72727272727273,82.14285714285714,62.5,68.18181818181817,62.06896551724138,58.620689655172406,76.0,77.77777777777779,86.20689655172413,64.1025641025641,72.72727272727273,78.94736842105263
publishing,54.54545454545454,31.25,50.0,55.55555555555556,50.0,45.45454545454545,20.0,30.76923076923077,46.15384615384615,42.857142857142854,42.857142857142854,38.46153846153847,45.45454545454545,45.45454545454545,50.0,41.66666666666667,50.0,38.46153846153847,33.33333333333333,33.33333333333333,26.31578947368421,15.384615384615383,23.809523809523807,26.31578947368421,35.714285714285715,35.714285714285715,35.714285714285715,35.714285714285715,38.46153846153847,18.51851851851852,23.809523809523807,12.12121212121212,22.727272727272727,29.411764705882355,31.25,33.33333333333333,26.31578947368421,28.57142857142857,26.666666666666668,20.0,35.714285714285715,31.25,25.0,25.0,25.0,13.88888888888889,4.0,8.695652173913043,13.333333333333334,11.428571428571429,14.285714285714285,17.391304347826086,15.384615384615383,15.384615384615383,10.0,16.0,10.0,11.11111111111111,15.384615384615383,16.666666666666664,18.181818181818183,15.789473684210526,15.0,18.75,21.052631578947366,21.052631578947366,19.047619047619047,12.0,19.230769230769234,16.666666666666664,19.230769230769234,21.73913043478261,16.129032258064516,14.285714285714285,22.22222222222222,23.52941176470588,22.727272727272727,25.0,19.047619047619047,21.052631578947366,27.77777777777778,27.77777777777778,25.0,29.411764705882355,25.0,26.666666666666668,28.57142857142857,33.33333333333333,38.46153846153847,29.411764705882355,29.411764705882355,26.666666666666668,31.25,29.411764705882355,31.25,29.411764705882355,28.57142857142857,28.57142857142857,26.666666666666668,13.333333333333334,31.25,31.25,16.0,21.052631578947366,22.727272727272727,19.230769230769234,12.5,6.756756756756757,20.0,21.73913043478261,17.24137931034483,20.0,21.73913043478261,17.857142857142858,20.689655172413794,23.076923076923077,25.925925925925924,30.0,17.073170731707318,21.21212121212121,23.809523809523807
real estate,727.2727272727273,520.0,800.0,822.2222222222222,660.0,630.0,237.5,458.3333333333333,538.4615384615385,553.8461538461538,569.2307692307693,641.6666666666667,663.6363636363636,709.0909090909091,800.0,672.7272727272727,670.0,500.0,407.1428571428571,386.6666666666667,394.44444444444446,175.0,355.0,378.9473684210526,521.4285714285714,576.9230769230769,557.1428571428571,521.4285714285714,500.0,242.3076923076923,266.66666666666663,163.63636363636363,336.3636363636364,412.5,450.0,493.33333333333337,368.42105263157896,486.66666666666663,535.7142857142857,279.16666666666663,521.4285714285714,418.75,386.6666666666667,325.0,352.6315789473684,186.11111111111111,60.0,130.43478260869566,241.3793103448276,222.22222222222223,303.7037037037037,372.7272727272727,300.0,300.0,217.24137931034485,256.0,189.4736842105263,202.85714285714283,296.1538461538462,347.82608695652175,359.09090909090907,384.2105263157895,415.7894736842105,456.25,373.6842105263158,383.33333333333337,304.76190476190476,248.0,296.1538461538462,260.0,304.0,321.7391304347826,233.33333333333337,251.85185185185185,423.5294117647059,429.4117647058823,282.60869565217394,315.0,280.0,317.6470588235294,388.2352941176471,361.11111111111114,300.0,412.5,433.3333333333333,440.00000000000006,478.57142857142856,440.00000000000006,461.5384615384615,350.0,318.75,326.6666666666667,362.5,347.05882352941177,370.5882352941177,381.25,400.0,438.4615384615385,393.3333333333333,210.3448275862069,366.66666666666663,318.75,200.0,252.6315789473684,263.6363636363636,215.3846153846154,141.46341463414635,83.33333333333334,244.0,290.90909090909093,257.14285714285717,257.69230769230774,269.5652173913044,207.4074074074074,217.24137931034485,231.99999999999997,257.69230769230774,240.0,189.74358974358972,225.0,271.42857142857144
recycling,136.36363636363637,93.33333333333331,150.0,155.55555555555557,130.0,118.1818181818182,52.0,100.0,107.6923076923077,92.85714285714286,92.85714285714286,123.07692307692308,125.0,145.45454545454547,170.0,125.0,140.0,100.0,93.33333333333331,93.33333333333331,78.94736842105263,33.33333333333333,59.09090909090909,84.21052631578947,114.28571428571428,114.28571428571428,128.57142857142858,114.28571428571428,115.38461538461536,51.85185185185185,71.42857142857143,44.11764705882353,65.21739130434783,82.35294117647058,100.0,113.33333333333331,89.47368421052632,113.33333333333331,128.57142857142858,68.0,114.28571428571428,93.75,93.75,100.0,85.0,41.66666666666667,15.0,34.0,56.666666666666664,48.57142857142857,60.71428571428571,65.21739130434783,61.53846153846154,57.692307692307686,46.666666666666664,58.333333333333336,37.5,38.88888888888889,57.692307692307686,73.91304347826086,76.19047619047619,84.21052631578947,85.0,88.23529411764706,78.94736842105263,73.68421052631578,66.66666666666666,58.333333333333336,55.55555555555556,46.666666666666664,60.0,73.91304347826086,51.61290322580645,60.71428571428571,94.44444444444444,88.23529411764706,63.63636363636363,70.0,66.66666666666666,73.68421052631578,83.33333333333334,72.22222222222221,66.66666666666666,93.75,100.0,106.66666666666669,114.28571428571428,100.0,107.6923076923077,88.23529411764706,82.35294117647058,93.33333333333331,93.75,76.47058823529412,81.25,88.23529411764706,100.0,107.14285714285714,100.0,46.666666666666664,81.25,70.58823529411765,48.0,68.42105263157895,63.63636363636363,50.0,32.5,18.91891891891892,56.00000000000001,60.86956521739131,58.620689655172406,56.00000000000001,56.52173913043478,44.827586206896555,48.27586206896552,57.692307692307686,59.25925925925925,56.666666666666664,41.46341463414634,54.54545454545454,66.66666666666666
refinance,36.36363636363637,31.25,50.0,55.55555555555556,40.0,40.0,16.0,25.0,30.76923076923077,30.76923076923077,28.57142857142857,30.76923076923077,36.36363636363637,36.36363636363637,40.0,33.33333333333333,40.0,30.76923076923077,28.57142857142857,18.75,21.052631578947366,10.256410256410255,19.047619047619047,20.0,28.57142857142857,28.57142857142857,28.57142857142857,28.57142857142857,23.076923076923077,11.11111111111111,14.285714285714285,9.375,18.181818181818183,23.52941176470588,25.0,33.33333333333333,26.31578947368421,42.857142857142854,46.666666666666664,36.0,46.666666666666664,37.5,31.25,31.25,35.0,21.62162162162162,19.0,26.666666666666668,36.666666666666664,31.428571428571427,42.857142857142854,52.17391304347826,38.46153846153847,34.61538461538461,26.666666666666668,36.0,25.0,25.71428571428571,30.76923076923077,34.78260869565217,36.36363636363637,36.84210526315789,40.0,50.0,36.84210526315789,36.84210526315789,31.818181818181817,24.0,26.923076923076923,23.333333333333332,24.0,21.73913043478261,16.129032258064516,17.857142857142858,27.77777777777778,23.52941176470588,19.047619047619047,19.047619047619047,15.0,16.666666666666664,23.52941176470588,22.22222222222222,20.0,25.0,26.666666666666668,26.666666666666668,28.57142857142857,26.666666666666668,30.76923076923077,17.647058823529413,18.75,25.0,25.0,23.52941176470588,25.0,25.0,28.57142857142857,28.57142857142857,26.666666666666668,17.24137931034483,37.5,31.25,20.0,20.0,20.833333333333336,19.230769230769234,12.195121951219512,6.756756756756757,20.833333333333336,22.727272727272727,20.689655172413794,24.0,34.78260869565217,25.0,20.689655172413794,19.230769230769234,25.925925925925924,25.806451612903224,23.684210526315788,27.27272727272727,35.0
resorts,218.18181818181816,173.33333333333334,270.0,255.55555555555551,190.0,190.0,76.0,183.33333333333331,246.15384615384616,215.3846153846154,200.0,184.6153846153846,227.27272727272728,263.6363636363636,300.0,208.33333333333337,200.0,153.84615384615387,142.85714285714286,143.75,173.6842105263158,79.48717948717949,138.0952380952381,120.0,171.42857142857142,200.0,221.42857142857144,178.57142857142858,153.84615384615387,77.77777777777779,95.23809523809524,68.75,154.54545454545453,164.70588235294116,181.25,160.0,136.8421052631579,200.0,200.0,100.0,140.0,125.0,131.25,156.25,170.0,81.08108108108108,20.0,24.444444444444443,56.666666666666664,68.57142857142857,82.14285714285714,95.65217391304348,76.92307692307693,76.92307692307693,60.0,88.0,77.5,88.57142857142857,138.46153846153845,173.91304347826087,181.8181818181818,226.3157894736842,210.0,200.0,157.89473684210526,157.89473684210526,136.36363636363637,124.0,165.3846153846154,133.33333333333331,148.0,143.47826086956522,96.7741935483871,117.85714285714286,172.22222222222223,170.58823529411765,109.52380952380952,104.76190476190476,114.28571428571428,144.44444444444443,205.8823529411765,161.11111111111111,145.0,168.75,160.0,180.0,207.14285714285717,166.66666666666669,169.23076923076923,117.64705882352942,131.25,150.0,200.0,170.58823529411765,168.75,156.25,171.42857142857142,207.14285714285717,186.66666666666663,82.75862068965517,131.25,131.25,88.0,125.0,137.5,100.0,63.41463414634146,29.72972972972973,91.66666666666666,122.72727272727272,100.0,92.0,91.30434782608695,71.42857142857143,71.42857142857143,100.0,114.8148148148148,100.0,73.68421052631578,70.58823529411765,100.0
robotics,18.181818181818183,12.5,20.0,22.22222222222222,30.0,30.0,12.0,25.0,23.076923076923077,23.076923076923077,28.57142857142857,30.76923076923077,27.27272727272727,18.181818181818183,30.0,16.666666666666664,30.0,23.076923076923077,21.428571428571427,18.75,21.052631578947366,7.6923076923076925,19.047619047619047,15.0,21.428571428571427,14.285714285714285,14.285714285714285,21.428571428571427,23.076923076923077,11.11111111111111,14.285714285714285,9.375,13.636363636363637,17.647058823529413,18.75,20.0,15.789473684210526,14.285714285714285,13.333333333333334,8.0,20.0,18.75,18.75,12.5,15.0,8.108108108108109,2.0,4.444444444444445,6.666666666666667,5.714285714285714,7.142857142857142,8.695652173913043,7.6923076923076925,7.6923076923076925,6.666666666666667,8.0,5.0,5.714285714285714,7.6923076923076925,8.695652173913043,9.090909090909092,10.526315789473683,10.0,12.5,10.526315789473683,10.526315789473683,9.090909090909092,8.0,7.6923076923076925,10.0,12.0,13.043478260869565,9.67741935483871,10.714285714285714,11.11111111111111,17.647058823529413,14.285714285714285,14.285714285714285,15.0,11.11111111111111,17.647058823529413,16.666666666666664,20.0,18.75,20.0,13.333333333333334,14.285714285714285,20.0,23.076923076923077,17.647058823529413,18.75,18.75,18.75,23.52941176470588,25.0,25.0,21.428571428571427,14.285714285714285,20.0,10.344827586206897,18.75,25.0,16.0,15.0,16.666666666666664,15.384615384615383,9.75609756097561,5.405405405405405,16.666666666666664,18.181818181818183,17.24137931034483,20.0,26.08695652173913,21.428571428571427,24.13793103448276,23.076923076923077,29.629629629629623,29.03225806451613,28.947368421052634,30.303030303030305,25.0
s&p 500,27.27272727272727,26.666666666666668,27.27272727272727,33.33333333333333,20.0,20.0,16.0,25.0,23.076923076923077,23.076923076923077,28.57142857142857,23.076923076923077,25.0,27.27272727272727,30.0,33.33333333333333,30.0,23.076923076923077,21.428571428571427,25.0,26.31578947368421,17.94871794871795,23.809523809523807,25.0,28.57142857142857,28.57142857142857,28.57142857142857,28.57142857142857,30.76923076923077,22.22222222222222,23.809523809523807,21.875,27.27272727272727,29.411764705882355,25.0,33.33333333333333,26.31578947368421,35.714285714285715,33.33333333333333,24.0,26.666666666666668,31.25,25.0,31.25,30.0,21.62162162162162,22.0,28.88888888888889,30.0,28.57142857142857,28.57142857142857,34.78260869565217,34.61538461538461,26.923076923076923,23.333333333333332,28.000000000000004,17.94871794871795,22.857142857142858,30.76923076923077,30.434782608695656,31.818181818181817,36.84210526315789,35.0,43.75,36.84210526315789,36.84210526315789,31.818181818181817,32.0,38.46153846153847,33.33333333333333,36.0,34.78260869565217,35.483870967741936,39.285714285714285,50.0,52.94117647058824,47.61904761904761,47.61904761904761,42.857142857142854,44.44444444444444,47.05882352941176,50.0,45.0,50.0,53.333333333333336,53.333333333333336,57.14285714285714,60.0,53.84615384615385,47.05882352941176,50.0,56.25,56.25,58.82352941176471,56.25,56.25,64.28571428571429,64.28571428571429,66.66666666666666,44.827586206896555,62.5,62.5,44.0,55.00000000000001,50.0,50.0,43.90243902439025,47.2972972972973,62.5,63.63636363636363,58.620689655172406,60.0,60.86956521739131,53.57142857142857,53.57142857142857,61.53846153846154,59.25925925925925,61.29032258064516,57.89473684210527,61.76470588235294,70.0
sand,272.7272727272727,220.00000000000003,380.0,311.11111111111114,240.0,200.0,84.0,153.84615384615387,169.23076923076923,164.28571428571428,192.8571428571429,238.46153846153845,266.66666666666663,309.09090909090907,370.0,250.0,280.0,176.9230769230769,153.33333333333334,146.66666666666666,121.05263157894736,61.53846153846154,127.27272727272728,147.36842105263156,235.71428571428572,250.0,250.0,207.14285714285717,192.30769230769232,85.18518518518519,109.52380952380952,61.76470588235294,100.0,141.1764705882353,168.75,200.0,168.42105263157893,246.66666666666669,242.85714285714283,120.0,178.57142857142858,137.5,125.0,131.25,110.0,63.888888888888886,23.0,57.99999999999999,123.33333333333334,125.71428571428572,128.57142857142858,139.1304347826087,111.53846153846156,100.0,73.33333333333333,91.66666666666666,57.49999999999999,72.22222222222221,111.53846153846156,152.17391304347828,180.95238095238096,200.0,185.0,182.35294117647055,142.10526315789474,136.8421052631579,119.04761904761904,95.83333333333334,96.29629629629628,100.0,128.0,152.17391304347828,125.80645161290325,146.42857142857142,222.22222222222223,188.23529411764704,131.8181818181818,135.0,119.04761904761904,121.05263157894736,138.88888888888889,144.44444444444443,142.85714285714286,200.0,225.0,260.0,278.57142857142856,228.57142857142856,223.0769230769231,158.8235294117647,164.70588235294116,180.0,162.5,164.70588235294116,206.25,205.8823529411765,253.33333333333331,278.57142857142856,253.33333333333331,113.33333333333331,181.25,182.35294117647055,104.0,136.8421052631579,118.1818181818182,107.6923076923077,77.5,48.64864864864865,160.0,182.6086956521739,137.93103448275863,140.0,126.08695652173914,93.10344827586206,93.10344827586206,111.53846153846156,103.7037037037037,103.33333333333334,90.2439024390244,142.42424242424244,195.23809523809524
savings,200.0,146.66666666666666,220.00000000000003,255.55555555555551,310.0,509.99999999999994,184.0,175.0,192.30769230769232,261.53846153846155,392.8571428571428,191.66666666666669,183.33333333333331,209.0909090909091,229.99999999999997,191.66666666666669,290.0,433.3333333333333,333.33333333333337,160.0,155.55555555555557,94.5945945945946,290.0,131.57894736842107,161.53846153846155,164.28571428571428,176.9230769230769,200.0,223.0769230769231,152.0,200.0,75.75757575757575,127.27272727272728,211.76470588235296,368.75,173.33333333333334,126.3157894736842,160.0,171.42857142857142,112.5,200.0,325.0,306.6666666666667,156.25,150.0,105.55555555555556,50.0,60.0,86.20689655172413,74.28571428571429,92.5925925925926,113.63636363636364,120.0,212.0,120.6896551724138,96.15384615384616,67.5,97.2222222222222,246.15384615384616,104.34782608695652,114.28571428571428,115.78947368421052,115.78947368421052,137.5,152.63157894736844,233.33333333333337,238.0952380952381,91.66666666666666,100.0,124.13793103448276,288.46153846153845,122.72727272727272,74.19354838709677,96.29629629629628,133.33333333333331,164.70588235294116,154.54545454545453,261.9047619047619,315.0,150.0,194.1176470588235,264.70588235294116,371.42857142857144,212.5,206.66666666666669,186.66666666666663,207.6923076923077,200.0,300.0,337.5,387.5,186.66666666666663,218.75,252.94117647058823,423.5294117647059,187.5,192.8571428571429,185.71428571428572,185.71428571428572,96.66666666666669,246.66666666666669,350.0,229.16666666666663,155.0,150.0,169.23076923076923,152.5,41.0958904109589,104.16666666666669,118.1818181818182,121.42857142857142,129.16666666666669,172.72727272727272,189.6551724137931,193.1034482758621,132.0,137.03703703703704,175.86206896551724,176.9230769230769,115.15151515151516,168.42105263157893
self storage,36.36363636363637,26.666666666666668,40.0,44.44444444444444,30.0,27.27272727272727,12.0,23.076923076923077,30.76923076923077,28.57142857142857,28.57142857142857,30.76923076923077,33.33333333333333,36.36363636363637,50.0,33.33333333333333,40.0,30.76923076923077,20.0,20.0,15.789473684210526,7.6923076923076925,13.636363636363637,15.789473684210526,28.57142857142857,21.428571428571427,21.428571428571427,21.428571428571427,23.076923076923077,11.11111111111111,14.285714285714285,8.823529411764707,13.043478260869565,17.647058823529413,18.75,20.0,15.789473684210526,26.666666666666668,28.57142857142857,16.0,21.428571428571427,18.75,18.75,18.75,15.0,8.333333333333332,3.0,6.0,10.0,8.571428571428571,14.285714285714285,17.391304347826086,11.538461538461538,11.538461538461538,10.0,12.5,7.5,8.333333333333332,15.384615384615383,17.391304347826086,19.047619047619047,21.052631578947366,20.0,23.52941176470588,21.052631578947366,21.052631578947366,19.047619047619047,12.5,11.11111111111111,10.0,12.0,13.043478260869565,9.67741935483871,14.285714285714285,22.22222222222222,17.647058823529413,13.636363636363637,15.0,14.285714285714285,15.789473684210526,16.666666666666664,16.666666666666664,14.285714285714285,18.75,18.75,20.0,28.57142857142857,21.428571428571427,23.076923076923077,17.647058823529413,17.647058823529413,20.0,18.75,17.647058823529413,18.75,17.647058823529413,20.0,21.428571428571427,20.0,10.0,18.75,17.647058823529413,12.0,15.789473684210526,13.636363636363637,11.538461538461538,7.5,5.405405405405405,16.0,21.73913043478261,17.24137931034483,24.0,21.73913043478261,17.24137931034483,17.24137931034483,19.230769230769234,18.51851851851852,20.0,14.634146341463412,21.21212121212121,28.57142857142857
silicon valley,63.63636363636363,46.666666666666664,40.0,33.33333333333333,30.0,30.0,12.0,25.0,23.076923076923077,30.76923076923077,28.57142857142857,53.84615384615385,63.63636363636363,63.63636363636363,50.0,33.33333333333333,30.0,23.076923076923077,21.428571428571427,18.75,15.789473684210526,7.6923076923076925,23.809523809523807,30.0,42.857142857142854,21.428571428571427,21.428571428571427,21.428571428571427,23.076923076923077,7.4074074074074066,9.523809523809524,6.25,13.636363636363637,17.647058823529413,18.75,20.0,15.789473684210526,21.428571428571427,20.0,12.0,13.333333333333334,18.75,25.0,25.0,15.0,5.405405405405405,2.0,6.666666666666667,10.0,5.714285714285714,7.142857142857142,8.695652173913043,7.6923076923076925,7.6923076923076925,3.3333333333333335,8.0,5.0,5.714285714285714,7.6923076923076925,8.695652173913043,9.090909090909092,10.526315789473683,10.0,12.5,5.263157894736842,10.526315789473683,9.090909090909092,8.0,7.6923076923076925,6.666666666666667,8.0,8.695652173913043,6.451612903225806,7.142857142857142,11.11111111111111,11.76470588235294,9.523809523809524,9.523809523809524,9.523809523809524,11.11111111111111,11.76470588235294,11.11111111111111,105.0,12.5,13.333333333333334,13.333333333333334,14.285714285714285,13.333333333333334,15.384615384615383,11.76470588235294,12.5,12.5,12.5,11.76470588235294,12.5,12.5,14.285714285714285,14.285714285714285,13.333333333333334,6.896551724137931,12.5,12.5,8.0,10.0,8.333333333333332,7.6923076923076925,4.878048780487805,2.702702702702702,8.333333333333332,9.090909090909092,6.896551724137931,8.0,8.695652173913043,7.142857142857142,7.142857142857142,7.6923076923076925,7.4074074074074066,6.451612903225806,7.894736842105263,5.88235294117647,10.0
silver,760.0,585.7142857142857,860.0,1050.0,950.0,819.9999999999999,381.8181818181818,616.6666666666667,550.0,616.6666666666667,600.0,633.3333333333333,760.0,780.0,780.0,720.0,700.0,566.6666666666667,616.6666666666667,571.4285714285714,487.5,211.11111111111111,400.0,437.5,583.3333333333333,650.0,633.3333333333333,600.0,600.0,291.66666666666663,370.0,266.66666666666663,350.0,437.5,514.2857142857143,485.71428571428567,388.88888888888886,557.1428571428571,633.3333333333333,336.3636363636364,500.0,500.0,542.8571428571429,528.5714285714286,388.88888888888886,211.76470588235296,78.26086956521739,157.14285714285714,269.2307692307692,223.52941176470588,350.0,420.0,336.3636363636364,316.66666666666663,284.61538461538464,336.3636363636364,211.11111111111111,293.75,308.33333333333337,345.45454545454544,409.99999999999994,433.3333333333333,444.44444444444446,542.8571428571429,400.0,450.0,380.0,354.54545454545456,341.66666666666663,278.57142857142856,372.7272727272727,363.6363636363636,278.57142857142856,333.33333333333337,475.0,500.0,370.0,400.0,422.22222222222223,512.5,475.0,475.0,433.3333333333333,571.4285714285714,557.1428571428571,557.1428571428571,666.6666666666667,557.1428571428571,600.0,528.5714285714286,600.0,614.2857142857143,557.1428571428571,475.0,487.5,512.5,600.0,666.6666666666667,600.0,338.46153846153845,585.7142857142857,614.2857142857143,390.90909090909093,500.0,400.0,358.33333333333337,215.78947368421052,136.36363636363637,400.0,450.0,400.0,383.33333333333337,480.0,430.7692307692308,415.3846153846154,625.0,833.3333333333334,635.7142857142857,400.0,633.3333333333333,670.0
silver price,27.27272727272727,20.0,40.0,33.33333333333333,30.0,30.0,12.0,25.0,23.076923076923077,23.076923076923077,21.428571428571427,25.0,25.0,27.27272727272727,30.0,25.0,30.0,25.0,13.333333333333334,20.0,16.666666666666664,8.108108108108109,15.0,15.789473684210526,15.384615384615383,21.428571428571427,23.076923076923077,23.076923076923077,23.076923076923077,12.0,14.285714285714285,9.090909090909092,13.636363636363637,17.647058823529413,18.75,20.0,15.789473684210526,20.0,21.428571428571427,20.833333333333336,33.33333333333333,18.75,20.0,18.75,20.0,11.11111111111111,8.0,11.11111111111111,13.79310344827586,11.428571428571429,29.629629629629623,45.45454545454545,24.0,20.0,17.24137931034483,19.230769230769234,17.5,44.44444444444444,23.076923076923077,26.08695652173913,33.33333333333333,31.57894736842105,26.31578947368421,31.25,26.31578947368421,27.77777777777778,23.809523809523807,20.833333333333336,19.230769230769234,20.689655172413794,26.923076923076923,22.727272727272727,19.35483870967742,18.51851851851852,33.33333333333333,29.411764705882355,22.727272727272727,23.809523809523807,25.0,33.33333333333333,35.294117647058826,35.294117647058826,38.095238095238095,56.25,46.666666666666664,40.0,46.15384615384615,40.0,41.66666666666667,37.5,37.5,46.666666666666664,37.5,29.411764705882355,35.294117647058826,62.5,71.42857142857143,57.14285714285714,57.14285714285714,30.0,53.333333333333336,62.5,37.5,35.0,31.818181818181817,34.61538461538461,25.0,17.80821917808219,33.33333333333333,54.54545454545454,57.14285714285714,50.0,86.36363636363636,106.89655172413792,72.41379310344827,204.0,340.74074074074076,237.93103448275863,117.94871794871796,90.9090909090909,120.0
social media,90.9090909090909,60.0,90.0,100.0,100.0,110.0,46.15384615384615,76.92307692307693,92.3076923076923,92.85714285714286,92.85714285714286,108.33333333333331,91.66666666666666,90.9090909090909,90.9090909090909,83.33333333333334,110.0,100.0,85.71428571428571,73.33333333333333,63.1578947368421,33.33333333333333,61.904761904761905,68.42105263157895,84.61538461538461,71.42857142857143,71.42857142857143,85.71428571428571,92.3076923076923,51.85185185185185,57.14285714285714,33.33333333333333,54.54545454545454,76.47058823529412,87.5,87.5,63.1578947368421,68.75,78.57142857142857,40.0,85.71428571428571,81.25,75.0,62.5,60.0,35.13513513513514,12.0,27.659574468085108,40.625,37.142857142857146,42.857142857142854,50.0,57.692307692307686,53.84615384615385,50.0,45.83333333333333,40.0,36.11111111111111,46.15384615384615,54.166666666666664,54.54545454545454,52.63157894736842,55.00000000000001,62.5,63.1578947368421,94.73684210526316,63.63636363636363,50.0,50.0,56.666666666666664,61.53846153846154,73.91304347826086,50.0,48.148148148148145,76.47058823529412,82.35294117647058,71.42857142857143,76.19047619047619,85.0,78.94736842105263,88.23529411764706,88.88888888888889,85.0,100.0,100.0,86.66666666666667,100.0,93.33333333333331,133.33333333333331,106.25,106.25,93.75,106.25,105.55555555555556,111.76470588235294,118.75,114.28571428571428,100.0,86.66666666666667,45.16129032258064,121.42857142857142,100.0,80.0,80.0,81.81818181818183,73.07692307692307,45.23809523809524,25.97402597402597,76.0,86.95652173913044,89.28571428571429,73.07692307692307,109.09090909090908,75.86206896551724,86.20689655172413,111.53846153846156,118.5185185185185,133.33333333333331,82.92682926829268,96.96969696969695,90.0
social security card,27.27272727272727,26.666666666666668,30.0,44.44444444444444,30.0,30.0,12.0,25.0,30.76923076923077,30.76923076923077,28.57142857142857,25.0,25.0,36.36363636363637,40.0,33.33333333333333,30.0,25.0,20.0,20.0,22.22222222222222,10.81081081081081,20.0,21.052631578947366,30.76923076923077,28.57142857142857,30.76923076923077,30.76923076923077,30.76923076923077,16.0,14.285714285714285,9.090909090909092,18.181818181818183,23.52941176470588,25.0,26.666666666666668,21.052631578947366,26.666666666666668,28.57142857142857,16.666666666666664,26.666666666666668,25.0,26.666666666666668,18.75,25.0,11.11111111111111,3.0,6.666666666666667,10.344827586206897,11.428571428571429,14.814814814814811,18.181818181818183,16.0,20.0,13.79310344827586,15.384615384615383,12.5,13.88888888888889,19.230769230769234,17.391304347826086,19.047619047619047,21.052631578947366,21.052631578947366,25.0,21.052631578947366,22.22222222222222,19.047619047619047,16.666666666666664,19.230769230769234,17.24137931034483,19.230769230769234,18.181818181818183,12.903225806451612,14.814814814814811,22.22222222222222,23.52941176470588,18.181818181818183,19.047619047619047,20.0,16.666666666666664,23.52941176470588,23.52941176470588,19.047619047619047,25.0,26.666666666666668,26.666666666666668,30.76923076923077,26.666666666666668,25.0,18.75,18.75,20.0,25.0,23.52941176470588,23.52941176470588,18.75,21.428571428571427,21.428571428571427,28.57142857142857,13.333333333333334,20.0,18.75,12.5,15.0,18.181818181818183,15.384615384615383,10.0,5.47945205479452,16.666666666666664,18.181818181818183,17.857142857142858,16.666666666666664,18.181818181818183,13.79310344827586,13.79310344827586,16.0,18.51851851851852,13.79310344827586,12.82051282051282,12.12121212121212,21.052631578947366
social security office,72.72727272727273,60.0,90.0,111.11111111111111,90.0,90.0,33.33333333333333,66.66666666666666,69.23076923076923,69.23076923076923,61.53846153846154,66.66666666666666,72.72727272727273,90.9090909090909,90.0,90.9090909090909,80.0,61.53846153846154,64.28571428571429,53.333333333333336,50.0,22.5,45.0,44.44444444444444,61.53846153846154,69.23076923076923,64.28571428571429,64.28571428571429,61.53846153846154,34.61538461538461,42.857142857142854,24.24242424242424,45.45454545454545,56.25,56.25,60.0,47.368421052631575,60.0,78.57142857142857,45.83333333333333,64.28571428571429,62.5,60.0,56.25,52.63157894736842,25.0,8.0,10.869565217391305,20.689655172413794,25.0,33.33333333333333,36.36363636363637,36.0,44.0,31.03448275862069,36.0,23.684210526315788,28.57142857142857,42.30769230769231,39.130434782608695,40.909090909090914,52.63157894736842,52.63157894736842,62.5,52.63157894736842,50.0,47.61904761904761,40.0,38.46153846153847,36.666666666666664,48.0,43.47826086956522,30.0,37.03703703703704,58.82352941176471,58.82352941176471,40.909090909090914,40.0,40.0,41.17647058823529,52.94117647058824,44.44444444444444,40.0,43.75,46.666666666666664,53.333333333333336,57.14285714285714,53.333333333333336,53.84615384615385,43.75,50.0,40.0,46.666666666666664,41.17647058823529,35.294117647058826,43.75,42.857142857142854,46.15384615384615,40.0,20.689655172413794,40.0,37.5,20.833333333333336,31.57894736842105,31.818181818181817,34.61538461538461,19.51219512195122,9.722222222222223,25.0,31.818181818181817,28.57142857142857,23.076923076923077,26.08695652173913,22.22222222222222,17.24137931034483,24.0,23.076923076923077,20.0,15.384615384615383,18.75,23.809523809523807
software,540.0,335.7142857142857,522.2222222222223,612.5,577.7777777777777,490.00000000000006,222.72727272727272,427.27272727272725,483.3333333333333,483.3333333333333,458.3333333333333,500.0,454.54545454545456,480.0,600.0,454.54545454545456,588.8888888888889,491.6666666666667,384.61538461538464,346.1538461538462,311.7647058823529,145.94594594594594,277.77777777777777,276.4705882352941,391.66666666666663,358.33333333333337,323.0769230769231,323.0769230769231,366.66666666666663,183.33333333333331,215.78947368421052,132.25806451612902,225.0,306.6666666666667,306.6666666666667,321.42857142857144,235.29411764705884,285.7142857142857,307.69230769230774,195.45454545454547,361.53846153846155,313.3333333333333,307.14285714285717,300.0,277.77777777777777,148.4848484848485,49.46236559139785,114.28571428571428,176.9230769230769,142.42424242424244,192.0,235.0,208.69565217391303,200.0,166.66666666666669,186.95652173913044,125.71428571428572,140.625,170.83333333333331,204.76190476190476,215.0,222.22222222222223,241.17647058823528,292.85714285714283,270.5882352941177,276.4705882352941,236.84210526315783,195.65217391304347,220.83333333333337,200.0,234.7826086956522,242.85714285714283,171.42857142857142,180.0,287.5,293.75,228.57142857142856,236.84210526315783,236.84210526315783,287.5,318.75,300.0,247.3684210526316,293.3333333333333,300.0,307.14285714285717,330.7692307692308,328.57142857142856,375.0,300.0,300.0,314.2857142857143,357.14285714285717,312.5,300.0,306.6666666666667,346.1538461538462,358.33333333333337,307.14285714285717,170.37037037037038,335.7142857142857,306.6666666666667,213.63636363636363,250.0,250.0,225.0,134.21052631578948,81.81818181818183,256.52173913043475,345.0,288.46153846153845,283.33333333333337,352.38095238095235,260.0,237.037037037037,260.8695652173913,304.16666666666663,357.14285714285717,244.44444444444449,306.6666666666667,305.2631578947369
solar panels,27.27272727272727,20.0,30.0,33.33333333333333,20.0,30.0,11.538461538461538,15.384615384615383,23.076923076923077,21.428571428571427,21.428571428571427,25.0,25.0,27.27272727272727,27.27272727272727,25.0,30.0,23.076923076923077,21.428571428571427,13.333333333333334,15.789473684210526,7.6923076923076925,14.285714285714285,15.789473684210526,23.076923076923077,21.428571428571427,21.428571428571427,21.428571428571427,23.076923076923077,11.11111111111111,9.523809523809524,6.0606060606060606,13.636363636363637,17.647058823529413,18.75,25.0,21.052631578947366,25.0,28.57142857142857,12.0,21.428571428571427,25.0,18.75,18.75,15.0,8.108108108108109,3.0,6.382978723404255,9.375,11.428571428571429,14.285714285714285,18.181818181818183,15.384615384615383,15.384615384615383,10.0,12.5,10.0,13.88888888888889,15.384615384615383,16.666666666666664,18.181818181818183,21.052631578947366,20.0,25.0,21.052631578947366,21.052631578947366,18.181818181818183,12.5,15.384615384615383,13.333333333333334,19.230769230769234,21.73913043478261,18.75,22.22222222222222,35.294117647058826,35.294117647058826,23.809523809523807,19.047619047619047,20.0,21.052631578947366,23.52941176470588,27.77777777777778,20.0,29.411764705882355,26.666666666666668,26.666666666666668,38.46153846153847,26.666666666666668,33.33333333333333,18.75,18.75,18.75,18.75,22.22222222222222,23.52941176470588,31.25,28.57142857142857,28.57142857142857,26.666666666666668,12.903225806451612,28.57142857142857,25.0,12.0,15.0,18.181818181818183,15.384615384615383,9.523809523809524,6.493506493506493,20.0,21.73913043478261,17.857142857142858,19.230769230769234,18.181818181818183,13.79310344827586,13.79310344827586,15.384615384615383,14.814814814814811,16.666666666666664,14.634146341463412,18.181818181818183,26.31578947368421
steel,500.0,350.0,500.0,560.0,560.0,600.0,223.0769230769231,400.0,500.0,375.0,414.28571428571433,442.8571428571429,500.0,500.0,516.6666666666667,500.0,450.0,400.0,387.5,337.5,290.0,142.85714285714286,275.0,300.0,428.57142857142856,442.8571428571429,457.1428571428571,442.8571428571429,414.28571428571433,207.14285714285717,272.7272727272727,155.55555555555557,230.76923076923077,333.33333333333337,375.0,387.5,300.0,362.5,362.5,223.0769230769231,350.0,311.11111111111114,362.5,322.22222222222223,254.54545454545453,163.1578947368421,50.90909090909091,120.0,200.0,165.0,228.57142857142856,250.0,214.28571428571428,242.85714285714283,193.75,238.46153846153845,145.45454545454547,157.89473684210526,213.33333333333337,275.0,283.33333333333337,340.0,320.0,366.66666666666663,320.0,330.0,266.66666666666663,238.46153846153845,228.57142857142856,206.25,235.71428571428572,266.66666666666663,176.47058823529412,200.0,344.44444444444446,355.55555555555554,250.0,263.6363636363636,272.7272727272727,300.0,322.22222222222223,310.0,281.8181818181818,375.0,375.0,375.0,442.8571428571429,387.5,428.57142857142856,322.22222222222223,344.44444444444446,344.44444444444446,366.66666666666663,355.55555555555554,344.44444444444446,355.55555555555554,400.0,442.8571428571429,412.5,182.35294117647055,400.0,344.44444444444446,253.84615384615384,318.1818181818182,283.33333333333337,257.14285714285717,154.54545454545453,90.0,269.2307692307692,300.0,256.25,292.30769230769226,308.33333333333337,218.75,256.25,285.7142857142857,266.66666666666663,318.75,257.14285714285717,555.5555555555555,500.0
stimulus,0.0,0.0,0.0,0.0,0.0,0.0,0.0,0.0,0.0,0.0,0.0,0.0,0.0,0.0,0.0,0.0,0.0,0.0,0.0,0.0,0.0,0.0,0.0,0.0,0.0,0.0,0.0,0.0,0.0,0.0,0.0,0.0,0.0,0.0,0.0,0.0,0.0,0.0,0.0,0.0,0.0,0.0,0.0,0.0,0.0,0.0,181.25,1428.571428571429,1140.0,466.6666666666667,850.0,800.0,525.0,700.0,260.0,1700.0,983.3333333333334,716.6666666666667,2350.0,575.0,533.3333333333333,366.66666666666663,333.33333333333337,266.66666666666663,233.33333333333337,166.66666666666669,166.66666666666669,125.0,125.0,100.0,100.0,75.0,40.0,50.0,100.0,66.66666666666666,50.0,133.33333333333331,66.66666666666666,33.33333333333333,33.33333333333333,33.33333333333333,33.33333333333333,33.33333333333333,50.0,50.0,50.0,50.0,50.0,33.33333333333333,33.33333333333333,50.0,33.33333333333333,33.33333333333333,33.33333333333333,33.33333333333333,50.0,50.0,50.0,0.0,50.0,33.33333333333333,25.0,33.33333333333333,25.0,50.0,28.57142857142857,8.333333333333332,25.0,33.33333333333333,20.0,50.0,25.0,20.0,80.0,25.0,25.0,20.0,16.666666666666664,20.0,0.0
streaming,227.27272727272728,160.0,240.0,277.77777777777777,260.0,270.0,116.0,208.33333333333337,223.0769230769231,200.0,178.57142857142858,208.33333333333337,183.33333333333331,218.18181818181816,240.0,241.66666666666663,280.0,216.66666666666663,173.33333333333334,173.33333333333334,138.88888888888889,67.56756756756756,130.0,126.3157894736842,161.53846153846155,192.8571428571429,200.0,192.30769230769232,253.84615384615384,104.0,119.04761904761904,78.78787878787878,122.72727272727272,152.94117647058823,156.25,173.33333333333334,121.05263157894736,166.66666666666669,185.71428571428572,108.33333333333331,200.0,181.25,220.00000000000003,193.75,165.0,86.11111111111111,38.0,88.88888888888889,124.13793103448276,94.28571428571428,137.03703703703704,159.0909090909091,148.0,144.0,134.48275862068965,173.0769230769231,107.5,113.88888888888889,150.0,165.2173913043478,180.95238095238096,205.26315789473685,226.3157894736842,256.25,210.52631578947367,261.11111111111114,238.0952380952381,237.5,234.6153846153846,196.55172413793105,196.15384615384613,245.45454545454547,174.19354838709677,200.0,344.44444444444446,347.05882352941177,272.7272727272727,295.23809523809524,320.0,411.1111111111111,417.64705882352945,400.0,290.4761904761905,381.25,393.3333333333333,433.3333333333333,530.7692307692307,413.33333333333337,575.0,425.0,425.0,540.0,481.25,400.0,394.11764705882354,362.5,414.28571428571433,442.8571428571429,450.0,213.33333333333337,420.0,393.75,316.66666666666663,385.0,368.1818181818182,276.9230769230769,170.0,80.82191780821918,258.33333333333337,304.54545454545456,328.57142857142856,312.5,331.8181818181818,244.82758620689657,293.10344827586204,360.0,355.55555555555554,286.2068965517241,215.3846153846154,230.3030303030303,357.89473684210526
supply chain,18.181818181818183,13.333333333333334,20.0,22.22222222222222,20.0,30.0,7.6923076923076925,15.384615384615383,15.384615384615383,21.428571428571427,21.428571428571427,25.0,16.666666666666664,18.181818181818183,18.181818181818183,16.666666666666664,30.0,23.076923076923077,21.428571428571427,13.333333333333334,10.526315789473683,7.6923076923076925,14.285714285714285,15.789473684210526,23.076923076923077,14.285714285714285,14.285714285714285,14.285714285714285,23.076923076923077,11.11111111111111,14.285714285714285,6.0606060606060606,13.636363636363637,17.647058823529413,18.75,18.75,15.789473684210526,12.5,14.285714285714285,8.0,21.428571428571427,18.75,18.75,12.5,15.0,8.108108108108109,3.0,6.382978723404255,9.375,8.571428571428571,10.714285714285714,13.636363636363637,11.538461538461538,11.538461538461538,10.0,8.333333333333332,5.0,8.333333333333332,11.538461538461538,12.5,13.636363636363637,15.789473684210526,15.0,18.75,21.052631578947366,31.57894736842105,22.727272727272727,16.666666666666664,15.384615384615383,13.333333333333334,15.384615384615383,21.73913043478261,12.5,14.814814814814811,17.647058823529413,17.647058823529413,19.047619047619047,19.047619047619047,15.0,15.789473684210526,17.647058823529413,22.22222222222222,15.0,17.647058823529413,20.0,20.0,23.076923076923077,20.0,33.33333333333333,25.0,25.0,18.75,18.75,22.22222222222222,23.52941176470588,25.0,21.428571428571427,21.428571428571427,20.0,9.67741935483871,28.57142857142857,25.0,16.0,15.0,18.181818181818183,15.384615384615383,9.523809523809524,6.493506493506493,16.0,21.73913043478261,21.428571428571427,19.230769230769234,27.27272727272727,20.689655172413794,24.13793103448276,23.076923076923077,29.629629629629623,40.0,24.390243902439025,33.33333333333333,25.0
tesla stock,18.181818181818183,13.333333333333334,20.0,11.11111111111111,10.0,10.0,8.0,8.333333333333332,7.6923076923076925,15.384615384615383,14.285714285714285,25.0,25.0,27.27272727272727,30.0,25.0,20.0,16.666666666666664,26.666666666666668,13.333333333333334,11.11111111111111,8.108108108108109,15.0,15.789473684210526,23.076923076923077,21.428571428571427,23.076923076923077,53.84615384615385,61.53846153846154,28.000000000000004,14.285714285714285,9.090909090909092,13.636363636363637,17.647058823529413,25.0,33.33333333333333,31.57894736842105,26.666666666666668,28.57142857142857,12.5,13.333333333333334,25.0,26.666666666666668,25.0,45.0,61.111111111111114,17.0,24.444444444444443,34.48275862068966,28.57142857142857,74.07407407407408,109.09090909090908,132.0,68.0,58.620689655172406,92.3076923076923,70.0,66.66666666666666,92.3076923076923,73.91304347826086,71.42857142857143,63.1578947368421,52.63157894736842,62.5,47.368421052631575,83.33333333333334,100.0,62.5,57.692307692307686,44.827586206896555,53.84615384615385,77.27272727272727,54.83870967741935,51.85185185185185,61.111111111111114,88.23529411764706,50.0,57.14285714285714,60.0,100.0,105.88235294117648,100.0,61.904761904761905,75.0,73.33333333333333,106.66666666666669,107.6923076923077,73.33333333333333,83.33333333333334,68.75,62.5,66.66666666666666,68.75,58.82352941176471,58.82352941176471,81.25,64.28571428571429,64.28571428571429,100.0,30.0,53.333333333333336,68.75,75.0,85.0,63.63636363636363,65.38461538461539,120.0,50.68493150684932,70.83333333333334,90.9090909090909,64.28571428571429,45.83333333333333,63.63636363636363,48.27586206896552,37.93103448275862,40.0,33.33333333333333,31.03448275862069,25.64102564102564,27.27272727272727,40.0
the depression,45.45454545454545,20.0,20.0,22.22222222222222,30.0,40.0,20.0,33.33333333333333,38.46153846153847,46.15384615384615,50.0,50.0,41.66666666666667,18.181818181818183,20.0,16.666666666666664,30.0,33.33333333333333,33.33333333333333,33.33333333333333,27.77777777777778,16.216216216216218,30.0,31.57894736842105,38.46153846153847,21.428571428571427,15.384615384615383,15.384615384615383,30.76923076923077,20.0,23.809523809523807,15.151515151515152,22.727272727272727,35.294117647058826,37.5,40.0,26.31578947368421,20.0,14.285714285714285,8.333333333333332,26.666666666666668,31.25,33.33333333333333,25.0,25.0,16.666666666666664,9.0,20.0,20.689655172413794,8.571428571428571,11.11111111111111,13.636363636363637,16.0,16.0,13.79310344827586,15.384615384615383,10.0,13.88888888888889,19.230769230769234,21.73913043478261,19.047619047619047,15.789473684210526,10.526315789473683,12.5,15.789473684210526,16.666666666666664,19.047619047619047,12.5,15.384615384615383,20.689655172413794,26.923076923076923,36.36363636363637,22.58064516129032,14.814814814814811,16.666666666666664,17.647058823529413,18.181818181818183,23.809523809523807,25.0,27.77777777777778,35.294117647058826,41.17647058823529,38.095238095238095,43.75,40.0,20.0,15.384615384615383,20.0,33.33333333333333,31.25,37.5,33.33333333333333,31.25,47.05882352941176,41.17647058823529,43.75,35.714285714285715,21.428571428571427,21.428571428571427,10.0,26.666666666666668,31.25,25.0,25.0,22.727272727272727,30.76923076923077,17.5,10.95890410958904,20.833333333333336,18.181818181818183,14.285714285714285,12.5,22.727272727272727,20.689655172413794,24.13793103448276,24.0,22.22222222222222,31.03448275862069,25.64102564102564,27.27272727272727,30.0
therapeutics,18.181818181818183,12.5,20.0,22.22222222222222,20.0,20.0,8.0,16.666666666666664,15.384615384615383,15.384615384615383,14.285714285714285,15.384615384615383,18.181818181818183,18.181818181818183,20.0,16.666666666666664,20.0,15.384615384615383,14.285714285714285,12.5,15.789473684210526,5.128205128205128,9.523809523809524,10.0,14.285714285714285,21.428571428571427,14.285714285714285,14.285714285714285,15.384615384615383,7.4074074074074066,9.523809523809524,6.25,9.090909090909092,17.647058823529413,18.75,20.0,15.789473684210526,21.428571428571427,20.0,8.0,13.333333333333334,12.5,12.5,18.75,15.0,8.108108108108109,3.0,6.666666666666667,16.666666666666664,11.428571428571429,14.285714285714285,17.391304347826086,11.538461538461538,11.538461538461538,10.0,12.0,10.0,14.285714285714285,15.384615384615383,13.043478260869565,13.636363636363637,15.789473684210526,15.0,18.75,15.789473684210526,15.789473684210526,13.636363636363637,12.0,15.384615384615383,10.0,12.0,13.043478260869565,9.67741935483871,10.714285714285714,16.666666666666664,17.647058823529413,14.285714285714285,14.285714285714285,14.285714285714285,16.666666666666664,17.647058823529413,16.666666666666664,15.0,18.75,20.0,20.0,21.428571428571427,20.0,23.076923076923077,17.647058823529413,18.75,18.75,25.0,23.52941176470588,25.0,18.75,21.428571428571427,21.428571428571427,20.0,10.344827586206897,18.75,18.75,12.0,15.0,16.666666666666664,15.384615384615383,7.317073170731707,4.054054054054054,12.5,18.181818181818183,17.24137931034483,16.0,17.391304347826086,14.285714285714285,13.79310344827586,15.384615384615383,18.51851851851852,19.35483870967742,15.789473684210526,17.647058823529413,20.0
titanium,63.63636363636363,40.0,60.0,66.66666666666666,60.0,60.0,24.0,50.0,46.15384615384615,46.15384615384615,50.0,50.0,50.0,54.54545454545454,60.0,50.0,60.0,50.0,46.666666666666664,46.666666666666664,33.33333333333333,16.216216216216218,30.0,31.57894736842105,46.15384615384615,42.857142857142854,46.15384615384615,46.15384615384615,46.15384615384615,24.0,28.57142857142857,21.21212121212121,27.27272727272727,35.294117647058826,37.5,40.0,31.57894736842105,40.0,42.857142857142854,25.0,40.0,37.5,46.666666666666664,37.5,30.0,16.666666666666664,5.0,11.11111111111111,20.689655172413794,17.142857142857142,22.22222222222222,27.27272727272727,24.0,24.0,20.689655172413794,26.923076923076923,17.5,19.444444444444446,23.076923076923077,26.08695652173913,28.57142857142857,31.57894736842105,31.57894736842105,37.5,31.57894736842105,33.33333333333333,28.57142857142857,25.0,23.076923076923077,20.689655172413794,23.076923076923077,27.27272727272727,19.35483870967742,22.22222222222222,44.44444444444444,47.05882352941176,27.27272727272727,28.57142857142857,30.0,38.88888888888889,35.294117647058826,35.294117647058826,28.57142857142857,37.5,40.0,40.0,46.15384615384615,40.0,75.0,50.0,43.75,46.666666666666664,43.75,41.17647058823529,41.17647058823529,37.5,50.0,42.857142857142854,42.857142857142854,23.333333333333332,53.333333333333336,50.0,29.166666666666668,40.0,31.818181818181817,26.923076923076923,17.5,9.58904109589041,33.33333333333333,36.36363636363637,32.142857142857146,33.33333333333333,36.36363636363637,27.58620689655172,31.03448275862069,36.0,29.629629629629623,34.48275862068966,33.33333333333333,90.9090909090909,84.21052631578947
transportation,190.9090909090909,133.33333333333331,200.0,255.55555555555551,210.0,200.0,73.07692307692307,146.15384615384613,153.84615384615387,142.85714285714286,150.0,175.0,166.66666666666669,181.8181818181818,181.8181818181818,200.0,210.0,153.84615384615387,135.71428571428572,113.33333333333331,110.5263157894737,51.28205128205128,104.76190476190476,110.5263157894737,153.84615384615387,150.0,142.85714285714286,171.42857142857142,161.53846153846155,77.77777777777779,95.23809523809524,51.51515151515152,95.45454545454544,129.41176470588235,131.25,131.25,105.26315789473684,131.25,142.85714285714286,100.0,157.14285714285714,125.0,112.5,106.25,110.0,54.054054054054056,15.0,23.404255319148938,34.375,37.142857142857146,46.42857142857143,59.09090909090909,57.692307692307686,57.692307692307686,43.333333333333336,54.166666666666664,32.5,44.44444444444444,61.53846153846154,70.83333333333334,68.18181818181817,89.47368421052632,80.0,125.0,100.0,94.73684210526316,77.27272727272727,62.5,69.23076923076923,66.66666666666666,80.76923076923077,91.30434782608695,62.5,74.07407407407408,111.76470588235294,141.1764705882353,100.0,90.47619047619048,90.0,89.47368421052632,117.64705882352942,116.66666666666669,105.0,117.64705882352942,140.0,133.33333333333331,146.15384615384613,166.66666666666669,183.33333333333331,131.25,118.75,112.5,125.0,116.66666666666669,117.64705882352942,131.25,142.85714285714286,135.71428571428572,120.0,74.19354838709677,142.85714285714286,125.0,76.0,90.0,95.45454545454544,80.76923076923077,47.61904761904761,27.27272727272727,80.0,86.95652173913044,82.14285714285714,92.3076923076923,104.54545454545456,75.86206896551724,75.86206896551724,80.76923076923077,88.88888888888889,93.33333333333331,63.41463414634146,75.75757575757575,100.0
trucking,90.9090909090909,73.33333333333333,110.0,122.22222222222224,100.0,90.9090909090909,36.0,69.23076923076923,76.92307692307693,71.42857142857143,71.42857142857143,76.92307692307693,83.33333333333334,100.0,110.0,91.66666666666666,100.0,76.92307692307693,60.0,60.0,52.63157894736842,25.64102564102564,45.45454545454545,57.89473684210527,78.57142857142857,78.57142857142857,78.57142857142857,78.57142857142857,76.92307692307693,37.03703703703704,42.857142857142854,26.47058823529412,47.82608695652174,64.70588235294117,68.75,73.33333333333333,57.89473684210527,73.33333333333333,85.71428571428571,48.0,78.57142857142857,62.5,56.25,62.5,55.00000000000001,27.77777777777778,9.0,18.0,30.0,25.71428571428571,35.714285714285715,39.130434782608695,34.61538461538461,34.61538461538461,26.666666666666668,37.5,22.5,25.0,38.46153846153847,39.130434782608695,52.38095238095239,52.63157894736842,55.00000000000001,58.82352941176471,52.63157894736842,52.63157894736842,47.61904761904761,37.5,37.03703703703704,36.666666666666664,44.0,43.47826086956522,32.25806451612903,39.285714285714285,61.111111111111114,64.70588235294117,40.909090909090914,50.0,42.857142857142854,42.10526315789473,55.55555555555556,55.55555555555556,42.857142857142854,62.5,62.5,66.66666666666666,78.57142857142857,78.57142857142857,76.92307692307693,58.82352941176471,52.94117647058824,60.0,56.25,52.94117647058824,56.25,52.94117647058824,60.0,64.28571428571429,60.0,30.0,56.25,47.05882352941176,32.0,42.10526315789473,36.36363636363637,34.61538461538461,22.5,12.162162162162163,32.0,39.130434782608695,31.03448275862069,36.0,34.78260869565217,27.58620689655172,27.58620689655172,30.76923076923077,33.33333333333333,33.33333333333333,24.390243902439025,30.303030303030305,42.857142857142854
vaccines,27.27272727272727,20.0,30.0,33.33333333333333,30.0,27.27272727272727,12.0,15.384615384615383,23.076923076923077,21.428571428571427,21.428571428571427,30.76923076923077,25.0,27.27272727272727,30.0,25.0,30.0,30.76923076923077,26.666666666666668,20.0,21.052631578947366,10.256410256410255,13.636363636363637,21.052631578947366,21.428571428571427,21.428571428571427,21.428571428571427,28.57142857142857,30.76923076923077,14.814814814814811,19.047619047619047,8.823529411764707,17.391304347826086,29.411764705882355,37.5,40.0,26.31578947368421,26.666666666666668,21.428571428571427,16.0,28.57142857142857,25.0,25.0,18.75,20.0,11.11111111111111,6.0,14.000000000000002,23.333333333333332,11.428571428571429,21.428571428571427,21.73913043478261,19.230769230769234,19.230769230769234,23.333333333333332,70.83333333333334,80.0,97.2222222222222,150.0,126.08695652173914,85.71428571428571,63.1578947368421,75.0,152.94117647058823,94.73684210526316,73.68421052631578,66.66666666666666,50.0,44.44444444444444,23.333333333333332,24.0,26.08695652173913,19.35483870967742,21.428571428571427,33.33333333333333,35.294117647058826,27.27272727272727,35.0,23.809523809523807,26.31578947368421,33.33333333333333,27.77777777777778,23.809523809523807,31.25,31.25,33.33333333333333,35.714285714285715,35.714285714285715,61.53846153846154,47.05882352941176,35.294117647058826,33.33333333333333,31.25,29.411764705882355,31.25,29.411764705882355,33.33333333333333,35.714285714285715,33.33333333333333,23.333333333333332,43.75,41.17647058823529,32.0,36.84210526315789,31.818181818181817,34.61538461538461,20.0,9.45945945945946,28.000000000000004,30.434782608695656,24.13793103448276,32.0,56.52173913043478,31.03448275862069,27.58620689655172,30.76923076923077,29.629629629629623,23.333333333333332,19.51219512195122,24.24242424242424,28.57142857142857
video games,72.72727272727273,53.333333333333336,70.0,77.77777777777779,70.0,80.0,36.0,75.0,61.53846153846154,61.53846153846154,57.14285714285714,66.66666666666666,58.333333333333336,63.63636363636363,60.0,50.0,70.0,66.66666666666666,60.0,60.0,44.44444444444444,24.324324324324326,45.0,42.10526315789473,53.84615384615385,50.0,46.15384615384615,53.84615384615385,53.84615384615385,28.000000000000004,42.857142857142854,27.27272727272727,36.36363636363637,47.05882352941176,50.0,46.666666666666664,36.84210526315789,40.0,42.857142857142854,33.33333333333333,46.666666666666664,43.75,53.333333333333336,50.0,35.0,22.22222222222222,9.0,24.444444444444443,34.48275862068966,25.71428571428571,33.33333333333333,40.909090909090914,36.0,32.0,27.58620689655172,34.61538461538461,20.0,22.22222222222222,30.76923076923077,30.434782608695656,33.33333333333333,36.84210526315789,36.84210526315789,43.75,36.84210526315789,38.88888888888889,38.095238095238095,33.33333333333333,30.76923076923077,27.58620689655172,30.76923076923077,36.36363636363637,25.806451612903224,25.925925925925924,38.88888888888889,41.17647058823529,31.818181818181817,33.33333333333333,40.0,44.44444444444444,47.05882352941176,47.05882352941176,33.33333333333333,50.0,46.666666666666664,40.0,46.15384615384615,40.0,58.333333333333336,43.75,50.0,53.333333333333336,43.75,41.17647058823529,41.17647058823529,43.75,50.0,42.857142857142854,42.857142857142854,23.333333333333332,46.666666666666664,43.75,33.33333333333333,40.0,36.36363636363637,30.76923076923077,17.5,9.58904109589041,29.166666666666668,31.818181818181817,28.57142857142857,29.166666666666668,31.818181818181817,27.58620689655172,31.03448275862069,48.0,40.74074074074074,37.93103448275862,25.64102564102564,30.303030303030305,35.0
wall street,81.81818181818183,75.0,100.0,111.11111111111111,100.0,100.0,44.0,75.0,76.92307692307693,76.92307692307693,71.42857142857143,69.23076923076923,81.81818181818183,81.81818181818183,90.0,75.0,80.0,69.23076923076923,57.14285714285714,50.0,47.368421052631575,25.64102564102564,42.857142857142854,40.0,57.14285714285714,57.14285714285714,57.14285714285714,57.14285714285714,61.53846153846154,29.629629629629623,38.095238095238095,25.0,40.909090909090914,47.05882352941176,43.75,46.666666666666664,36.84210526315789,57.14285714285714,53.333333333333336,32.0,60.0,56.25,50.0,50.0,35.0,24.324324324324326,12.0,22.22222222222222,26.666666666666668,40.0,32.142857142857146,34.78260869565217,34.61538461538461,30.76923076923077,33.33333333333333,32.0,35.0,28.57142857142857,26.923076923076923,34.78260869565217,36.36363636363637,42.10526315789473,35.0,43.75,42.10526315789473,42.10526315789473,36.36363636363637,28.000000000000004,34.61538461538461,30.0,32.0,39.130434782608695,25.806451612903224,28.57142857142857,50.0,47.05882352941176,38.095238095238095,38.095238095238095,42.857142857142854,44.44444444444444,47.05882352941176,44.44444444444444,45.0,50.0,53.333333333333336,53.333333333333336,57.14285714285714,53.333333333333336,76.92307692307693,52.94117647058824,50.0,50.0,50.0,47.05882352941176,50.0,43.75,50.0,50.0,46.666666666666664,24.13793103448276,43.75,43.75,32.0,35.0,29.166666666666668,30.76923076923077,19.51219512195122,13.513513513513514,29.166666666666668,36.36363636363637,34.48275862068966,32.0,34.78260869565217,28.57142857142857,27.58620689655172,38.46153846153847,33.33333333333333,32.25806451612903,23.684210526315788,26.47058823529412,35.0
waste management,45.45454545454545,33.33333333333333,50.0,44.44444444444444,50.0,40.0,16.0,41.66666666666667,46.15384615384615,53.84615384615385,28.57142857142857,41.66666666666667,41.66666666666667,45.45454545454545,60.0,41.66666666666667,50.0,41.66666666666667,33.33333333333333,33.33333333333333,38.88888888888889,21.62162162162162,25.0,26.31578947368421,38.46153846153847,35.714285714285715,46.15384615384615,38.46153846153847,38.46153846153847,20.0,23.809523809523807,18.181818181818183,36.36363636363637,47.05882352941176,31.25,33.33333333333333,31.57894736842105,40.0,42.857142857142854,25.0,40.0,31.25,33.33333333333333,37.5,40.0,19.444444444444446,5.0,11.11111111111111,20.689655172413794,14.285714285714285,22.22222222222222,22.727272727272727,24.0,20.0,17.24137931034483,19.230769230769234,15.0,27.77777777777778,19.230769230769234,21.73913043478261,23.809523809523807,31.57894736842105,36.84210526315789,31.25,31.57894736842105,27.77777777777778,23.809523809523807,25.0,26.923076923076923,37.93103448275862,19.230769230769234,22.727272727272727,19.35483870967742,22.22222222222222,33.33333333333333,29.411764705882355,27.27272727272727,23.809523809523807,25.0,33.33333333333333,41.17647058823529,64.70588235294117,23.809523809523807,31.25,40.0,40.0,46.15384615384615,33.33333333333333,41.66666666666667,31.25,31.25,33.33333333333333,50.0,70.58823529411765,29.411764705882355,31.25,42.857142857142854,35.714285714285715,42.857142857142854,16.666666666666664,33.33333333333333,31.25,20.833333333333336,30.0,31.818181818181817,42.30769230769231,12.5,6.8493150684931505,25.0,27.27272727272727,21.428571428571427,25.0,22.727272727272727,17.24137931034483,20.689655172413794,24.0,29.629629629629623,41.37931034482759,15.384615384615383,18.181818181818183,26.31578947368421
water bill,36.36363636363637,26.666666666666668,40.0,44.44444444444444,40.0,40.0,16.666666666666664,33.33333333333333,30.76923076923077,30.76923076923077,30.76923076923077,33.33333333333333,36.36363636363637,36.36363636363637,50.0,45.45454545454545,40.0,30.76923076923077,35.714285714285715,26.666666666666668,27.77777777777778,12.5,25.0,22.22222222222222,38.46153846153847,38.46153846153847,35.714285714285715,35.714285714285715,38.46153846153847,19.230769230769234,23.809523809523807,15.151515151515152,22.727272727272727,31.25,31.25,33.33333333333333,26.31578947368421,40.0,42.857142857142854,25.0,35.714285714285715,37.5,33.33333333333333,31.25,26.31578947368421,16.666666666666664,5.0,10.869565217391305,17.24137931034483,16.666666666666664,22.22222222222222,27.27272727272727,24.0,24.0,17.24137931034483,24.0,15.789473684210526,17.142857142857142,23.076923076923077,26.08695652173913,27.27272727272727,31.57894736842105,31.57894736842105,37.5,26.31578947368421,33.33333333333333,28.57142857142857,24.0,26.923076923076923,23.333333333333332,28.000000000000004,30.434782608695656,23.333333333333332,25.925925925925924,41.17647058823529,41.17647058823529,31.818181818181817,35.0,35.0,41.17647058823529,41.17647058823529,38.88888888888889,35.0,43.75,46.666666666666664,46.666666666666664,57.14285714285714,53.333333333333336,53.84615384615385,43.75,43.75,46.666666666666664,46.666666666666664,41.17647058823529,41.17647058823529,43.75,57.14285714285714,53.84615384615385,46.666666666666664,24.13793103448276,46.666666666666664,43.75,29.166666666666668,36.84210526315789,31.818181818181817,30.76923076923077,17.073170731707318,9.722222222222223,29.166666666666668,36.36363636363637,35.714285714285715,30.76923076923077,34.78260869565217,29.629629629629623,27.58620689655172,32.0,30.76923076923077,30.0,23.076923076923077,28.125,42.857142857142854
weight loss,290.90909090909093,200.0,320.0,333.33333333333337,270.0,270.0,96.15384615384616,192.30769230769232,292.30769230769226,264.2857142857143,278.57142857142856,291.66666666666663,275.0,290.90909090909093,290.90909090909093,241.66666666666663,270.0,200.0,178.57142857142858,160.0,178.94736842105263,82.05128205128204,147.61904761904762,173.6842105263158,246.15384615384616,221.42857142857144,228.57142857142856,207.14285714285717,192.30769230769232,88.88888888888889,104.76190476190476,72.72727272727273,150.0,176.47058823529412,187.5,193.75,147.36842105263156,175.0,207.14285714285717,104.0,164.28571428571428,150.0,137.5,143.75,165.0,81.08108108108108,21.0,53.191489361702125,112.5,94.28571428571428,114.28571428571428,122.72727272727272,107.6923076923077,111.53846153846156,76.66666666666667,108.33333333333331,90.0,97.2222222222222,126.92307692307692,145.83333333333331,154.54545454545453,184.21052631578948,155.0,175.0,147.36842105263156,147.36842105263156,122.72727272727272,108.33333333333331,123.07692307692308,113.33333333333331,134.6153846153846,143.47826086956522,103.125,129.62962962962962,194.1176470588235,188.23529411764704,138.0952380952381,142.85714285714286,140.0,147.36842105263156,241.17647058823528,222.22222222222223,210.0,241.17647058823528,266.66666666666663,273.3333333333333,292.30769230769226,226.66666666666663,258.33333333333337,206.25,212.5,218.75,268.75,205.55555555555551,235.29411764705884,237.5,278.57142857142856,264.2857142857143,233.33333333333337,100.0,235.71428571428572,193.75,124.0,145.0,172.72727272727272,142.30769230769232,92.85714285714286,50.64935064935064,148.0,165.2173913043478,146.42857142857142,146.15384615384613,159.0909090909091,110.34482758620688,113.79310344827589,134.6153846153846,166.66666666666669,146.66666666666666,121.95121951219512,154.54545454545453,200.0
wireless,650.0,525.0,840.0,840.0,920.0,819.9999999999999,330.7692307692308,850.0,557.1428571428571,585.7142857142857,528.5714285714286,500.0,650.0,700.0,819.9999999999999,650.0,760.0,571.4285714285714,742.8571428571429,700.0,400.0,190.0,345.45454545454544,360.0,542.8571428571429,585.7142857142857,585.7142857142857,557.1428571428571,571.4285714285714,257.14285714285717,418.1818181818182,288.2352941176471,325.0,377.77777777777777,437.5,400.0,330.0,514.2857142857143,450.0,269.2307692307692,412.5,377.77777777777777,500.0,550.0,309.09090909090907,157.89473684210526,59.61538461538461,141.66666666666669,206.25,177.77777777777777,220.00000000000003,275.0,230.76923076923077,238.46153846153845,212.5,292.30769230769226,152.38095238095238,155.55555555555557,207.14285714285717,233.33333333333337,245.45454545454547,300.0,290.0,350.0,270.0,280.0,275.0,253.84615384615384,207.14285714285717,187.5,223.0769230769231,233.33333333333337,175.0,207.14285714285717,355.55555555555554,311.11111111111114,245.45454545454547,236.36363636363637,263.6363636363636,300.0,277.77777777777777,250.0,227.27272727272728,255.55555555555551,300.0,312.5,357.14285714285717,300.0,342.85714285714283,277.77777777777777,350.0,362.5,300.0,277.77777777777777,287.5,275.0,314.2857142857143,314.2857142857143,275.0,146.66666666666666,275.0,233.33333333333337,176.9230769230769,245.45454545454547,175.0,142.85714285714286,100.0,51.28205128205128,161.53846153846155,209.0909090909091,173.33333333333334,207.6923076923077,200.0,157.14285714285714,180.0,215.3846153846154,178.57142857142858,187.5,185.0,588.2352941176471,481.8181818181818
zinc,45.45454545454545,33.33333333333333,40.0,44.44444444444444,50.0,60.0,19.230769230769234,38.46153846153847,38.46153846153847,42.857142857142854,35.714285714285715,50.0,41.66666666666667,45.45454545454545,45.45454545454545,41.66666666666667,60.0,46.15384615384615,42.857142857142854,33.33333333333333,31.57894736842105,15.384615384615383,28.57142857142857,31.57894736842105,38.46153846153847,35.714285714285715,35.714285714285715,35.714285714285715,46.15384615384615,22.22222222222222,28.57142857142857,15.151515151515152,27.27272727272727,35.294117647058826,37.5,37.5,31.57894736842105,31.25,28.57142857142857,20.0,42.857142857142854,37.5,37.5,31.25,30.0,16.216216216216218,14.000000000000002,31.91489361702128,28.125,20.0,35.714285714285715,45.45454545454545,30.76923076923077,42.30769230769231,33.33333333333333,50.0,30.0,25.0,26.923076923076923,33.33333333333333,31.818181818181817,31.57894736842105,35.0,68.75,52.63157894736842,42.10526315789473,36.36363636363637,37.5,46.15384615384615,30.0,30.76923076923077,34.78260869565217,25.0,29.629629629629623,41.17647058823529,41.17647058823529,33.33333333333333,38.095238095238095,40.0,42.10526315789473,47.05882352941176,44.44444444444444,40.0,47.05882352941176,46.666666666666664,46.666666666666664,53.84615384615385,46.666666666666664,66.66666666666666,50.0,50.0,50.0,50.0,44.44444444444444,47.05882352941176,50.0,57.14285714285714,57.14285714285714,46.666666666666664,22.58064516129032,57.14285714285714,50.0,32.0,40.0,40.909090909090914,34.61538461538461,21.428571428571427,11.688311688311687,32.0,34.78260869565217,35.714285714285715,34.61538461538461,40.909090909090914,31.03448275862069,34.48275862068966,42.30769230769231,44.44444444444444,46.666666666666664,36.58536585365854,57.57575757575758,52.63157894736842
