target_type,target,horizon,pc_count,model,pc,coef
raw_sector_return,Materials,1,5,OLS,PC1,-0.015248240638501559
raw_sector_return,Materials,1,5,OLS,PC2,-0.00539364960407598
raw_sector_return,Materials,1,5,OLS,PC3,-0.0009880452602484303
raw_sector_return,Materials,1,5,OLS,PC4,0.0002747482725367149
raw_sector_return,Materials,1,5,OLS,PC5,0.000812799074351798
raw_sector_return,Materials,1,5,Ridge,PC1,-0.001075178434111699
raw_sector_return,Materials,1,5,Ridge,PC2,0.00011746177283837539
raw_sector_return,Materials,1,5,Ridge,PC3,0.00033598948720282336
raw_sector_return,Materials,1,5,Ridge,PC4,-0.0001432433792292052
raw_sector_return,Materials,1,5,Ridge,PC5,0.00012184494518417222
raw_sector_return,Materials,1,5,Lasso,PC1,-0.002552306638290787
raw_sector_return,Materials,1,5,Lasso,PC2,0.0
raw_sector_return,Materials,1,5,Lasso,PC3,0.0
raw_sector_return,Materials,1,5,Lasso,PC4,-0.0
raw_sector_return,Materials,1,5,Lasso,PC5,0.0
raw_sector_return,Materials,1,5,ElasticNet,PC1,-0.002341565723202556
raw_sector_return,Materials,1,5,ElasticNet,PC2,0.0
raw_sector_return,Materials,1,5,ElasticNet,PC3,0.0
raw_sector_return,Materials,1,5,ElasticNet,PC4,-0.0
raw_sector_return,Materials,1,5,ElasticNet,PC5,0.0
raw_sector_return,Communication Services,1,5,OLS,PC1,-0.011861267837913556
raw_sector_return,Communication Services,1,5,OLS,PC2,-0.0061700016577818356
raw_sector_return,Communication Services,1,5,OLS,PC3,-0.003027028662952754
raw_sector_return,Communication Services,1,5,OLS,PC4,0.007650198699784219
raw_sector_return,Communication Services,1,5,OLS,PC5,0.002577130913946996
raw_sector_return,Communication Services,1,5,Ridge,PC1,-0.000629973729748756
raw_sector_return,Communication Services,1,5,Ridge,PC2,-4.051185947017006e-05
raw_sector_return,Communication Services,1,5,Ridge,PC3,6.024140119781795e-05
raw_sector_return,Communication Services,1,5,Ridge,PC4,0.0005805768867057497
raw_sector_return,Communication Services,1,5,Ridge,PC5,0.0003750880660639943
raw_sector_return,Communication Services,1,5,Lasso,PC1,-0.0
raw_sector_return,Communication Services,1,5,Lasso,PC2,-0.0
raw_sector_return,Communication Services,1,5,Lasso,PC3,0.0
raw_sector_return,Communication Services,1,5,Lasso,PC4,0.0
raw_sector_return,Communication Services,1,5,Lasso,PC5,0.0
raw_sector_return,Communication Services,1,5,ElasticNet,PC1,-0.0
raw_sector_return,Communication Services,1,5,ElasticNet,PC2,-0.0
raw_sector_return,Communication Services,1,5,ElasticNet,PC3,0.0
raw_sector_return,Communication Services,1,5,ElasticNet,PC4,0.0
raw_sector_return,Communication Services,1,5,ElasticNet,PC5,0.0
raw_sector_return,Energy,1,5,OLS,PC1,-0.023843844741808017
raw_sector_return,Energy,1,5,OLS,PC2,-0.019917800662047562
raw_sector_return,Energy,1,5,OLS,PC3,-0.005423266559937958
raw_sector_return,Energy,1,5,OLS,PC4,-0.004065344071607765
raw_sector_return,Energy,1,5,OLS,PC5,-0.006015144689667519
raw_sector_return,Energy,1,5,Ridge,PC1,-0.001227490385274546
raw_sector_return,Energy,1,5,Ridge,PC2,-0.0006776178743146559
raw_sector_return,Energy,1,5,Ridge,PC3,0.0004666056315631912
raw_sector_return,Energy,1,5,Ridge,PC4,-0.00067601359593482
raw_sector_return,Energy,1,5,Ridge,PC5,-0.0004934497896223904
raw_sector_return,Energy,1,5,Lasso,PC1,-0.0
raw_sector_return,Energy,1,5,Lasso,PC2,-0.0
raw_sector_return,Energy,1,5,Lasso,PC3,0.0
raw_sector_return,Energy,1,5,Lasso,PC4,-0.0
raw_sector_return,Energy,1,5,Lasso,PC5,-0.0
raw_sector_return,Energy,1,5,ElasticNet,PC1,-0.0
raw_sector_return,Energy,1,5,ElasticNet,PC2,-0.0
raw_sector_return,Energy,1,5,ElasticNet,PC3,0.0
raw_sector_return,Energy,1,5,ElasticNet,PC4,-0.0
raw_sector_return,Energy,1,5,ElasticNet,PC5,-0.0
raw_sector_return,Financials,1,5,OLS,PC1,-0.009834760050592663
raw_sector_return,Financials,1,5,OLS,PC2,-0.004202368219352818
raw_sector_return,Financials,1,5,OLS,PC3,-0.0061331232849619515
raw_sector_return,Financials,1,5,OLS,PC4,0.002011190469568108
raw_sector_return,Financials,1,5,OLS,PC5,-0.0006836998697221991
raw_sector_return,Financials,1,5,Ridge,PC1,-0.0005333611815368109
raw_sector_return,Financials,1,5,Ridge,PC2,0.00013943479271719114
raw_sector_return,Financials,1,5,Ridge,PC3,-0.00025617017348095194
raw_sector_return,Financials,1,5,Ridge,PC4,9.144833290378155e-05
raw_sector_return,Financials,1,5,Ridge,PC5,-1.2974886633430728e-05
raw_sector_return,Financials,1,5,Lasso,PC1,-0.0
raw_sector_return,Financials,1,5,Lasso,PC2,0.0
raw_sector_return,Financials,1,5,Lasso,PC3,-0.0
raw_sector_return,Financials,1,5,Lasso,PC4,0.0
raw_sector_return,Financials,1,5,Lasso,PC5,-0.0
raw_sector_return,Financials,1,5,ElasticNet,PC1,-0.0
raw_sector_return,Financials,1,5,ElasticNet,PC2,0.0
raw_sector_return,Financials,1,5,ElasticNet,PC3,-0.0
raw_sector_return,Financials,1,5,ElasticNet,PC4,0.0
raw_sector_return,Financials,1,5,ElasticNet,PC5,-0.0
raw_sector_return,Industrials,1,5,OLS,PC1,-0.013663741172843741
raw_sector_return,Industrials,1,5,OLS,PC2,-0.005678072102418597
raw_sector_return,Industrials,1,5,OLS,PC3,-0.002395804508853096
raw_sector_return,Industrials,1,5,OLS,PC4,0.00033607281282862996
raw_sector_return,Industrials,1,5,OLS,PC5,0.005550276890199533
raw_sector_return,Industrials,1,5,Ridge,PC1,-0.0009139588545948017
raw_sector_return,Industrials,1,5,Ridge,PC2,5.636055170046497e-05
raw_sector_return,Industrials,1,5,Ridge,PC3,0.00020503427491295228
raw_sector_return,Industrials,1,5,Ridge,PC4,-3.327259204922666e-05
raw_sector_return,Industrials,1,5,Ridge,PC5,0.0005248782085893979
raw_sector_return,Industrials,1,5,Lasso,PC1,-0.0
raw_sector_return,Industrials,1,5,Lasso,PC2,0.0
raw_sector_return,Industrials,1,5,Lasso,PC3,0.0
raw_sector_return,Industrials,1,5,Lasso,PC4,-0.0
raw_sector_return,Industrials,1,5,Lasso,PC5,0.0
raw_sector_return,Industrials,1,5,ElasticNet,PC1,-0.0
raw_sector_return,Industrials,1,5,ElasticNet,PC2,0.0
raw_sector_return,Industrials,1,5,ElasticNet,PC3,0.0
raw_sector_return,Industrials,1,5,ElasticNet,PC4,-0.0
raw_sector_return,Industrials,1,5,ElasticNet,PC5,0.0
raw_sector_return,Technology,1,5,OLS,PC1,-0.005744932687839242
raw_sector_return,Technology,1,5,OLS,PC2,-0.00034316991053685695
raw_sector_return,Technology,1,5,OLS,PC3,0.0052980110121359095
raw_sector_return,Technology,1,5,OLS,PC4,-0.0037287370455990026
raw_sector_return,Technology,1,5,OLS,PC5,0.010080338532990233
raw_sector_return,Technology,1,5,Ridge,PC1,-0.0006504107626802557
raw_sector_return,Technology,1,5,Ridge,PC2,4.110316504655301e-05
raw_sector_return,Technology,1,5,Ridge,PC3,0.0006347343800726927
raw_sector_return,Technology,1,5,Ridge,PC4,-0.00028115705836986073
raw_sector_return,Technology,1,5,Ridge,PC5,0.0008457435045519322
raw_sector_return,Technology,1,5,Lasso,PC1,-0.0
raw_sector_return,Technology,1,5,Lasso,PC2,0.0
raw_sector_return,Technology,1,5,Lasso,PC3,0.0
raw_sector_return,Technology,1,5,Lasso,PC4,-0.0
raw_sector_return,Technology,1,5,Lasso,PC5,0.0
raw_sector_return,Technology,1,5,ElasticNet,PC1,-0.0
raw_sector_return,Technology,1,5,ElasticNet,PC2,0.0
raw_sector_return,Technology,1,5,ElasticNet,PC3,0.0
raw_sector_return,Technology,1,5,ElasticNet,PC4,-0.0
raw_sector_return,Technology,1,5,ElasticNet,PC5,0.0
raw_sector_return,Consumer Staples,1,5,OLS,PC1,-0.0029723255217380205
raw_sector_return,Consumer Staples,1,5,OLS,PC2,0.002327953234003091
raw_sector_return,Consumer Staples,1,5,OLS,PC3,0.002310342638280682
raw_sector_return,Consumer Staples,1,5,OLS,PC4,-0.0009184150042677065
raw_sector_return,Consumer Staples,1,5,OLS,PC5,0.0029939618412383345
raw_sector_return,Consumer Staples,1,5,Ridge,PC1,-0.0004008067263680064
raw_sector_return,Consumer Staples,1,5,Ridge,PC2,0.00024721858576927245
raw_sector_return,Consumer Staples,1,5,Ridge,PC3,0.0002196983032104184
raw_sector_return,Consumer Staples,1,5,Ridge,PC4,-9.286805814846484e-05
raw_sector_return,Consumer Staples,1,5,Ridge,PC5,0.00025373165872380547
raw_sector_return,Consumer Staples,1,5,Lasso,PC1,-0.0
raw_sector_return,Consumer Staples,1,5,Lasso,PC2,0.0
raw_sector_return,Consumer Staples,1,5,Lasso,PC3,0.0
raw_sector_return,Consumer Staples,1,5,Lasso,PC4,-0.0
raw_sector_return,Consumer Staples,1,5,Lasso,PC5,0.0
raw_sector_return,Consumer Staples,1,5,ElasticNet,PC1,-0.0
raw_sector_return,Consumer Staples,1,5,ElasticNet,PC2,0.0
raw_sector_return,Consumer Staples,1,5,ElasticNet,PC3,0.0
raw_sector_return,Consumer Staples,1,5,ElasticNet,PC4,-0.0
raw_sector_return,Consumer Staples,1,5,ElasticNet,PC5,0.0
raw_sector_return,Real Estate,1,5,OLS,PC1,-0.0042305128707345215
raw_sector_return,Real Estate,1,5,OLS,PC2,0.0008120095138694878
raw_sector_return,Real Estate,1,5,OLS,PC3,0.0017435948757087232
raw_sector_return,Real Estate,1,5,OLS,PC4,-0.0038171973504529584
raw_sector_return,Real Estate,1,5,OLS,PC5,0.0014395296648681431
raw_sector_return,Real Estate,1,5,Ridge,PC1,-0.0004745284527695349
raw_sector_return,Real Estate,1,5,Ridge,PC2,0.00018541143779433338
raw_sector_return,Real Estate,1,5,Ridge,PC3,0.00024807674069705096
raw_sector_return,Real Estate,1,5,Ridge,PC4,-0.0003761764177294203
raw_sector_return,Real Estate,1,5,Ridge,PC5,7.964901913320185e-05
raw_sector_return,Real Estate,1,5,Lasso,PC1,-0.0
raw_sector_return,Real Estate,1,5,Lasso,PC2,0.0
raw_sector_return,Real Estate,1,5,Lasso,PC3,0.0
raw_sector_return,Real Estate,1,5,Lasso,PC4,-0.0
raw_sector_return,Real Estate,1,5,Lasso,PC5,0.0
raw_sector_return,Real Estate,1,5,ElasticNet,PC1,-0.0
raw_sector_return,Real Estate,1,5,ElasticNet,PC2,0.0
raw_sector_return,Real Estate,1,5,ElasticNet,PC3,0.0
raw_sector_return,Real Estate,1,5,ElasticNet,PC4,-0.0
raw_sector_return,Real Estate,1,5,ElasticNet,PC5,0.0
raw_sector_return,Utilities,1,5,OLS,PC1,-0.0021499376933945334
raw_sector_return,Utilities,1,5,OLS,PC2,0.000875047391656443
raw_sector_return,Utilities,1,5,OLS,PC3,0.0035753414671907484
raw_sector_return,Utilities,1,5,OLS,PC4,0.0015162433538653988
raw_sector_return,Utilities,1,5,OLS,PC5,9.164989755782126e-05
raw_sector_return,Utilities,1,5,Ridge,PC1,-0.00026463286161822197
raw_sector_return,Utilities,1,5,Ridge,PC2,6.861502108357208e-05
raw_sector_return,Utilities,1,5,Ridge,PC3,0.0003169916477143674
raw_sector_return,Utilities,1,5,Ridge,PC4,7.524064757022575e-05
raw_sector_return,Utilities,1,5,Ridge,PC5,4.556273066738779e-05
raw_sector_return,Utilities,1,5,Lasso,PC1,-0.0
raw_sector_return,Utilities,1,5,Lasso,PC2,0.0
raw_sector_return,Utilities,1,5,Lasso,PC3,0.0
raw_sector_return,Utilities,1,5,Lasso,PC4,0.0
raw_sector_return,Utilities,1,5,Lasso,PC5,0.0
raw_sector_return,Utilities,1,5,ElasticNet,PC1,-0.0
raw_sector_return,Utilities,1,5,ElasticNet,PC2,0.0
raw_sector_return,Utilities,1,5,ElasticNet,PC3,0.0
raw_sector_return,Utilities,1,5,ElasticNet,PC4,0.0
raw_sector_return,Utilities,1,5,ElasticNet,PC5,0.0
raw_sector_return,Health Care,1,5,OLS,PC1,-0.0041556842673207105
raw_sector_return,Health Care,1,5,OLS,PC2,0.0008963921148231884
raw_sector_return,Health Care,1,5,OLS,PC3,-0.0011589967941147154
raw_sector_return,Health Care,1,5,OLS,PC4,-0.0012300648796024231
raw_sector_return,Health Care,1,5,OLS,PC5,0.0025015208558313764
raw_sector_return,Health Care,1,5,Ridge,PC1,-0.0003840532392226125
raw_sector_return,Health Care,1,5,Ridge,PC2,0.0002493895794740965
raw_sector_return,Health Care,1,5,Ridge,PC3,-2.1172124363803306e-05
raw_sector_return,Health Care,1,5,Ridge,PC4,-0.00011307961834980725
raw_sector_return,Health Care,1,5,Ridge,PC5,0.00020191054345897202
raw_sector_return,Health Care,1,5,Lasso,PC1,-0.0
raw_sector_return,Health Care,1,5,Lasso,PC2,0.0
raw_sector_return,Health Care,1,5,Lasso,PC3,-0.0
raw_sector_return,Health Care,1,5,Lasso,PC4,-0.0
raw_sector_return,Health Care,1,5,Lasso,PC5,0.0
raw_sector_return,Health Care,1,5,ElasticNet,PC1,-0.0
raw_sector_return,Health Care,1,5,ElasticNet,PC2,0.0
raw_sector_return,Health Care,1,5,ElasticNet,PC3,-0.0
raw_sector_return,Health Care,1,5,ElasticNet,PC4,-0.0
raw_sector_return,Health Care,1,5,ElasticNet,PC5,0.0
raw_sector_return,Consumer Discretionary,1,5,OLS,PC1,-0.012811402371029606
raw_sector_return,Consumer Discretionary,1,5,OLS,PC2,-0.0022397954184059945
raw_sector_return,Consumer Discretionary,1,5,OLS,PC3,-0.004747664249416394
raw_sector_return,Consumer Discretionary,1,5,OLS,PC4,-0.001851273820152687
raw_sector_return,Consumer Discretionary,1,5,OLS,PC5,0.007828529728154126
raw_sector_return,Consumer Discretionary,1,5,Ridge,PC1,-0.0009544956561331941
raw_sector_return,Consumer Discretionary,1,5,Ridge,PC2,0.00036817553074945365
raw_sector_return,Consumer Discretionary,1,5,Ridge,PC3,-6.714112048805997e-05
raw_sector_return,Consumer Discretionary,1,5,Ridge,PC4,-0.00016265783103961543
raw_sector_return,Consumer Discretionary,1,5,Ridge,PC5,0.000670669146020902
raw_sector_return,Consumer Discretionary,1,5,Lasso,PC1,-0.0
raw_sector_return,Consumer Discretionary,1,5,Lasso,PC2,0.0
raw_sector_return,Consumer Discretionary,1,5,Lasso,PC3,-0.0
raw_sector_return,Consumer Discretionary,1,5,Lasso,PC4,-0.0
raw_sector_return,Consumer Discretionary,1,5,Lasso,PC5,0.0
raw_sector_return,Consumer Discretionary,1,5,ElasticNet,PC1,-0.0
raw_sector_return,Consumer Discretionary,1,5,ElasticNet,PC2,0.0
raw_sector_return,Consumer Discretionary,1,5,ElasticNet,PC3,-0.0
raw_sector_return,Consumer Discretionary,1,5,ElasticNet,PC4,-0.0
raw_sector_return,Consumer Discretionary,1,5,ElasticNet,PC5,0.0
raw_sector_return,Materials,1,10,OLS,PC1,-0.01156919840276524
raw_sector_return,Materials,1,10,OLS,PC2,-0.0025700631444342814
raw_sector_return,Materials,1,10,OLS,PC3,0.0008681154517324698
raw_sector_return,Materials,1,10,OLS,PC4,-0.0006044300112173194
raw_sector_return,Materials,1,10,OLS,PC5,0.0021326025424904943
raw_sector_return,Materials,1,10,OLS,PC6,0.004587621154101767
raw_sector_return,Materials,1,10,OLS,PC7,0.0037408379677062306
raw_sector_return,Materials,1,10,OLS,PC8,-0.007321724513624982
raw_sector_return,Materials,1,10,OLS,PC9,0.003976824024124434
raw_sector_return,Materials,1,10,OLS,PC10,0.0035520021329511443
raw_sector_return,Materials,1,10,Ridge,PC1,-0.00105649096281255
raw_sector_return,Materials,1,10,Ridge,PC2,0.0001283594241719509
raw_sector_return,Materials,1,10,Ridge,PC3,0.00034264924639401526
raw_sector_return,Materials,1,10,Ridge,PC4,-0.0001471264846689616
raw_sector_return,Materials,1,10,Ridge,PC5,0.0001307026350304712
raw_sector_return,Materials,1,10,Ridge,PC6,0.0004239332934040646
raw_sector_return,Materials,1,10,Ridge,PC7,0.0002689389644965728
raw_sector_return,Materials,1,10,Ridge,PC8,-0.000569846850165204
raw_sector_return,Materials,1,10,Ridge,PC9,0.0005581599070911331
raw_sector_return,Materials,1,10,Ridge,PC10,0.00030981358418766383
raw_sector_return,Materials,1,10,Lasso,PC1,-0.00573938594771118
raw_sector_return,Materials,1,10,Lasso,PC2,-0.0
raw_sector_return,Materials,1,10,Lasso,PC3,0.0
raw_sector_return,Materials,1,10,Lasso,PC4,-0.0
raw_sector_return,Materials,1,10,Lasso,PC5,0.0
raw_sector_return,Materials,1,10,Lasso,PC6,0.0
raw_sector_return,Materials,1,10,Lasso,PC7,0.0
raw_sector_return,Materials,1,10,Lasso,PC8,-0.0
raw_sector_return,Materials,1,10,Lasso,PC9,0.0
raw_sector_return,Materials,1,10,Lasso,PC10,0.0
raw_sector_return,Materials,1,10,ElasticNet,PC1,-0.00540779975041986
raw_sector_return,Materials,1,10,ElasticNet,PC2,-0.0
raw_sector_return,Materials,1,10,ElasticNet,PC3,0.0
raw_sector_return,Materials,1,10,ElasticNet,PC4,-0.0
raw_sector_return,Materials,1,10,ElasticNet,PC5,0.0
raw_sector_return,Materials,1,10,ElasticNet,PC6,0.0
raw_sector_return,Materials,1,10,ElasticNet,PC7,0.0
raw_sector_return,Materials,1,10,ElasticNet,PC8,-0.0
raw_sector_return,Materials,1,10,ElasticNet,PC9,0.0
raw_sector_return,Materials,1,10,ElasticNet,PC10,0.0
raw_sector_return,Communication Services,1,10,OLS,PC1,-0.008489351880763099
raw_sector_return,Communication Services,1,10,OLS,PC2,-0.004052544041609987
raw_sector_return,Communication Services,1,10,OLS,PC3,-0.001299539375315582
raw_sector_return,Communication Services,1,10,OLS,PC4,0.005698910536574818
raw_sector_return,Communication Services,1,10,OLS,PC5,0.0056634152366169714
raw_sector_return,Communication Services,1,10,OLS,PC6,0.006241293199218261
raw_sector_return,Communication Services,1,10,OLS,PC7,0.004675122871746476
raw_sector_return,Communication Services,1,10,OLS,PC8,-0.008853199241825663
raw_sector_return,Communication Services,1,10,OLS,PC9,0.005647919135035284
raw_sector_return,Communication Services,1,10,OLS,PC10,-0.008186975609753861
raw_sector_return,Communication Services,1,10,Ridge,PC1,-0.0015981561653127543
raw_sector_return,Communication Services,1,10,Ridge,PC2,-0.00015062444955684864
raw_sector_return,Communication Services,1,10,Ridge,PC3,0.00016815677237594769
raw_sector_return,Communication Services,1,10,Ridge,PC4,0.0014876857559488537
raw_sector_return,Communication Services,1,10,Ridge,PC5,0.0010985059551111705
raw_sector_return,Communication Services,1,10,Ridge,PC6,0.0017122227076784968
raw_sector_return,Communication Services,1,10,Ridge,PC7,0.0009330370527053789
raw_sector_return,Communication Services,1,10,Ridge,PC8,-0.001923471433741491
raw_sector_return,Communication Services,1,10,Ridge,PC9,0.0018264422538821266
raw_sector_return,Communication Services,1,10,Ridge,PC10,-0.00193563948143774
raw_sector_return,Communication Services,1,10,Lasso,PC1,-0.001974337964360782
raw_sector_return,Communication Services,1,10,Lasso,PC2,-0.0
raw_sector_return,Communication Services,1,10,Lasso,PC3,0.0
raw_sector_return,Communication Services,1,10,Lasso,PC4,0.0016305953399583743
raw_sector_return,Communication Services,1,10,Lasso,PC5,0.0004188407384737814
raw_sector_return,Communication Services,1,10,Lasso,PC6,0.0024763159369192026
raw_sector_return,Communication Services,1,10,Lasso,PC7,0.0
raw_sector_return,Communication Services,1,10,Lasso,PC8,-0.003571202837591758
raw_sector_return,Communication Services,1,10,Lasso,PC9,0.003254153002097864
raw_sector_return,Communication Services,1,10,Lasso,PC10,-0.003565299563558248
raw_sector_return,Communication Services,1,10,ElasticNet,PC1,-0.0021672423145981277
raw_sector_return,Communication Services,1,10,ElasticNet,PC2,-0.0
raw_sector_return,Communication Services,1,10,ElasticNet,PC3,0.0
raw_sector_return,Communication Services,1,10,ElasticNet,PC4,0.0018005255536198393
raw_sector_return,Communication Services,1,10,ElasticNet,PC5,0.0006665424122300787
raw_sector_return,Communication Services,1,10,ElasticNet,PC6,0.0026597253247738597
raw_sector_return,Communication Services,1,10,ElasticNet,PC7,0.0
raw_sector_return,Communication Services,1,10,ElasticNet,PC8,-0.003771284896533694
raw_sector_return,Communication Services,1,10,ElasticNet,PC9,0.0034320487934529137
raw_sector_return,Communication Services,1,10,ElasticNet,PC10,-0.0037621019106401795
raw_sector_return,Energy,1,10,OLS,PC1,-0.014140428444110145
raw_sector_return,Energy,1,10,OLS,PC2,-0.009736735856029346
raw_sector_return,Energy,1,10,OLS,PC3,0.001104009406066883
raw_sector_return,Energy,1,10,OLS,PC4,-0.004305410926574086
raw_sector_return,Energy,1,10,OLS,PC5,-0.006000121906301036
raw_sector_return,Energy,1,10,OLS,PC6,0.004547312773179781
raw_sector_return,Energy,1,10,OLS,PC7,0.0032725589485122597
raw_sector_return,Energy,1,10,OLS,PC8,0.0021470086194799115
raw_sector_return,Energy,1,10,OLS,PC9,0.009131426862008974
raw_sector_return,Energy,1,10,OLS,PC10,0.015488577301147471
raw_sector_return,Energy,1,10,Ridge,PC1,-0.001186421188249986
raw_sector_return,Energy,1,10,Ridge,PC2,-0.000632572802523194
raw_sector_return,Energy,1,10,Ridge,PC3,0.0004893859178361209
raw_sector_return,Energy,1,10,Ridge,PC4,-0.0006755087447376022
raw_sector_return,Energy,1,10,Ridge,PC5,-0.0004928763429973982
raw_sector_return,Energy,1,10,Ridge,PC6,0.00038076518438048465
raw_sector_return,Energy,1,10,Ridge,PC7,0.00030379245078672186
raw_sector_return,Energy,1,10,Ridge,PC8,0.000388143391565441
raw_sector_return,Energy,1,10,Ridge,PC9,0.001323802097292834
raw_sector_return,Energy,1,10,Ridge,PC10,0.001395575537335291
raw_sector_return,Energy,1,10,Lasso,PC1,-0.0
raw_sector_return,Energy,1,10,Lasso,PC2,-0.0
raw_sector_return,Energy,1,10,Lasso,PC3,0.0
raw_sector_return,Energy,1,10,Lasso,PC4,-0.0
raw_sector_return,Energy,1,10,Lasso,PC5,-0.0
raw_sector_return,Energy,1,10,Lasso,PC6,0.0
raw_sector_return,Energy,1,10,Lasso,PC7,0.0
raw_sector_return,Energy,1,10,Lasso,PC8,0.0
raw_sector_return,Energy,1,10,Lasso,PC9,0.0
raw_sector_return,Energy,1,10,Lasso,PC10,0.0
raw_sector_return,Energy,1,10,ElasticNet,PC1,-0.0
raw_sector_return,Energy,1,10,ElasticNet,PC2,-0.0
raw_sector_return,Energy,1,10,ElasticNet,PC3,0.0
raw_sector_return,Energy,1,10,ElasticNet,PC4,-0.0
raw_sector_return,Energy,1,10,ElasticNet,PC5,-0.0
raw_sector_return,Energy,1,10,ElasticNet,PC6,0.0
raw_sector_return,Energy,1,10,ElasticNet,PC7,0.0
raw_sector_return,Energy,1,10,ElasticNet,PC8,0.0
raw_sector_return,Energy,1,10,ElasticNet,PC9,0.0
raw_sector_return,Energy,1,10,ElasticNet,PC10,0.0
raw_sector_return,Financials,1,10,OLS,PC1,0.0050160903118223465
raw_sector_return,Financials,1,10,OLS,PC2,0.008458353619268742
raw_sector_return,Financials,1,10,OLS,PC3,0.003742198619423392
raw_sector_return,Financials,1,10,OLS,PC4,-0.0019117610804340736
raw_sector_return,Financials,1,10,OLS,PC5,0.0035709978546759583
raw_sector_return,Financials,1,10,OLS,PC6,0.004392117979340361
raw_sector_return,Financials,1,10,OLS,PC7,0.0038912944479488625
raw_sector_return,Financials,1,10,OLS,PC8,-0.011790195373511943
raw_sector_return,Financials,1,10,OLS,PC9,0.019006753325098016
raw_sector_return,Financials,1,10,OLS,PC10,0.0013381469025174476
raw_sector_return,Financials,1,10,Ridge,PC1,-0.0005014324303116785
raw_sector_return,Financials,1,10,Ridge,PC2,0.0001565719231121198
raw_sector_return,Financials,1,10,Ridge,PC3,-0.0002394242256717954
raw_sector_return,Financials,1,10,Ridge,PC4,7.952004724304593e-05
raw_sector_return,Financials,1,10,Ridge,PC5,5.011240187027159e-06
raw_sector_return,Financials,1,10,Ridge,PC6,0.00042705946954820135
raw_sector_return,Financials,1,10,Ridge,PC7,0.00018992741933271373
raw_sector_return,Financials,1,10,Ridge,PC8,-0.0008590769946576344
raw_sector_return,Financials,1,10,Ridge,PC9,0.0011286134537550098
raw_sector_return,Financials,1,10,Ridge,PC10,-3.784956480879922e-05
raw_sector_return,Financials,1,10,Lasso,PC1,-0.0
raw_sector_return,Financials,1,10,Lasso,PC2,0.0
raw_sector_return,Financials,1,10,Lasso,PC3,-0.0
raw_sector_return,Financials,1,10,Lasso,PC4,0.0
raw_sector_return,Financials,1,10,Lasso,PC5,-0.0
raw_sector_return,Financials,1,10,Lasso,PC6,0.0
raw_sector_return,Financials,1,10,Lasso,PC7,0.0
raw_sector_return,Financials,1,10,Lasso,PC8,-0.0
raw_sector_return,Financials,1,10,Lasso,PC9,0.0
raw_sector_return,Financials,1,10,Lasso,PC10,-0.0
raw_sector_return,Financials,1,10,ElasticNet,PC1,-0.0
raw_sector_return,Financials,1,10,ElasticNet,PC2,0.0
raw_sector_return,Financials,1,10,ElasticNet,PC3,-0.0
raw_sector_return,Financials,1,10,ElasticNet,PC4,0.0
raw_sector_return,Financials,1,10,ElasticNet,PC5,-0.0
raw_sector_return,Financials,1,10,ElasticNet,PC6,0.0
raw_sector_return,Financials,1,10,ElasticNet,PC7,0.0
raw_sector_return,Financials,1,10,ElasticNet,PC8,-0.0
raw_sector_return,Financials,1,10,ElasticNet,PC9,0.0
raw_sector_return,Financials,1,10,ElasticNet,PC10,-0.0
raw_sector_return,Industrials,1,10,OLS,PC1,-0.004393467816214445
raw_sector_return,Industrials,1,10,OLS,PC2,0.0023081721116621295
raw_sector_return,Industrials,1,10,OLS,PC3,0.003340325386709833
raw_sector_return,Industrials,1,10,OLS,PC4,-0.0019488260896513346
raw_sector_return,Industrials,1,10,OLS,PC5,0.00805412161221478
raw_sector_return,Industrials,1,10,OLS,PC6,0.005743718436148431
raw_sector_return,Industrials,1,10,OLS,PC7,0.002705255508830697
raw_sector_return,Industrials,1,10,OLS,PC8,-0.009187425651377664
raw_sector_return,Industrials,1,10,OLS,PC9,0.011320812065470316
raw_sector_return,Industrials,1,10,OLS,PC10,0.003757444088232993
raw_sector_return,Industrials,1,10,Ridge,PC1,-0.0008894333321504902
raw_sector_return,Industrials,1,10,Ridge,PC2,7.274480235955782e-05
raw_sector_return,Industrials,1,10,Ridge,PC3,0.00021464927962576422
raw_sector_return,Industrials,1,10,Ridge,PC4,-4.035145875408303e-05
raw_sector_return,Industrials,1,10,Ridge,PC5,0.0005350203341194142
raw_sector_return,Industrials,1,10,Ridge,PC6,0.0005295434690334871
raw_sector_return,Industrials,1,10,Ridge,PC7,8.551170970002191e-05
raw_sector_return,Industrials,1,10,Ridge,PC8,-0.0006566854560283542
raw_sector_return,Industrials,1,10,Ridge,PC9,0.0008099949060492952
raw_sector_return,Industrials,1,10,Ridge,PC10,0.000301091221848706
raw_sector_return,Industrials,1,10,Lasso,PC1,-0.0
raw_sector_return,Industrials,1,10,Lasso,PC2,0.0
raw_sector_return,Industrials,1,10,Lasso,PC3,0.0
raw_sector_return,Industrials,1,10,Lasso,PC4,-0.0
raw_sector_return,Industrials,1,10,Lasso,PC5,0.0
raw_sector_return,Industrials,1,10,Lasso,PC6,0.0
raw_sector_return,Industrials,1,10,Lasso,PC7,0.0
raw_sector_return,Industrials,1,10,Lasso,PC8,-0.0
raw_sector_return,Industrials,1,10,Lasso,PC9,0.0
raw_sector_return,Industrials,1,10,Lasso,PC10,0.0
raw_sector_return,Industrials,1,10,ElasticNet,PC1,-0.0
raw_sector_return,Industrials,1,10,ElasticNet,PC2,0.0
raw_sector_return,Industrials,1,10,ElasticNet,PC3,0.0
raw_sector_return,Industrials,1,10,ElasticNet,PC4,-0.0
raw_sector_return,Industrials,1,10,ElasticNet,PC5,0.0
raw_sector_return,Industrials,1,10,ElasticNet,PC6,0.0
raw_sector_return,Industrials,1,10,ElasticNet,PC7,0.0
raw_sector_return,Industrials,1,10,ElasticNet,PC8,-0.0
raw_sector_return,Industrials,1,10,ElasticNet,PC9,0.0
raw_sector_return,Industrials,1,10,ElasticNet,PC10,0.0
raw_sector_return,Technology,1,10,OLS,PC1,0.0029992532345004645
raw_sector_return,Technology,1,10,OLS,PC2,0.005029914120000598
raw_sector_return,Technology,1,10,OLS,PC3,0.012016250536622558
raw_sector_return,Technology,1,10,OLS,PC4,-0.007162517058993966
raw_sector_return,Technology,1,10,OLS,PC5,0.014377413643233868
raw_sector_return,Technology,1,10,OLS,PC6,-0.008378246313335428
raw_sector_return,Technology,1,10,OLS,PC7,0.00738743015667088
raw_sector_return,Technology,1,10,OLS,PC8,-0.011879487574612123
raw_sector_return,Technology,1,10,OLS,PC9,0.012702192942541496
raw_sector_return,Technology,1,10,OLS,PC10,-0.007339175088787827
raw_sector_return,Technology,1,10,Ridge,PC1,-0.0006385529076109948
raw_sector_return,Technology,1,10,Ridge,PC2,3.010837823792621e-05
raw_sector_return,Technology,1,10,Ridge,PC3,0.000647368929339985
raw_sector_return,Technology,1,10,Ridge,PC4,-0.0002898838989998848
raw_sector_return,Technology,1,10,Ridge,PC5,0.0008623611931679049
raw_sector_return,Technology,1,10,Ridge,PC6,-0.000533001475621591
raw_sector_return,Technology,1,10,Ridge,PC7,0.0004637080753608896
raw_sector_return,Technology,1,10,Ridge,PC8,-0.0007905712272410003
raw_sector_return,Technology,1,10,Ridge,PC9,0.00038939939766003887
raw_sector_return,Technology,1,10,Ridge,PC10,-0.0005532142200403257
raw_sector_return,Technology,1,10,Lasso,PC1,-0.0
raw_sector_return,Technology,1,10,Lasso,PC2,0.0
raw_sector_return,Technology,1,10,Lasso,PC3,0.0
raw_sector_return,Technology,1,10,Lasso,PC4,-0.0
raw_sector_return,Technology,1,10,Lasso,PC5,0.0
raw_sector_return,Technology,1,10,Lasso,PC6,-0.0
raw_sector_return,Technology,1,10,Lasso,PC7,0.0
raw_sector_return,Technology,1,10,Lasso,PC8,-0.0
raw_sector_return,Technology,1,10,Lasso,PC9,0.0
raw_sector_return,Technology,1,10,Lasso,PC10,-0.0
raw_sector_return,Technology,1,10,ElasticNet,PC1,-0.0
raw_sector_return,Technology,1,10,ElasticNet,PC2,0.0
raw_sector_return,Technology,1,10,ElasticNet,PC3,0.0
raw_sector_return,Technology,1,10,ElasticNet,PC4,-0.0
raw_sector_return,Technology,1,10,ElasticNet,PC5,0.0
raw_sector_return,Technology,1,10,ElasticNet,PC6,-0.0
raw_sector_return,Technology,1,10,ElasticNet,PC7,0.0
raw_sector_return,Technology,1,10,ElasticNet,PC8,-0.0
raw_sector_return,Technology,1,10,ElasticNet,PC9,0.0
raw_sector_return,Technology,1,10,ElasticNet,PC10,-0.0
raw_sector_return,Consumer Staples,1,10,OLS,PC1,0.006189237082200417
raw_sector_return,Consumer Staples,1,10,OLS,PC2,0.010978694051819055
raw_sector_return,Consumer Staples,1,10,OLS,PC3,0.008605988079801006
raw_sector_return,Consumer Staples,1,10,OLS,PC4,-0.0026719114770597033
raw_sector_return,Consumer Staples,1,10,OLS,PC5,0.00455594975883716
raw_sector_return,Consumer Staples,1,10,OLS,PC6,0.002464716801462688
raw_sector_return,Consumer Staples,1,10,OLS,PC7,0.0005374925688203053
raw_sector_return,Consumer Staples,1,10,OLS,PC8,-0.0022384683830308947
raw_sector_return,Consumer Staples,1,10,OLS,PC9,0.011062672770929483
raw_sector_return,Consumer Staples,1,10,OLS,PC10,0.004108785932618419
raw_sector_return,Consumer Staples,1,10,Ridge,PC1,-0.00038978049493694527
raw_sector_return,Consumer Staples,1,10,Ridge,PC2,0.00025723633423456975
raw_sector_return,Consumer Staples,1,10,Ridge,PC3,0.00022433950145187665
raw_sector_return,Consumer Staples,1,10,Ridge,PC4,-9.523567449433296e-05
raw_sector_return,Consumer Staples,1,10,Ridge,PC5,0.0002551287873884353
raw_sector_return,Consumer Staples,1,10,Ridge,PC6,0.0001934041980737661
raw_sector_return,Consumer Staples,1,10,Ridge,PC7,-6.87045696438771e-05
raw_sector_return,Consumer Staples,1,10,Ridge,PC8,-0.0001370252393519247
raw_sector_return,Consumer Staples,1,10,Ridge,PC9,0.00037136124678591214
raw_sector_return,Consumer Staples,1,10,Ridge,PC10,0.00027178610500014393
raw_sector_return,Consumer Staples,1,10,Lasso,PC1,-0.0
raw_sector_return,Consumer Staples,1,10,Lasso,PC2,0.0
raw_sector_return,Consumer Staples,1,10,Lasso,PC3,0.0
raw_sector_return,Consumer Staples,1,10,Lasso,PC4,-0.0
raw_sector_return,Consumer Staples,1,10,Lasso,PC5,0.0
raw_sector_return,Consumer Staples,1,10,Lasso,PC6,0.0
raw_sector_return,Consumer Staples,1,10,Lasso,PC7,-0.0
raw_sector_return,Consumer Staples,1,10,Lasso,PC8,-0.0
raw_sector_return,Consumer Staples,1,10,Lasso,PC9,0.0
raw_sector_return,Consumer Staples,1,10,Lasso,PC10,0.0
raw_sector_return,Consumer Staples,1,10,ElasticNet,PC1,-0.0
raw_sector_return,Consumer Staples,1,10,ElasticNet,PC2,0.0
raw_sector_return,Consumer Staples,1,10,ElasticNet,PC3,0.0
raw_sector_return,Consumer Staples,1,10,ElasticNet,PC4,-0.0
raw_sector_return,Consumer Staples,1,10,ElasticNet,PC5,0.0
raw_sector_return,Consumer Staples,1,10,ElasticNet,PC6,0.0
raw_sector_return,Consumer Staples,1,10,ElasticNet,PC7,-0.0
raw_sector_return,Consumer Staples,1,10,ElasticNet,PC8,-0.0
raw_sector_return,Consumer Staples,1,10,ElasticNet,PC9,0.0
raw_sector_return,Consumer Staples,1,10,ElasticNet,PC10,0.0
raw_sector_return,Real Estate,1,10,OLS,PC1,0.008906816552802573
raw_sector_return,Real Estate,1,10,OLS,PC2,0.012854876732379313
raw_sector_return,Real Estate,1,10,OLS,PC3,0.01120574221272913
raw_sector_return,Real Estate,1,10,OLS,PC4,-0.006885876833097162
raw_sector_return,Real Estate,1,10,OLS,PC5,0.004461838550945068
raw_sector_return,Real Estate,1,10,OLS,PC6,0.0007257389016232052
raw_sector_return,Real Estate,1,10,OLS,PC7,0.0011545873128901423
raw_sector_return,Real Estate,1,10,OLS,PC8,-0.002678069906606847
raw_sector_return,Real Estate,1,10,OLS,PC9,0.01701220392755646
raw_sector_return,Real Estate,1,10,OLS,PC10,-0.00039476899854040806
raw_sector_return,Real Estate,1,10,Ridge,PC1,-0.0004571587084631835
raw_sector_return,Real Estate,1,10,Ridge,PC2,0.00019887125313984924
raw_sector_return,Real Estate,1,10,Ridge,PC3,0.00026006490841586495
raw_sector_return,Real Estate,1,10,Ridge,PC4,-0.00038250778591618774
raw_sector_return,Real Estate,1,10,Ridge,PC5,8.778937369747563e-05
raw_sector_return,Real Estate,1,10,Ridge,PC6,0.00011632583706467451
raw_sector_return,Real Estate,1,10,Ridge,PC7,7.862305882048925e-06
raw_sector_return,Real Estate,1,10,Ridge,PC8,-0.00011674831164362436
raw_sector_return,Real Estate,1,10,Ridge,PC9,0.0006951936232518068
raw_sector_return,Real Estate,1,10,Ridge,PC10,-0.0001157349523192979
raw_sector_return,Real Estate,1,10,Lasso,PC1,-0.0
raw_sector_return,Real Estate,1,10,Lasso,PC2,0.0
raw_sector_return,Real Estate,1,10,Lasso,PC3,0.0
raw_sector_return,Real Estate,1,10,Lasso,PC4,-0.0
raw_sector_return,Real Estate,1,10,Lasso,PC5,0.0
raw_sector_return,Real Estate,1,10,Lasso,PC6,0.0
raw_sector_return,Real Estate,1,10,Lasso,PC7,0.0
raw_sector_return,Real Estate,1,10,Lasso,PC8,-0.0
raw_sector_return,Real Estate,1,10,Lasso,PC9,0.0
raw_sector_return,Real Estate,1,10,Lasso,PC10,-0.0
raw_sector_return,Real Estate,1,10,ElasticNet,PC1,-0.0
raw_sector_return,Real Estate,1,10,ElasticNet,PC2,0.0
raw_sector_return,Real Estate,1,10,ElasticNet,PC3,0.0
raw_sector_return,Real Estate,1,10,ElasticNet,PC4,-0.0
raw_sector_return,Real Estate,1,10,ElasticNet,PC5,0.0
raw_sector_return,Real Estate,1,10,ElasticNet,PC6,0.0
raw_sector_return,Real Estate,1,10,ElasticNet,PC7,0.0
raw_sector_return,Real Estate,1,10,ElasticNet,PC8,-0.0
raw_sector_return,Real Estate,1,10,ElasticNet,PC9,0.0
raw_sector_return,Real Estate,1,10,ElasticNet,PC10,-0.0
raw_sector_return,Utilities,1,10,OLS,PC1,0.003307292469226681
raw_sector_return,Utilities,1,10,OLS,PC2,0.006518022794037022
raw_sector_return,Utilities,1,10,OLS,PC3,0.007184581344884092
raw_sector_return,Utilities,1,10,OLS,PC4,0.000727919122228274
raw_sector_return,Utilities,1,10,OLS,PC5,0.0013379736592192438
raw_sector_return,Utilities,1,10,OLS,PC6,0.005457629381421195
raw_sector_return,Utilities,1,10,OLS,PC7,0.0029715293383716325
raw_sector_return,Utilities,1,10,OLS,PC8,0.0005012866397029013
raw_sector_return,Utilities,1,10,OLS,PC9,0.006359235824077723
raw_sector_return,Utilities,1,10,OLS,PC10,0.0010869171829173878
raw_sector_return,Utilities,1,10,Ridge,PC1,-0.00025854609837577873
raw_sector_return,Utilities,1,10,Ridge,PC2,7.837708392555372e-05
raw_sector_return,Utilities,1,10,Ridge,PC3,0.0003181454444360996
raw_sector_return,Utilities,1,10,Ridge,PC4,7.559893043718416e-05
raw_sector_return,Utilities,1,10,Ridge,PC5,5.007093184320731e-05
raw_sector_return,Utilities,1,10,Ridge,PC6,0.00047508465412112784
raw_sector_return,Utilities,1,10,Ridge,PC7,0.00019999487434152583
raw_sector_return,Utilities,1,10,Ridge,PC8,4.668291586910551e-05
raw_sector_return,Utilities,1,10,Ridge,PC9,0.00023262494087513696
raw_sector_return,Utilities,1,10,Ridge,PC10,-1.4778614711531531e-05
raw_sector_return,Utilities,1,10,Lasso,PC1,-0.0
raw_sector_return,Utilities,1,10,Lasso,PC2,0.0
raw_sector_return,Utilities,1,10,Lasso,PC3,0.0
raw_sector_return,Utilities,1,10,Lasso,PC4,0.0
raw_sector_return,Utilities,1,10,Lasso,PC5,0.0
raw_sector_return,Utilities,1,10,Lasso,PC6,0.0
raw_sector_return,Utilities,1,10,Lasso,PC7,0.0
raw_sector_return,Utilities,1,10,Lasso,PC8,0.0
raw_sector_return,Utilities,1,10,Lasso,PC9,0.0
raw_sector_return,Utilities,1,10,Lasso,PC10,-0.0
raw_sector_return,Utilities,1,10,ElasticNet,PC1,-0.0
raw_sector_return,Utilities,1,10,ElasticNet,PC2,0.0
raw_sector_return,Utilities,1,10,ElasticNet,PC3,0.0
raw_sector_return,Utilities,1,10,ElasticNet,PC4,0.0
raw_sector_return,Utilities,1,10,ElasticNet,PC5,0.0
raw_sector_return,Utilities,1,10,ElasticNet,PC6,0.0
raw_sector_return,Utilities,1,10,ElasticNet,PC7,0.0
raw_sector_return,Utilities,1,10,ElasticNet,PC8,0.0
raw_sector_return,Utilities,1,10,ElasticNet,PC9,0.0
raw_sector_return,Utilities,1,10,ElasticNet,PC10,-0.0
raw_sector_return,Health Care,1,10,OLS,PC1,0.00037765988829100263
raw_sector_return,Health Care,1,10,OLS,PC2,0.005185477863947008
raw_sector_return,Health Care,1,10,OLS,PC3,0.0016974949762137402
raw_sector_return,Health Care,1,10,OLS,PC4,-0.0023569789898825054
raw_sector_return,Health Care,1,10,OLS,PC5,0.0037535584076081653
raw_sector_return,Health Care,1,10,OLS,PC6,0.004127017465672113
raw_sector_return,Health Care,1,10,OLS,PC7,0.00048349652741422593
raw_sector_return,Health Care,1,10,OLS,PC8,-0.0024454071036455766
raw_sector_return,Health Care,1,10,OLS,PC9,0.0058319364523727
raw_sector_return,Health Care,1,10,OLS,PC10,-0.00011475662082351446
raw_sector_return,Health Care,1,10,Ridge,PC1,-0.00037631403738724916
raw_sector_return,Health Care,1,10,Ridge,PC2,0.00025662438728463687
raw_sector_return,Health Care,1,10,Ridge,PC3,-1.886529217117451e-05
raw_sector_return,Health Care,1,10,Ridge,PC4,-0.00011602309163166503
raw_sector_return,Health Care,1,10,Ridge,PC5,0.00020670282468761712
raw_sector_return,Health Care,1,10,Ridge,PC6,0.0003517549413666838
raw_sector_return,Health Care,1,10,Ridge,PC7,-3.793085684020076e-06
raw_sector_return,Health Care,1,10,Ridge,PC8,-0.00018837511648105862
raw_sector_return,Health Care,1,10,Ridge,PC9,0.0003018288592120495
raw_sector_return,Health Care,1,10,Ridge,PC10,-5.332422851952958e-05
raw_sector_return,Health Care,1,10,Lasso,PC1,-0.0
raw_sector_return,Health Care,1,10,Lasso,PC2,0.0
raw_sector_return,Health Care,1,10,Lasso,PC3,-0.0
raw_sector_return,Health Care,1,10,Lasso,PC4,-0.0
raw_sector_return,Health Care,1,10,Lasso,PC5,0.0
raw_sector_return,Health Care,1,10,Lasso,PC6,0.0
raw_sector_return,Health Care,1,10,Lasso,PC7,-0.0
raw_sector_return,Health Care,1,10,Lasso,PC8,-0.0
raw_sector_return,Health Care,1,10,Lasso,PC9,0.0
raw_sector_return,Health Care,1,10,Lasso,PC10,-0.0
raw_sector_return,Health Care,1,10,ElasticNet,PC1,-0.0
raw_sector_return,Health Care,1,10,ElasticNet,PC2,0.0
raw_sector_return,Health Care,1,10,ElasticNet,PC3,-0.0
raw_sector_return,Health Care,1,10,ElasticNet,PC4,-0.0
raw_sector_return,Health Care,1,10,ElasticNet,PC5,0.0
raw_sector_return,Health Care,1,10,ElasticNet,PC6,0.0
raw_sector_return,Health Care,1,10,ElasticNet,PC7,-0.0
raw_sector_return,Health Care,1,10,ElasticNet,PC8,-0.0
raw_sector_return,Health Care,1,10,ElasticNet,PC9,0.0
raw_sector_return,Health Care,1,10,ElasticNet,PC10,-0.0
raw_sector_return,Consumer Discretionary,1,10,OLS,PC1,-0.004952145286541224
raw_sector_return,Consumer Discretionary,1,10,OLS,PC2,0.003982450138584282
raw_sector_return,Consumer Discretionary,1,10,OLS,PC3,0.00019162320415070866
raw_sector_return,Consumer Discretionary,1,10,OLS,PC4,-0.004494169807933218
raw_sector_return,Consumer Discretionary,1,10,OLS,PC5,0.010822440398748507
raw_sector_return,Consumer Discretionary,1,10,OLS,PC6,0.0038899276337249983
raw_sector_return,Consumer Discretionary,1,10,OLS,PC7,0.002190191395596153
raw_sector_return,Consumer Discretionary,1,10,OLS,PC8,-0.010098513374114725
raw_sector_return,Consumer Discretionary,1,10,OLS,PC9,0.010683480509258415
raw_sector_return,Consumer Discretionary,1,10,OLS,PC10,-0.0019292217699175423
raw_sector_return,Consumer Discretionary,1,10,Ridge,PC1,-0.0009340119493020452
raw_sector_return,Consumer Discretionary,1,10,Ridge,PC2,0.0003773564189554296
raw_sector_return,Consumer Discretionary,1,10,Ridge,PC3,-5.7587129985485154e-05
raw_sector_return,Consumer Discretionary,1,10,Ridge,PC4,-0.00017211202137137598
raw_sector_return,Consumer Discretionary,1,10,Ridge,PC5,0.0006843518185025214
raw_sector_return,Consumer Discretionary,1,10,Ridge,PC6,0.00038094035062807873
raw_sector_return,Consumer Discretionary,1,10,Ridge,PC7,7.353459976428094e-05
raw_sector_return,Consumer Discretionary,1,10,Ridge,PC8,-0.0007491225752684085
raw_sector_return,Consumer Discretionary,1,10,Ridge,PC9,0.0007360084931156459
raw_sector_return,Consumer Discretionary,1,10,Ridge,PC10,-0.00015241959648911306
raw_sector_return,Consumer Discretionary,1,10,Lasso,PC1,-0.0
raw_sector_return,Consumer Discretionary,1,10,Lasso,PC2,0.0
raw_sector_return,Consumer Discretionary,1,10,Lasso,PC3,-0.0
raw_sector_return,Consumer Discretionary,1,10,Lasso,PC4,-0.0
raw_sector_return,Consumer Discretionary,1,10,Lasso,PC5,0.0
raw_sector_return,Consumer Discretionary,1,10,Lasso,PC6,0.0
raw_sector_return,Consumer Discretionary,1,10,Lasso,PC7,0.0
raw_sector_return,Consumer Discretionary,1,10,Lasso,PC8,-0.0
raw_sector_return,Consumer Discretionary,1,10,Lasso,PC9,0.0
raw_sector_return,Consumer Discretionary,1,10,Lasso,PC10,-0.0
raw_sector_return,Consumer Discretionary,1,10,ElasticNet,PC1,-0.0
raw_sector_return,Consumer Discretionary,1,10,ElasticNet,PC2,0.0
raw_sector_return,Consumer Discretionary,1,10,ElasticNet,PC3,-0.0
raw_sector_return,Consumer Discretionary,1,10,ElasticNet,PC4,-0.0
raw_sector_return,Consumer Discretionary,1,10,ElasticNet,PC5,0.0
raw_sector_return,Consumer Discretionary,1,10,ElasticNet,PC6,0.0
raw_sector_return,Consumer Discretionary,1,10,ElasticNet,PC7,0.0
raw_sector_return,Consumer Discretionary,1,10,ElasticNet,PC8,-0.0
raw_sector_return,Consumer Discretionary,1,10,ElasticNet,PC9,0.0
raw_sector_return,Consumer Discretionary,1,10,ElasticNet,PC10,-0.0
raw_sector_return,Materials,1,13,OLS,PC1,-0.007108874262674409
raw_sector_return,Materials,1,13,OLS,PC2,0.0027290244512664778
raw_sector_return,Materials,1,13,OLS,PC3,0.0036514624679080477
raw_sector_return,Materials,1,13,OLS,PC4,-0.001892845259313512
raw_sector_return,Materials,1,13,OLS,PC5,0.004609747811264536
raw_sector_return,Materials,1,13,OLS,PC6,0.006636249912951144
raw_sector_return,Materials,1,13,OLS,PC7,0.004554122822704377
raw_sector_return,Materials,1,13,OLS,PC8,-0.008077563943830648
raw_sector_return,Materials,1,13,OLS,PC9,0.008904474189737808
raw_sector_return,Materials,1,13,OLS,PC10,0.004364335624895363
raw_sector_return,Materials,1,13,OLS,PC11,0.011065212637662124
raw_sector_return,Materials,1,13,OLS,PC12,-0.000707083369926235
raw_sector_return,Materials,1,13,OLS,PC13,-0.0019710245668008797
raw_sector_return,Materials,1,13,Ridge,PC1,-0.001055219898841941
raw_sector_return,Materials,1,13,Ridge,PC2,0.0001354317166937188
raw_sector_return,Materials,1,13,Ridge,PC3,0.0003419381151813307
raw_sector_return,Materials,1,13,Ridge,PC4,-0.000147842235001451
raw_sector_return,Materials,1,13,Ridge,PC5,0.0001352988366381789
raw_sector_return,Materials,1,13,Ridge,PC6,0.0004317358801110641
raw_sector_return,Materials,1,13,Ridge,PC7,0.00026929103745061656
raw_sector_return,Materials,1,13,Ridge,PC8,-0.0005641133483990315
raw_sector_return,Materials,1,13,Ridge,PC9,0.0005654449278292719
raw_sector_return,Materials,1,13,Ridge,PC10,0.00031206111867214777
raw_sector_return,Materials,1,13,Ridge,PC11,0.00065734860339519
raw_sector_return,Materials,1,13,Ridge,PC12,0.00030693351609635116
raw_sector_return,Materials,1,13,Ridge,PC13,-9.054741747487986e-05
raw_sector_return,Materials,1,13,Lasso,PC1,-0.0
raw_sector_return,Materials,1,13,Lasso,PC2,0.0
raw_sector_return,Materials,1,13,Lasso,PC3,0.0
raw_sector_return,Materials,1,13,Lasso,PC4,-0.0
raw_sector_return,Materials,1,13,Lasso,PC5,0.0
raw_sector_return,Materials,1,13,Lasso,PC6,0.0
raw_sector_return,Materials,1,13,Lasso,PC7,0.0
raw_sector_return,Materials,1,13,Lasso,PC8,-0.0
raw_sector_return,Materials,1,13,Lasso,PC9,0.0
raw_sector_return,Materials,1,13,Lasso,PC10,0.0
raw_sector_return,Materials,1,13,Lasso,PC11,0.0
raw_sector_return,Materials,1,13,Lasso,PC12,0.0
raw_sector_return,Materials,1,13,Lasso,PC13,-0.0
raw_sector_return,Materials,1,13,ElasticNet,PC1,-0.0
raw_sector_return,Materials,1,13,ElasticNet,PC2,0.0
raw_sector_return,Materials,1,13,ElasticNet,PC3,0.0
raw_sector_return,Materials,1,13,ElasticNet,PC4,-0.0
raw_sector_return,Materials,1,13,ElasticNet,PC5,0.0
raw_sector_return,Materials,1,13,ElasticNet,PC6,0.0
raw_sector_return,Materials,1,13,ElasticNet,PC7,0.0
raw_sector_return,Materials,1,13,ElasticNet,PC8,-0.0
raw_sector_return,Materials,1,13,ElasticNet,PC9,0.0
raw_sector_return,Materials,1,13,ElasticNet,PC10,0.0
raw_sector_return,Materials,1,13,ElasticNet,PC11,0.0
raw_sector_return,Materials,1,13,ElasticNet,PC12,0.0
raw_sector_return,Materials,1,13,ElasticNet,PC13,-0.0
raw_sector_return,Communication Services,1,13,OLS,PC1,-0.0017403292614700016
raw_sector_return,Communication Services,1,13,OLS,PC2,0.003916403673089366
raw_sector_return,Communication Services,1,13,OLS,PC3,0.0029529117668863503
raw_sector_return,Communication Services,1,13,OLS,PC4,0.003826659798784903
raw_sector_return,Communication Services,1,13,OLS,PC5,0.009263183831956016
raw_sector_return,Communication Services,1,13,OLS,PC6,0.009255328913636028
raw_sector_return,Communication Services,1,13,OLS,PC7,0.005693516839704298
raw_sector_return,Communication Services,1,13,OLS,PC8,-0.010727442269992579
raw_sector_return,Communication Services,1,13,OLS,PC9,0.013012390295251986
raw_sector_return,Communication Services,1,13,OLS,PC10,-0.007150489289080454
raw_sector_return,Communication Services,1,13,OLS,PC11,0.015110958891763797
raw_sector_return,Communication Services,1,13,OLS,PC12,-0.0036042397806347885
raw_sector_return,Communication Services,1,13,OLS,PC13,-0.0006241217365018136
raw_sector_return,Communication Services,1,13,Ridge,PC1,-0.0023363251850538978
raw_sector_return,Communication Services,1,13,Ridge,PC2,-0.00011358977177723762
raw_sector_return,Communication Services,1,13,Ridge,PC3,0.00022692805674741045
raw_sector_return,Communication Services,1,13,Ridge,PC4,0.002173148669294874
raw_sector_return,Communication Services,1,13,Ridge,PC5,0.0018611181754595756
raw_sector_return,Communication Services,1,13,Ridge,PC6,0.002741005027741774
raw_sector_return,Communication Services,1,13,Ridge,PC7,0.0014553563160445884
raw_sector_return,Communication Services,1,13,Ridge,PC8,-0.002918241944042096
raw_sector_return,Communication Services,1,13,Ridge,PC9,0.0029025480539368203
raw_sector_return,Communication Services,1,13,Ridge,PC10,-0.002852318516848944
raw_sector_return,Communication Services,1,13,Ridge,PC11,0.003737458758669526
raw_sector_return,Communication Services,1,13,Ridge,PC12,0.00038051381505618505
raw_sector_return,Communication Services,1,13,Ridge,PC13,-0.0002768122359139683
raw_sector_return,Communication Services,1,13,Lasso,PC1,-0.0
raw_sector_return,Communication Services,1,13,Lasso,PC2,-0.0
raw_sector_return,Communication Services,1,13,Lasso,PC3,0.0
raw_sector_return,Communication Services,1,13,Lasso,PC4,0.0
raw_sector_return,Communication Services,1,13,Lasso,PC5,0.0
raw_sector_return,Communication Services,1,13,Lasso,PC6,0.0
raw_sector_return,Communication Services,1,13,Lasso,PC7,0.0
raw_sector_return,Communication Services,1,13,Lasso,PC8,-0.0
raw_sector_return,Communication Services,1,13,Lasso,PC9,0.0
raw_sector_return,Communication Services,1,13,Lasso,PC10,-0.0
raw_sector_return,Communication Services,1,13,Lasso,PC11,0.0
raw_sector_return,Communication Services,1,13,Lasso,PC12,0.0
raw_sector_return,Communication Services,1,13,Lasso,PC13,-0.0
raw_sector_return,Communication Services,1,13,ElasticNet,PC1,-0.0
raw_sector_return,Communication Services,1,13,ElasticNet,PC2,-0.0
raw_sector_return,Communication Services,1,13,ElasticNet,PC3,0.0
raw_sector_return,Communication Services,1,13,ElasticNet,PC4,0.0
raw_sector_return,Communication Services,1,13,ElasticNet,PC5,0.0
raw_sector_return,Communication Services,1,13,ElasticNet,PC6,0.0
raw_sector_return,Communication Services,1,13,ElasticNet,PC7,0.0
raw_sector_return,Communication Services,1,13,ElasticNet,PC8,-0.0
raw_sector_return,Communication Services,1,13,ElasticNet,PC9,0.0
raw_sector_return,Communication Services,1,13,ElasticNet,PC10,-0.0
raw_sector_return,Communication Services,1,13,ElasticNet,PC11,0.0
raw_sector_return,Communication Services,1,13,ElasticNet,PC12,0.0
raw_sector_return,Communication Services,1,13,ElasticNet,PC13,-0.0
raw_sector_return,Energy,1,13,OLS,PC1,-0.0048325247360130556
raw_sector_return,Energy,1,13,OLS,PC2,0.0011234502506203739
raw_sector_return,Energy,1,13,OLS,PC3,0.00705233635705224
raw_sector_return,Energy,1,13,OLS,PC4,-0.006655211610917584
raw_sector_return,Energy,1,13,OLS,PC5,-0.0016253316270540634
raw_sector_return,Energy,1,13,OLS,PC6,0.008352068926112434
raw_sector_return,Energy,1,13,OLS,PC7,0.004357569616410091
raw_sector_return,Energy,1,13,OLS,PC8,-0.00035880295842408426
raw_sector_return,Energy,1,13,OLS,PC9,0.018870945576502148
raw_sector_return,Energy,1,13,OLS,PC10,0.01682010971448592
raw_sector_return,Energy,1,13,OLS,PC11,0.018526941078452784
raw_sector_return,Energy,1,13,OLS,PC12,-0.00486918352260102
raw_sector_return,Energy,1,13,OLS,PC13,0.0012327937334875984
raw_sector_return,Energy,1,13,Ridge,PC1,-0.0011861046402156736
raw_sector_return,Energy,1,13,Ridge,PC2,-0.0006158075538614621
raw_sector_return,Energy,1,13,Ridge,PC3,0.0004877996668719989
raw_sector_return,Energy,1,13,Ridge,PC4,-0.0006757042891977218
raw_sector_return,Energy,1,13,Ridge,PC5,-0.00048085054242366567
raw_sector_return,Energy,1,13,Ridge,PC6,0.0004012290738970283
raw_sector_return,Energy,1,13,Ridge,PC7,0.0003015988531512379
raw_sector_return,Energy,1,13,Ridge,PC8,0.0003781809623674824
raw_sector_return,Energy,1,13,Ridge,PC9,0.0013394237483535783
raw_sector_return,Energy,1,13,Ridge,PC10,0.0013953400623049946
raw_sector_return,Energy,1,13,Ridge,PC11,0.001225747352262272
raw_sector_return,Energy,1,13,Ridge,PC12,-0.00022777069051751542
raw_sector_return,Energy,1,13,Ridge,PC13,0.00021128412431747364
raw_sector_return,Energy,1,13,Lasso,PC1,-0.0
raw_sector_return,Energy,1,13,Lasso,PC2,-0.0
raw_sector_return,Energy,1,13,Lasso,PC3,0.0
raw_sector_return,Energy,1,13,Lasso,PC4,-0.0
raw_sector_return,Energy,1,13,Lasso,PC5,-0.0
raw_sector_return,Energy,1,13,Lasso,PC6,0.0
raw_sector_return,Energy,1,13,Lasso,PC7,0.0
raw_sector_return,Energy,1,13,Lasso,PC8,0.0
raw_sector_return,Energy,1,13,Lasso,PC9,0.0
raw_sector_return,Energy,1,13,Lasso,PC10,0.0
raw_sector_return,Energy,1,13,Lasso,PC11,0.0
raw_sector_return,Energy,1,13,Lasso,PC12,-0.0
raw_sector_return,Energy,1,13,Lasso,PC13,0.0
raw_sector_return,Energy,1,13,ElasticNet,PC1,-0.0
raw_sector_return,Energy,1,13,ElasticNet,PC2,-0.0
raw_sector_return,Energy,1,13,ElasticNet,PC3,0.0
raw_sector_return,Energy,1,13,ElasticNet,PC4,-0.0
raw_sector_return,Energy,1,13,ElasticNet,PC5,-0.0
raw_sector_return,Energy,1,13,ElasticNet,PC6,0.0
raw_sector_return,Energy,1,13,ElasticNet,PC7,0.0
raw_sector_return,Energy,1,13,ElasticNet,PC8,0.0
raw_sector_return,Energy,1,13,ElasticNet,PC9,0.0
raw_sector_return,Energy,1,13,ElasticNet,PC10,0.0
raw_sector_return,Energy,1,13,ElasticNet,PC11,0.0
raw_sector_return,Energy,1,13,ElasticNet,PC12,-0.0
raw_sector_return,Energy,1,13,ElasticNet,PC13,0.0
raw_sector_return,Financials,1,13,OLS,PC1,0.00897052140468321
raw_sector_return,Financials,1,13,OLS,PC2,0.013076826175591678
raw_sector_return,Financials,1,13,OLS,PC3,0.0062789389671922165
raw_sector_return,Financials,1,13,OLS,PC4,-0.0029324565826772697
raw_sector_return,Financials,1,13,OLS,PC5,0.0055508510114932455
raw_sector_return,Financials,1,13,OLS,PC6,0.006084716886942265
raw_sector_return,Financials,1,13,OLS,PC7,0.004240233335543273
raw_sector_return,Financials,1,13,OLS,PC8,-0.01388293215616909
raw_sector_return,Financials,1,13,OLS,PC9,0.023248280475562832
raw_sector_return,Financials,1,13,OLS,PC10,0.0016974147069319836
raw_sector_return,Financials,1,13,OLS,PC11,0.006931061513035521
raw_sector_return,Financials,1,13,OLS,PC12,-0.005541256541475538
raw_sector_return,Financials,1,13,OLS,PC13,0.0025627482043036926
raw_sector_return,Financials,1,13,Ridge,PC1,-0.0005019904047436366
raw_sector_return,Financials,1,13,Ridge,PC2,0.00015628741575769868
raw_sector_return,Financials,1,13,Ridge,PC3,-0.00023960423128168408
raw_sector_return,Financials,1,13,Ridge,PC4,7.946453179151407e-05
raw_sector_return,Financials,1,13,Ridge,PC5,5.6083978550385424e-06
raw_sector_return,Financials,1,13,Ridge,PC6,0.00042735433812312993
raw_sector_return,Financials,1,13,Ridge,PC7,0.0001901428763422831
raw_sector_return,Financials,1,13,Ridge,PC8,-0.0008606557314577973
raw_sector_return,Financials,1,13,Ridge,PC9,0.0011287102821558946
raw_sector_return,Financials,1,13,Ridge,PC10,-3.8124453064348004e-05
raw_sector_return,Financials,1,13,Ridge,PC11,-5.990625392487203e-06
raw_sector_return,Financials,1,13,Ridge,PC12,-7.044749354986563e-05
raw_sector_return,Financials,1,13,Ridge,PC13,-9.33585688944776e-06
raw_sector_return,Financials,1,13,Lasso,PC1,-0.0
raw_sector_return,Financials,1,13,Lasso,PC2,0.0
raw_sector_return,Financials,1,13,Lasso,PC3,-0.0
raw_sector_return,Financials,1,13,Lasso,PC4,0.0
raw_sector_return,Financials,1,13,Lasso,PC5,-0.0
raw_sector_return,Financials,1,13,Lasso,PC6,0.0
raw_sector_return,Financials,1,13,Lasso,PC7,0.0
raw_sector_return,Financials,1,13,Lasso,PC8,-0.0
raw_sector_return,Financials,1,13,Lasso,PC9,0.0
raw_sector_return,Financials,1,13,Lasso,PC10,-0.0
raw_sector_return,Financials,1,13,Lasso,PC11,-0.0
raw_sector_return,Financials,1,13,Lasso,PC12,-0.0
raw_sector_return,Financials,1,13,Lasso,PC13,-0.0
raw_sector_return,Financials,1,13,ElasticNet,PC1,-0.0
raw_sector_return,Financials,1,13,ElasticNet,PC2,0.0
raw_sector_return,Financials,1,13,ElasticNet,PC3,-0.0
raw_sector_return,Financials,1,13,ElasticNet,PC4,0.0
raw_sector_return,Financials,1,13,ElasticNet,PC5,-0.0
raw_sector_return,Financials,1,13,ElasticNet,PC6,0.0
raw_sector_return,Financials,1,13,ElasticNet,PC7,0.0
raw_sector_return,Financials,1,13,ElasticNet,PC8,-0.0
raw_sector_return,Financials,1,13,ElasticNet,PC9,0.0
raw_sector_return,Financials,1,13,ElasticNet,PC10,-0.0
raw_sector_return,Financials,1,13,ElasticNet,PC11,-0.0
raw_sector_return,Financials,1,13,ElasticNet,PC12,-0.0
raw_sector_return,Financials,1,13,ElasticNet,PC13,-0.0
raw_sector_return,Industrials,1,13,OLS,PC1,0.0012511960629219502
raw_sector_return,Industrials,1,13,OLS,PC2,0.00892292058917349
raw_sector_return,Industrials,1,13,OLS,PC3,0.0069263379271304855
raw_sector_return,Industrials,1,13,OLS,PC4,-0.003421864146933548
raw_sector_return,Industrials,1,13,OLS,PC5,0.010814528088585516
raw_sector_return,Industrials,1,13,OLS,PC6,0.008114290874836097
raw_sector_return,Industrials,1,13,OLS,PC7,0.0034616385961883066
raw_sector_return,Industrials,1,13,OLS,PC8,-0.010492341326486099
raw_sector_return,Industrials,1,13,OLS,PC9,0.017299095414064856
raw_sector_return,Industrials,1,13,OLS,PC10,0.004634055955996506
raw_sector_return,Industrials,1,13,OLS,PC11,0.011977016021442586
raw_sector_return,Industrials,1,13,OLS,PC12,-0.002189890486918835
raw_sector_return,Industrials,1,13,OLS,PC13,-0.00019253655502592606
raw_sector_return,Industrials,1,13,Ridge,PC1,-0.0008882986033107543
raw_sector_return,Industrials,1,13,Ridge,PC2,7.809521887988296e-05
raw_sector_return,Industrials,1,13,Ridge,PC3,0.00021418391726990934
raw_sector_return,Industrials,1,13,Ridge,PC4,-4.086193557299185e-05
raw_sector_return,Industrials,1,13,Ridge,PC5,0.0005382269323563375
raw_sector_return,Industrials,1,13,Ridge,PC6,0.0005352369938515979
raw_sector_return,Industrials,1,13,Ridge,PC7,8.569480656346631e-05
raw_sector_return,Industrials,1,13,Ridge,PC8,-0.0006519059874148683
raw_sector_return,Industrials,1,13,Ridge,PC9,0.0008153688530074697
raw_sector_return,Industrials,1,13,Ridge,PC10,0.0003028493665337406
raw_sector_return,Industrials,1,13,Ridge,PC11,0.0004898178757168774
raw_sector_return,Industrials,1,13,Ridge,PC12,0.0002513175408014811
raw_sector_return,Industrials,1,13,Ridge,PC13,-6.350704668369837e-05
raw_sector_return,Industrials,1,13,Lasso,PC1,-0.0
raw_sector_return,Industrials,1,13,Lasso,PC2,0.0
raw_sector_return,Industrials,1,13,Lasso,PC3,0.0
raw_sector_return,Industrials,1,13,Lasso,PC4,-0.0
raw_sector_return,Industrials,1,13,Lasso,PC5,0.0
raw_sector_return,Industrials,1,13,Lasso,PC6,0.0
raw_sector_return,Industrials,1,13,Lasso,PC7,0.0
raw_sector_return,Industrials,1,13,Lasso,PC8,-0.0
raw_sector_return,Industrials,1,13,Lasso,PC9,0.0
raw_sector_return,Industrials,1,13,Lasso,PC10,0.0
raw_sector_return,Industrials,1,13,Lasso,PC11,0.0
raw_sector_return,Industrials,1,13,Lasso,PC12,0.0
raw_sector_return,Industrials,1,13,Lasso,PC13,-0.0
raw_sector_return,Industrials,1,13,ElasticNet,PC1,-0.0
raw_sector_return,Industrials,1,13,ElasticNet,PC2,0.0
raw_sector_return,Industrials,1,13,ElasticNet,PC3,0.0
raw_sector_return,Industrials,1,13,ElasticNet,PC4,-0.0
raw_sector_return,Industrials,1,13,ElasticNet,PC5,0.0
raw_sector_return,Industrials,1,13,ElasticNet,PC6,0.0
raw_sector_return,Industrials,1,13,ElasticNet,PC7,0.0
raw_sector_return,Industrials,1,13,ElasticNet,PC8,-0.0
raw_sector_return,Industrials,1,13,ElasticNet,PC9,0.0
raw_sector_return,Industrials,1,13,ElasticNet,PC10,0.0
raw_sector_return,Industrials,1,13,ElasticNet,PC11,0.0
raw_sector_return,Industrials,1,13,ElasticNet,PC12,0.0
raw_sector_return,Industrials,1,13,ElasticNet,PC13,-0.0
raw_sector_return,Technology,1,13,OLS,PC1,0.003571313060903858
raw_sector_return,Technology,1,13,OLS,PC2,0.006488868087725265
raw_sector_return,Technology,1,13,OLS,PC3,0.011916003136622909
raw_sector_return,Technology,1,13,OLS,PC4,-0.008767470206718354
raw_sector_return,Technology,1,13,OLS,PC5,0.018571520983003048
raw_sector_return,Technology,1,13,OLS,PC6,-0.005788767573426457
raw_sector_return,Technology,1,13,OLS,PC7,0.008981495179069382
raw_sector_return,Technology,1,13,OLS,PC8,-0.015969998523580803
raw_sector_return,Technology,1,13,OLS,PC9,0.016137657009257594
raw_sector_return,Technology,1,13,OLS,PC10,-0.007369165777103695
raw_sector_return,Technology,1,13,OLS,PC11,0.01176270091013776
raw_sector_return,Technology,1,13,OLS,PC12,-0.012608816242815154
raw_sector_return,Technology,1,13,OLS,PC13,-0.005534175525814761
raw_sector_return,Technology,1,13,Ridge,PC1,-0.0006461575674576837
raw_sector_return,Technology,1,13,Ridge,PC2,3.0111914605324463e-05
raw_sector_return,Technology,1,13,Ridge,PC3,0.0006436049830229449
raw_sector_return,Technology,1,13,Ridge,PC4,-0.000292170278237953
raw_sector_return,Technology,1,13,Ridge,PC5,0.0008756853465968474
raw_sector_return,Technology,1,13,Ridge,PC6,-0.0005231973260293874
raw_sector_return,Technology,1,13,Ridge,PC7,0.00046937913223754835
raw_sector_return,Technology,1,13,Ridge,PC8,-0.0008022187992202397
raw_sector_return,Technology,1,13,Ridge,PC9,0.00039720258792593996
raw_sector_return,Technology,1,13,Ridge,PC10,-0.0005535819372018404
raw_sector_return,Technology,1,13,Ridge,PC11,0.0005383450217974009
raw_sector_return,Technology,1,13,Ridge,PC12,-0.0005332512527245414
raw_sector_return,Technology,1,13,Ridge,PC13,-0.00045397823796056554
raw_sector_return,Technology,1,13,Lasso,PC1,-0.0
raw_sector_return,Technology,1,13,Lasso,PC2,0.0
raw_sector_return,Technology,1,13,Lasso,PC3,0.0
raw_sector_return,Technology,1,13,Lasso,PC4,-0.0
raw_sector_return,Technology,1,13,Lasso,PC5,0.0
raw_sector_return,Technology,1,13,Lasso,PC6,-0.0
raw_sector_return,Technology,1,13,Lasso,PC7,0.0
raw_sector_return,Technology,1,13,Lasso,PC8,-0.0
raw_sector_return,Technology,1,13,Lasso,PC9,0.0
raw_sector_return,Technology,1,13,Lasso,PC10,-0.0
raw_sector_return,Technology,1,13,Lasso,PC11,0.0
raw_sector_return,Technology,1,13,Lasso,PC12,-0.0
raw_sector_return,Technology,1,13,Lasso,PC13,-0.0
raw_sector_return,Technology,1,13,ElasticNet,PC1,-0.0
raw_sector_return,Technology,1,13,ElasticNet,PC2,0.0
raw_sector_return,Technology,1,13,ElasticNet,PC3,0.0
raw_sector_return,Technology,1,13,ElasticNet,PC4,-0.0
raw_sector_return,Technology,1,13,ElasticNet,PC5,0.0
raw_sector_return,Technology,1,13,ElasticNet,PC6,-0.0
raw_sector_return,Technology,1,13,ElasticNet,PC7,0.0
raw_sector_return,Technology,1,13,ElasticNet,PC8,-0.0
raw_sector_return,Technology,1,13,ElasticNet,PC9,0.0
raw_sector_return,Technology,1,13,ElasticNet,PC10,-0.0
raw_sector_return,Technology,1,13,ElasticNet,PC11,0.0
raw_sector_return,Technology,1,13,ElasticNet,PC12,-0.0
raw_sector_return,Technology,1,13,ElasticNet,PC13,-0.0
raw_sector_return,Consumer Staples,1,13,OLS,PC1,0.008181401504020348
raw_sector_return,Consumer Staples,1,13,OLS,PC2,0.013473640046327756
raw_sector_return,Consumer Staples,1,13,OLS,PC3,0.009768544109744485
raw_sector_return,Consumer Staples,1,13,OLS,PC4,-0.0034779720938012447
raw_sector_return,Consumer Staples,1,13,OLS,PC5,0.006256391365207668
raw_sector_return,Consumer Staples,1,13,OLS,PC6,0.003734789994788784
raw_sector_return,Consumer Staples,1,13,OLS,PC7,0.001198901970396816
raw_sector_return,Consumer Staples,1,13,OLS,PC8,-0.002790230202166516
raw_sector_return,Consumer Staples,1,13,OLS,PC9,0.013686120305678711
raw_sector_return,Consumer Staples,1,13,OLS,PC10,0.004540117389073747
raw_sector_return,Consumer Staples,1,13,OLS,PC11,0.007083816408941068
raw_sector_return,Consumer Staples,1,13,OLS,PC12,-0.0008771350035695289
raw_sector_return,Consumer Staples,1,13,OLS,PC13,-0.0026605129971042714
raw_sector_return,Consumer Staples,1,13,Ridge,PC1,-0.0003931793779983753
raw_sector_return,Consumer Staples,1,13,Ridge,PC2,0.00025447840894373346
raw_sector_return,Consumer Staples,1,13,Ridge,PC3,0.00022251798428457153
raw_sector_return,Consumer Staples,1,13,Ridge,PC4,-9.689665455921906e-05
raw_sector_return,Consumer Staples,1,13,Ridge,PC5,0.0002600810438801236
raw_sector_return,Consumer Staples,1,13,Ridge,PC6,0.00019479863339926683
raw_sector_return,Consumer Staples,1,13,Ridge,PC7,-6.435037090642139e-05
raw_sector_return,Consumer Staples,1,13,Ridge,PC8,-0.00013473984360236246
raw_sector_return,Consumer Staples,1,13,Ridge,PC9,0.0003735355908027949
raw_sector_return,Consumer Staples,1,13,Ridge,PC10,0.0002732773526726045
raw_sector_return,Consumer Staples,1,13,Ridge,PC11,0.00019067062971782844
raw_sector_return,Consumer Staples,1,13,Ridge,PC12,3.0501616323721017e-05
raw_sector_return,Consumer Staples,1,13,Ridge,PC13,-0.0004089646105970882
raw_sector_return,Consumer Staples,1,13,Lasso,PC1,-0.0
raw_sector_return,Consumer Staples,1,13,Lasso,PC2,0.0
raw_sector_return,Consumer Staples,1,13,Lasso,PC3,0.0
raw_sector_return,Consumer Staples,1,13,Lasso,PC4,-0.0
raw_sector_return,Consumer Staples,1,13,Lasso,PC5,0.0
raw_sector_return,Consumer Staples,1,13,Lasso,PC6,0.0
raw_sector_return,Consumer Staples,1,13,Lasso,PC7,-0.0
raw_sector_return,Consumer Staples,1,13,Lasso,PC8,-0.0
raw_sector_return,Consumer Staples,1,13,Lasso,PC9,0.0
raw_sector_return,Consumer Staples,1,13,Lasso,PC10,0.0
raw_sector_return,Consumer Staples,1,13,Lasso,PC11,0.0
raw_sector_return,Consumer Staples,1,13,Lasso,PC12,0.0
raw_sector_return,Consumer Staples,1,13,Lasso,PC13,-0.0
raw_sector_return,Consumer Staples,1,13,ElasticNet,PC1,-0.0
raw_sector_return,Consumer Staples,1,13,ElasticNet,PC2,0.0
raw_sector_return,Consumer Staples,1,13,ElasticNet,PC3,0.0
raw_sector_return,Consumer Staples,1,13,ElasticNet,PC4,-0.0
raw_sector_return,Consumer Staples,1,13,ElasticNet,PC5,0.0
raw_sector_return,Consumer Staples,1,13,ElasticNet,PC6,0.0
raw_sector_return,Consumer Staples,1,13,ElasticNet,PC7,-0.0
raw_sector_return,Consumer Staples,1,13,ElasticNet,PC8,-0.0
raw_sector_return,Consumer Staples,1,13,ElasticNet,PC9,0.0
raw_sector_return,Consumer Staples,1,13,ElasticNet,PC10,0.0
raw_sector_return,Consumer Staples,1,13,ElasticNet,PC11,0.0
raw_sector_return,Consumer Staples,1,13,ElasticNet,PC12,0.0
raw_sector_return,Consumer Staples,1,13,ElasticNet,PC13,-0.0
raw_sector_return,Real Estate,1,13,OLS,PC1,0.013028943252983207
raw_sector_return,Real Estate,1,13,OLS,PC2,0.01773506438134705
raw_sector_return,Real Estate,1,13,OLS,PC3,0.013797792435191452
raw_sector_return,Real Estate,1,13,OLS,PC4,-0.008056038500604538
raw_sector_return,Real Estate,1,13,OLS,PC5,0.006743962011203172
raw_sector_return,Real Estate,1,13,OLS,PC6,0.002617393315248485
raw_sector_return,Real Estate,1,13,OLS,PC7,0.0017780967792949533
raw_sector_return,Real Estate,1,13,OLS,PC8,-0.004082954499676805
raw_sector_return,Real Estate,1,13,OLS,PC9,0.021573696934673457
raw_sector_return,Real Estate,1,13,OLS,PC10,0.00019641034485743314
raw_sector_return,Real Estate,1,13,OLS,PC11,0.009208519187313417
raw_sector_return,Real Estate,1,13,OLS,PC12,-0.003064979633367708
raw_sector_return,Real Estate,1,13,OLS,PC13,-6.997253244353475e-05
raw_sector_return,Real Estate,1,13,Ridge,PC1,-0.00046037736298187707
raw_sector_return,Real Estate,1,13,Ridge,PC2,0.0001981588606974722
raw_sector_return,Real Estate,1,13,Ridge,PC3,0.000258355260853888
raw_sector_return,Real Estate,1,13,Ridge,PC4,-0.0003837706751834598
raw_sector_return,Real Estate,1,13,Ridge,PC5,9.337116160313932e-05
raw_sector_return,Real Estate,1,13,Ridge,PC6,0.00011978721903475859
raw_sector_return,Real Estate,1,13,Ridge,PC7,1.101632311380281e-05
raw_sector_return,Real Estate,1,13,Ridge,PC8,-0.00011864910788804607
raw_sector_return,Real Estate,1,13,Ridge,PC9,0.0006984044594738228
raw_sector_return,Real Estate,1,13,Ridge,PC10,-0.00011515712884432939
raw_sector_return,Real Estate,1,13,Ridge,PC11,0.0002443272029507828
raw_sector_return,Real Estate,1,13,Ridge,PC12,-0.00011310819544175555
raw_sector_return,Real Estate,1,13,Ridge,PC13,-0.00027841887018149604
raw_sector_return,Real Estate,1,13,Lasso,PC1,-0.0
raw_sector_return,Real Estate,1,13,Lasso,PC2,0.0
raw_sector_return,Real Estate,1,13,Lasso,PC3,0.0
raw_sector_return,Real Estate,1,13,Lasso,PC4,-0.0
raw_sector_return,Real Estate,1,13,Lasso,PC5,0.0
raw_sector_return,Real Estate,1,13,Lasso,PC6,0.0
raw_sector_return,Real Estate,1,13,Lasso,PC7,0.0
raw_sector_return,Real Estate,1,13,Lasso,PC8,-0.0
raw_sector_return,Real Estate,1,13,Lasso,PC9,0.0
raw_sector_return,Real Estate,1,13,Lasso,PC10,-0.0
raw_sector_return,Real Estate,1,13,Lasso,PC11,0.0
raw_sector_return,Real Estate,1,13,Lasso,PC12,-0.0
raw_sector_return,Real Estate,1,13,Lasso,PC13,-0.0
raw_sector_return,Real Estate,1,13,ElasticNet,PC1,-0.0
raw_sector_return,Real Estate,1,13,ElasticNet,PC2,0.0
raw_sector_return,Real Estate,1,13,ElasticNet,PC3,0.0
raw_sector_return,Real Estate,1,13,ElasticNet,PC4,-0.0
raw_sector_return,Real Estate,1,13,ElasticNet,PC5,0.0
raw_sector_return,Real Estate,1,13,ElasticNet,PC6,0.0
raw_sector_return,Real Estate,1,13,ElasticNet,PC7,0.0
raw_sector_return,Real Estate,1,13,ElasticNet,PC8,-0.0
raw_sector_return,Real Estate,1,13,ElasticNet,PC9,0.0
raw_sector_return,Real Estate,1,13,ElasticNet,PC10,-0.0
raw_sector_return,Real Estate,1,13,ElasticNet,PC11,0.0
raw_sector_return,Real Estate,1,13,ElasticNet,PC12,-0.0
raw_sector_return,Real Estate,1,13,ElasticNet,PC13,-0.0
raw_sector_return,Utilities,1,13,OLS,PC1,0.00777519958196287
raw_sector_return,Utilities,1,13,OLS,PC2,0.011349610772752525
raw_sector_return,Utilities,1,13,OLS,PC3,0.010279634892803586
raw_sector_return,Utilities,1,13,OLS,PC4,0.00028646214476798137
raw_sector_return,Utilities,1,13,OLS,PC5,0.0016689375644373717
raw_sector_return,Utilities,1,13,OLS,PC6,0.00622657206623679
raw_sector_return,Utilities,1,13,OLS,PC7,0.0026060219817425644
raw_sector_return,Utilities,1,13,OLS,PC8,-5.485965900387725e-05
raw_sector_return,Utilities,1,13,OLS,PC9,0.00977585162817208
raw_sector_return,Utilities,1,13,OLS,PC10,0.001524047921516734
raw_sector_return,Utilities,1,13,OLS,PC11,0.0025281035191787836
raw_sector_return,Utilities,1,13,OLS,PC12,-0.0006353789152182338
raw_sector_return,Utilities,1,13,OLS,PC13,0.005871153300543169
raw_sector_return,Utilities,1,13,Ridge,PC1,-0.0002560386109024052
raw_sector_return,Utilities,1,13,Ridge,PC2,8.107224773329219e-05
raw_sector_return,Utilities,1,13,Ridge,PC3,0.0003194137036311794
raw_sector_return,Utilities,1,13,Ridge,PC4,7.680176198198608e-05
raw_sector_return,Utilities,1,13,Ridge,PC5,4.693034185799814e-05
raw_sector_return,Utilities,1,13,Ridge,PC6,0.0004748854830708768
raw_sector_return,Utilities,1,13,Ridge,PC7,0.00019672964864109156
raw_sector_return,Utilities,1,13,Ridge,PC8,4.467840832618304e-05
raw_sector_return,Utilities,1,13,Ridge,PC9,0.00023167027417046908
raw_sector_return,Utilities,1,13,Ridge,PC10,-1.5862599064114502e-05
raw_sector_return,Utilities,1,13,Ridge,PC11,-8.898030248234682e-05
raw_sector_return,Utilities,1,13,Ridge,PC12,-2.8676779122302246e-05
raw_sector_return,Utilities,1,13,Ridge,PC13,0.0003064749519734867
raw_sector_return,Utilities,1,13,Lasso,PC1,-0.0
raw_sector_return,Utilities,1,13,Lasso,PC2,0.0
raw_sector_return,Utilities,1,13,Lasso,PC3,0.0
raw_sector_return,Utilities,1,13,Lasso,PC4,0.0
raw_sector_return,Utilities,1,13,Lasso,PC5,0.0
raw_sector_return,Utilities,1,13,Lasso,PC6,0.0
raw_sector_return,Utilities,1,13,Lasso,PC7,0.0
raw_sector_return,Utilities,1,13,Lasso,PC8,0.0
raw_sector_return,Utilities,1,13,Lasso,PC9,0.0
raw_sector_return,Utilities,1,13,Lasso,PC10,-0.0
raw_sector_return,Utilities,1,13,Lasso,PC11,-0.0
raw_sector_return,Utilities,1,13,Lasso,PC12,-0.0
raw_sector_return,Utilities,1,13,Lasso,PC13,0.0
raw_sector_return,Utilities,1,13,ElasticNet,PC1,-0.0
raw_sector_return,Utilities,1,13,ElasticNet,PC2,0.0
raw_sector_return,Utilities,1,13,ElasticNet,PC3,0.0
raw_sector_return,Utilities,1,13,ElasticNet,PC4,0.0
raw_sector_return,Utilities,1,13,ElasticNet,PC5,0.0
raw_sector_return,Utilities,1,13,ElasticNet,PC6,0.0
raw_sector_return,Utilities,1,13,ElasticNet,PC7,0.0
raw_sector_return,Utilities,1,13,ElasticNet,PC8,0.0
raw_sector_return,Utilities,1,13,ElasticNet,PC9,0.0
raw_sector_return,Utilities,1,13,ElasticNet,PC10,-0.0
raw_sector_return,Utilities,1,13,ElasticNet,PC11,-0.0
raw_sector_return,Utilities,1,13,ElasticNet,PC12,-0.0
raw_sector_return,Utilities,1,13,ElasticNet,PC13,0.0
raw_sector_return,Health Care,1,13,OLS,PC1,0.001238817022944933
raw_sector_return,Health Care,1,13,OLS,PC2,0.006340348570278972
raw_sector_return,Health Care,1,13,OLS,PC3,0.002158700842954868
raw_sector_return,Health Care,1,13,OLS,PC4,-0.002850460479036955
raw_sector_return,Health Care,1,13,OLS,PC5,0.004896375045173081
raw_sector_return,Health Care,1,13,OLS,PC6,0.004921744888991159
raw_sector_return,Health Care,1,13,OLS,PC7,0.0008812672342074085
raw_sector_return,Health Care,1,13,OLS,PC8,-0.0033593900759585804
raw_sector_return,Health Care,1,13,OLS,PC9,0.0072654161153166575
raw_sector_return,Health Care,1,13,OLS,PC10,4.027117318655644e-07
raw_sector_return,Health Care,1,13,OLS,PC11,0.003792929580047538
raw_sector_return,Health Care,1,13,OLS,PC12,-0.0025670995041657697
raw_sector_return,Health Care,1,13,OLS,PC13,-0.0010824129087807749
raw_sector_return,Health Care,1,13,Ridge,PC1,-0.0003780936074354145
raw_sector_return,Health Care,1,13,Ridge,PC2,0.0002550139429622246
raw_sector_return,Health Care,1,13,Ridge,PC3,-1.9656510625034476e-05
raw_sector_return,Health Care,1,13,Ridge,PC4,-0.0001166558099967339
raw_sector_return,Health Care,1,13,Ridge,PC5,0.00020880700826020793
raw_sector_return,Health Care,1,13,Ridge,PC6,0.00035212518381047965
raw_sector_return,Health Care,1,13,Ridge,PC7,-2.0040466151199704e-06
raw_sector_return,Health Care,1,13,Ridge,PC8,-0.0001890412404516223
raw_sector_return,Health Care,1,13,Ridge,PC9,0.0003023621459110011
raw_sector_return,Health Care,1,13,Ridge,PC10,-5.309096331994248e-05
raw_sector_return,Health Care,1,13,Ridge,PC11,3.4458213659636256e-05
raw_sector_return,Health Care,1,13,Ridge,PC12,-5.912414053456892e-05
raw_sector_return,Health Care,1,13,Ridge,PC13,-0.00015661711193740103
raw_sector_return,Health Care,1,13,Lasso,PC1,-0.0
raw_sector_return,Health Care,1,13,Lasso,PC2,0.0
raw_sector_return,Health Care,1,13,Lasso,PC3,-0.0
raw_sector_return,Health Care,1,13,Lasso,PC4,-0.0
raw_sector_return,Health Care,1,13,Lasso,PC5,0.0
raw_sector_return,Health Care,1,13,Lasso,PC6,0.0
raw_sector_return,Health Care,1,13,Lasso,PC7,-0.0
raw_sector_return,Health Care,1,13,Lasso,PC8,-0.0
raw_sector_return,Health Care,1,13,Lasso,PC9,0.0
raw_sector_return,Health Care,1,13,Lasso,PC10,-0.0
raw_sector_return,Health Care,1,13,Lasso,PC11,0.0
raw_sector_return,Health Care,1,13,Lasso,PC12,-0.0
raw_sector_return,Health Care,1,13,Lasso,PC13,-0.0
raw_sector_return,Health Care,1,13,ElasticNet,PC1,-0.0
raw_sector_return,Health Care,1,13,ElasticNet,PC2,0.0
raw_sector_return,Health Care,1,13,ElasticNet,PC3,-0.0
raw_sector_return,Health Care,1,13,ElasticNet,PC4,-0.0
raw_sector_return,Health Care,1,13,ElasticNet,PC5,0.0
raw_sector_return,Health Care,1,13,ElasticNet,PC6,0.0
raw_sector_return,Health Care,1,13,ElasticNet,PC7,-0.0
raw_sector_return,Health Care,1,13,ElasticNet,PC8,-0.0
raw_sector_return,Health Care,1,13,ElasticNet,PC9,0.0
raw_sector_return,Health Care,1,13,ElasticNet,PC10,-0.0
raw_sector_return,Health Care,1,13,ElasticNet,PC11,0.0
raw_sector_return,Health Care,1,13,ElasticNet,PC12,-0.0
raw_sector_return,Health Care,1,13,ElasticNet,PC13,-0.0
raw_sector_return,Consumer Discretionary,1,13,OLS,PC1,-0.003942993811765047
raw_sector_return,Consumer Discretionary,1,13,OLS,PC2,0.005640118208048311
raw_sector_return,Consumer Discretionary,1,13,OLS,PC3,0.000552633696409943
raw_sector_return,Consumer Discretionary,1,13,OLS,PC4,-0.005633638498672954
raw_sector_return,Consumer Discretionary,1,13,OLS,PC5,0.013668127757572897
raw_sector_return,Consumer Discretionary,1,13,OLS,PC6,0.005725212103238205
raw_sector_return,Consumer Discretionary,1,13,OLS,PC7,0.0032469924105324307
raw_sector_return,Consumer Discretionary,1,13,OLS,PC8,-0.012654880104443898
raw_sector_return,Consumer Discretionary,1,13,OLS,PC9,0.013451627869473235
raw_sector_return,Consumer Discretionary,1,13,OLS,PC10,-0.001831483402224677
raw_sector_return,Consumer Discretionary,1,13,OLS,PC11,0.008557834292474777
raw_sector_return,Consumer Discretionary,1,13,OLS,PC12,-0.0076456368449934415
raw_sector_return,Consumer Discretionary,1,13,OLS,PC13,-0.0034836729011880896
raw_sector_return,Consumer Discretionary,1,13,Ridge,PC1,-0.000937276675072993
raw_sector_return,Consumer Discretionary,1,13,Ridge,PC2,0.0003764622360541362
raw_sector_return,Consumer Discretionary,1,13,Ridge,PC3,-5.925892401871e-05
raw_sector_return,Consumer Discretionary,1,13,Ridge,PC4,-0.00017331829458920632
raw_sector_return,Consumer Discretionary,1,13,Ridge,PC5,0.0006897732693799419
raw_sector_return,Consumer Discretionary,1,13,Ridge,PC6,0.0003841908895842277
raw_sector_return,Consumer Discretionary,1,13,Ridge,PC7,7.65974748730609e-05
raw_sector_return,Consumer Discretionary,1,13,Ridge,PC8,-0.000751546222186
raw_sector_return,Consumer Discretionary,1,13,Ridge,PC9,0.0007389651608377207
raw_sector_return,Consumer Discretionary,1,13,Ridge,PC10,-0.00015199947254799213
raw_sector_return,Consumer Discretionary,1,13,Ridge,PC11,0.0002188152735039483
raw_sector_return,Consumer Discretionary,1,13,Ridge,PC12,-0.00013594027864955382
raw_sector_return,Consumer Discretionary,1,13,Ridge,PC13,-0.00026616620526524287
raw_sector_return,Consumer Discretionary,1,13,Lasso,PC1,-0.0
raw_sector_return,Consumer Discretionary,1,13,Lasso,PC2,0.0
raw_sector_return,Consumer Discretionary,1,13,Lasso,PC3,-0.0
raw_sector_return,Consumer Discretionary,1,13,Lasso,PC4,-0.0
raw_sector_return,Consumer Discretionary,1,13,Lasso,PC5,0.0
raw_sector_return,Consumer Discretionary,1,13,Lasso,PC6,0.0
raw_sector_return,Consumer Discretionary,1,13,Lasso,PC7,0.0
raw_sector_return,Consumer Discretionary,1,13,Lasso,PC8,-0.0
raw_sector_return,Consumer Discretionary,1,13,Lasso,PC9,0.0
raw_sector_return,Consumer Discretionary,1,13,Lasso,PC10,-0.0
raw_sector_return,Consumer Discretionary,1,13,Lasso,PC11,0.0
raw_sector_return,Consumer Discretionary,1,13,Lasso,PC12,-0.0
raw_sector_return,Consumer Discretionary,1,13,Lasso,PC13,-0.0
raw_sector_return,Consumer Discretionary,1,13,ElasticNet,PC1,-0.0
raw_sector_return,Consumer Discretionary,1,13,ElasticNet,PC2,0.0
raw_sector_return,Consumer Discretionary,1,13,ElasticNet,PC3,-0.0
raw_sector_return,Consumer Discretionary,1,13,ElasticNet,PC4,-0.0
raw_sector_return,Consumer Discretionary,1,13,ElasticNet,PC5,0.0
raw_sector_return,Consumer Discretionary,1,13,ElasticNet,PC6,0.0
raw_sector_return,Consumer Discretionary,1,13,ElasticNet,PC7,0.0
raw_sector_return,Consumer Discretionary,1,13,ElasticNet,PC8,-0.0
raw_sector_return,Consumer Discretionary,1,13,ElasticNet,PC9,0.0
raw_sector_return,Consumer Discretionary,1,13,ElasticNet,PC10,-0.0
raw_sector_return,Consumer Discretionary,1,13,ElasticNet,PC11,0.0
raw_sector_return,Consumer Discretionary,1,13,ElasticNet,PC12,-0.0
raw_sector_return,Consumer Discretionary,1,13,ElasticNet,PC13,-0.0
raw_sector_return,Materials,2,5,OLS,PC1,-0.011374383747632045
raw_sector_return,Materials,2,5,OLS,PC2,-0.004197593540416608
raw_sector_return,Materials,2,5,OLS,PC3,-0.0015309704014228069
raw_sector_return,Materials,2,5,OLS,PC4,0.002236692838198517
raw_sector_return,Materials,2,5,OLS,PC5,-0.004542093693436258
raw_sector_return,Materials,2,5,Ridge,PC1,-0.0007493045623767064
raw_sector_return,Materials,2,5,Ridge,PC2,4.6596874796011575e-05
raw_sector_return,Materials,2,5,Ridge,PC3,0.00017221169440665386
raw_sector_return,Materials,2,5,Ridge,PC4,-2.8124980145306003e-05
raw_sector_return,Materials,2,5,Ridge,PC5,-0.00033793268541743113
raw_sector_return,Materials,2,5,Lasso,PC1,-0.0
raw_sector_return,Materials,2,5,Lasso,PC2,0.0
raw_sector_return,Materials,2,5,Lasso,PC3,0.0
raw_sector_return,Materials,2,5,Lasso,PC4,-0.0
raw_sector_return,Materials,2,5,Lasso,PC5,-0.0
raw_sector_return,Materials,2,5,ElasticNet,PC1,-0.0
raw_sector_return,Materials,2,5,ElasticNet,PC2,0.0
raw_sector_return,Materials,2,5,ElasticNet,PC3,0.0
raw_sector_return,Materials,2,5,ElasticNet,PC4,-0.0
raw_sector_return,Materials,2,5,ElasticNet,PC5,-0.0
raw_sector_return,Communication Services,2,5,OLS,PC1,-0.010725089458794562
raw_sector_return,Communication Services,2,5,OLS,PC2,-0.004435586690518661
raw_sector_return,Communication Services,2,5,OLS,PC3,0.0010590550330485929
raw_sector_return,Communication Services,2,5,OLS,PC4,0.013109549928494755
raw_sector_return,Communication Services,2,5,OLS,PC5,-0.0045379054031892746
raw_sector_return,Communication Services,2,5,Ridge,PC1,-0.0037095066548120796
raw_sector_return,Communication Services,2,5,Ridge,PC2,-0.0009665733240451046
raw_sector_return,Communication Services,2,5,Ridge,PC3,0.001652648236939499
raw_sector_return,Communication Services,2,5,Ridge,PC4,0.005534546799882159
raw_sector_return,Communication Services,2,5,Ridge,PC5,-0.0013051894377313314
raw_sector_return,Communication Services,2,5,Lasso,PC1,-0.0
raw_sector_return,Communication Services,2,5,Lasso,PC2,-0.0
raw_sector_return,Communication Services,2,5,Lasso,PC3,0.0
raw_sector_return,Communication Services,2,5,Lasso,PC4,0.0
raw_sector_return,Communication Services,2,5,Lasso,PC5,-0.0
raw_sector_return,Communication Services,2,5,ElasticNet,PC1,-0.0
raw_sector_return,Communication Services,2,5,ElasticNet,PC2,-0.0
raw_sector_return,Communication Services,2,5,ElasticNet,PC3,0.0
raw_sector_return,Communication Services,2,5,ElasticNet,PC4,0.0
raw_sector_return,Communication Services,2,5,ElasticNet,PC5,-0.0
raw_sector_return,Energy,2,5,OLS,PC1,-0.023640547178516068
raw_sector_return,Energy,2,5,OLS,PC2,-0.019922081213058735
raw_sector_return,Energy,2,5,OLS,PC3,-0.010267685376878478
raw_sector_return,Energy,2,5,OLS,PC4,-0.00509132619072565
raw_sector_return,Energy,2,5,OLS,PC5,-0.013931430411596325
raw_sector_return,Energy,2,5,Ridge,PC1,-0.010385834058446746
raw_sector_return,Energy,2,5,Ridge,PC2,-0.007824120248100712
raw_sector_return,Energy,2,5,Ridge,PC3,-0.002658733932980893
raw_sector_return,Energy,2,5,Ridge,PC4,-0.004726651510452611
raw_sector_return,Energy,2,5,Ridge,PC5,-0.008793242014688807
raw_sector_return,Energy,2,5,Lasso,PC1,-0.0
raw_sector_return,Energy,2,5,Lasso,PC2,-0.0
raw_sector_return,Energy,2,5,Lasso,PC3,0.0
raw_sector_return,Energy,2,5,Lasso,PC4,-0.0
raw_sector_return,Energy,2,5,Lasso,PC5,-0.00034243614552778844
raw_sector_return,Energy,2,5,ElasticNet,PC1,-0.0
raw_sector_return,Energy,2,5,ElasticNet,PC2,-0.0
raw_sector_return,Energy,2,5,ElasticNet,PC3,0.0
raw_sector_return,Energy,2,5,ElasticNet,PC4,-0.0
raw_sector_return,Energy,2,5,ElasticNet,PC5,-0.000302478191422096
raw_sector_return,Financials,2,5,OLS,PC1,-0.006322963732312306
raw_sector_return,Financials,2,5,OLS,PC2,-0.004481283893392704
raw_sector_return,Financials,2,5,OLS,PC3,-0.005293101089530741
raw_sector_return,Financials,2,5,OLS,PC4,0.0037689840263537607
raw_sector_return,Financials,2,5,OLS,PC5,-0.006929596316065031
raw_sector_return,Financials,2,5,Ridge,PC1,-0.00020787566890836595
raw_sector_return,Financials,2,5,Ridge,PC2,-9.002561481816134e-05
raw_sector_return,Financials,2,5,Ridge,PC3,-0.0002557232650688475
raw_sector_return,Financials,2,5,Ridge,PC4,0.000141327124348746
raw_sector_return,Financials,2,5,Ridge,PC5,-0.0005291070171522358
raw_sector_return,Financials,2,5,Lasso,PC1,-0.0
raw_sector_return,Financials,2,5,Lasso,PC2,-0.0
raw_sector_return,Financials,2,5,Lasso,PC3,-0.0
raw_sector_return,Financials,2,5,Lasso,PC4,0.0
raw_sector_return,Financials,2,5,Lasso,PC5,-0.0
raw_sector_return,Financials,2,5,ElasticNet,PC1,-0.0
raw_sector_return,Financials,2,5,ElasticNet,PC2,-0.0
raw_sector_return,Financials,2,5,ElasticNet,PC3,-0.0
raw_sector_return,Financials,2,5,ElasticNet,PC4,0.0
raw_sector_return,Financials,2,5,ElasticNet,PC5,-0.0
raw_sector_return,Industrials,2,5,OLS,PC1,-0.009598307360522423
raw_sector_return,Industrials,2,5,OLS,PC2,-0.005222796682340812
raw_sector_return,Industrials,2,5,OLS,PC3,-0.0005244944924738269
raw_sector_return,Industrials,2,5,OLS,PC4,0.004892590731234716
raw_sector_return,Industrials,2,5,OLS,PC5,-0.0030154103294591913
raw_sector_return,Industrials,2,5,Ridge,PC1,-0.0005475183473013732
raw_sector_return,Industrials,2,5,Ridge,PC2,-0.00013806328013152844
raw_sector_return,Industrials,2,5,Ridge,PC3,0.0002399562876152363
raw_sector_return,Industrials,2,5,Ridge,PC4,0.00026014484496382875
raw_sector_return,Industrials,2,5,Ridge,PC5,-0.00015808824915766273
raw_sector_return,Industrials,2,5,Lasso,PC1,-0.0
raw_sector_return,Industrials,2,5,Lasso,PC2,-0.0
raw_sector_return,Industrials,2,5,Lasso,PC3,0.0
raw_sector_return,Industrials,2,5,Lasso,PC4,0.0
raw_sector_return,Industrials,2,5,Lasso,PC5,-0.0
raw_sector_return,Industrials,2,5,ElasticNet,PC1,-0.0
raw_sector_return,Industrials,2,5,ElasticNet,PC2,-0.0
raw_sector_return,Industrials,2,5,ElasticNet,PC3,0.0
raw_sector_return,Industrials,2,5,ElasticNet,PC4,0.0
raw_sector_return,Industrials,2,5,ElasticNet,PC5,-0.0
raw_sector_return,Technology,2,5,OLS,PC1,-0.005647325763759782
raw_sector_return,Technology,2,5,OLS,PC2,-0.000511999126422461
raw_sector_return,Technology,2,5,OLS,PC3,0.01194868171326408
raw_sector_return,Technology,2,5,OLS,PC4,0.0017624205040868877
raw_sector_return,Technology,2,5,OLS,PC5,-0.00013344963734286897
raw_sector_return,Technology,2,5,Ridge,PC1,-0.0006810833374402791
raw_sector_return,Technology,2,5,Ridge,PC2,-9.025551776782942e-05
raw_sector_return,Technology,2,5,Ridge,PC3,0.0011496141719789697
raw_sector_return,Technology,2,5,Ridge,PC4,5.08697203778054e-05
raw_sector_return,Technology,2,5,Ridge,PC5,4.812159963205273e-05
raw_sector_return,Technology,2,5,Lasso,PC1,-0.0
raw_sector_return,Technology,2,5,Lasso,PC2,-0.0
raw_sector_return,Technology,2,5,Lasso,PC3,0.0
raw_sector_return,Technology,2,5,Lasso,PC4,0.0
raw_sector_return,Technology,2,5,Lasso,PC5,0.0
raw_sector_return,Technology,2,5,ElasticNet,PC1,-0.0
raw_sector_return,Technology,2,5,ElasticNet,PC2,-0.0
raw_sector_return,Technology,2,5,ElasticNet,PC3,0.0
raw_sector_return,Technology,2,5,ElasticNet,PC4,0.0
raw_sector_return,Technology,2,5,ElasticNet,PC5,0.0
raw_sector_return,Consumer Staples,2,5,OLS,PC1,0.001764267457417327
raw_sector_return,Consumer Staples,2,5,OLS,PC2,0.0018301421293867466
raw_sector_return,Consumer Staples,2,5,OLS,PC3,0.0022276303039323723
raw_sector_return,Consumer Staples,2,5,OLS,PC4,0.0018594846920185761
raw_sector_return,Consumer Staples,2,5,OLS,PC5,-0.0048551077374980435
raw_sector_return,Consumer Staples,2,5,Ridge,PC1,7.52664731771598e-05
raw_sector_return,Consumer Staples,2,5,Ridge,PC2,3.827359960320873e-05
raw_sector_return,Consumer Staples,2,5,Ridge,PC3,0.00010943999840712993
raw_sector_return,Consumer Staples,2,5,Ridge,PC4,7.995724450036697e-05
raw_sector_return,Consumer Staples,2,5,Ridge,PC5,-0.00038326096878665464
raw_sector_return,Consumer Staples,2,5,Lasso,PC1,0.0
raw_sector_return,Consumer Staples,2,5,Lasso,PC2,0.0
raw_sector_return,Consumer Staples,2,5,Lasso,PC3,0.0
raw_sector_return,Consumer Staples,2,5,Lasso,PC4,0.0
raw_sector_return,Consumer Staples,2,5,Lasso,PC5,-0.0
raw_sector_return,Consumer Staples,2,5,ElasticNet,PC1,0.0
raw_sector_return,Consumer Staples,2,5,ElasticNet,PC2,0.0
raw_sector_return,Consumer Staples,2,5,ElasticNet,PC3,0.0
raw_sector_return,Consumer Staples,2,5,ElasticNet,PC4,0.0
raw_sector_return,Consumer Staples,2,5,ElasticNet,PC5,-0.0
raw_sector_return,Real Estate,2,5,OLS,PC1,-0.0004822275195498029
raw_sector_return,Real Estate,2,5,OLS,PC2,0.0009037926917767166
raw_sector_return,Real Estate,2,5,OLS,PC3,0.004443425002901736
raw_sector_return,Real Estate,2,5,OLS,PC4,0.003202377146570006
raw_sector_return,Real Estate,2,5,OLS,PC5,-0.009661110085255291
raw_sector_return,Real Estate,2,5,Ridge,PC1,-0.00010225264465719801
raw_sector_return,Real Estate,2,5,Ridge,PC2,-1.6405516426194054e-05
raw_sector_return,Real Estate,2,5,Ridge,PC3,0.00035409562430826764
raw_sector_return,Real Estate,2,5,Ridge,PC4,7.597728701152064e-05
raw_sector_return,Real Estate,2,5,Ridge,PC5,-0.0007669688953708425
raw_sector_return,Real Estate,2,5,Lasso,PC1,-0.0
raw_sector_return,Real Estate,2,5,Lasso,PC2,-0.0
raw_sector_return,Real Estate,2,5,Lasso,PC3,0.0
raw_sector_return,Real Estate,2,5,Lasso,PC4,0.0
raw_sector_return,Real Estate,2,5,Lasso,PC5,-0.0
raw_sector_return,Real Estate,2,5,ElasticNet,PC1,-0.0
raw_sector_return,Real Estate,2,5,ElasticNet,PC2,-0.0
raw_sector_return,Real Estate,2,5,ElasticNet,PC3,0.0
raw_sector_return,Real Estate,2,5,ElasticNet,PC4,0.0
raw_sector_return,Real Estate,2,5,ElasticNet,PC5,-0.0
raw_sector_return,Utilities,2,5,OLS,PC1,-6.749601080822021e-05
raw_sector_return,Utilities,2,5,OLS,PC2,-0.0010122035974272218
raw_sector_return,Utilities,2,5,OLS,PC3,0.0011015793064925287
raw_sector_return,Utilities,2,5,OLS,PC4,0.00015312572176875484
raw_sector_return,Utilities,2,5,OLS,PC5,-0.0012800450316152025
raw_sector_return,Utilities,2,5,Ridge,PC1,1.0504616150677976e-05
raw_sector_return,Utilities,2,5,Ridge,PC2,-0.00010633018533700957
raw_sector_return,Utilities,2,5,Ridge,PC3,0.00011317094868362237
raw_sector_return,Utilities,2,5,Ridge,PC4,-6.59832645858431e-06
raw_sector_return,Utilities,2,5,Ridge,PC5,-0.00010623938022385245
raw_sector_return,Utilities,2,5,Lasso,PC1,0.0
raw_sector_return,Utilities,2,5,Lasso,PC2,-0.0
raw_sector_return,Utilities,2,5,Lasso,PC3,0.0
raw_sector_return,Utilities,2,5,Lasso,PC4,-0.0
raw_sector_return,Utilities,2,5,Lasso,PC5,-0.0
raw_sector_return,Utilities,2,5,ElasticNet,PC1,0.0
raw_sector_return,Utilities,2,5,ElasticNet,PC2,-0.0
raw_sector_return,Utilities,2,5,ElasticNet,PC3,0.0
raw_sector_return,Utilities,2,5,ElasticNet,PC4,-0.0
raw_sector_return,Utilities,2,5,ElasticNet,PC5,-0.0
raw_sector_return,Health Care,2,5,OLS,PC1,0.002763107497469275
raw_sector_return,Health Care,2,5,OLS,PC2,0.0030456988124753716
raw_sector_return,Health Care,2,5,OLS,PC3,0.0001027663183923893
raw_sector_return,Health Care,2,5,OLS,PC4,-0.0012812446590693015
raw_sector_return,Health Care,2,5,OLS,PC5,-0.0018274443137524855
raw_sector_return,Health Care,2,5,Ridge,PC1,0.00011145190366302543
raw_sector_return,Health Care,2,5,Ridge,PC2,0.0001700368550284477
raw_sector_return,Health Care,2,5,Ridge,PC3,-0.00010720606355723187
raw_sector_return,Health Care,2,5,Ridge,PC4,-0.0001242369213646936
raw_sector_return,Health Care,2,5,Ridge,PC5,-0.00018449411295256296
raw_sector_return,Health Care,2,5,Lasso,PC1,0.0
raw_sector_return,Health Care,2,5,Lasso,PC2,0.0
raw_sector_return,Health Care,2,5,Lasso,PC3,-0.0
raw_sector_return,Health Care,2,5,Lasso,PC4,-0.0
raw_sector_return,Health Care,2,5,Lasso,PC5,-0.0
raw_sector_return,Health Care,2,5,ElasticNet,PC1,0.0
raw_sector_return,Health Care,2,5,ElasticNet,PC2,0.0
raw_sector_return,Health Care,2,5,ElasticNet,PC3,-0.0
raw_sector_return,Health Care,2,5,ElasticNet,PC4,-0.0
raw_sector_return,Health Care,2,5,ElasticNet,PC5,-0.0
raw_sector_return,Consumer Discretionary,2,5,OLS,PC1,-0.007595293944108869
raw_sector_return,Consumer Discretionary,2,5,OLS,PC2,-0.001153675597731885
raw_sector_return,Consumer Discretionary,2,5,OLS,PC3,0.0008472287563247697
raw_sector_return,Consumer Discretionary,2,5,OLS,PC4,0.0063916439599038585
raw_sector_return,Consumer Discretionary,2,5,OLS,PC5,-0.000930794607386747
raw_sector_return,Consumer Discretionary,2,5,Ridge,PC1,-0.000526776682001679
raw_sector_return,Consumer Discretionary,2,5,Ridge,PC2,0.00010362379310833041
raw_sector_return,Consumer Discretionary,2,5,Ridge,PC3,0.00023953608256780404
raw_sector_return,Consumer Discretionary,2,5,Ridge,PC4,0.00042796748571777944
raw_sector_return,Consumer Discretionary,2,5,Ridge,PC5,5.0457839510285936e-05
raw_sector_return,Consumer Discretionary,2,5,Lasso,PC1,-0.0
raw_sector_return,Consumer Discretionary,2,5,Lasso,PC2,0.0
raw_sector_return,Consumer Discretionary,2,5,Lasso,PC3,0.0
raw_sector_return,Consumer Discretionary,2,5,Lasso,PC4,0.0
raw_sector_return,Consumer Discretionary,2,5,Lasso,PC5,0.0
raw_sector_return,Consumer Discretionary,2,5,ElasticNet,PC1,-0.0
raw_sector_return,Consumer Discretionary,2,5,ElasticNet,PC2,0.0
raw_sector_return,Consumer Discretionary,2,5,ElasticNet,PC3,0.0
raw_sector_return,Consumer Discretionary,2,5,ElasticNet,PC4,0.0
raw_sector_return,Consumer Discretionary,2,5,ElasticNet,PC5,0.0
raw_sector_return,Materials,2,10,OLS,PC1,0.0010088458503185612
raw_sector_return,Materials,2,10,OLS,PC2,0.0039858739903738906
raw_sector_return,Materials,2,10,OLS,PC3,0.007216170038550269
raw_sector_return,Materials,2,10,OLS,PC4,-0.002302395367426269
raw_sector_return,Materials,2,10,OLS,PC5,-0.0002456651422809709
raw_sector_return,Materials,2,10,OLS,PC6,-0.00175802483896945
raw_sector_return,Materials,2,10,OLS,PC7,0.0075974416956457015
raw_sector_return,Materials,2,10,OLS,PC8,-0.014336999391927625
raw_sector_return,Materials,2,10,OLS,PC9,0.014726571284879302
raw_sector_return,Materials,2,10,OLS,PC10,0.004334384000628507
raw_sector_return,Materials,2,10,Ridge,PC1,-0.0007181983773606939
raw_sector_return,Materials,2,10,Ridge,PC2,5.557853233512031e-05
raw_sector_return,Materials,2,10,Ridge,PC3,0.00018927281406470937
raw_sector_return,Materials,2,10,Ridge,PC4,-3.7027207883578546e-05
raw_sector_return,Materials,2,10,Ridge,PC5,-0.000320671276721755
raw_sector_return,Materials,2,10,Ridge,PC6,4.223746205743275e-05
raw_sector_return,Materials,2,10,Ridge,PC7,0.0005270209311839015
raw_sector_return,Materials,2,10,Ridge,PC8,-0.0010295372345474141
raw_sector_return,Materials,2,10,Ridge,PC9,0.0008332343390338873
raw_sector_return,Materials,2,10,Ridge,PC10,0.00037035807834569684
raw_sector_return,Materials,2,10,Lasso,PC1,-0.0
raw_sector_return,Materials,2,10,Lasso,PC2,0.0
raw_sector_return,Materials,2,10,Lasso,PC3,0.0
raw_sector_return,Materials,2,10,Lasso,PC4,-0.0
raw_sector_return,Materials,2,10,Lasso,PC5,-0.0
raw_sector_return,Materials,2,10,Lasso,PC6,0.0
raw_sector_return,Materials,2,10,Lasso,PC7,0.0
raw_sector_return,Materials,2,10,Lasso,PC8,-0.0017855315103456975
raw_sector_return,Materials,2,10,Lasso,PC9,0.0
raw_sector_return,Materials,2,10,Lasso,PC10,0.0
raw_sector_return,Materials,2,10,ElasticNet,PC1,-0.0
raw_sector_return,Materials,2,10,ElasticNet,PC2,0.0
raw_sector_return,Materials,2,10,ElasticNet,PC3,0.0
raw_sector_return,Materials,2,10,ElasticNet,PC4,-0.0
raw_sector_return,Materials,2,10,ElasticNet,PC5,-0.0
raw_sector_return,Materials,2,10,ElasticNet,PC6,0.0
raw_sector_return,Materials,2,10,ElasticNet,PC7,0.0
raw_sector_return,Materials,2,10,ElasticNet,PC8,-0.0016381023030694463
raw_sector_return,Materials,2,10,ElasticNet,PC9,0.0
raw_sector_return,Materials,2,10,ElasticNet,PC10,0.0
raw_sector_return,Communication Services,2,10,OLS,PC1,-0.0045828693768313646
raw_sector_return,Communication Services,2,10,OLS,PC2,-0.002485863600379094
raw_sector_return,Communication Services,2,10,OLS,PC3,0.0057137518811644465
raw_sector_return,Communication Services,2,10,OLS,PC4,0.008518865910827612
raw_sector_return,Communication Services,2,10,OLS,PC5,-1.6319826460990907e-06
raw_sector_return,Communication Services,2,10,OLS,PC6,-0.0012364405775348573
raw_sector_return,Communication Services,2,10,OLS,PC7,0.006145892540904845
raw_sector_return,Communication Services,2,10,OLS,PC8,-0.014481875595426843
raw_sector_return,Communication Services,2,10,OLS,PC9,0.007980847731996572
raw_sector_return,Communication Services,2,10,OLS,PC10,-0.005110620272251363
raw_sector_return,Communication Services,2,10,Ridge,PC1,-0.0028956509880752397
raw_sector_return,Communication Services,2,10,Ridge,PC2,-0.0009990914053863355
raw_sector_return,Communication Services,2,10,Ridge,PC3,0.002261372696295245
raw_sector_return,Communication Services,2,10,Ridge,PC4,0.004829321971362256
raw_sector_return,Communication Services,2,10,Ridge,PC5,-0.0004608346527488238
raw_sector_return,Communication Services,2,10,Ridge,PC6,0.0003308573610542854
raw_sector_return,Communication Services,2,10,Ridge,PC7,0.0026050297598012914
raw_sector_return,Communication Services,2,10,Ridge,PC8,-0.0066912661783687455
raw_sector_return,Communication Services,2,10,Ridge,PC9,0.003469154979967335
raw_sector_return,Communication Services,2,10,Ridge,PC10,-0.0025032933656035064
raw_sector_return,Communication Services,2,10,Lasso,PC1,-0.0
raw_sector_return,Communication Services,2,10,Lasso,PC2,-0.0
raw_sector_return,Communication Services,2,10,Lasso,PC3,0.0
raw_sector_return,Communication Services,2,10,Lasso,PC4,0.0028846658657264825
raw_sector_return,Communication Services,2,10,Lasso,PC5,-0.0
raw_sector_return,Communication Services,2,10,Lasso,PC6,0.0
raw_sector_return,Communication Services,2,10,Lasso,PC7,0.0
raw_sector_return,Communication Services,2,10,Lasso,PC8,-0.00676242204164601
raw_sector_return,Communication Services,2,10,Lasso,PC9,0.001049862474985452
raw_sector_return,Communication Services,2,10,Lasso,PC10,-0.0
raw_sector_return,Communication Services,2,10,ElasticNet,PC1,-7.749904215740796e-05
raw_sector_return,Communication Services,2,10,ElasticNet,PC2,-0.0
raw_sector_return,Communication Services,2,10,ElasticNet,PC3,0.0
raw_sector_return,Communication Services,2,10,ElasticNet,PC4,0.0034308952368358055
raw_sector_return,Communication Services,2,10,ElasticNet,PC5,-0.0
raw_sector_return,Communication Services,2,10,ElasticNet,PC6,0.0
raw_sector_return,Communication Services,2,10,ElasticNet,PC7,0.0
raw_sector_return,Communication Services,2,10,ElasticNet,PC8,-0.007473282195854402
raw_sector_return,Communication Services,2,10,ElasticNet,PC9,0.0017280734880320738
raw_sector_return,Communication Services,2,10,ElasticNet,PC10,-0.0
raw_sector_return,Energy,2,10,OLS,PC1,-0.015874883407016024
raw_sector_return,Energy,2,10,OLS,PC2,-0.015236868906030923
raw_sector_return,Energy,2,10,OLS,PC3,-0.0035050040470064473
raw_sector_return,Energy,2,10,OLS,PC4,-0.008529663305121607
raw_sector_return,Energy,2,10,OLS,PC5,-0.013273718400111647
raw_sector_return,Energy,2,10,OLS,PC6,-0.012083576244209068
raw_sector_return,Energy,2,10,OLS,PC7,-0.005194030872510044
raw_sector_return,Energy,2,10,OLS,PC8,-0.0042600718352896515
raw_sector_return,Energy,2,10,OLS,PC9,0.008921571513859857
raw_sector_return,Energy,2,10,OLS,PC10,0.008968095216635531
raw_sector_return,Energy,2,10,Ridge,PC1,-0.0028582180420771873
raw_sector_return,Energy,2,10,Ridge,PC2,-0.0017874425391785425
raw_sector_return,Energy,2,10,Ridge,PC3,1.8193336073993772e-05
raw_sector_return,Energy,2,10,Ridge,PC4,-0.0023275503515172527
raw_sector_return,Energy,2,10,Ridge,PC5,-0.0033488053317321594
raw_sector_return,Energy,2,10,Ridge,PC6,-0.002219949071651741
raw_sector_return,Energy,2,10,Ridge,PC7,-0.0009027544798659336
raw_sector_return,Energy,2,10,Ridge,PC8,-0.000531474781142407
raw_sector_return,Energy,2,10,Ridge,PC9,0.003619042195201288
raw_sector_return,Energy,2,10,Ridge,PC10,0.003090591082883658
raw_sector_return,Energy,2,10,Lasso,PC1,-0.0
raw_sector_return,Energy,2,10,Lasso,PC2,-0.0
raw_sector_return,Energy,2,10,Lasso,PC3,0.0
raw_sector_return,Energy,2,10,Lasso,PC4,-0.0
raw_sector_return,Energy,2,10,Lasso,PC5,-0.0
raw_sector_return,Energy,2,10,Lasso,PC6,-0.0
raw_sector_return,Energy,2,10,Lasso,PC7,-0.0
raw_sector_return,Energy,2,10,Lasso,PC8,-0.0
raw_sector_return,Energy,2,10,Lasso,PC9,0.0
raw_sector_return,Energy,2,10,Lasso,PC10,0.0
raw_sector_return,Energy,2,10,ElasticNet,PC1,-0.0
raw_sector_return,Energy,2,10,ElasticNet,PC2,-0.0
raw_sector_return,Energy,2,10,ElasticNet,PC3,0.0
raw_sector_return,Energy,2,10,ElasticNet,PC4,-0.0
raw_sector_return,Energy,2,10,ElasticNet,PC5,-0.0
raw_sector_return,Energy,2,10,ElasticNet,PC6,-0.0
raw_sector_return,Energy,2,10,ElasticNet,PC7,-0.0
raw_sector_return,Energy,2,10,ElasticNet,PC8,-0.0
raw_sector_return,Energy,2,10,ElasticNet,PC9,0.0
raw_sector_return,Energy,2,10,ElasticNet,PC10,0.0
raw_sector_return,Financials,2,10,OLS,PC1,0.010478681235372276
raw_sector_return,Financials,2,10,OLS,PC2,0.005407926605900474
raw_sector_return,Financials,2,10,OLS,PC3,0.0075739713286152414
raw_sector_return,Financials,2,10,OLS,PC4,-0.004128520912865296
raw_sector_return,Financials,2,10,OLS,PC5,-0.00029502584824633973
raw_sector_return,Financials,2,10,OLS,PC6,-0.00670699652665495
raw_sector_return,Financials,2,10,OLS,PC7,0.008316945151745686
raw_sector_return,Financials,2,10,OLS,PC8,-0.019186398085900648
raw_sector_return,Financials,2,10,OLS,PC9,0.020673944756843598
raw_sector_return,Financials,2,10,OLS,PC10,0.0014743560463293766
raw_sector_return,Financials,2,10,Ridge,PC1,-0.00036936478042336456
raw_sector_return,Financials,2,10,Ridge,PC2,-0.00043262309329946275
raw_sector_return,Financials,2,10,Ridge,PC3,-0.0006321979370755103
raw_sector_return,Financials,2,10,Ridge,PC4,0.00037792783430953423
raw_sector_return,Financials,2,10,Ridge,PC5,-0.001759325435636341
raw_sector_return,Financials,2,10,Ridge,PC6,-0.001097517910566259
raw_sector_return,Financials,2,10,Ridge,PC7,0.002402624725276643
raw_sector_return,Financials,2,10,Ridge,PC8,-0.005427509481330361
raw_sector_return,Financials,2,10,Ridge,PC9,0.003922786501422857
raw_sector_return,Financials,2,10,Ridge,PC10,0.0007502827836023367
raw_sector_return,Financials,2,10,Lasso,PC1,-0.0
raw_sector_return,Financials,2,10,Lasso,PC2,-0.0
raw_sector_return,Financials,2,10,Lasso,PC3,-0.0
raw_sector_return,Financials,2,10,Lasso,PC4,0.0
raw_sector_return,Financials,2,10,Lasso,PC5,-0.0
raw_sector_return,Financials,2,10,Lasso,PC6,-0.0
raw_sector_return,Financials,2,10,Lasso,PC7,0.0005212369193110172
raw_sector_return,Financials,2,10,Lasso,PC8,-0.008841251976969479
raw_sector_return,Financials,2,10,Lasso,PC9,0.005418375410953647
raw_sector_return,Financials,2,10,Lasso,PC10,0.0
raw_sector_return,Financials,2,10,ElasticNet,PC1,0.0
raw_sector_return,Financials,2,10,ElasticNet,PC2,-0.0
raw_sector_return,Financials,2,10,ElasticNet,PC3,-0.0
raw_sector_return,Financials,2,10,ElasticNet,PC4,-0.0
raw_sector_return,Financials,2,10,ElasticNet,PC5,-0.0
raw_sector_return,Financials,2,10,ElasticNet,PC6,-0.0
raw_sector_return,Financials,2,10,ElasticNet,PC7,0.0012769282497792187
raw_sector_return,Financials,2,10,ElasticNet,PC8,-0.009680813221594992
raw_sector_return,Financials,2,10,ElasticNet,PC9,0.006205531037054208
raw_sector_return,Financials,2,10,ElasticNet,PC10,0.0
raw_sector_return,Industrials,2,10,OLS,PC1,0.0029182595588927436
raw_sector_return,Industrials,2,10,OLS,PC2,0.002142419885114756
raw_sector_return,Industrials,2,10,OLS,PC3,0.009159211590025442
raw_sector_return,Industrials,2,10,OLS,PC4,-0.0011077235064374787
raw_sector_return,Industrials,2,10,OLS,PC5,0.002076939323416959
raw_sector_return,Industrials,2,10,OLS,PC6,-0.004864842156348899
raw_sector_return,Industrials,2,10,OLS,PC7,0.006459945030854016
raw_sector_return,Industrials,2,10,OLS,PC8,-0.013710074918095878
raw_sector_return,Industrials,2,10,OLS,PC9,0.015559751380003305
raw_sector_return,Industrials,2,10,OLS,PC10,2.7288165547143683e-06
raw_sector_return,Industrials,2,10,Ridge,PC1,-0.0005190027824670264
raw_sector_return,Industrials,2,10,Ridge,PC2,-0.000133895948331375
raw_sector_return,Industrials,2,10,Ridge,PC3,0.0002604521433680928
raw_sector_return,Industrials,2,10,Ridge,PC4,0.0002465428567550592
raw_sector_return,Industrials,2,10,Ridge,PC5,-0.00013957783807045274
raw_sector_return,Industrials,2,10,Ridge,PC6,-9.509092537197447e-05
raw_sector_return,Industrials,2,10,Ridge,PC7,0.00043689698135042625
raw_sector_return,Industrials,2,10,Ridge,PC8,-0.0009244392658083952
raw_sector_return,Industrials,2,10,Ridge,PC9,0.0008129993819852667
raw_sector_return,Industrials,2,10,Ridge,PC10,9.461623016800188e-05
raw_sector_return,Industrials,2,10,Lasso,PC1,-0.0
raw_sector_return,Industrials,2,10,Lasso,PC2,-0.0
raw_sector_return,Industrials,2,10,Lasso,PC3,0.0
raw_sector_return,Industrials,2,10,Lasso,PC4,0.0
raw_sector_return,Industrials,2,10,Lasso,PC5,-0.0
raw_sector_return,Industrials,2,10,Lasso,PC6,-0.0
raw_sector_return,Industrials,2,10,Lasso,PC7,0.0
raw_sector_return,Industrials,2,10,Lasso,PC8,-0.0
raw_sector_return,Industrials,2,10,Lasso,PC9,0.0
raw_sector_return,Industrials,2,10,Lasso,PC10,0.0
raw_sector_return,Industrials,2,10,ElasticNet,PC1,-0.0
raw_sector_return,Industrials,2,10,ElasticNet,PC2,-0.0
raw_sector_return,Industrials,2,10,ElasticNet,PC3,0.0
raw_sector_return,Industrials,2,10,ElasticNet,PC4,0.0
raw_sector_return,Industrials,2,10,ElasticNet,PC5,-0.0
raw_sector_return,Industrials,2,10,ElasticNet,PC6,-0.0
raw_sector_return,Industrials,2,10,ElasticNet,PC7,0.0
raw_sector_return,Industrials,2,10,ElasticNet,PC8,-0.0
raw_sector_return,Industrials,2,10,ElasticNet,PC9,0.0
raw_sector_return,Industrials,2,10,ElasticNet,PC10,0.0
raw_sector_return,Technology,2,10,OLS,PC1,0.0011621234037416965
raw_sector_return,Technology,2,10,OLS,PC2,0.0016128208696270943
raw_sector_return,Technology,2,10,OLS,PC3,0.0177332622448018
raw_sector_return,Technology,2,10,OLS,PC4,-0.002151319361717929
raw_sector_return,Technology,2,10,OLS,PC5,0.004046483282128012
raw_sector_return,Technology,2,10,OLS,PC6,-0.0072152883487696965
raw_sector_return,Technology,2,10,OLS,PC7,0.013153831071383857
raw_sector_return,Technology,2,10,OLS,PC8,-0.012629546485637069
raw_sector_return,Technology,2,10,OLS,PC9,0.007631215381612068
raw_sector_return,Technology,2,10,OLS,PC10,0.0003620079519361953
raw_sector_return,Technology,2,10,Ridge,PC1,-0.0006729625637422731
raw_sector_return,Technology,2,10,Ridge,PC2,-0.00010332172496534207
raw_sector_return,Technology,2,10,Ridge,PC3,0.0011545343141110683
raw_sector_return,Technology,2,10,Ridge,PC4,5.111058753728296e-05
raw_sector_return,Technology,2,10,Ridge,PC5,6.0739028609668246e-05
raw_sector_return,Technology,2,10,Ridge,PC6,-0.00023039572441313575
raw_sector_return,Technology,2,10,Ridge,PC7,0.001008321434910598
raw_sector_return,Technology,2,10,Ridge,PC8,-0.0008265182266602875
raw_sector_return,Technology,2,10,Ridge,PC9,-2.407434716726893e-05
raw_sector_return,Technology,2,10,Ridge,PC10,0.00019550554797577568
raw_sector_return,Technology,2,10,Lasso,PC1,-0.0
raw_sector_return,Technology,2,10,Lasso,PC2,-0.0
raw_sector_return,Technology,2,10,Lasso,PC3,0.0
raw_sector_return,Technology,2,10,Lasso,PC4,0.0
raw_sector_return,Technology,2,10,Lasso,PC5,0.0
raw_sector_return,Technology,2,10,Lasso,PC6,-0.0
raw_sector_return,Technology,2,10,Lasso,PC7,0.0
raw_sector_return,Technology,2,10,Lasso,PC8,-0.0
raw_sector_return,Technology,2,10,Lasso,PC9,-0.0
raw_sector_return,Technology,2,10,Lasso,PC10,0.0
raw_sector_return,Technology,2,10,ElasticNet,PC1,-0.0
raw_sector_return,Technology,2,10,ElasticNet,PC2,-0.0
raw_sector_return,Technology,2,10,ElasticNet,PC3,0.0
raw_sector_return,Technology,2,10,ElasticNet,PC4,0.0
raw_sector_return,Technology,2,10,ElasticNet,PC5,0.0
raw_sector_return,Technology,2,10,ElasticNet,PC6,-0.0
raw_sector_return,Technology,2,10,ElasticNet,PC7,0.0
raw_sector_return,Technology,2,10,ElasticNet,PC8,-0.0
raw_sector_return,Technology,2,10,ElasticNet,PC9,-0.0
raw_sector_return,Technology,2,10,ElasticNet,PC10,0.0
raw_sector_return,Consumer Staples,2,10,OLS,PC1,0.011470306884107738
raw_sector_return,Consumer Staples,2,10,OLS,PC2,0.009253184593435515
raw_sector_return,Consumer Staples,2,10,OLS,PC3,0.009635329339204017
raw_sector_return,Consumer Staples,2,10,OLS,PC4,-0.0014188326205068626
raw_sector_return,Consumer Staples,2,10,OLS,PC5,-0.001953830108454974
raw_sector_return,Consumer Staples,2,10,OLS,PC6,-0.001201528935104089
raw_sector_return,Consumer Staples,2,10,OLS,PC7,0.004561005203720209
raw_sector_return,Consumer Staples,2,10,OLS,PC8,-0.003591089812402041
raw_sector_return,Consumer Staples,2,10,OLS,PC9,0.012257925452270616
raw_sector_return,Consumer Staples,2,10,OLS,PC10,0.0004965841365133976
raw_sector_return,Consumer Staples,2,10,Ridge,PC1,8.647047458400933e-05
raw_sector_return,Consumer Staples,2,10,Ridge,PC2,4.265270040495834e-05
raw_sector_return,Consumer Staples,2,10,Ridge,PC3,0.00011820035633100766
raw_sector_return,Consumer Staples,2,10,Ridge,PC4,7.65098484757519e-05
raw_sector_return,Consumer Staples,2,10,Ridge,PC5,-0.00037479460184059664
raw_sector_return,Consumer Staples,2,10,Ridge,PC6,2.4279979798654295e-05
raw_sector_return,Consumer Staples,2,10,Ridge,PC7,0.00034286615859481756
raw_sector_return,Consumer Staples,2,10,Ridge,PC8,-0.0001808641932560495
raw_sector_return,Consumer Staples,2,10,Ridge,PC9,0.0003560623284747517
raw_sector_return,Consumer Staples,2,10,Ridge,PC10,-4.569684603483454e-05
raw_sector_return,Consumer Staples,2,10,Lasso,PC1,0.0
raw_sector_return,Consumer Staples,2,10,Lasso,PC2,0.0
raw_sector_return,Consumer Staples,2,10,Lasso,PC3,0.0
raw_sector_return,Consumer Staples,2,10,Lasso,PC4,0.0
raw_sector_return,Consumer Staples,2,10,Lasso,PC5,-0.0
raw_sector_return,Consumer Staples,2,10,Lasso,PC6,0.0
raw_sector_return,Consumer Staples,2,10,Lasso,PC7,0.0
raw_sector_return,Consumer Staples,2,10,Lasso,PC8,-0.0
raw_sector_return,Consumer Staples,2,10,Lasso,PC9,0.0
raw_sector_return,Consumer Staples,2,10,Lasso,PC10,-0.0
raw_sector_return,Consumer Staples,2,10,ElasticNet,PC1,0.0
raw_sector_return,Consumer Staples,2,10,ElasticNet,PC2,0.0
raw_sector_return,Consumer Staples,2,10,ElasticNet,PC3,0.0
raw_sector_return,Consumer Staples,2,10,ElasticNet,PC4,0.0
raw_sector_return,Consumer Staples,2,10,ElasticNet,PC5,-0.0
raw_sector_return,Consumer Staples,2,10,ElasticNet,PC6,0.0
raw_sector_return,Consumer Staples,2,10,ElasticNet,PC7,0.0
raw_sector_return,Consumer Staples,2,10,ElasticNet,PC8,-0.0
raw_sector_return,Consumer Staples,2,10,ElasticNet,PC9,0.0
raw_sector_return,Consumer Staples,2,10,ElasticNet,PC10,-0.0
raw_sector_return,Real Estate,2,10,OLS,PC1,0.013250617065413282
raw_sector_return,Real Estate,2,10,OLS,PC2,0.010841994242707027
raw_sector_return,Real Estate,2,10,OLS,PC3,0.01508118903687005
raw_sector_return,Real Estate,2,10,OLS,PC4,-0.002323442643925128
raw_sector_return,Real Estate,2,10,OLS,PC5,-0.00495672655006251
raw_sector_return,Real Estate,2,10,OLS,PC6,-0.001908073621028986
raw_sector_return,Real Estate,2,10,OLS,PC7,0.005140210803789504
raw_sector_return,Real Estate,2,10,OLS,PC8,-0.006692682236572859
raw_sector_return,Real Estate,2,10,OLS,PC9,0.017752412639629584
raw_sector_return,Real Estate,2,10,OLS,PC10,-0.0019680581057317705
raw_sector_return,Real Estate,2,10,Ridge,PC1,-8.398281236144043e-05
raw_sector_return,Real Estate,2,10,Ridge,PC2,-1.0164697891975934e-05
raw_sector_return,Real Estate,2,10,Ridge,PC3,0.00036820496302951547
raw_sector_return,Real Estate,2,10,Ridge,PC4,6.701240650682438e-05
raw_sector_return,Real Estate,2,10,Ridge,PC5,-0.0007512855105361697
raw_sector_return,Real Estate,2,10,Ridge,PC6,0.0001374675611171272
raw_sector_return,Real Estate,2,10,Ridge,PC7,0.0004014631426445157
raw_sector_return,Real Estate,2,10,Ridge,PC8,-0.00041006307323400795
raw_sector_return,Real Estate,2,10,Ridge,PC9,0.0006145226567634342
raw_sector_return,Real Estate,2,10,Ridge,PC10,-0.0002541505020226625
raw_sector_return,Real Estate,2,10,Lasso,PC1,-0.0
raw_sector_return,Real Estate,2,10,Lasso,PC2,-0.0
raw_sector_return,Real Estate,2,10,Lasso,PC3,0.0
raw_sector_return,Real Estate,2,10,Lasso,PC4,0.0
raw_sector_return,Real Estate,2,10,Lasso,PC5,-0.0
raw_sector_return,Real Estate,2,10,Lasso,PC6,0.0
raw_sector_return,Real Estate,2,10,Lasso,PC7,0.0
raw_sector_return,Real Estate,2,10,Lasso,PC8,-0.0
raw_sector_return,Real Estate,2,10,Lasso,PC9,0.0
raw_sector_return,Real Estate,2,10,Lasso,PC10,-0.0
raw_sector_return,Real Estate,2,10,ElasticNet,PC1,-0.0
raw_sector_return,Real Estate,2,10,ElasticNet,PC2,-0.0
raw_sector_return,Real Estate,2,10,ElasticNet,PC3,0.0
raw_sector_return,Real Estate,2,10,ElasticNet,PC4,0.0
raw_sector_return,Real Estate,2,10,ElasticNet,PC5,-0.0
raw_sector_return,Real Estate,2,10,ElasticNet,PC6,0.0
raw_sector_return,Real Estate,2,10,ElasticNet,PC7,0.0
raw_sector_return,Real Estate,2,10,ElasticNet,PC8,-0.0
raw_sector_return,Real Estate,2,10,ElasticNet,PC9,0.0
raw_sector_return,Real Estate,2,10,ElasticNet,PC10,-0.0
raw_sector_return,Utilities,2,10,OLS,PC1,0.00755720676623305
raw_sector_return,Utilities,2,10,OLS,PC2,0.006767015989421175
raw_sector_return,Utilities,2,10,OLS,PC3,0.005847066095254549
raw_sector_return,Utilities,2,10,OLS,PC4,-0.0006408123570611838
raw_sector_return,Utilities,2,10,OLS,PC5,-2.531560423352745e-05
raw_sector_return,Utilities,2,10,OLS,PC6,0.005750218777101063
raw_sector_return,Utilities,2,10,OLS,PC7,0.0024426252737900357
raw_sector_return,Utilities,2,10,OLS,PC8,-0.00028201998857818725
raw_sector_return,Utilities,2,10,OLS,PC9,0.009559865357352053
raw_sector_return,Utilities,2,10,OLS,PC10,0.002511728100361858
raw_sector_return,Utilities,2,10,Ridge,PC1,2.1693521527200658e-05
raw_sector_return,Utilities,2,10,Ridge,PC2,-8.786887484683776e-05
raw_sector_return,Utilities,2,10,Ridge,PC3,0.00011377102823487358
raw_sector_return,Utilities,2,10,Ridge,PC4,-3.052521176064632e-06
raw_sector_return,Utilities,2,10,Ridge,PC5,-0.00010173464531991506
raw_sector_return,Utilities,2,10,Ridge,PC6,0.000515941126583018
raw_sector_return,Utilities,2,10,Ridge,PC7,0.00014565742287910206
raw_sector_return,Utilities,2,10,Ridge,PC8,3.111607232149849e-05
raw_sector_return,Utilities,2,10,Ridge,PC9,0.00042528477536632605
raw_sector_return,Utilities,2,10,Ridge,PC10,6.052178351613058e-05
raw_sector_return,Utilities,2,10,Lasso,PC1,0.0
raw_sector_return,Utilities,2,10,Lasso,PC2,-0.0
raw_sector_return,Utilities,2,10,Lasso,PC3,0.0
raw_sector_return,Utilities,2,10,Lasso,PC4,-0.0
raw_sector_return,Utilities,2,10,Lasso,PC5,-0.0
raw_sector_return,Utilities,2,10,Lasso,PC6,0.0
raw_sector_return,Utilities,2,10,Lasso,PC7,0.0
raw_sector_return,Utilities,2,10,Lasso,PC8,0.0
raw_sector_return,Utilities,2,10,Lasso,PC9,0.0
raw_sector_return,Utilities,2,10,Lasso,PC10,0.0
raw_sector_return,Utilities,2,10,ElasticNet,PC1,0.0
raw_sector_return,Utilities,2,10,ElasticNet,PC2,-0.0
raw_sector_return,Utilities,2,10,ElasticNet,PC3,0.0
raw_sector_return,Utilities,2,10,ElasticNet,PC4,-0.0
raw_sector_return,Utilities,2,10,ElasticNet,PC5,-0.0
raw_sector_return,Utilities,2,10,ElasticNet,PC6,0.0
raw_sector_return,Utilities,2,10,ElasticNet,PC7,0.0
raw_sector_return,Utilities,2,10,ElasticNet,PC8,0.0
raw_sector_return,Utilities,2,10,ElasticNet,PC9,0.0
raw_sector_return,Utilities,2,10,ElasticNet,PC10,0.0
raw_sector_return,Health Care,2,10,OLS,PC1,0.013869707313055393
raw_sector_return,Health Care,2,10,OLS,PC2,0.010157034616515334
raw_sector_return,Health Care,2,10,OLS,PC3,0.00916115133475558
raw_sector_return,Health Care,2,10,OLS,PC4,-0.006142255802935527
raw_sector_return,Health Care,2,10,OLS,PC5,0.0022215945398519478
raw_sector_return,Health Care,2,10,OLS,PC6,-0.0056114358770103755
raw_sector_return,Health Care,2,10,OLS,PC7,0.006600227567671479
raw_sector_return,Health Care,2,10,OLS,PC8,-0.006930884288547942
raw_sector_return,Health Care,2,10,OLS,PC9,0.01391312380717919
raw_sector_return,Health Care,2,10,OLS,PC10,-0.00018467121273323272
raw_sector_return,Health Care,2,10,Ridge,PC1,0.00012250364476627449
raw_sector_return,Health Care,2,10,Ridge,PC2,0.0001662238373057694
raw_sector_return,Health Care,2,10,Ridge,PC3,-9.520028067904925e-05
raw_sector_return,Health Care,2,10,Ridge,PC4,-0.00012971670921228757
raw_sector_return,Health Care,2,10,Ridge,PC5,-0.00017487908581769257
raw_sector_return,Health Care,2,10,Ridge,PC6,-0.00027258111000166374
raw_sector_return,Health Care,2,10,Ridge,PC7,0.0005076433150153333
raw_sector_return,Health Care,2,10,Ridge,PC8,-0.0003407419755035405
raw_sector_return,Health Care,2,10,Ridge,PC9,0.00027136062556720633
raw_sector_return,Health Care,2,10,Ridge,PC10,2.2066924939417292e-05
raw_sector_return,Health Care,2,10,Lasso,PC1,0.0
raw_sector_return,Health Care,2,10,Lasso,PC2,0.0
raw_sector_return,Health Care,2,10,Lasso,PC3,-0.0
raw_sector_return,Health Care,2,10,Lasso,PC4,-0.0
raw_sector_return,Health Care,2,10,Lasso,PC5,-0.0
raw_sector_return,Health Care,2,10,Lasso,PC6,-0.0
raw_sector_return,Health Care,2,10,Lasso,PC7,0.0
raw_sector_return,Health Care,2,10,Lasso,PC8,-0.0
raw_sector_return,Health Care,2,10,Lasso,PC9,0.0
raw_sector_return,Health Care,2,10,Lasso,PC10,0.0
raw_sector_return,Health Care,2,10,ElasticNet,PC1,0.0
raw_sector_return,Health Care,2,10,ElasticNet,PC2,0.0
raw_sector_return,Health Care,2,10,ElasticNet,PC3,-0.0
raw_sector_return,Health Care,2,10,ElasticNet,PC4,-0.0
raw_sector_return,Health Care,2,10,ElasticNet,PC5,-0.0
raw_sector_return,Health Care,2,10,ElasticNet,PC6,-0.0
raw_sector_return,Health Care,2,10,ElasticNet,PC7,0.0
raw_sector_return,Health Care,2,10,ElasticNet,PC8,-0.0
raw_sector_return,Health Care,2,10,ElasticNet,PC9,0.0
raw_sector_return,Health Care,2,10,ElasticNet,PC10,0.0
raw_sector_return,Consumer Discretionary,2,10,OLS,PC1,0.002033885189841948
raw_sector_return,Consumer Discretionary,2,10,OLS,PC2,0.0044652710766415644
raw_sector_return,Consumer Discretionary,2,10,OLS,PC3,0.007577337737749332
raw_sector_return,Consumer Discretionary,2,10,OLS,PC4,0.0022900219701712655
raw_sector_return,Consumer Discretionary,2,10,OLS,PC5,0.0038396886567589835
raw_sector_return,Consumer Discretionary,2,10,OLS,PC6,0.00040559874116809924
raw_sector_return,Consumer Discretionary,2,10,OLS,PC7,0.011164862594342646
raw_sector_return,Consumer Discretionary,2,10,OLS,PC8,-0.01460552821461428
raw_sector_return,Consumer Discretionary,2,10,OLS,PC9,0.011604877335127483
raw_sector_return,Consumer Discretionary,2,10,OLS,PC10,-0.0004259790338812755
raw_sector_return,Consumer Discretionary,2,10,Ridge,PC1,-0.0005052618665044322
raw_sector_return,Consumer Discretionary,2,10,Ridge,PC2,0.00010290215276691979
raw_sector_return,Consumer Discretionary,2,10,Ridge,PC3,0.00025073543963014455
raw_sector_return,Consumer Discretionary,2,10,Ridge,PC4,0.00041996724208025486
raw_sector_return,Consumer Discretionary,2,10,Ridge,PC5,7.264797321993521e-05
raw_sector_return,Consumer Discretionary,2,10,Ridge,PC6,0.00022286895572600377
raw_sector_return,Consumer Discretionary,2,10,Ridge,PC7,0.0008010012672077306
raw_sector_return,Consumer Discretionary,2,10,Ridge,PC8,-0.0010895779477047567
raw_sector_return,Consumer Discretionary,2,10,Ridge,PC9,0.0005352389530580093
raw_sector_return,Consumer Discretionary,2,10,Ridge,PC10,-0.0001307466436529591
raw_sector_return,Consumer Discretionary,2,10,Lasso,PC1,-0.0
raw_sector_return,Consumer Discretionary,2,10,Lasso,PC2,0.0
raw_sector_return,Consumer Discretionary,2,10,Lasso,PC3,0.0
raw_sector_return,Consumer Discretionary,2,10,Lasso,PC4,0.0
raw_sector_return,Consumer Discretionary,2,10,Lasso,PC5,0.0
raw_sector_return,Consumer Discretionary,2,10,Lasso,PC6,0.0
raw_sector_return,Consumer Discretionary,2,10,Lasso,PC7,0.0028100464747394176
raw_sector_return,Consumer Discretionary,2,10,Lasso,PC8,-0.005962712037605176
raw_sector_return,Consumer Discretionary,2,10,Lasso,PC9,0.00010854369804164393
raw_sector_return,Consumer Discretionary,2,10,Lasso,PC10,-0.0
raw_sector_return,Consumer Discretionary,2,10,ElasticNet,PC1,-0.0
raw_sector_return,Consumer Discretionary,2,10,ElasticNet,PC2,0.0
raw_sector_return,Consumer Discretionary,2,10,ElasticNet,PC3,0.0
raw_sector_return,Consumer Discretionary,2,10,ElasticNet,PC4,0.0
raw_sector_return,Consumer Discretionary,2,10,ElasticNet,PC5,0.0
raw_sector_return,Consumer Discretionary,2,10,ElasticNet,PC6,0.0
raw_sector_return,Consumer Discretionary,2,10,ElasticNet,PC7,0.0026179620696497275
raw_sector_return,Consumer Discretionary,2,10,ElasticNet,PC8,-0.005596620405398611
raw_sector_return,Consumer Discretionary,2,10,ElasticNet,PC9,5.759861507283297e-05
raw_sector_return,Consumer Discretionary,2,10,ElasticNet,PC10,-0.0
raw_sector_return,Materials,2,13,OLS,PC1,0.0035332853984090715
raw_sector_return,Materials,2,13,OLS,PC2,0.007181595360123674
raw_sector_return,Materials,2,13,OLS,PC3,0.008645696666142426
raw_sector_return,Materials,2,13,OLS,PC4,-0.0015071532024271154
raw_sector_return,Materials,2,13,OLS,PC5,-0.0014065640107946164
raw_sector_return,Materials,2,13,OLS,PC6,-0.000765985096886726
raw_sector_return,Materials,2,13,OLS,PC7,0.0070585102205837
raw_sector_return,Materials,2,13,OLS,PC8,-0.013109666214831651
raw_sector_return,Materials,2,13,OLS,PC9,0.01589389070089747
raw_sector_return,Materials,2,13,OLS,PC10,0.0054103368115900365
raw_sector_return,Materials,2,13,OLS,PC11,0.0009258738106641705
raw_sector_return,Materials,2,13,OLS,PC12,0.004267860313407792
raw_sector_return,Materials,2,13,OLS,PC13,0.004385483330481563
raw_sector_return,Materials,2,13,Ridge,PC1,-0.0007118220497946688
raw_sector_return,Materials,2,13,Ridge,PC2,5.90574697618721e-05
raw_sector_return,Materials,2,13,Ridge,PC3,0.00019138772507067448
raw_sector_return,Materials,2,13,Ridge,PC4,-3.467900883858831e-05
raw_sector_return,Materials,2,13,Ridge,PC5,-0.0003302814034773703
raw_sector_return,Materials,2,13,Ridge,PC6,3.872236332013834e-05
raw_sector_return,Materials,2,13,Ridge,PC7,0.0005224398220356944
raw_sector_return,Materials,2,13,Ridge,PC8,-0.0010167577406314438
raw_sector_return,Materials,2,13,Ridge,PC9,0.0008301911284101812
raw_sector_return,Materials,2,13,Ridge,PC10,0.0003726980572251922
raw_sector_return,Materials,2,13,Ridge,PC11,-0.00012242744653555613
raw_sector_return,Materials,2,13,Ridge,PC12,0.0006203145855571003
raw_sector_return,Materials,2,13,Ridge,PC13,0.00031747859336007077
raw_sector_return,Materials,2,13,Lasso,PC1,-0.0
raw_sector_return,Materials,2,13,Lasso,PC2,0.0
raw_sector_return,Materials,2,13,Lasso,PC3,0.0
raw_sector_return,Materials,2,13,Lasso,PC4,-0.0
raw_sector_return,Materials,2,13,Lasso,PC5,-0.0
raw_sector_return,Materials,2,13,Lasso,PC6,0.0
raw_sector_return,Materials,2,13,Lasso,PC7,0.0
raw_sector_return,Materials,2,13,Lasso,PC8,-0.0
raw_sector_return,Materials,2,13,Lasso,PC9,0.0
raw_sector_return,Materials,2,13,Lasso,PC10,0.0
raw_sector_return,Materials,2,13,Lasso,PC11,-0.0
raw_sector_return,Materials,2,13,Lasso,PC12,0.0
raw_sector_return,Materials,2,13,Lasso,PC13,0.0
raw_sector_return,Materials,2,13,ElasticNet,PC1,-0.0
raw_sector_return,Materials,2,13,ElasticNet,PC2,0.0
raw_sector_return,Materials,2,13,ElasticNet,PC3,0.0
raw_sector_return,Materials,2,13,ElasticNet,PC4,-0.0
raw_sector_return,Materials,2,13,ElasticNet,PC5,-0.0
raw_sector_return,Materials,2,13,ElasticNet,PC6,0.0
raw_sector_return,Materials,2,13,ElasticNet,PC7,0.0
raw_sector_return,Materials,2,13,ElasticNet,PC8,-0.0
raw_sector_return,Materials,2,13,ElasticNet,PC9,0.0
raw_sector_return,Materials,2,13,ElasticNet,PC10,0.0
raw_sector_return,Materials,2,13,ElasticNet,PC11,-0.0
raw_sector_return,Materials,2,13,ElasticNet,PC12,0.0
raw_sector_return,Materials,2,13,ElasticNet,PC13,0.0
raw_sector_return,Communication Services,2,13,OLS,PC1,-0.0016365778587219839
raw_sector_return,Communication Services,2,13,OLS,PC2,0.0018590062922800275
raw_sector_return,Communication Services,2,13,OLS,PC3,0.007016932826992271
raw_sector_return,Communication Services,2,13,OLS,PC4,0.009842050014400682
raw_sector_return,Communication Services,2,13,OLS,PC5,-0.0008053208966277823
raw_sector_return,Communication Services,2,13,OLS,PC6,0.0010704349163904291
raw_sector_return,Communication Services,2,13,OLS,PC7,0.0056524937268533585
raw_sector_return,Communication Services,2,13,OLS,PC8,-0.015179409589115967
raw_sector_return,Communication Services,2,13,OLS,PC9,0.009622113545529064
raw_sector_return,Communication Services,2,13,OLS,PC10,-0.0037051226901890573
raw_sector_return,Communication Services,2,13,OLS,PC11,0.001082897314691936
raw_sector_return,Communication Services,2,13,OLS,PC12,-0.003211581074858102
raw_sector_return,Communication Services,2,13,OLS,PC13,0.00818319231977544
raw_sector_return,Communication Services,2,13,Ridge,PC1,-0.0020369297441561653
raw_sector_return,Communication Services,2,13,Ridge,PC2,-0.0004663458920990177
raw_sector_return,Communication Services,2,13,Ridge,PC3,0.0015886646258324805
raw_sector_return,Communication Services,2,13,Ridge,PC4,0.0036244961849573364
raw_sector_return,Communication Services,2,13,Ridge,PC5,-0.0004907263804260319
raw_sector_return,Communication Services,2,13,Ridge,PC6,0.0004640355039521803
raw_sector_return,Communication Services,2,13,Ridge,PC7,0.0016945087273603527
raw_sector_return,Communication Services,2,13,Ridge,PC8,-0.004781479484350333
raw_sector_return,Communication Services,2,13,Ridge,PC9,0.002468882508094618
raw_sector_return,Communication Services,2,13,Ridge,PC10,-0.0018039948182100997
raw_sector_return,Communication Services,2,13,Ridge,PC11,-0.0002166819214520981
raw_sector_return,Communication Services,2,13,Ridge,PC12,3.2650391896312684e-05
raw_sector_return,Communication Services,2,13,Ridge,PC13,0.002431409737807727
raw_sector_return,Communication Services,2,13,Lasso,PC1,-0.0
raw_sector_return,Communication Services,2,13,Lasso,PC2,-0.0
raw_sector_return,Communication Services,2,13,Lasso,PC3,0.0
raw_sector_return,Communication Services,2,13,Lasso,PC4,0.0
raw_sector_return,Communication Services,2,13,Lasso,PC5,-0.0
raw_sector_return,Communication Services,2,13,Lasso,PC6,0.0
raw_sector_return,Communication Services,2,13,Lasso,PC7,0.0
raw_sector_return,Communication Services,2,13,Lasso,PC8,-0.0
raw_sector_return,Communication Services,2,13,Lasso,PC9,0.0
raw_sector_return,Communication Services,2,13,Lasso,PC10,-0.0
raw_sector_return,Communication Services,2,13,Lasso,PC11,-0.0
raw_sector_return,Communication Services,2,13,Lasso,PC12,0.0
raw_sector_return,Communication Services,2,13,Lasso,PC13,0.0
raw_sector_return,Communication Services,2,13,ElasticNet,PC1,-0.0
raw_sector_return,Communication Services,2,13,ElasticNet,PC2,-0.0
raw_sector_return,Communication Services,2,13,ElasticNet,PC3,0.0
raw_sector_return,Communication Services,2,13,ElasticNet,PC4,0.0
raw_sector_return,Communication Services,2,13,ElasticNet,PC5,-0.0
raw_sector_return,Communication Services,2,13,ElasticNet,PC6,0.0
raw_sector_return,Communication Services,2,13,ElasticNet,PC7,0.0
raw_sector_return,Communication Services,2,13,ElasticNet,PC8,-0.0
raw_sector_return,Communication Services,2,13,ElasticNet,PC9,0.0
raw_sector_return,Communication Services,2,13,ElasticNet,PC10,-0.0
raw_sector_return,Communication Services,2,13,ElasticNet,PC11,-0.0
raw_sector_return,Communication Services,2,13,ElasticNet,PC12,0.0
raw_sector_return,Communication Services,2,13,ElasticNet,PC13,0.0
raw_sector_return,Energy,2,13,OLS,PC1,-0.01116411321819824
raw_sector_return,Energy,2,13,OLS,PC2,-0.009159270549863315
raw_sector_return,Energy,2,13,OLS,PC3,-0.0008756259628178103
raw_sector_return,Energy,2,13,OLS,PC4,-0.00585783916087223
raw_sector_return,Energy,2,13,OLS,PC5,-0.017437032676462443
raw_sector_return,Energy,2,13,OLS,PC6,-0.010474400325470836
raw_sector_return,Energy,2,13,OLS,PC7,-0.0070629462394590945
raw_sector_return,Energy,2,13,OLS,PC8,-0.0012931065161831629
raw_sector_return,Energy,2,13,OLS,PC9,0.009724375401087806
raw_sector_return,Energy,2,13,OLS,PC10,0.011257647302841099
raw_sector_return,Energy,2,13,OLS,PC11,-0.004034701840544197
raw_sector_return,Energy,2,13,OLS,PC12,0.009140746652110714
raw_sector_return,Energy,2,13,OLS,PC13,0.014051815156856962
raw_sector_return,Energy,2,13,Ridge,PC1,-0.0011030867003183151
raw_sector_return,Energy,2,13,Ridge,PC2,-0.0006059692869877835
raw_sector_return,Energy,2,13,Ridge,PC3,9.562035857884884e-06
raw_sector_return,Energy,2,13,Ridge,PC4,-0.0008955019948538558
raw_sector_return,Energy,2,13,Ridge,PC5,-0.0013048805997499695
raw_sector_return,Energy,2,13,Ridge,PC6,-0.0007991864858022387
raw_sector_return,Energy,2,13,Ridge,PC7,-0.00033737259009667786
raw_sector_return,Energy,2,13,Ridge,PC8,-0.00015615826206820946
raw_sector_return,Energy,2,13,Ridge,PC9,0.0014166697589200888
raw_sector_return,Energy,2,13,Ridge,PC10,0.0012185852011783516
raw_sector_return,Energy,2,13,Ridge,PC11,5.013907297368148e-05
raw_sector_return,Energy,2,13,Ridge,PC12,0.0006545077707799282
raw_sector_return,Energy,2,13,Ridge,PC13,0.0013837433836869414
raw_sector_return,Energy,2,13,Lasso,PC1,-0.0
raw_sector_return,Energy,2,13,Lasso,PC2,-0.0
raw_sector_return,Energy,2,13,Lasso,PC3,0.0
raw_sector_return,Energy,2,13,Lasso,PC4,-0.0
raw_sector_return,Energy,2,13,Lasso,PC5,-0.0
raw_sector_return,Energy,2,13,Lasso,PC6,-0.0
raw_sector_return,Energy,2,13,Lasso,PC7,-0.0
raw_sector_return,Energy,2,13,Lasso,PC8,-0.0
raw_sector_return,Energy,2,13,Lasso,PC9,0.0
raw_sector_return,Energy,2,13,Lasso,PC10,0.0
raw_sector_return,Energy,2,13,Lasso,PC11,0.0
raw_sector_return,Energy,2,13,Lasso,PC12,0.0
raw_sector_return,Energy,2,13,Lasso,PC13,0.0
raw_sector_return,Energy,2,13,ElasticNet,PC1,-0.0
raw_sector_return,Energy,2,13,ElasticNet,PC2,-0.0
raw_sector_return,Energy,2,13,ElasticNet,PC3,0.0
raw_sector_return,Energy,2,13,ElasticNet,PC4,-0.0
raw_sector_return,Energy,2,13,ElasticNet,PC5,-0.0
raw_sector_return,Energy,2,13,ElasticNet,PC6,-0.0
raw_sector_return,Energy,2,13,ElasticNet,PC7,-0.0
raw_sector_return,Energy,2,13,ElasticNet,PC8,-0.0
raw_sector_return,Energy,2,13,ElasticNet,PC9,0.0
raw_sector_return,Energy,2,13,ElasticNet,PC10,0.0
raw_sector_return,Energy,2,13,ElasticNet,PC11,0.0
raw_sector_return,Energy,2,13,ElasticNet,PC12,0.0
raw_sector_return,Energy,2,13,ElasticNet,PC13,0.0
raw_sector_return,Financials,2,13,OLS,PC1,0.013866905060905536
raw_sector_return,Financials,2,13,OLS,PC2,0.010230676519226002
raw_sector_return,Financials,2,13,OLS,PC3,0.009207246332907926
raw_sector_return,Financials,2,13,OLS,PC4,-0.001535016873976044
raw_sector_return,Financials,2,13,OLS,PC5,-0.0036042462852424618
raw_sector_return,Financials,2,13,OLS,PC6,-0.004862309038033974
raw_sector_return,Financials,2,13,OLS,PC7,0.00676784661133878
raw_sector_return,Financials,2,13,OLS,PC8,-0.0182482732289978
raw_sector_return,Financials,2,13,OLS,PC9,0.020967013624094647
raw_sector_return,Financials,2,13,OLS,PC10,0.0033180283904097885
raw_sector_return,Financials,2,13,OLS,PC11,-0.004874788806971831
raw_sector_return,Financials,2,13,OLS,PC12,0.0014861088013051553
raw_sector_return,Financials,2,13,OLS,PC13,0.014171766758593003
raw_sector_return,Financials,2,13,Ridge,PC1,-0.00020433821970004774
raw_sector_return,Financials,2,13,Ridge,PC2,-0.00027313872878822494
raw_sector_return,Financials,2,13,Ridge,PC3,-0.000582963664806319
raw_sector_return,Financials,2,13,Ridge,PC4,0.0005477164444574229
raw_sector_return,Financials,2,13,Ridge,PC5,-0.002089483966654147
raw_sector_return,Financials,2,13,Ridge,PC6,-0.0011331355407783337
raw_sector_return,Financials,2,13,Ridge,PC7,0.0022163240392403284
raw_sector_return,Financials,2,13,Ridge,PC8,-0.0053339013406371975
raw_sector_return,Financials,2,13,Ridge,PC9,0.0037688524110045312
raw_sector_return,Financials,2,13,Ridge,PC10,0.0007887807506778429
raw_sector_return,Financials,2,13,Ridge,PC11,-0.0025442625899483938
raw_sector_return,Financials,2,13,Ridge,PC12,0.001261367700388605
raw_sector_return,Financials,2,13,Ridge,PC13,0.0041545158891441725
raw_sector_return,Financials,2,13,Lasso,PC1,-0.0
raw_sector_return,Financials,2,13,Lasso,PC2,-0.0
raw_sector_return,Financials,2,13,Lasso,PC3,-0.0
raw_sector_return,Financials,2,13,Lasso,PC4,0.0
raw_sector_return,Financials,2,13,Lasso,PC5,-0.0
raw_sector_return,Financials,2,13,Lasso,PC6,-0.0
raw_sector_return,Financials,2,13,Lasso,PC7,0.0
raw_sector_return,Financials,2,13,Lasso,PC8,-0.0
raw_sector_return,Financials,2,13,Lasso,PC9,0.0
raw_sector_return,Financials,2,13,Lasso,PC10,0.0
raw_sector_return,Financials,2,13,Lasso,PC11,-0.0
raw_sector_return,Financials,2,13,Lasso,PC12,0.0
raw_sector_return,Financials,2,13,Lasso,PC13,0.0
raw_sector_return,Financials,2,13,ElasticNet,PC1,-0.0
raw_sector_return,Financials,2,13,ElasticNet,PC2,-0.0
raw_sector_return,Financials,2,13,ElasticNet,PC3,-0.0
raw_sector_return,Financials,2,13,ElasticNet,PC4,0.0
raw_sector_return,Financials,2,13,ElasticNet,PC5,-0.0
raw_sector_return,Financials,2,13,ElasticNet,PC6,-0.0
raw_sector_return,Financials,2,13,ElasticNet,PC7,0.0
raw_sector_return,Financials,2,13,ElasticNet,PC8,-0.0
raw_sector_return,Financials,2,13,ElasticNet,PC9,0.0
raw_sector_return,Financials,2,13,ElasticNet,PC10,0.0
raw_sector_return,Financials,2,13,ElasticNet,PC11,-0.0
raw_sector_return,Financials,2,13,ElasticNet,PC12,0.0
raw_sector_return,Financials,2,13,ElasticNet,PC13,0.0
raw_sector_return,Industrials,2,13,OLS,PC1,0.009092649417819133
raw_sector_return,Industrials,2,13,OLS,PC2,0.010499327071494242
raw_sector_return,Industrials,2,13,OLS,PC3,0.012335843610474396
raw_sector_return,Industrials,2,13,OLS,PC4,0.0012317364806901123
raw_sector_return,Industrials,2,13,OLS,PC5,-0.0003668345688799225
raw_sector_return,Industrials,2,13,OLS,PC6,-0.0014477676953593528
raw_sector_return,Industrials,2,13,OLS,PC7,0.005223368515086796
raw_sector_return,Industrials,2,13,OLS,PC8,-0.01253496979122931
raw_sector_return,Industrials,2,13,OLS,PC9,0.018599530899969473
raw_sector_return,Industrials,2,13,OLS,PC10,0.0027767155136832083
raw_sector_return,Industrials,2,13,OLS,PC11,0.0020225816437167855
raw_sector_return,Industrials,2,13,OLS,PC12,0.0033517405980995948
raw_sector_return,Industrials,2,13,OLS,PC13,0.013644466850610751
raw_sector_return,Industrials,2,13,Ridge,PC1,-0.0005075813396429661
raw_sector_return,Industrials,2,13,Ridge,PC2,-0.00011809812277263911
raw_sector_return,Industrials,2,13,Ridge,PC3,0.0002613188802467149
raw_sector_return,Industrials,2,13,Ridge,PC4,0.0002564201766774597
raw_sector_return,Industrials,2,13,Ridge,PC5,-0.00015534732327987538
raw_sector_return,Industrials,2,13,Ridge,PC6,-8.98711148732696e-05
raw_sector_return,Industrials,2,13,Ridge,PC7,0.0004255431634342823
raw_sector_return,Industrials,2,13,Ridge,PC8,-0.0009159333662156667
raw_sector_return,Industrials,2,13,Ridge,PC9,0.0008091130052017511
raw_sector_return,Industrials,2,13,Ridge,PC10,9.845830772755647e-05
raw_sector_return,Industrials,2,13,Ridge,PC11,-7.234463174615167e-05
raw_sector_return,Industrials,2,13,Ridge,PC12,0.0005524696561640507
raw_sector_return,Industrials,2,13,Ridge,PC13,0.0010103608319090333
raw_sector_return,Industrials,2,13,Lasso,PC1,-0.0
raw_sector_return,Industrials,2,13,Lasso,PC2,-0.0
raw_sector_return,Industrials,2,13,Lasso,PC3,0.0
raw_sector_return,Industrials,2,13,Lasso,PC4,0.0
raw_sector_return,Industrials,2,13,Lasso,PC5,-0.0
raw_sector_return,Industrials,2,13,Lasso,PC6,-0.0
raw_sector_return,Industrials,2,13,Lasso,PC7,0.0
raw_sector_return,Industrials,2,13,Lasso,PC8,-0.0
raw_sector_return,Industrials,2,13,Lasso,PC9,0.0
raw_sector_return,Industrials,2,13,Lasso,PC10,0.0
raw_sector_return,Industrials,2,13,Lasso,PC11,-0.0
raw_sector_return,Industrials,2,13,Lasso,PC12,0.0
raw_sector_return,Industrials,2,13,Lasso,PC13,0.0
raw_sector_return,Industrials,2,13,ElasticNet,PC1,-0.0
raw_sector_return,Industrials,2,13,ElasticNet,PC2,-0.0
raw_sector_return,Industrials,2,13,ElasticNet,PC3,0.0
raw_sector_return,Industrials,2,13,ElasticNet,PC4,0.0
raw_sector_return,Industrials,2,13,ElasticNet,PC5,-0.0
raw_sector_return,Industrials,2,13,ElasticNet,PC6,-0.0
raw_sector_return,Industrials,2,13,ElasticNet,PC7,0.0
raw_sector_return,Industrials,2,13,ElasticNet,PC8,-0.0
raw_sector_return,Industrials,2,13,ElasticNet,PC9,0.0
raw_sector_return,Industrials,2,13,ElasticNet,PC10,0.0
raw_sector_return,Industrials,2,13,ElasticNet,PC11,-0.0
raw_sector_return,Industrials,2,13,ElasticNet,PC12,0.0
raw_sector_return,Industrials,2,13,ElasticNet,PC13,0.0
raw_sector_return,Technology,2,13,OLS,PC1,0.001911752760705458
raw_sector_return,Technology,2,13,OLS,PC2,0.0035063167817585947
raw_sector_return,Technology,2,13,OLS,PC3,0.0175846851840192
raw_sector_return,Technology,2,13,OLS,PC4,-0.0017703658723401158
raw_sector_return,Technology,2,13,OLS,PC5,0.005417987965963333
raw_sector_return,Technology,2,13,OLS,PC6,-0.004967642147133316
raw_sector_return,Technology,2,13,OLS,PC7,0.013570108182164083
raw_sector_return,Technology,2,13,OLS,PC8,-0.015979884889582942
raw_sector_return,Technology,2,13,OLS,PC9,0.008997454681748535
raw_sector_return,Technology,2,13,OLS,PC10,0.0008062201782365219
raw_sector_return,Technology,2,13,OLS,PC11,0.0026663128842825613
raw_sector_return,Technology,2,13,OLS,PC12,-0.012430227473454455
raw_sector_return,Technology,2,13,OLS,PC13,0.0038126459132994204
raw_sector_return,Technology,2,13,Ridge,PC1,-0.0006740646731197699
raw_sector_return,Technology,2,13,Ridge,PC2,-9.510601504021425e-05
raw_sector_return,Technology,2,13,Ridge,PC3,0.0011514150386574156
raw_sector_return,Technology,2,13,Ridge,PC4,5.6668467090385975e-05
raw_sector_return,Technology,2,13,Ridge,PC5,6.297600700724193e-05
raw_sector_return,Technology,2,13,Ridge,PC6,-0.0002193932624353331
raw_sector_return,Technology,2,13,Ridge,PC7,0.0010056493288742553
raw_sector_return,Technology,2,13,Ridge,PC8,-0.0008443755761464495
raw_sector_return,Technology,2,13,Ridge,PC9,-2.3176912500112306e-05
raw_sector_return,Technology,2,13,Ridge,PC10,0.00019428887554961334
raw_sector_return,Technology,2,13,Ridge,PC11,6.19844209746075e-05
raw_sector_return,Technology,2,13,Ridge,PC12,-0.0007262416582880705
raw_sector_return,Technology,2,13,Ridge,PC13,0.00042851754694585656
raw_sector_return,Technology,2,13,Lasso,PC1,-0.0
raw_sector_return,Technology,2,13,Lasso,PC2,-0.0
raw_sector_return,Technology,2,13,Lasso,PC3,0.0
raw_sector_return,Technology,2,13,Lasso,PC4,0.0
raw_sector_return,Technology,2,13,Lasso,PC5,0.0
raw_sector_return,Technology,2,13,Lasso,PC6,-0.0
raw_sector_return,Technology,2,13,Lasso,PC7,0.0
raw_sector_return,Technology,2,13,Lasso,PC8,-0.0
raw_sector_return,Technology,2,13,Lasso,PC9,-0.0
raw_sector_return,Technology,2,13,Lasso,PC10,0.0
raw_sector_return,Technology,2,13,Lasso,PC11,0.0
raw_sector_return,Technology,2,13,Lasso,PC12,-0.0
raw_sector_return,Technology,2,13,Lasso,PC13,0.0
raw_sector_return,Technology,2,13,ElasticNet,PC1,-0.0
raw_sector_return,Technology,2,13,ElasticNet,PC2,-0.0
raw_sector_return,Technology,2,13,ElasticNet,PC3,0.0
raw_sector_return,Technology,2,13,ElasticNet,PC4,0.0
raw_sector_return,Technology,2,13,ElasticNet,PC5,0.0
raw_sector_return,Technology,2,13,ElasticNet,PC6,-0.0
raw_sector_return,Technology,2,13,ElasticNet,PC7,0.0
raw_sector_return,Technology,2,13,ElasticNet,PC8,-0.0
raw_sector_return,Technology,2,13,ElasticNet,PC9,-0.0
raw_sector_return,Technology,2,13,ElasticNet,PC10,0.0
raw_sector_return,Technology,2,13,ElasticNet,PC11,0.0
raw_sector_return,Technology,2,13,ElasticNet,PC12,-0.0
raw_sector_return,Technology,2,13,ElasticNet,PC13,0.0
raw_sector_return,Consumer Staples,2,13,OLS,PC1,0.011347142785757335
raw_sector_return,Consumer Staples,2,13,OLS,PC2,0.008991425225003903
raw_sector_return,Consumer Staples,2,13,OLS,PC3,0.009640691451992868
raw_sector_return,Consumer Staples,2,13,OLS,PC4,-0.0010635786283862145
raw_sector_return,Consumer Staples,2,13,OLS,PC5,-0.0028623126729348954
raw_sector_return,Consumer Staples,2,13,OLS,PC6,-0.0016363995623011971
raw_sector_return,Consumer Staples,2,13,OLS,PC7,0.004195678230270594
raw_sector_return,Consumer Staples,2,13,OLS,PC8,-0.002840055182768049
raw_sector_return,Consumer Staples,2,13,OLS,PC9,0.011561314281419802
raw_sector_return,Consumer Staples,2,13,OLS,PC10,0.0005236025823565045
raw_sector_return,Consumer Staples,2,13,OLS,PC11,-0.0024345840859400342
raw_sector_return,Consumer Staples,2,13,OLS,PC12,0.002319650326726082
raw_sector_return,Consumer Staples,2,13,OLS,PC13,0.0014555250126425281
raw_sector_return,Consumer Staples,2,13,Ridge,PC1,8.727716896899016e-05
raw_sector_return,Consumer Staples,2,13,Ridge,PC2,3.7519363417016266e-05
raw_sector_return,Consumer Staples,2,13,Ridge,PC3,0.00012001789228809602
raw_sector_return,Consumer Staples,2,13,Ridge,PC4,7.534081627088727e-05
raw_sector_return,Consumer Staples,2,13,Ridge,PC5,-0.0003787363943435805
raw_sector_return,Consumer Staples,2,13,Ridge,PC6,1.6578693520139384e-05
raw_sector_return,Consumer Staples,2,13,Ridge,PC7,0.00034271748649944265
raw_sector_return,Consumer Staples,2,13,Ridge,PC8,-0.00017682902180295285
raw_sector_return,Consumer Staples,2,13,Ridge,PC9,0.0003520945542853643
raw_sector_return,Consumer Staples,2,13,Ridge,PC10,-4.642025475551994e-05
raw_sector_return,Consumer Staples,2,13,Ridge,PC11,-0.00033714962589262784
raw_sector_return,Consumer Staples,2,13,Ridge,PC12,0.00014419798463855585
raw_sector_return,Consumer Staples,2,13,Ridge,PC13,-2.6820361497648236e-05
raw_sector_return,Consumer Staples,2,13,Lasso,PC1,0.0
raw_sector_return,Consumer Staples,2,13,Lasso,PC2,0.0
raw_sector_return,Consumer Staples,2,13,Lasso,PC3,0.0
raw_sector_return,Consumer Staples,2,13,Lasso,PC4,0.0
raw_sector_return,Consumer Staples,2,13,Lasso,PC5,-0.0
raw_sector_return,Consumer Staples,2,13,Lasso,PC6,0.0
raw_sector_return,Consumer Staples,2,13,Lasso,PC7,0.0
raw_sector_return,Consumer Staples,2,13,Lasso,PC8,-0.0
raw_sector_return,Consumer Staples,2,13,Lasso,PC9,0.0
raw_sector_return,Consumer Staples,2,13,Lasso,PC10,-0.0
raw_sector_return,Consumer Staples,2,13,Lasso,PC11,-0.0
raw_sector_return,Consumer Staples,2,13,Lasso,PC12,0.0
raw_sector_return,Consumer Staples,2,13,Lasso,PC13,-0.0
raw_sector_return,Consumer Staples,2,13,ElasticNet,PC1,0.0
raw_sector_return,Consumer Staples,2,13,ElasticNet,PC2,0.0
raw_sector_return,Consumer Staples,2,13,ElasticNet,PC3,0.0
raw_sector_return,Consumer Staples,2,13,ElasticNet,PC4,0.0
raw_sector_return,Consumer Staples,2,13,ElasticNet,PC5,-0.0
raw_sector_return,Consumer Staples,2,13,ElasticNet,PC6,0.0
raw_sector_return,Consumer Staples,2,13,ElasticNet,PC7,0.0
raw_sector_return,Consumer Staples,2,13,ElasticNet,PC8,-0.0
raw_sector_return,Consumer Staples,2,13,ElasticNet,PC9,0.0
raw_sector_return,Consumer Staples,2,13,ElasticNet,PC10,-0.0
raw_sector_return,Consumer Staples,2,13,ElasticNet,PC11,-0.0
raw_sector_return,Consumer Staples,2,13,ElasticNet,PC12,0.0
raw_sector_return,Consumer Staples,2,13,ElasticNet,PC13,-0.0
raw_sector_return,Real Estate,2,13,OLS,PC1,0.016964122183405737
raw_sector_return,Real Estate,2,13,OLS,PC2,0.01609283748065425
raw_sector_return,Real Estate,2,13,OLS,PC3,0.016869697389026904
raw_sector_return,Real Estate,2,13,OLS,PC4,-0.0003434124368902294
raw_sector_return,Real Estate,2,13,OLS,PC5,-0.007032630813303604
raw_sector_return,Real Estate,2,13,OLS,PC6,0.0003916801720506288
raw_sector_return,Real Estate,2,13,OLS,PC7,0.004104304974072503
raw_sector_return,Real Estate,2,13,OLS,PC8,-0.006351626221884591
raw_sector_return,Real Estate,2,13,OLS,PC9,0.019133541663845857
raw_sector_return,Real Estate,2,13,OLS,PC10,-0.0001472990627956436
raw_sector_return,Real Estate,2,13,OLS,PC11,-0.0009993206133856794
raw_sector_return,Real Estate,2,13,OLS,PC12,6.071697336071394e-05
raw_sector_return,Real Estate,2,13,OLS,PC13,0.01136414936529349
raw_sector_return,Real Estate,2,13,Ridge,PC1,-7.885815736947364e-05
raw_sector_return,Real Estate,2,13,Ridge,PC2,-4.977343232914756e-06
raw_sector_return,Real Estate,2,13,Ridge,PC3,0.000368976294124691
raw_sector_return,Real Estate,2,13,Ridge,PC4,7.271012436522375e-05
raw_sector_return,Real Estate,2,13,Ridge,PC5,-0.00076110135505363
raw_sector_return,Real Estate,2,13,Ridge,PC6,0.00013680902607650854
raw_sector_return,Real Estate,2,13,Ridge,PC7,0.0003951676325446118
raw_sector_return,Real Estate,2,13,Ridge,PC8,-0.00041115054087890296
raw_sector_return,Real Estate,2,13,Ridge,PC9,0.0006089905259214627
raw_sector_return,Real Estate,2,13,Ridge,PC10,-0.00025394934229574595
raw_sector_return,Real Estate,2,13,Ridge,PC11,-0.0003689568773118127
raw_sector_return,Real Estate,2,13,Ridge,PC12,2.0724933845757992e-05
raw_sector_return,Real Estate,2,13,Ridge,PC13,0.0006133727133952174
raw_sector_return,Real Estate,2,13,Lasso,PC1,-0.0
raw_sector_return,Real Estate,2,13,Lasso,PC2,-0.0
raw_sector_return,Real Estate,2,13,Lasso,PC3,0.0
raw_sector_return,Real Estate,2,13,Lasso,PC4,0.0
raw_sector_return,Real Estate,2,13,Lasso,PC5,-0.0
raw_sector_return,Real Estate,2,13,Lasso,PC6,0.0
raw_sector_return,Real Estate,2,13,Lasso,PC7,0.0
raw_sector_return,Real Estate,2,13,Lasso,PC8,-0.0
raw_sector_return,Real Estate,2,13,Lasso,PC9,0.0
raw_sector_return,Real Estate,2,13,Lasso,PC10,-0.0
raw_sector_return,Real Estate,2,13,Lasso,PC11,-0.0
raw_sector_return,Real Estate,2,13,Lasso,PC12,0.0
raw_sector_return,Real Estate,2,13,Lasso,PC13,0.0
raw_sector_return,Real Estate,2,13,ElasticNet,PC1,-0.0
raw_sector_return,Real Estate,2,13,ElasticNet,PC2,-0.0
raw_sector_return,Real Estate,2,13,ElasticNet,PC3,0.0
raw_sector_return,Real Estate,2,13,ElasticNet,PC4,0.0
raw_sector_return,Real Estate,2,13,ElasticNet,PC5,-0.0
raw_sector_return,Real Estate,2,13,ElasticNet,PC6,0.0
raw_sector_return,Real Estate,2,13,ElasticNet,PC7,0.0
raw_sector_return,Real Estate,2,13,ElasticNet,PC8,-0.0
raw_sector_return,Real Estate,2,13,ElasticNet,PC9,0.0
raw_sector_return,Real Estate,2,13,ElasticNet,PC10,-0.0
raw_sector_return,Real Estate,2,13,ElasticNet,PC11,-0.0
raw_sector_return,Real Estate,2,13,ElasticNet,PC12,0.0
raw_sector_return,Real Estate,2,13,ElasticNet,PC13,0.0
raw_sector_return,Utilities,2,13,OLS,PC1,0.004546935024354862
raw_sector_return,Utilities,2,13,OLS,PC2,0.0026211239499364324
raw_sector_return,Utilities,2,13,OLS,PC3,0.004370403955774944
raw_sector_return,Utilities,2,13,OLS,PC4,-0.0007122186790101704
raw_sector_return,Utilities,2,13,OLS,PC5,-0.0009984431064728255
raw_sector_return,Utilities,2,13,OLS,PC6,0.003495032259255909
raw_sector_return,Utilities,2,13,OLS,PC7,0.0021408511135952027
raw_sector_return,Utilities,2,13,OLS,PC8,0.00046543537353815884
raw_sector_return,Utilities,2,13,OLS,PC9,0.006617376714908507
raw_sector_return,Utilities,2,13,OLS,PC10,0.0013959729131274746
raw_sector_return,Utilities,2,13,OLS,PC11,-0.00675236625892134
raw_sector_return,Utilities,2,13,OLS,PC12,0.002017609890686668
raw_sector_return,Utilities,2,13,OLS,PC13,-0.001706527151380305
raw_sector_return,Utilities,2,13,Ridge,PC1,2.079866296321168e-05
raw_sector_return,Utilities,2,13,Ridge,PC2,-0.00010124893216153579
raw_sector_return,Utilities,2,13,Ridge,PC3,0.00011707396202869454
raw_sector_return,Utilities,2,13,Ridge,PC4,-6.949083416685712e-06
raw_sector_return,Utilities,2,13,Ridge,PC5,-0.00010651108888613707
raw_sector_return,Utilities,2,13,Ridge,PC6,0.0004997018022156614
raw_sector_return,Utilities,2,13,Ridge,PC7,0.0001474312532487617
raw_sector_return,Utilities,2,13,Ridge,PC8,3.548677730958457e-05
raw_sector_return,Utilities,2,13,Ridge,PC9,0.00041768016123557657
raw_sector_return,Utilities,2,13,Ridge,PC10,5.795230723522178e-05
raw_sector_return,Utilities,2,13,Ridge,PC11,-0.0007042654882802798
raw_sector_return,Utilities,2,13,Ridge,PC12,8.980333358657735e-05
raw_sector_return,Utilities,2,13,Ridge,PC13,-0.0002177038086422358
raw_sector_return,Utilities,2,13,Lasso,PC1,0.0
raw_sector_return,Utilities,2,13,Lasso,PC2,-0.0
raw_sector_return,Utilities,2,13,Lasso,PC3,0.0
raw_sector_return,Utilities,2,13,Lasso,PC4,-0.0
raw_sector_return,Utilities,2,13,Lasso,PC5,-0.0
raw_sector_return,Utilities,2,13,Lasso,PC6,0.0
raw_sector_return,Utilities,2,13,Lasso,PC7,0.0
raw_sector_return,Utilities,2,13,Lasso,PC8,0.0
raw_sector_return,Utilities,2,13,Lasso,PC9,0.0
raw_sector_return,Utilities,2,13,Lasso,PC10,0.0
raw_sector_return,Utilities,2,13,Lasso,PC11,-0.0
raw_sector_return,Utilities,2,13,Lasso,PC12,0.0
raw_sector_return,Utilities,2,13,Lasso,PC13,-0.0
raw_sector_return,Utilities,2,13,ElasticNet,PC1,0.0
raw_sector_return,Utilities,2,13,ElasticNet,PC2,-0.0
raw_sector_return,Utilities,2,13,ElasticNet,PC3,0.0
raw_sector_return,Utilities,2,13,ElasticNet,PC4,-0.0
raw_sector_return,Utilities,2,13,ElasticNet,PC5,-0.0
raw_sector_return,Utilities,2,13,ElasticNet,PC6,0.0
raw_sector_return,Utilities,2,13,ElasticNet,PC7,0.0
raw_sector_return,Utilities,2,13,ElasticNet,PC8,0.0
raw_sector_return,Utilities,2,13,ElasticNet,PC9,0.0
raw_sector_return,Utilities,2,13,ElasticNet,PC10,0.0
raw_sector_return,Utilities,2,13,ElasticNet,PC11,-0.0
raw_sector_return,Utilities,2,13,ElasticNet,PC12,0.0
raw_sector_return,Utilities,2,13,ElasticNet,PC13,-0.0
raw_sector_return,Health Care,2,13,OLS,PC1,0.014383225624613142
raw_sector_return,Health Care,2,13,OLS,PC2,0.011062422531426346
raw_sector_return,Health Care,2,13,OLS,PC3,0.009317525141738532
raw_sector_return,Health Care,2,13,OLS,PC4,-0.005169244687856445
raw_sector_return,Health Care,2,13,OLS,PC5,0.0009950425164640564
raw_sector_return,Health Care,2,13,OLS,PC6,-0.005197122297330045
raw_sector_return,Health Care,2,13,OLS,PC7,0.0060309324861277346
raw_sector_return,Health Care,2,13,OLS,PC8,-0.006942720253510125
raw_sector_return,Health Care,2,13,OLS,PC9,0.013437443048474003
raw_sector_return,Health Care,2,13,OLS,PC10,0.00024384163300519894
raw_sector_return,Health Care,2,13,OLS,PC11,-0.003157540910887494
raw_sector_return,Health Care,2,13,OLS,PC12,-0.0009658939586787386
raw_sector_return,Health Care,2,13,OLS,PC13,0.005241865259854607
raw_sector_return,Health Care,2,13,Ridge,PC1,0.00012509706840125483
raw_sector_return,Health Care,2,13,Ridge,PC2,0.00016600620675858487
raw_sector_return,Health Care,2,13,Ridge,PC3,-9.407589120131852e-05
raw_sector_return,Health Care,2,13,Ridge,PC4,-0.00012689830298461192
raw_sector_return,Health Care,2,13,Ridge,PC5,-0.00018193699152983946
raw_sector_return,Health Care,2,13,Ridge,PC6,-0.00027681885985905225
raw_sector_return,Health Care,2,13,Ridge,PC7,0.0005041558945930237
raw_sector_return,Health Care,2,13,Ridge,PC8,-0.0003422737505485292
raw_sector_return,Health Care,2,13,Ridge,PC9,0.00026574131599569554
raw_sector_return,Health Care,2,13,Ridge,PC10,2.119443973148708e-05
raw_sector_return,Health Care,2,13,Ridge,PC11,-0.0004384671821896591
raw_sector_return,Health Care,2,13,Ridge,PC12,-5.248615970572856e-05
raw_sector_return,Health Care,2,13,Ridge,PC13,0.0003469510550320211
raw_sector_return,Health Care,2,13,Lasso,PC1,0.0
raw_sector_return,Health Care,2,13,Lasso,PC2,0.0
raw_sector_return,Health Care,2,13,Lasso,PC3,-0.0
raw_sector_return,Health Care,2,13,Lasso,PC4,-0.0
raw_sector_return,Health Care,2,13,Lasso,PC5,-0.0
raw_sector_return,Health Care,2,13,Lasso,PC6,-0.0
raw_sector_return,Health Care,2,13,Lasso,PC7,0.0
raw_sector_return,Health Care,2,13,Lasso,PC8,-0.0
raw_sector_return,Health Care,2,13,Lasso,PC9,0.0
raw_sector_return,Health Care,2,13,Lasso,PC10,0.0
raw_sector_return,Health Care,2,13,Lasso,PC11,-0.0
raw_sector_return,Health Care,2,13,Lasso,PC12,-0.0
raw_sector_return,Health Care,2,13,Lasso,PC13,0.0
raw_sector_return,Health Care,2,13,ElasticNet,PC1,0.0
raw_sector_return,Health Care,2,13,ElasticNet,PC2,0.0
raw_sector_return,Health Care,2,13,ElasticNet,PC3,-0.0
raw_sector_return,Health Care,2,13,ElasticNet,PC4,-0.0
raw_sector_return,Health Care,2,13,ElasticNet,PC5,-0.0
raw_sector_return,Health Care,2,13,ElasticNet,PC6,-0.0
raw_sector_return,Health Care,2,13,ElasticNet,PC7,0.0
raw_sector_return,Health Care,2,13,ElasticNet,PC8,-0.0
raw_sector_return,Health Care,2,13,ElasticNet,PC9,0.0
raw_sector_return,Health Care,2,13,ElasticNet,PC10,0.0
raw_sector_return,Health Care,2,13,ElasticNet,PC11,-0.0
raw_sector_return,Health Care,2,13,ElasticNet,PC12,-0.0
raw_sector_return,Health Care,2,13,ElasticNet,PC13,0.0
raw_sector_return,Consumer Discretionary,2,13,OLS,PC1,0.005480446449088656
raw_sector_return,Consumer Discretionary,2,13,OLS,PC2,0.009929323289367938
raw_sector_return,Consumer Discretionary,2,13,OLS,PC3,0.008877149465214295
raw_sector_return,Consumer Discretionary,2,13,OLS,PC4,0.0041520334389690315
raw_sector_return,Consumer Discretionary,2,13,OLS,PC5,0.003111029215315997
raw_sector_return,Consumer Discretionary,2,13,OLS,PC6,0.0037884471295422414
raw_sector_return,Consumer Discretionary,2,13,OLS,PC7,0.010616621503994771
raw_sector_return,Consumer Discretionary,2,13,OLS,PC8,-0.016675756612801972
raw_sector_return,Consumer Discretionary,2,13,OLS,PC9,0.013609163723489243
raw_sector_return,Consumer Discretionary,2,13,OLS,PC10,0.001326788875394547
raw_sector_return,Consumer Discretionary,2,13,OLS,PC11,0.0009104764176339303
raw_sector_return,Consumer Discretionary,2,13,OLS,PC12,-0.008669754500745776
raw_sector_return,Consumer Discretionary,2,13,OLS,PC13,0.011802153178342031
raw_sector_return,Consumer Discretionary,2,13,Ridge,PC1,-0.0005006134076537699
raw_sector_return,Consumer Discretionary,2,13,Ridge,PC2,0.00011169566391183583
raw_sector_return,Consumer Discretionary,2,13,Ridge,PC3,0.0002501334012507854
raw_sector_return,Consumer Discretionary,2,13,Ridge,PC4,0.00042820121038198697
raw_sector_return,Consumer Discretionary,2,13,Ridge,PC5,6.370320024450541e-05
raw_sector_return,Consumer Discretionary,2,13,Ridge,PC6,0.0002270019648219321
raw_sector_return,Consumer Discretionary,2,13,Ridge,PC7,0.0007934552353651869
raw_sector_return,Consumer Discretionary,2,13,Ridge,PC8,-0.0010987948939656285
raw_sector_return,Consumer Discretionary,2,13,Ridge,PC9,0.000529956405732032
raw_sector_return,Consumer Discretionary,2,13,Ridge,PC10,-0.00013114072125649246
raw_sector_return,Consumer Discretionary,2,13,Ridge,PC11,-0.00035433423753915126
raw_sector_return,Consumer Discretionary,2,13,Ridge,PC12,-0.00031069089538256835
raw_sector_return,Consumer Discretionary,2,13,Ridge,PC13,0.0008116297030914414
raw_sector_return,Consumer Discretionary,2,13,Lasso,PC1,-0.0
raw_sector_return,Consumer Discretionary,2,13,Lasso,PC2,0.0
raw_sector_return,Consumer Discretionary,2,13,Lasso,PC3,0.0
raw_sector_return,Consumer Discretionary,2,13,Lasso,PC4,0.0
raw_sector_return,Consumer Discretionary,2,13,Lasso,PC5,0.0
raw_sector_return,Consumer Discretionary,2,13,Lasso,PC6,0.0
raw_sector_return,Consumer Discretionary,2,13,Lasso,PC7,0.0
raw_sector_return,Consumer Discretionary,2,13,Lasso,PC8,-0.0
raw_sector_return,Consumer Discretionary,2,13,Lasso,PC9,0.0
raw_sector_return,Consumer Discretionary,2,13,Lasso,PC10,-0.0
raw_sector_return,Consumer Discretionary,2,13,Lasso,PC11,-0.0
raw_sector_return,Consumer Discretionary,2,13,Lasso,PC12,-0.0
raw_sector_return,Consumer Discretionary,2,13,Lasso,PC13,0.0
raw_sector_return,Consumer Discretionary,2,13,ElasticNet,PC1,-0.0
raw_sector_return,Consumer Discretionary,2,13,ElasticNet,PC2,0.0
raw_sector_return,Consumer Discretionary,2,13,ElasticNet,PC3,0.0
raw_sector_return,Consumer Discretionary,2,13,ElasticNet,PC4,0.0
raw_sector_return,Consumer Discretionary,2,13,ElasticNet,PC5,0.0
raw_sector_return,Consumer Discretionary,2,13,ElasticNet,PC6,0.0
raw_sector_return,Consumer Discretionary,2,13,ElasticNet,PC7,0.0
raw_sector_return,Consumer Discretionary,2,13,ElasticNet,PC8,-0.0
raw_sector_return,Consumer Discretionary,2,13,ElasticNet,PC9,0.0
raw_sector_return,Consumer Discretionary,2,13,ElasticNet,PC10,-0.0
raw_sector_return,Consumer Discretionary,2,13,ElasticNet,PC11,-0.0
raw_sector_return,Consumer Discretionary,2,13,ElasticNet,PC12,-0.0
raw_sector_return,Consumer Discretionary,2,13,ElasticNet,PC13,0.0
sector_excess_return,Materials_excess,1,5,OLS,PC1,-0.006797377318872398
sector_excess_return,Materials_excess,1,5,OLS,PC2,-0.002481235645014432
sector_excess_return,Materials_excess,1,5,OLS,PC3,-0.0007226409600990803
sector_excess_return,Materials_excess,1,5,OLS,PC4,0.0010605224339589354
sector_excess_return,Materials_excess,1,5,OLS,PC5,-0.004714714934748623
sector_excess_return,Materials_excess,1,5,Ridge,PC1,-0.0004464625351595421
sector_excess_return,Materials_excess,1,5,Ridge,PC2,6.291611341589291e-05
sector_excess_return,Materials_excess,1,5,Ridge,PC3,0.0001042194545548161
sector_excess_return,Materials_excess,1,5,Ridge,PC4,-5.874571785113699e-05
sector_excess_return,Materials_excess,1,5,Ridge,PC5,-0.00037099018736582335
sector_excess_return,Materials_excess,1,5,Lasso,PC1,-0.0020688137264387135
sector_excess_return,Materials_excess,1,5,Lasso,PC2,-0.0
sector_excess_return,Materials_excess,1,5,Lasso,PC3,0.0
sector_excess_return,Materials_excess,1,5,Lasso,PC4,-0.0
sector_excess_return,Materials_excess,1,5,Lasso,PC5,-0.0011684385630242678
sector_excess_return,Materials_excess,1,5,ElasticNet,PC1,-0.0023933647446221598
sector_excess_return,Materials_excess,1,5,ElasticNet,PC2,-0.0
sector_excess_return,Materials_excess,1,5,ElasticNet,PC3,0.0
sector_excess_return,Materials_excess,1,5,ElasticNet,PC4,-0.0
sector_excess_return,Materials_excess,1,5,ElasticNet,PC5,-0.0014932664823961586
sector_excess_return,Communication Services_excess,1,5,OLS,PC1,-0.003410404518284403
sector_excess_return,Communication Services_excess,1,5,OLS,PC2,-0.0032575876987202927
sector_excess_return,Communication Services_excess,1,5,OLS,PC3,-0.002761624362803403
sector_excess_return,Communication Services_excess,1,5,OLS,PC4,0.008435972861206443
sector_excess_return,Communication Services_excess,1,5,OLS,PC5,-0.0029503830951534272
sector_excess_return,Communication Services_excess,1,5,Ridge,PC1,-0.0014533671430636602
sector_excess_return,Communication Services_excess,1,5,Ridge,PC2,-0.0015521567394007603
sector_excess_return,Communication Services_excess,1,5,Ridge,PC3,-0.0015852404228228244
sector_excess_return,Communication Services_excess,1,5,Ridge,PC4,0.0060440612309591735
sector_excess_return,Communication Services_excess,1,5,Ridge,PC5,-0.0018210937857044238
sector_excess_return,Communication Services_excess,1,5,Lasso,PC1,-0.0
sector_excess_return,Communication Services_excess,1,5,Lasso,PC2,-0.0
sector_excess_return,Communication Services_excess,1,5,Lasso,PC3,-0.0
sector_excess_return,Communication Services_excess,1,5,Lasso,PC4,0.004500202465873559
sector_excess_return,Communication Services_excess,1,5,Lasso,PC5,-0.0
sector_excess_return,Communication Services_excess,1,5,ElasticNet,PC1,-0.0
sector_excess_return,Communication Services_excess,1,5,ElasticNet,PC2,-0.0
sector_excess_return,Communication Services_excess,1,5,ElasticNet,PC3,-0.0
sector_excess_return,Communication Services_excess,1,5,ElasticNet,PC4,0.004241571037212142
sector_excess_return,Communication Services_excess,1,5,ElasticNet,PC5,-0.0
sector_excess_return,Energy_excess,1,5,OLS,PC1,-0.015392981422178868
sector_excess_return,Energy_excess,1,5,OLS,PC2,-0.01700538670298603
sector_excess_return,Energy_excess,1,5,OLS,PC3,-0.005157862259788604
sector_excess_return,Energy_excess,1,5,OLS,PC4,-0.003279569910185549
sector_excess_return,Energy_excess,1,5,OLS,PC5,-0.011542658698767956
sector_excess_return,Energy_excess,1,5,Ridge,PC1,-0.0005987744863223893
sector_excess_return,Energy_excess,1,5,Ridge,PC2,-0.0007321635337371384
sector_excess_return,Energy_excess,1,5,Ridge,PC3,0.00023483559891518434
sector_excess_return,Energy_excess,1,5,Ridge,PC4,-0.0005915159345567519
sector_excess_return,Energy_excess,1,5,Ridge,PC5,-0.0009862849221723856
sector_excess_return,Energy_excess,1,5,Lasso,PC1,-0.0
sector_excess_return,Energy_excess,1,5,Lasso,PC2,-0.0
sector_excess_return,Energy_excess,1,5,Lasso,PC3,0.0
sector_excess_return,Energy_excess,1,5,Lasso,PC4,-0.0
sector_excess_return,Energy_excess,1,5,Lasso,PC5,-0.0
sector_excess_return,Energy_excess,1,5,ElasticNet,PC1,-0.0
sector_excess_return,Energy_excess,1,5,ElasticNet,PC2,-0.0
sector_excess_return,Energy_excess,1,5,ElasticNet,PC3,0.0
sector_excess_return,Energy_excess,1,5,ElasticNet,PC4,-0.0
sector_excess_return,Energy_excess,1,5,ElasticNet,PC5,-0.0
sector_excess_return,Financials_excess,1,5,OLS,PC1,-0.0013838967309635119
sector_excess_return,Financials_excess,1,5,OLS,PC2,-0.0012899542602912756
sector_excess_return,Financials_excess,1,5,OLS,PC3,-0.005867718984812599
sector_excess_return,Financials_excess,1,5,OLS,PC4,0.0027969646309903284
sector_excess_return,Financials_excess,1,5,OLS,PC5,-0.006211213878822619
sector_excess_return,Financials_excess,1,5,Ridge,PC1,0.00023987245930842373
sector_excess_return,Financials_excess,1,5,Ridge,PC2,0.00021665807532070207
sector_excess_return,Financials_excess,1,5,Ridge,PC3,-0.0018925867152101916
sector_excess_return,Financials_excess,1,5,Ridge,PC4,0.0007532791958297951
sector_excess_return,Financials_excess,1,5,Ridge,PC5,-0.002047206316240846
sector_excess_return,Financials_excess,1,5,Lasso,PC1,0.0
sector_excess_return,Financials_excess,1,5,Lasso,PC2,0.0
sector_excess_return,Financials_excess,1,5,Lasso,PC3,-0.0
sector_excess_return,Financials_excess,1,5,Lasso,PC4,0.0
sector_excess_return,Financials_excess,1,5,Lasso,PC5,-0.0
sector_excess_return,Financials_excess,1,5,ElasticNet,PC1,0.0
sector_excess_return,Financials_excess,1,5,ElasticNet,PC2,0.0
sector_excess_return,Financials_excess,1,5,ElasticNet,PC3,-0.0
sector_excess_return,Financials_excess,1,5,ElasticNet,PC4,0.0
sector_excess_return,Financials_excess,1,5,ElasticNet,PC5,-0.0
sector_excess_return,Industrials_excess,1,5,OLS,PC1,-0.0052128778532145835
sector_excess_return,Industrials_excess,1,5,OLS,PC2,-0.0027656581433570544
sector_excess_return,Industrials_excess,1,5,OLS,PC3,-0.002130400208703742
sector_excess_return,Industrials_excess,1,5,OLS,PC4,0.001121846974250852
sector_excess_return,Industrials_excess,1,5,OLS,PC5,2.2762881099107957e-05
sector_excess_return,Industrials_excess,1,5,Ridge,PC1,-0.00028524295564264483
sector_excess_return,Industrials_excess,1,5,Ridge,PC2,1.8148922779827067e-06
sector_excess_return,Industrials_excess,1,5,Ridge,PC3,-2.673575773505511e-05
sector_excess_return,Industrials_excess,1,5,Ridge,PC4,5.1225069328841664e-05
sector_excess_return,Industrials_excess,1,5,Ridge,PC5,3.2043076039402474e-05
sector_excess_return,Industrials_excess,1,5,Lasso,PC1,-0.0
sector_excess_return,Industrials_excess,1,5,Lasso,PC2,0.0
sector_excess_return,Industrials_excess,1,5,Lasso,PC3,-0.0
sector_excess_return,Industrials_excess,1,5,Lasso,PC4,0.0
sector_excess_return,Industrials_excess,1,5,Lasso,PC5,0.0
sector_excess_return,Industrials_excess,1,5,ElasticNet,PC1,-0.0
sector_excess_return,Industrials_excess,1,5,ElasticNet,PC2,0.0
sector_excess_return,Industrials_excess,1,5,ElasticNet,PC3,-0.0
sector_excess_return,Industrials_excess,1,5,ElasticNet,PC4,0.0
sector_excess_return,Industrials_excess,1,5,ElasticNet,PC5,0.0
sector_excess_return,Technology_excess,1,5,OLS,PC1,0.0027059306317899117
sector_excess_return,Technology_excess,1,5,OLS,PC2,0.0025692440485246873
sector_excess_return,Technology_excess,1,5,OLS,PC3,0.005563415312285262
sector_excess_return,Technology_excess,1,5,OLS,PC4,-0.0029429628841767803
sector_excess_return,Technology_excess,1,5,OLS,PC5,0.00455282452388981
sector_excess_return,Technology_excess,1,5,Ridge,PC1,-2.1694863728098483e-05
sector_excess_return,Technology_excess,1,5,Ridge,PC2,-1.3442494375929603e-05
sector_excess_return,Technology_excess,1,5,Ridge,PC3,0.0004029643474246854
sector_excess_return,Technology_excess,1,5,Ridge,PC4,-0.00019665939699179256
sector_excess_return,Technology_excess,1,5,Ridge,PC5,0.0003529083720019366
sector_excess_return,Technology_excess,1,5,Lasso,PC1,-0.0
sector_excess_return,Technology_excess,1,5,Lasso,PC2,-0.0
sector_excess_return,Technology_excess,1,5,Lasso,PC3,0.0
sector_excess_return,Technology_excess,1,5,Lasso,PC4,-0.0
sector_excess_return,Technology_excess,1,5,Lasso,PC5,0.0
sector_excess_return,Technology_excess,1,5,ElasticNet,PC1,-0.0
sector_excess_return,Technology_excess,1,5,ElasticNet,PC2,-0.0
sector_excess_return,Technology_excess,1,5,ElasticNet,PC3,0.0
sector_excess_return,Technology_excess,1,5,ElasticNet,PC4,-0.0
sector_excess_return,Technology_excess,1,5,ElasticNet,PC5,0.0
sector_excess_return,Consumer Staples_excess,1,5,OLS,PC1,0.005478537797891133
sector_excess_return,Consumer Staples_excess,1,5,OLS,PC2,0.005240367193064634
sector_excess_return,Consumer Staples_excess,1,5,OLS,PC3,0.0025757469384300345
sector_excess_return,Consumer Staples_excess,1,5,OLS,PC4,-0.00013264084284548186
sector_excess_return,Consumer Staples_excess,1,5,OLS,PC5,-0.002533552167862095
sector_excess_return,Consumer Staples_excess,1,5,Ridge,PC1,0.00022790917258415033
sector_excess_return,Consumer Staples_excess,1,5,Ridge,PC2,0.0001926729263467902
sector_excess_return,Consumer Staples_excess,1,5,Ridge,PC3,-1.207172943758896e-05
sector_excess_return,Consumer Staples_excess,1,5,Ridge,PC4,-8.370396770396487e-06
sector_excess_return,Consumer Staples_excess,1,5,Ridge,PC5,-0.00023910347382618999
sector_excess_return,Consumer Staples_excess,1,5,Lasso,PC1,0.0
sector_excess_return,Consumer Staples_excess,1,5,Lasso,PC2,0.0
sector_excess_return,Consumer Staples_excess,1,5,Lasso,PC3,-0.0
sector_excess_return,Consumer Staples_excess,1,5,Lasso,PC4,-0.0
sector_excess_return,Consumer Staples_excess,1,5,Lasso,PC5,-0.0
sector_excess_return,Consumer Staples_excess,1,5,ElasticNet,PC1,0.0
sector_excess_return,Consumer Staples_excess,1,5,ElasticNet,PC2,0.0
sector_excess_return,Consumer Staples_excess,1,5,ElasticNet,PC3,-0.0
sector_excess_return,Consumer Staples_excess,1,5,ElasticNet,PC4,-0.0
sector_excess_return,Consumer Staples_excess,1,5,ElasticNet,PC5,-0.0
sector_excess_return,Real Estate_excess,1,5,OLS,PC1,0.004220350448894633
sector_excess_return,Real Estate_excess,1,5,OLS,PC2,0.0037244234729310313
sector_excess_return,Real Estate_excess,1,5,OLS,PC3,0.0020089991758580703
sector_excess_return,Real Estate_excess,1,5,OLS,PC4,-0.0030314231890307365
sector_excess_return,Real Estate_excess,1,5,OLS,PC5,-0.004087984344232281
sector_excess_return,Real Estate_excess,1,5,Ridge,PC1,0.00015418744618262198
sector_excess_return,Real Estate_excess,1,5,Ridge,PC2,0.0001308657783718509
sector_excess_return,Real Estate_excess,1,5,Ridge,PC3,1.6306708049043688e-05
sector_excess_return,Real Estate_excess,1,5,Ridge,PC4,-0.0002916787563513521
sector_excess_return,Real Estate_excess,1,5,Ridge,PC5,-0.00041318611341679355
sector_excess_return,Real Estate_excess,1,5,Lasso,PC1,0.0
sector_excess_return,Real Estate_excess,1,5,Lasso,PC2,0.0
sector_excess_return,Real Estate_excess,1,5,Lasso,PC3,0.0
sector_excess_return,Real Estate_excess,1,5,Lasso,PC4,-0.0
sector_excess_return,Real Estate_excess,1,5,Lasso,PC5,-0.0
sector_excess_return,Real Estate_excess,1,5,ElasticNet,PC1,0.0
sector_excess_return,Real Estate_excess,1,5,ElasticNet,PC2,0.0
sector_excess_return,Real Estate_excess,1,5,ElasticNet,PC3,0.0
sector_excess_return,Real Estate_excess,1,5,ElasticNet,PC4,-0.0
sector_excess_return,Real Estate_excess,1,5,ElasticNet,PC5,-0.0
sector_excess_return,Utilities_excess,1,5,OLS,PC1,0.006300925626234619
sector_excess_return,Utilities_excess,1,5,OLS,PC2,0.0037874613507179905
sector_excess_return,Utilities_excess,1,5,OLS,PC3,0.0038407457673401047
sector_excess_return,Utilities_excess,1,5,OLS,PC4,0.002302017515287622
sector_excess_return,Utilities_excess,1,5,OLS,PC5,-0.005435864111542603
sector_excess_return,Utilities_excess,1,5,Ridge,PC1,0.000364083037333935
sector_excess_return,Utilities_excess,1,5,Ridge,PC2,1.4069361661089765e-05
sector_excess_return,Utilities_excess,1,5,Ridge,PC3,8.522161506636004e-05
sector_excess_return,Utilities_excess,1,5,Ridge,PC4,0.00015973830894829396
sector_excess_return,Utilities_excess,1,5,Ridge,PC5,-0.00044727240188260757
sector_excess_return,Utilities_excess,1,5,Lasso,PC1,0.0
sector_excess_return,Utilities_excess,1,5,Lasso,PC2,-0.0
sector_excess_return,Utilities_excess,1,5,Lasso,PC3,0.0
sector_excess_return,Utilities_excess,1,5,Lasso,PC4,0.0
sector_excess_return,Utilities_excess,1,5,Lasso,PC5,-0.0
sector_excess_return,Utilities_excess,1,5,ElasticNet,PC1,0.0
sector_excess_return,Utilities_excess,1,5,ElasticNet,PC2,-0.0
sector_excess_return,Utilities_excess,1,5,ElasticNet,PC3,0.0
sector_excess_return,Utilities_excess,1,5,ElasticNet,PC4,0.0
sector_excess_return,Utilities_excess,1,5,ElasticNet,PC5,-0.0
sector_excess_return,Health Care_excess,1,5,OLS,PC1,0.00429517905230844
sector_excess_return,Health Care_excess,1,5,OLS,PC2,0.0038088060738847274
sector_excess_return,Health Care_excess,1,5,OLS,PC3,-0.0008935924939653699
sector_excess_return,Health Care_excess,1,5,OLS,PC4,-0.00044429071818019946
sector_excess_return,Health Care_excess,1,5,OLS,PC5,-0.0030259931532690457
sector_excess_return,Health Care_excess,1,5,Ridge,PC1,0.00024466265972954447
sector_excess_return,Health Care_excess,1,5,Ridge,PC2,0.00019484392005161412
sector_excess_return,Health Care_excess,1,5,Ridge,PC3,-0.00025294215701181054
sector_excess_return,Health Care_excess,1,5,Ridge,PC4,-2.8581956971738923e-05
sector_excess_return,Health Care_excess,1,5,Ridge,PC5,-0.0002909245890910233
sector_excess_return,Health Care_excess,1,5,Lasso,PC1,0.0
sector_excess_return,Health Care_excess,1,5,Lasso,PC2,0.0
sector_excess_return,Health Care_excess,1,5,Lasso,PC3,-0.0
sector_excess_return,Health Care_excess,1,5,Lasso,PC4,-0.0
sector_excess_return,Health Care_excess,1,5,Lasso,PC5,-0.00021905510613112744
sector_excess_return,Health Care_excess,1,5,ElasticNet,PC1,0.0
sector_excess_return,Health Care_excess,1,5,ElasticNet,PC2,0.0
sector_excess_return,Health Care_excess,1,5,ElasticNet,PC3,-2.0852373828061395e-05
sector_excess_return,Health Care_excess,1,5,ElasticNet,PC4,-0.0
sector_excess_return,Health Care_excess,1,5,ElasticNet,PC5,-0.00037787890632123746
sector_excess_return,Consumer Discretionary_excess,1,5,OLS,PC1,-0.004360539051400453
sector_excess_return,Consumer Discretionary_excess,1,5,OLS,PC2,0.0006726185406555522
sector_excess_return,Consumer Discretionary_excess,1,5,OLS,PC3,-0.004482259949267043
sector_excess_return,Consumer Discretionary_excess,1,5,OLS,PC4,-0.001065499658730465
sector_excess_return,Consumer Discretionary_excess,1,5,OLS,PC5,0.0023010157190537024
sector_excess_return,Consumer Discretionary_excess,1,5,Ridge,PC1,-0.00032577975718103694
sector_excess_return,Consumer Discretionary_excess,1,5,Ridge,PC2,0.0003136298713269711
sector_excess_return,Consumer Discretionary_excess,1,5,Ridge,PC3,-0.0002989111531360671
sector_excess_return,Consumer Discretionary_excess,1,5,Ridge,PC4,-7.816016966154714e-05
sector_excess_return,Consumer Discretionary_excess,1,5,Ridge,PC5,0.00017783401347090658
sector_excess_return,Consumer Discretionary_excess,1,5,Lasso,PC1,-0.0006266938762986004
sector_excess_return,Consumer Discretionary_excess,1,5,Lasso,PC2,0.0003008938293486292
sector_excess_return,Consumer Discretionary_excess,1,5,Lasso,PC3,-0.0003429253088415988
sector_excess_return,Consumer Discretionary_excess,1,5,Lasso,PC4,-0.0
sector_excess_return,Consumer Discretionary_excess,1,5,Lasso,PC5,0.0
sector_excess_return,Consumer Discretionary_excess,1,5,ElasticNet,PC1,-0.0006024122676166098
sector_excess_return,Consumer Discretionary_excess,1,5,ElasticNet,PC2,0.0003078062378024099
sector_excess_return,Consumer Discretionary_excess,1,5,ElasticNet,PC3,-0.00032599325396088797
sector_excess_return,Consumer Discretionary_excess,1,5,ElasticNet,PC4,-0.0
sector_excess_return,Consumer Discretionary_excess,1,5,ElasticNet,PC5,0.0
sector_excess_return,Materials_excess,1,10,OLS,PC1,-0.011894712901071854
sector_excess_return,Materials_excess,1,10,OLS,PC2,-0.0066596596160156014
sector_excess_return,Materials_excess,1,10,OLS,PC3,-0.004914816423248816
sector_excess_return,Materials_excess,1,10,OLS,PC4,0.002790058712203463
sector_excess_return,Materials_excess,1,10,OLS,PC5,-0.006551688225728765
sector_excess_return,Materials_excess,1,10,OLS,PC6,0.003973215793614704
sector_excess_return,Materials_excess,1,10,OLS,PC7,-0.000680245792575504
sector_excess_return,Materials_excess,1,10,OLS,PC8,0.0006950856250845574
sector_excess_return,Materials_excess,1,10,OLS,PC9,-0.00768386541489082
sector_excess_return,Materials_excess,1,10,OLS,PC10,0.00571888661915937
sector_excess_return,Materials_excess,1,10,Ridge,PC1,-0.00044557324798102195
sector_excess_return,Materials_excess,1,10,Ridge,PC2,6.731968550117492e-05
sector_excess_return,Materials_excess,1,10,Ridge,PC3,0.0001000671066173846
sector_excess_return,Materials_excess,1,10,Ridge,PC4,-5.5379791121181755e-05
sector_excess_return,Materials_excess,1,10,Ridge,PC5,-0.0003753535351241286
sector_excess_return,Materials_excess,1,10,Ridge,PC6,0.00028297648884994674
sector_excess_return,Materials_excess,1,10,Ridge,PC7,1.1395622937286984e-05
sector_excess_return,Materials_excess,1,10,Ridge,PC8,-2.84298917756999e-05
sector_excess_return,Materials_excess,1,10,Ridge,PC9,-7.37888422349759e-05
sector_excess_return,Materials_excess,1,10,Ridge,PC10,0.0005044922108427588
sector_excess_return,Materials_excess,1,10,Lasso,PC1,-0.001911613758797069
sector_excess_return,Materials_excess,1,10,Lasso,PC2,0.0
sector_excess_return,Materials_excess,1,10,Lasso,PC3,0.0
sector_excess_return,Materials_excess,1,10,Lasso,PC4,-0.0
sector_excess_return,Materials_excess,1,10,Lasso,PC5,-0.0014264353442660076
sector_excess_return,Materials_excess,1,10,Lasso,PC6,0.00033452915688839146
sector_excess_return,Materials_excess,1,10,Lasso,PC7,0.0
sector_excess_return,Materials_excess,1,10,Lasso,PC8,-0.0
sector_excess_return,Materials_excess,1,10,Lasso,PC9,-0.0
sector_excess_return,Materials_excess,1,10,Lasso,PC10,0.0026677505169403447
sector_excess_return,Materials_excess,1,10,ElasticNet,PC1,-0.002217779673345594
sector_excess_return,Materials_excess,1,10,ElasticNet,PC2,0.0
sector_excess_return,Materials_excess,1,10,ElasticNet,PC3,0.0
sector_excess_return,Materials_excess,1,10,ElasticNet,PC4,0.0
sector_excess_return,Materials_excess,1,10,ElasticNet,PC5,-0.0017816853208726237
sector_excess_return,Materials_excess,1,10,ElasticNet,PC6,0.000687994913841193
sector_excess_return,Materials_excess,1,10,ElasticNet,PC7,0.0
sector_excess_return,Materials_excess,1,10,ElasticNet,PC8,-0.0
sector_excess_return,Materials_excess,1,10,ElasticNet,PC9,-0.0
sector_excess_return,Materials_excess,1,10,ElasticNet,PC10,0.00303779279615406
sector_excess_return,Communication Services_excess,1,10,OLS,PC1,-0.008814866379069725
sector_excess_return,Communication Services_excess,1,10,OLS,PC2,-0.008142140513191322
sector_excess_return,Communication Services_excess,1,10,OLS,PC3,-0.007082471250296867
sector_excess_return,Communication Services_excess,1,10,OLS,PC4,0.0090933992599956
sector_excess_return,Communication Services_excess,1,10,OLS,PC5,-0.003020875531602296
sector_excess_return,Communication Services_excess,1,10,OLS,PC6,0.005626887838731201
sector_excess_return,Communication Services_excess,1,10,OLS,PC7,0.00025403911146473557
sector_excess_return,Communication Services_excess,1,10,OLS,PC8,-0.0008363891031161246
sector_excess_return,Communication Services_excess,1,10,OLS,PC9,-0.006012770303979978
sector_excess_return,Communication Services_excess,1,10,OLS,PC10,-0.006020091123545631
sector_excess_return,Communication Services_excess,1,10,Ridge,PC1,-0.004618801344587432
sector_excess_return,Communication Services_excess,1,10,Ridge,PC2,-0.004270683871622995
sector_excess_return,Communication Services_excess,1,10,Ridge,PC3,-0.0040620745830255885
sector_excess_return,Communication Services_excess,1,10,Ridge,PC4,0.0075921929017794265
sector_excess_return,Communication Services_excess,1,10,Ridge,PC5,-0.002122324236677972
sector_excess_return,Communication Services_excess,1,10,Ridge,PC6,0.005126919500989522
sector_excess_return,Communication Services_excess,1,10,Ridge,PC7,0.0005491699402997238
sector_excess_return,Communication Services_excess,1,10,Ridge,PC8,-0.0009997346603694247
sector_excess_return,Communication Services_excess,1,10,Ridge,PC9,-0.0028025576866991557
sector_excess_return,Communication Services_excess,1,10,Ridge,PC10,-0.0051455112866490085
sector_excess_return,Communication Services_excess,1,10,Lasso,PC1,0.0
sector_excess_return,Communication Services_excess,1,10,Lasso,PC2,-0.0
sector_excess_return,Communication Services_excess,1,10,Lasso,PC3,-0.0
sector_excess_return,Communication Services_excess,1,10,Lasso,PC4,0.0
sector_excess_return,Communication Services_excess,1,10,Lasso,PC5,-0.0
sector_excess_return,Communication Services_excess,1,10,Lasso,PC6,0.0
sector_excess_return,Communication Services_excess,1,10,Lasso,PC7,0.0
sector_excess_return,Communication Services_excess,1,10,Lasso,PC8,-0.0
sector_excess_return,Communication Services_excess,1,10,Lasso,PC9,0.0
sector_excess_return,Communication Services_excess,1,10,Lasso,PC10,-0.0
sector_excess_return,Communication Services_excess,1,10,ElasticNet,PC1,0.0
sector_excess_return,Communication Services_excess,1,10,ElasticNet,PC2,-0.0
sector_excess_return,Communication Services_excess,1,10,ElasticNet,PC3,-0.0
sector_excess_return,Communication Services_excess,1,10,ElasticNet,PC4,0.0
sector_excess_return,Communication Services_excess,1,10,ElasticNet,PC5,-0.0
sector_excess_return,Communication Services_excess,1,10,ElasticNet,PC6,0.0
sector_excess_return,Communication Services_excess,1,10,ElasticNet,PC7,0.0
sector_excess_return,Communication Services_excess,1,10,ElasticNet,PC8,-0.0
sector_excess_return,Communication Services_excess,1,10,ElasticNet,PC9,0.0
sector_excess_return,Communication Services_excess,1,10,ElasticNet,PC10,-0.0
sector_excess_return,Energy_excess,1,10,OLS,PC1,-0.014465942942416758
sector_excess_return,Energy_excess,1,10,OLS,PC2,-0.013826332327610678
sector_excess_return,Energy_excess,1,10,OLS,PC3,-0.004678922468914401
sector_excess_return,Energy_excess,1,10,OLS,PC4,-0.0009109222031533058
sector_excess_return,Energy_excess,1,10,OLS,PC5,-0.0146844126745203
sector_excess_return,Energy_excess,1,10,OLS,PC6,0.003932907412692721
sector_excess_return,Energy_excess,1,10,OLS,PC7,-0.001148524811769481
sector_excess_return,Energy_excess,1,10,OLS,PC8,0.010163818758189452
sector_excess_return,Energy_excess,1,10,OLS,PC9,-0.0025292625770062726
sector_excess_return,Energy_excess,1,10,OLS,PC10,0.0176554617873557
sector_excess_return,Energy_excess,1,10,Ridge,PC1,-0.001524173188739389
sector_excess_return,Energy_excess,1,10,Ridge,PC2,-0.0017866983173261465
sector_excess_return,Energy_excess,1,10,Ridge,PC3,0.0005682361850211175
sector_excess_return,Energy_excess,1,10,Ridge,PC4,-0.001404895077010204
sector_excess_return,Energy_excess,1,10,Ridge,PC5,-0.0026992355296934422
sector_excess_return,Energy_excess,1,10,Ridge,PC6,0.0006655121651879888
sector_excess_return,Energy_excess,1,10,Ridge,PC7,8.598929710607692e-05
sector_excess_return,Energy_excess,1,10,Ridge,PC8,0.002408162338464158
sector_excess_return,Energy_excess,1,10,Ridge,PC9,0.001669204701449161
sector_excess_return,Energy_excess,1,10,Ridge,PC10,0.004221888673522923
sector_excess_return,Energy_excess,1,10,Lasso,PC1,-0.0
sector_excess_return,Energy_excess,1,10,Lasso,PC2,-0.0
sector_excess_return,Energy_excess,1,10,Lasso,PC3,0.0
sector_excess_return,Energy_excess,1,10,Lasso,PC4,-0.0
sector_excess_return,Energy_excess,1,10,Lasso,PC5,-0.0
sector_excess_return,Energy_excess,1,10,Lasso,PC6,0.0
sector_excess_return,Energy_excess,1,10,Lasso,PC7,0.0
sector_excess_return,Energy_excess,1,10,Lasso,PC8,0.0
sector_excess_return,Energy_excess,1,10,Lasso,PC9,0.0
sector_excess_return,Energy_excess,1,10,Lasso,PC10,0.0
sector_excess_return,Energy_excess,1,10,ElasticNet,PC1,-0.0
sector_excess_return,Energy_excess,1,10,ElasticNet,PC2,-0.0
sector_excess_return,Energy_excess,1,10,ElasticNet,PC3,0.0
sector_excess_return,Energy_excess,1,10,ElasticNet,PC4,-0.0
sector_excess_return,Energy_excess,1,10,ElasticNet,PC5,-0.0
sector_excess_return,Energy_excess,1,10,ElasticNet,PC6,0.0
sector_excess_return,Energy_excess,1,10,ElasticNet,PC7,0.0
sector_excess_return,Energy_excess,1,10,ElasticNet,PC8,0.0
sector_excess_return,Energy_excess,1,10,ElasticNet,PC9,0.0
sector_excess_return,Energy_excess,1,10,ElasticNet,PC10,0.0
sector_excess_return,Financials_excess,1,10,OLS,PC1,0.004690575813515726
sector_excess_return,Financials_excess,1,10,OLS,PC2,0.00436875714768741
sector_excess_return,Financials_excess,1,10,OLS,PC3,-0.0020407332555579007
sector_excess_return,Financials_excess,1,10,OLS,PC4,0.0014827276429867076
sector_excess_return,Financials_excess,1,10,OLS,PC5,-0.0051132929135433
sector_excess_return,Financials_excess,1,10,OLS,PC6,0.003777712618853306
sector_excess_return,Financials_excess,1,10,OLS,PC7,-0.0005297893123328712
sector_excess_return,Financials_excess,1,10,OLS,PC8,-0.0037733852348024103
sector_excess_return,Financials_excess,1,10,OLS,PC9,0.007346063886082758
sector_excess_return,Financials_excess,1,10,OLS,PC10,0.0035050313887256715
sector_excess_return,Financials_excess,1,10,Ridge,PC1,0.0005025573910658551
sector_excess_return,Financials_excess,1,10,Ridge,PC2,0.0004295372262888912
sector_excess_return,Financials_excess,1,10,Ridge,PC3,-0.0017735122503803004
sector_excess_return,Financials_excess,1,10,Ridge,PC4,0.0006713077047238553
sector_excess_return,Financials_excess,1,10,Ridge,PC5,-0.00197056095215439
sector_excess_return,Financials_excess,1,10,Ridge,PC6,0.0011876113295644492
sector_excess_return,Financials_excess,1,10,Ridge,PC7,-0.0002827522070281858
sector_excess_return,Financials_excess,1,10,Ridge,PC8,-0.001281741416965012
sector_excess_return,Financials_excess,1,10,Ridge,PC9,0.0019275073900480366
sector_excess_return,Financials_excess,1,10,Ridge,PC10,0.000759319415059123
sector_excess_return,Financials_excess,1,10,Lasso,PC1,0.0
sector_excess_return,Financials_excess,1,10,Lasso,PC2,0.0
sector_excess_return,Financials_excess,1,10,Lasso,PC3,-0.0
sector_excess_return,Financials_excess,1,10,Lasso,PC4,0.0
sector_excess_return,Financials_excess,1,10,Lasso,PC5,-0.0
sector_excess_return,Financials_excess,1,10,Lasso,PC6,0.0
sector_excess_return,Financials_excess,1,10,Lasso,PC7,-0.0
sector_excess_return,Financials_excess,1,10,Lasso,PC8,-0.0
sector_excess_return,Financials_excess,1,10,Lasso,PC9,0.0
sector_excess_return,Financials_excess,1,10,Lasso,PC10,0.0
sector_excess_return,Financials_excess,1,10,ElasticNet,PC1,0.0
sector_excess_return,Financials_excess,1,10,ElasticNet,PC2,0.0
sector_excess_return,Financials_excess,1,10,ElasticNet,PC3,-0.0
sector_excess_return,Financials_excess,1,10,ElasticNet,PC4,0.0
sector_excess_return,Financials_excess,1,10,ElasticNet,PC5,-0.0
sector_excess_return,Financials_excess,1,10,ElasticNet,PC6,0.0
sector_excess_return,Financials_excess,1,10,ElasticNet,PC7,-0.0
sector_excess_return,Financials_excess,1,10,ElasticNet,PC8,-0.0
sector_excess_return,Financials_excess,1,10,ElasticNet,PC9,0.0
sector_excess_return,Financials_excess,1,10,ElasticNet,PC10,0.0
sector_excess_return,Industrials_excess,1,10,OLS,PC1,-0.004718982314521071
sector_excess_return,Industrials_excess,1,10,OLS,PC2,-0.0017814243599192062
sector_excess_return,Industrials_excess,1,10,OLS,PC3,-0.0024426064882714484
sector_excess_return,Industrials_excess,1,10,OLS,PC4,0.0014456626337694515
sector_excess_return,Industrials_excess,1,10,OLS,PC5,-0.0006301691560044842
sector_excess_return,Industrials_excess,1,10,OLS,PC6,0.0051293130756613755
sector_excess_return,Industrials_excess,1,10,OLS,PC7,-0.0017158282514510407
sector_excess_return,Industrials_excess,1,10,OLS,PC8,-0.0011706155126681183
sector_excess_return,Industrials_excess,1,10,OLS,PC9,-0.0003398773735449373
sector_excess_return,Industrials_excess,1,10,OLS,PC10,0.005924328574441215
sector_excess_return,Industrials_excess,1,10,Ridge,PC1,-0.00027851561731896224
sector_excess_return,Industrials_excess,1,10,Ridge,PC2,1.170506368878194e-05
sector_excess_return,Industrials_excess,1,10,Ridge,PC3,-2.793286015086662e-05
sector_excess_return,Industrials_excess,1,10,Ridge,PC4,5.1395234793696995e-05
sector_excess_return,Industrials_excess,1,10,Ridge,PC5,2.8964163964814503e-05
sector_excess_return,Industrials_excess,1,10,Ridge,PC6,0.00038858666447936916
sector_excess_return,Industrials_excess,1,10,Ridge,PC7,-0.00017203163185926387
sector_excess_return,Industrials_excess,1,10,Ridge,PC8,-0.00011526849763884987
sector_excess_return,Industrials_excess,1,10,Ridge,PC9,0.0001780461567231864
sector_excess_return,Industrials_excess,1,10,Ridge,PC10,0.000495769848503801
sector_excess_return,Industrials_excess,1,10,Lasso,PC1,-0.0
sector_excess_return,Industrials_excess,1,10,Lasso,PC2,0.0
sector_excess_return,Industrials_excess,1,10,Lasso,PC3,-0.0
sector_excess_return,Industrials_excess,1,10,Lasso,PC4,0.0
sector_excess_return,Industrials_excess,1,10,Lasso,PC5,0.0
sector_excess_return,Industrials_excess,1,10,Lasso,PC6,0.0
sector_excess_return,Industrials_excess,1,10,Lasso,PC7,-0.0
sector_excess_return,Industrials_excess,1,10,Lasso,PC8,-0.0
sector_excess_return,Industrials_excess,1,10,Lasso,PC9,0.0
sector_excess_return,Industrials_excess,1,10,Lasso,PC10,0.0
sector_excess_return,Industrials_excess,1,10,ElasticNet,PC1,-0.0
sector_excess_return,Industrials_excess,1,10,ElasticNet,PC2,0.0
sector_excess_return,Industrials_excess,1,10,ElasticNet,PC3,-0.0
sector_excess_return,Industrials_excess,1,10,ElasticNet,PC4,0.0
sector_excess_return,Industrials_excess,1,10,ElasticNet,PC5,0.0
sector_excess_return,Industrials_excess,1,10,ElasticNet,PC6,0.0
sector_excess_return,Industrials_excess,1,10,ElasticNet,PC7,-0.0
sector_excess_return,Industrials_excess,1,10,ElasticNet,PC8,-0.0
sector_excess_return,Industrials_excess,1,10,ElasticNet,PC9,0.0
sector_excess_return,Industrials_excess,1,10,ElasticNet,PC10,0.0
sector_excess_return,Technology_excess,1,10,OLS,PC1,0.0026737387361938396
sector_excess_return,Technology_excess,1,10,OLS,PC2,0.0009403176484192649
sector_excess_return,Technology_excess,1,10,OLS,PC3,0.006233318661641268
sector_excess_return,Technology_excess,1,10,OLS,PC4,-0.0037680283355731813
sector_excess_return,Technology_excess,1,10,OLS,PC5,0.005693122875014608
sector_excess_return,Technology_excess,1,10,OLS,PC6,-0.008992651673822483
sector_excess_return,Technology_excess,1,10,OLS,PC7,0.0029663463963891484
sector_excess_return,Technology_excess,1,10,OLS,PC8,-0.0038626774359025824
sector_excess_return,Technology_excess,1,10,OLS,PC9,0.0010415035035262349
sector_excess_return,Technology_excess,1,10,OLS,PC10,-0.0051722906025796
sector_excess_return,Technology_excess,1,10,Ridge,PC1,2.612447100592397e-05
sector_excess_return,Technology_excess,1,10,Ridge,PC2,-0.0003258450532857975
sector_excess_return,Technology_excess,1,10,Ridge,PC3,0.002271630463757787
sector_excess_return,Technology_excess,1,10,Ridge,PC4,-0.001268756316572601
sector_excess_return,Technology_excess,1,10,Ridge,PC5,0.0021916563834457814
sector_excess_return,Technology_excess,1,10,Ridge,PC6,-0.004003359163571529
sector_excess_return,Technology_excess,1,10,Ridge,PC7,0.001230797488688476
sector_excess_return,Technology_excess,1,10,Ridge,PC8,-0.0015221676360752739
sector_excess_return,Technology_excess,1,10,Ridge,PC9,-0.0009148619393669406
sector_excess_return,Technology_excess,1,10,Ridge,PC10,-0.002253795424454542
sector_excess_return,Technology_excess,1,10,Lasso,PC1,-0.0
sector_excess_return,Technology_excess,1,10,Lasso,PC2,-0.0
sector_excess_return,Technology_excess,1,10,Lasso,PC3,0.0
sector_excess_return,Technology_excess,1,10,Lasso,PC4,-0.0
sector_excess_return,Technology_excess,1,10,Lasso,PC5,0.0
sector_excess_return,Technology_excess,1,10,Lasso,PC6,-0.0008730927707463279
sector_excess_return,Technology_excess,1,10,Lasso,PC7,0.0
sector_excess_return,Technology_excess,1,10,Lasso,PC8,-0.0
sector_excess_return,Technology_excess,1,10,Lasso,PC9,-0.0
sector_excess_return,Technology_excess,1,10,Lasso,PC10,-0.0
sector_excess_return,Technology_excess,1,10,ElasticNet,PC1,-0.0
sector_excess_return,Technology_excess,1,10,ElasticNet,PC2,-0.0
sector_excess_return,Technology_excess,1,10,ElasticNet,PC3,0.0
sector_excess_return,Technology_excess,1,10,ElasticNet,PC4,-0.0
sector_excess_return,Technology_excess,1,10,ElasticNet,PC5,0.0
sector_excess_return,Technology_excess,1,10,ElasticNet,PC6,-0.0015533265707309923
sector_excess_return,Technology_excess,1,10,ElasticNet,PC7,0.0
sector_excess_return,Technology_excess,1,10,ElasticNet,PC8,-0.0
sector_excess_return,Technology_excess,1,10,ElasticNet,PC9,-0.0
sector_excess_return,Technology_excess,1,10,ElasticNet,PC10,-0.0
sector_excess_return,Consumer Staples_excess,1,10,OLS,PC1,0.005863722583893798
sector_excess_return,Consumer Staples_excess,1,10,OLS,PC2,0.0068890975802377245
sector_excess_return,Consumer Staples_excess,1,10,OLS,PC3,0.002823056204819723
sector_excess_return,Consumer Staples_excess,1,10,OLS,PC4,0.0007225772463610761
sector_excess_return,Consumer Staples_excess,1,10,OLS,PC5,-0.00412834100938211
sector_excess_return,Consumer Staples_excess,1,10,OLS,PC6,0.0018503114409756253
sector_excess_return,Consumer Staples_excess,1,10,OLS,PC7,-0.0038835911914614344
sector_excess_return,Consumer Staples_excess,1,10,OLS,PC8,0.005778341755678641
sector_excess_return,Consumer Staples_excess,1,10,OLS,PC9,-0.0005980166680857721
sector_excess_return,Consumer Staples_excess,1,10,OLS,PC10,0.006275670418826645
sector_excess_return,Consumer Staples_excess,1,10,Ridge,PC1,0.0002211372198945827
sector_excess_return,Consumer Staples_excess,1,10,Ridge,PC2,0.00019619659556379386
sector_excess_return,Consumer Staples_excess,1,10,Ridge,PC3,-1.8242638324754246e-05
sector_excess_return,Consumer Staples_excess,1,10,Ridge,PC4,-3.488980946552988e-06
sector_excess_return,Consumer Staples_excess,1,10,Ridge,PC5,-0.00025092738276616476
sector_excess_return,Consumer Staples_excess,1,10,Ridge,PC6,5.24473935196482e-05
sector_excess_return,Consumer Staples_excess,1,10,Ridge,PC7,-0.0003262479112031629
sector_excess_return,Consumer Staples_excess,1,10,Ridge,PC8,0.00040439171903757935
sector_excess_return,Consumer Staples_excess,1,10,Ridge,PC9,-0.0002605875025401969
sector_excess_return,Consumer Staples_excess,1,10,Ridge,PC10,0.0004664647316552389
sector_excess_return,Consumer Staples_excess,1,10,Lasso,PC1,0.0
sector_excess_return,Consumer Staples_excess,1,10,Lasso,PC2,0.0
sector_excess_return,Consumer Staples_excess,1,10,Lasso,PC3,-0.0
sector_excess_return,Consumer Staples_excess,1,10,Lasso,PC4,-0.0
sector_excess_return,Consumer Staples_excess,1,10,Lasso,PC5,-0.0
sector_excess_return,Consumer Staples_excess,1,10,Lasso,PC6,0.0
sector_excess_return,Consumer Staples_excess,1,10,Lasso,PC7,-0.0
sector_excess_return,Consumer Staples_excess,1,10,Lasso,PC8,0.0
sector_excess_return,Consumer Staples_excess,1,10,Lasso,PC9,-0.0
sector_excess_return,Consumer Staples_excess,1,10,Lasso,PC10,0.0007213373036508325
sector_excess_return,Consumer Staples_excess,1,10,ElasticNet,PC1,0.0
sector_excess_return,Consumer Staples_excess,1,10,ElasticNet,PC2,0.0
sector_excess_return,Consumer Staples_excess,1,10,ElasticNet,PC3,-0.0
sector_excess_return,Consumer Staples_excess,1,10,ElasticNet,PC4,-0.0
sector_excess_return,Consumer Staples_excess,1,10,ElasticNet,PC5,-0.0
sector_excess_return,Consumer Staples_excess,1,10,ElasticNet,PC6,0.0
sector_excess_return,Consumer Staples_excess,1,10,ElasticNet,PC7,-0.0
sector_excess_return,Consumer Staples_excess,1,10,ElasticNet,PC8,0.0
sector_excess_return,Consumer Staples_excess,1,10,ElasticNet,PC9,-0.0
sector_excess_return,Consumer Staples_excess,1,10,ElasticNet,PC10,0.0006924122662608372
sector_excess_return,Real Estate_excess,1,10,OLS,PC1,0.008581302054495962
sector_excess_return,Real Estate_excess,1,10,OLS,PC2,0.008765280260797982
sector_excess_return,Real Estate_excess,1,10,OLS,PC3,0.005422810337747847
sector_excess_return,Real Estate_excess,1,10,OLS,PC4,-0.00349138810967638
sector_excess_return,Real Estate_excess,1,10,OLS,PC5,-0.004222452217274194
sector_excess_return,Real Estate_excess,1,10,OLS,PC6,0.00011133354113614733
sector_excess_return,Real Estate_excess,1,10,OLS,PC7,-0.003266496447391597
sector_excess_return,Real Estate_excess,1,10,OLS,PC8,0.005338740232102691
sector_excess_return,Real Estate_excess,1,10,OLS,PC9,0.0053515144885412065
sector_excess_return,Real Estate_excess,1,10,OLS,PC10,0.0017721154876678166
sector_excess_return,Real Estate_excess,1,10,Ridge,PC1,0.00015375900636834463
sector_excess_return,Real Estate_excess,1,10,Ridge,PC2,0.00013783151446907342
sector_excess_return,Real Estate_excess,1,10,Ridge,PC3,1.7482768639234092e-05
sector_excess_return,Real Estate_excess,1,10,Ridge,PC4,-0.0002907610923684077
sector_excess_return,Real Estate_excess,1,10,Ridge,PC5,-0.00041826679645712446
sector_excess_return,Real Estate_excess,1,10,Ridge,PC6,-2.4630967489443587e-05
sector_excess_return,Real Estate_excess,1,10,Ridge,PC7,-0.0002496810356772369
sector_excess_return,Real Estate_excess,1,10,Ridge,PC8,0.0004246686467458797
sector_excess_return,Real Estate_excess,1,10,Ridge,PC9,6.324487392569782e-05
sector_excess_return,Real Estate_excess,1,10,Ridge,PC10,7.894367433579732e-05
sector_excess_return,Real Estate_excess,1,10,Lasso,PC1,0.0
sector_excess_return,Real Estate_excess,1,10,Lasso,PC2,0.0
sector_excess_return,Real Estate_excess,1,10,Lasso,PC3,0.0
sector_excess_return,Real Estate_excess,1,10,Lasso,PC4,-0.0
sector_excess_return,Real Estate_excess,1,10,Lasso,PC5,-0.00020135364242948858
sector_excess_return,Real Estate_excess,1,10,Lasso,PC6,-0.0
sector_excess_return,Real Estate_excess,1,10,Lasso,PC7,-0.0
sector_excess_return,Real Estate_excess,1,10,Lasso,PC8,0.00023730751713173573
sector_excess_return,Real Estate_excess,1,10,Lasso,PC9,0.0
sector_excess_return,Real Estate_excess,1,10,Lasso,PC10,0.0
sector_excess_return,Real Estate_excess,1,10,ElasticNet,PC1,0.0
sector_excess_return,Real Estate_excess,1,10,ElasticNet,PC2,0.0
sector_excess_return,Real Estate_excess,1,10,ElasticNet,PC3,0.0
sector_excess_return,Real Estate_excess,1,10,ElasticNet,PC4,-0.0
sector_excess_return,Real Estate_excess,1,10,ElasticNet,PC5,-0.0006996021662980664
sector_excess_return,Real Estate_excess,1,10,ElasticNet,PC6,-0.0
sector_excess_return,Real Estate_excess,1,10,ElasticNet,PC7,-0.0
sector_excess_return,Real Estate_excess,1,10,ElasticNet,PC8,0.000735540441160703
sector_excess_return,Real Estate_excess,1,10,ElasticNet,PC9,0.0
sector_excess_return,Real Estate_excess,1,10,ElasticNet,PC10,0.0
sector_excess_return,Utilities_excess,1,10,OLS,PC1,0.002981777970920069
sector_excess_return,Utilities_excess,1,10,OLS,PC2,0.0024284263224557
sector_excess_return,Utilities_excess,1,10,OLS,PC3,0.0014016494699028185
sector_excess_return,Utilities_excess,1,10,OLS,PC4,0.00412240784564906
sector_excess_return,Utilities_excess,1,10,OLS,PC5,-0.007346317109000018
sector_excess_return,Utilities_excess,1,10,OLS,PC6,0.004843224020934133
sector_excess_return,Utilities_excess,1,10,OLS,PC7,-0.0014495544219101037
sector_excess_return,Utilities_excess,1,10,OLS,PC8,0.008518096778412441
sector_excess_return,Utilities_excess,1,10,OLS,PC9,-0.005301453614937529
sector_excess_return,Utilities_excess,1,10,OLS,PC10,0.0032538016691256123
sector_excess_return,Utilities_excess,1,10,Ridge,PC1,0.00035237161645574916
sector_excess_return,Utilities_excess,1,10,Ridge,PC2,1.733734525477778e-05
sector_excess_return,Utilities_excess,1,10,Ridge,PC3,7.55633046594687e-05
sector_excess_return,Utilities_excess,1,10,Ridge,PC4,0.000167345623984964
sector_excess_return,Utilities_excess,1,10,Ridge,PC5,-0.0004559852383113923
sector_excess_return,Utilities_excess,1,10,Ridge,PC6,0.00033412784956700993
sector_excess_return,Utilities_excess,1,10,Ridge,PC7,-5.754846721775983e-05
sector_excess_return,Utilities_excess,1,10,Ridge,PC8,0.0005880998742586095
sector_excess_return,Utilities_excess,1,10,Ridge,PC9,-0.00039932380845097206
sector_excess_return,Utilities_excess,1,10,Ridge,PC10,0.00017990001194356363
sector_excess_return,Utilities_excess,1,10,Lasso,PC1,0.0
sector_excess_return,Utilities_excess,1,10,Lasso,PC2,-0.0
sector_excess_return,Utilities_excess,1,10,Lasso,PC3,0.0
sector_excess_return,Utilities_excess,1,10,Lasso,PC4,0.0
sector_excess_return,Utilities_excess,1,10,Lasso,PC5,-0.0
sector_excess_return,Utilities_excess,1,10,Lasso,PC6,0.0
sector_excess_return,Utilities_excess,1,10,Lasso,PC7,-0.0
sector_excess_return,Utilities_excess,1,10,Lasso,PC8,0.0
sector_excess_return,Utilities_excess,1,10,Lasso,PC9,-0.0
sector_excess_return,Utilities_excess,1,10,Lasso,PC10,0.0
sector_excess_return,Utilities_excess,1,10,ElasticNet,PC1,0.0
sector_excess_return,Utilities_excess,1,10,ElasticNet,PC2,-0.0
sector_excess_return,Utilities_excess,1,10,ElasticNet,PC3,0.0
sector_excess_return,Utilities_excess,1,10,ElasticNet,PC4,0.0
sector_excess_return,Utilities_excess,1,10,ElasticNet,PC5,-0.0
sector_excess_return,Utilities_excess,1,10,ElasticNet,PC6,0.0
sector_excess_return,Utilities_excess,1,10,ElasticNet,PC7,-0.0
sector_excess_return,Utilities_excess,1,10,ElasticNet,PC8,0.0
sector_excess_return,Utilities_excess,1,10,ElasticNet,PC9,-0.0
sector_excess_return,Utilities_excess,1,10,ElasticNet,PC10,0.0
sector_excess_return,Health Care_excess,1,10,OLS,PC1,5.2145389984376874e-05
sector_excess_return,Health Care_excess,1,10,OLS,PC2,0.0010958813923656698
sector_excess_return,Health Care_excess,1,10,OLS,PC3,-0.004085436898767553
sector_excess_return,Health Care_excess,1,10,OLS,PC4,0.0010375097335382792
sector_excess_return,Health Care_excess,1,10,OLS,PC5,-0.0049307323606110984
sector_excess_return,Health Care_excess,1,10,OLS,PC6,0.003512612105185055
sector_excess_return,Health Care_excess,1,10,OLS,PC7,-0.003937587232867513
sector_excess_return,Health Care_excess,1,10,OLS,PC8,0.005571403035063962
sector_excess_return,Health Care_excess,1,10,OLS,PC9,-0.005828752986642561
sector_excess_return,Health Care_excess,1,10,OLS,PC10,0.0020521278653847118
sector_excess_return,Health Care_excess,1,10,Ridge,PC1,0.00023460367744427898
sector_excess_return,Health Care_excess,1,10,Ridge,PC2,0.0001955846486138609
sector_excess_return,Health Care_excess,1,10,Ridge,PC3,-0.0002614474319478054
sector_excess_return,Health Care_excess,1,10,Ridge,PC4,-2.4276398083885052e-05
sector_excess_return,Health Care_excess,1,10,Ridge,PC5,-0.0002993533454669826
sector_excess_return,Health Care_excess,1,10,Ridge,PC6,0.00021079813681256572
sector_excess_return,Health Care_excess,1,10,Ridge,PC7,-0.0002613364272433058
sector_excess_return,Health Care_excess,1,10,Ridge,PC8,0.0003530418419084455
sector_excess_return,Health Care_excess,1,10,Ridge,PC9,-0.0003301198901140594
sector_excess_return,Health Care_excess,1,10,Ridge,PC10,0.00014135439813556543
sector_excess_return,Health Care_excess,1,10,Lasso,PC1,0.0
sector_excess_return,Health Care_excess,1,10,Lasso,PC2,0.0
sector_excess_return,Health Care_excess,1,10,Lasso,PC3,-0.0
sector_excess_return,Health Care_excess,1,10,Lasso,PC4,-0.0
sector_excess_return,Health Care_excess,1,10,Lasso,PC5,-0.0
sector_excess_return,Health Care_excess,1,10,Lasso,PC6,0.0
sector_excess_return,Health Care_excess,1,10,Lasso,PC7,-0.0
sector_excess_return,Health Care_excess,1,10,Lasso,PC8,0.0
sector_excess_return,Health Care_excess,1,10,Lasso,PC9,-0.0
sector_excess_return,Health Care_excess,1,10,Lasso,PC10,0.0
sector_excess_return,Health Care_excess,1,10,ElasticNet,PC1,0.0
sector_excess_return,Health Care_excess,1,10,ElasticNet,PC2,0.0
sector_excess_return,Health Care_excess,1,10,ElasticNet,PC3,-0.0
sector_excess_return,Health Care_excess,1,10,ElasticNet,PC4,-0.0
sector_excess_return,Health Care_excess,1,10,ElasticNet,PC5,-0.0
sector_excess_return,Health Care_excess,1,10,ElasticNet,PC6,0.0
sector_excess_return,Health Care_excess,1,10,ElasticNet,PC7,-0.0
sector_excess_return,Health Care_excess,1,10,ElasticNet,PC8,0.0
sector_excess_return,Health Care_excess,1,10,ElasticNet,PC9,-0.0
sector_excess_return,Health Care_excess,1,10,ElasticNet,PC10,0.0
sector_excess_return,Consumer Discretionary_excess,1,10,OLS,PC1,-0.005277659784847842
sector_excess_return,Consumer Discretionary_excess,1,10,OLS,PC2,-0.00010714633299704923
sector_excess_return,Consumer Discretionary_excess,1,10,OLS,PC3,-0.00559130867083058
sector_excess_return,Consumer Discretionary_excess,1,10,OLS,PC4,-0.0010996810845124445
sector_excess_return,Consumer Discretionary_excess,1,10,OLS,PC5,0.002138149630529243
sector_excess_return,Consumer Discretionary_excess,1,10,OLS,PC6,0.0032755222732379287
sector_excess_return,Consumer Discretionary_excess,1,10,OLS,PC7,-0.0022308923646855777
sector_excess_return,Consumer Discretionary_excess,1,10,OLS,PC8,-0.002081703235405188
sector_excess_return,Consumer Discretionary_excess,1,10,OLS,PC9,-0.0009772089297568412
sector_excess_return,Consumer Discretionary_excess,1,10,OLS,PC10,0.0002376627162906851
sector_excess_return,Consumer Discretionary_excess,1,10,Ridge,PC1,-0.00032309423447051674
sector_excess_return,Consumer Discretionary_excess,1,10,Ridge,PC2,0.00031631668028465356
sector_excess_return,Consumer Discretionary_excess,1,10,Ridge,PC3,-0.00030016926976211573
sector_excess_return,Consumer Discretionary_excess,1,10,Ridge,PC4,-8.036532782359606e-05
sector_excess_return,Consumer Discretionary_excess,1,10,Ridge,PC5,0.0001782956483479213
sector_excess_return,Consumer Discretionary_excess,1,10,Ridge,PC6,0.00023998354607396104
sector_excess_return,Consumer Discretionary_excess,1,10,Ridge,PC7,-0.00018400874179500478
sector_excess_return,Consumer Discretionary_excess,1,10,Ridge,PC8,-0.00020770561687890462
sector_excess_return,Consumer Discretionary_excess,1,10,Ridge,PC9,0.00010405974378953689
sector_excess_return,Consumer Discretionary_excess,1,10,Ridge,PC10,4.2259030165982013e-05
sector_excess_return,Consumer Discretionary_excess,1,10,Lasso,PC1,-0.0
sector_excess_return,Consumer Discretionary_excess,1,10,Lasso,PC2,0.0
sector_excess_return,Consumer Discretionary_excess,1,10,Lasso,PC3,-0.0
sector_excess_return,Consumer Discretionary_excess,1,10,Lasso,PC4,-0.0
sector_excess_return,Consumer Discretionary_excess,1,10,Lasso,PC5,0.0
sector_excess_return,Consumer Discretionary_excess,1,10,Lasso,PC6,0.0
sector_excess_return,Consumer Discretionary_excess,1,10,Lasso,PC7,-0.0
sector_excess_return,Consumer Discretionary_excess,1,10,Lasso,PC8,-0.0
sector_excess_return,Consumer Discretionary_excess,1,10,Lasso,PC9,0.0
sector_excess_return,Consumer Discretionary_excess,1,10,Lasso,PC10,0.0
sector_excess_return,Consumer Discretionary_excess,1,10,ElasticNet,PC1,-0.0
sector_excess_return,Consumer Discretionary_excess,1,10,ElasticNet,PC2,0.0
sector_excess_return,Consumer Discretionary_excess,1,10,ElasticNet,PC3,-0.0
sector_excess_return,Consumer Discretionary_excess,1,10,ElasticNet,PC4,-0.0
sector_excess_return,Consumer Discretionary_excess,1,10,ElasticNet,PC5,0.0
sector_excess_return,Consumer Discretionary_excess,1,10,ElasticNet,PC6,0.0
sector_excess_return,Consumer Discretionary_excess,1,10,ElasticNet,PC7,-0.0
sector_excess_return,Consumer Discretionary_excess,1,10,ElasticNet,PC8,-0.0
sector_excess_return,Consumer Discretionary_excess,1,10,ElasticNet,PC9,0.0
sector_excess_return,Consumer Discretionary_excess,1,10,ElasticNet,PC10,0.0
sector_excess_return,Materials_excess,1,13,OLS,PC1,-0.009717957691290845
sector_excess_return,Materials_excess,1,13,OLS,PC2,-0.0043503605704578695
sector_excess_return,Materials_excess,1,13,OLS,PC3,-0.003402147691493838
sector_excess_return,Materials_excess,1,13,OLS,PC4,0.0026818025618075133
sector_excess_return,Materials_excess,1,13,OLS,PC5,-0.006784325394497903
sector_excess_return,Materials_excess,1,13,OLS,PC6,0.004105512346888431
sector_excess_return,Materials_excess,1,13,OLS,PC7,-0.000733147749675041
sector_excess_return,Materials_excess,1,13,OLS,PC8,0.002404715183139705
sector_excess_return,Materials_excess,1,13,OLS,PC9,-0.006332131591372087
sector_excess_return,Materials_excess,1,13,OLS,PC10,0.006298078154939624
sector_excess_return,Materials_excess,1,13,OLS,PC11,0.0023836533151298427
sector_excess_return,Materials_excess,1,13,OLS,PC12,0.006334221512660693
sector_excess_return,Materials_excess,1,13,OLS,PC13,-0.0004458882018912825
sector_excess_return,Materials_excess,1,13,Ridge,PC1,-0.0004414311253582389
sector_excess_return,Materials_excess,1,13,Ridge,PC2,7.338228748845247e-05
sector_excess_return,Materials_excess,1,13,Ridge,PC3,0.0001009020163758281
sector_excess_return,Materials_excess,1,13,Ridge,PC4,-5.5182334272070765e-05
sector_excess_return,Materials_excess,1,13,Ridge,PC5,-0.00037659492969727447
sector_excess_return,Materials_excess,1,13,Ridge,PC6,0.0002858010684323096
sector_excess_return,Materials_excess,1,13,Ridge,PC7,9.653491955870317e-06
sector_excess_return,Materials_excess,1,13,Ridge,PC8,-1.7943887262467132e-05
sector_excess_return,Materials_excess,1,13,Ridge,PC9,-7.04710253630036e-05
sector_excess_return,Materials_excess,1,13,Ridge,PC10,0.000506817224714099
sector_excess_return,Materials_excess,1,13,Ridge,PC11,0.0003716694708222955
sector_excess_return,Materials_excess,1,13,Ridge,PC12,0.0005125108113528374
sector_excess_return,Materials_excess,1,13,Ridge,PC13,7.75329889369774e-05
sector_excess_return,Materials_excess,1,13,Lasso,PC1,-0.0
sector_excess_return,Materials_excess,1,13,Lasso,PC2,0.0
sector_excess_return,Materials_excess,1,13,Lasso,PC3,0.0
sector_excess_return,Materials_excess,1,13,Lasso,PC4,-0.0
sector_excess_return,Materials_excess,1,13,Lasso,PC5,-0.0
sector_excess_return,Materials_excess,1,13,Lasso,PC6,0.0
sector_excess_return,Materials_excess,1,13,Lasso,PC7,0.0
sector_excess_return,Materials_excess,1,13,Lasso,PC8,-0.0
sector_excess_return,Materials_excess,1,13,Lasso,PC9,-0.0
sector_excess_return,Materials_excess,1,13,Lasso,PC10,0.0
sector_excess_return,Materials_excess,1,13,Lasso,PC11,0.0
sector_excess_return,Materials_excess,1,13,Lasso,PC12,0.0
sector_excess_return,Materials_excess,1,13,Lasso,PC13,0.0
sector_excess_return,Materials_excess,1,13,ElasticNet,PC1,-0.0
sector_excess_return,Materials_excess,1,13,ElasticNet,PC2,0.0
sector_excess_return,Materials_excess,1,13,ElasticNet,PC3,0.0
sector_excess_return,Materials_excess,1,13,ElasticNet,PC4,-0.0
sector_excess_return,Materials_excess,1,13,ElasticNet,PC5,-0.0
sector_excess_return,Materials_excess,1,13,ElasticNet,PC6,0.0
sector_excess_return,Materials_excess,1,13,ElasticNet,PC7,0.0
sector_excess_return,Materials_excess,1,13,ElasticNet,PC8,-0.0
sector_excess_return,Materials_excess,1,13,ElasticNet,PC9,-0.0
sector_excess_return,Materials_excess,1,13,ElasticNet,PC10,0.0
sector_excess_return,Materials_excess,1,13,ElasticNet,PC11,0.0
sector_excess_return,Materials_excess,1,13,ElasticNet,PC12,0.0
sector_excess_return,Materials_excess,1,13,ElasticNet,PC13,0.0
sector_excess_return,Communication Services_excess,1,13,OLS,PC1,-0.004349412690086455
sector_excess_return,Communication Services_excess,1,13,OLS,PC2,-0.0031629813486349846
sector_excess_return,Communication Services_excess,1,13,OLS,PC3,-0.004100698392515543
sector_excess_return,Communication Services_excess,1,13,OLS,PC4,0.008401307619905932
sector_excess_return,Communication Services_excess,1,13,OLS,PC5,-0.0021308893738064432
sector_excess_return,Communication Services_excess,1,13,OLS,PC6,0.006724591347573314
sector_excess_return,Communication Services_excess,1,13,OLS,PC7,0.0004062462673248831
sector_excess_return,Communication Services_excess,1,13,OLS,PC8,-0.000245163143022219
sector_excess_return,Communication Services_excess,1,13,OLS,PC9,-0.0022242154858579163
sector_excess_return,Communication Services_excess,1,13,OLS,PC10,-0.005216746759036188
sector_excess_return,Communication Services_excess,1,13,OLS,PC11,0.0064293995692315175
sector_excess_return,Communication Services_excess,1,13,OLS,PC12,0.0034370651019521355
sector_excess_return,Communication Services_excess,1,13,OLS,PC13,0.0009010146284077811
sector_excess_return,Communication Services_excess,1,13,Ridge,PC1,-0.0011298185208855093
sector_excess_return,Communication Services_excess,1,13,Ridge,PC2,-0.0006815235413472245
sector_excess_return,Communication Services_excess,1,13,Ridge,PC3,-0.0017233343323930165
sector_excess_return,Communication Services_excess,1,13,Ridge,PC4,0.005862457267105256
sector_excess_return,Communication Services_excess,1,13,Ridge,PC5,-0.001177842344829418
sector_excess_return,Communication Services_excess,1,13,Ridge,PC6,0.004911046286432981
sector_excess_return,Communication Services_excess,1,13,Ridge,PC7,0.0005033601943021353
sector_excess_return,Communication Services_excess,1,13,Ridge,PC8,-0.0006003958901388943
sector_excess_return,Communication Services_excess,1,13,Ridge,PC9,-1.0538734664316473e-05
sector_excess_return,Communication Services_excess,1,13,Ridge,PC10,-0.003973606308251486
sector_excess_return,Communication Services_excess,1,13,Ridge,PC11,0.005148994177900511
sector_excess_return,Communication Services_excess,1,13,Ridge,PC12,0.0028661805100180645
sector_excess_return,Communication Services_excess,1,13,Ridge,PC13,0.001059117570761661
sector_excess_return,Communication Services_excess,1,13,Lasso,PC1,-0.0
sector_excess_return,Communication Services_excess,1,13,Lasso,PC2,-0.0
sector_excess_return,Communication Services_excess,1,13,Lasso,PC3,-0.0
sector_excess_return,Communication Services_excess,1,13,Lasso,PC4,0.0054175859192863475
sector_excess_return,Communication Services_excess,1,13,Lasso,PC5,-0.0
sector_excess_return,Communication Services_excess,1,13,Lasso,PC6,0.004364300653327051
sector_excess_return,Communication Services_excess,1,13,Lasso,PC7,0.0
sector_excess_return,Communication Services_excess,1,13,Lasso,PC8,-0.0
sector_excess_return,Communication Services_excess,1,13,Lasso,PC9,0.0
sector_excess_return,Communication Services_excess,1,13,Lasso,PC10,-0.0033165645000007085
sector_excess_return,Communication Services_excess,1,13,Lasso,PC11,0.004899742108672738
sector_excess_return,Communication Services_excess,1,13,Lasso,PC12,0.001996924537812704
sector_excess_return,Communication Services_excess,1,13,Lasso,PC13,0.0
sector_excess_return,Communication Services_excess,1,13,ElasticNet,PC1,-0.00023297129654672322
sector_excess_return,Communication Services_excess,1,13,ElasticNet,PC2,-0.0
sector_excess_return,Communication Services_excess,1,13,ElasticNet,PC3,-0.0009574436833849016
sector_excess_return,Communication Services_excess,1,13,ElasticNet,PC4,0.0065832160605327665
sector_excess_return,Communication Services_excess,1,13,ElasticNet,PC5,-0.0006136440646237146
sector_excess_return,Communication Services_excess,1,13,ElasticNet,PC6,0.005657868894356181
sector_excess_return,Communication Services_excess,1,13,ElasticNet,PC7,0.0
sector_excess_return,Communication Services_excess,1,13,ElasticNet,PC8,-0.0
sector_excess_return,Communication Services_excess,1,13,ElasticNet,PC9,0.0
sector_excess_return,Communication Services_excess,1,13,ElasticNet,PC10,-0.004141602172725049
sector_excess_return,Communication Services_excess,1,13,ElasticNet,PC11,0.006056353327697814
sector_excess_return,Communication Services_excess,1,13,ElasticNet,PC12,0.0028794026327258033
sector_excess_return,Communication Services_excess,1,13,ElasticNet,PC13,0.0006195688240883652
sector_excess_return,Energy_excess,1,13,OLS,PC1,-0.0074416081646295
sector_excess_return,Energy_excess,1,13,OLS,PC2,-0.005955934771103981
sector_excess_return,Energy_excess,1,13,OLS,PC3,-1.2738023496516556e-06
sector_excess_return,Energy_excess,1,13,OLS,PC4,-0.002080563789796557
sector_excess_return,Energy_excess,1,13,OLS,PC5,-0.013019404832816514
sector_excess_return,Energy_excess,1,13,OLS,PC6,0.005821331360049725
sector_excess_return,Energy_excess,1,13,OLS,PC7,-0.0009297009559693297
sector_excess_return,Energy_excess,1,13,OLS,PC8,0.01012347616854627
sector_excess_return,Energy_excess,1,13,OLS,PC9,0.003634339795392249
sector_excess_return,Energy_excess,1,13,OLS,PC10,0.018753852244530182
sector_excess_return,Energy_excess,1,13,OLS,PC11,0.009845381755920504
sector_excess_return,Energy_excess,1,13,OLS,PC12,0.002172121359985919
sector_excess_return,Energy_excess,1,13,OLS,PC13,0.002757930098397194
sector_excess_return,Energy_excess,1,13,Ridge,PC1,-0.0009444326729189434
sector_excess_return,Energy_excess,1,13,Ridge,PC2,-0.00109456431796301
sector_excess_return,Energy_excess,1,13,Ridge,PC3,0.0003899506095954589
sector_excess_return,Energy_excess,1,13,Ridge,PC4,-0.000933756726838875
sector_excess_return,Energy_excess,1,13,Ridge,PC5,-0.0016556651862814115
sector_excess_return,Energy_excess,1,13,Ridge,PC6,0.00044844753790352867
sector_excess_return,Energy_excess,1,13,Ridge,PC7,5.628861641352344e-05
sector_excess_return,Energy_excess,1,13,Ridge,PC8,0.0015174410840864479
sector_excess_return,Energy_excess,1,13,Ridge,PC9,0.001142591113272424
sector_excess_return,Energy_excess,1,13,Ridge,PC10,0.0026456372084995407
sector_excess_return,Energy_excess,1,13,Ridge,PC11,0.0015588684213575937
sector_excess_return,Energy_excess,1,13,Ridge,PC12,-1.5661897813296948e-05
sector_excess_return,Energy_excess,1,13,Ridge,PC13,0.0006126128451473551
sector_excess_return,Energy_excess,1,13,Lasso,PC1,-0.0
sector_excess_return,Energy_excess,1,13,Lasso,PC2,-0.0
sector_excess_return,Energy_excess,1,13,Lasso,PC3,0.0
sector_excess_return,Energy_excess,1,13,Lasso,PC4,-0.0
sector_excess_return,Energy_excess,1,13,Lasso,PC5,-0.0
sector_excess_return,Energy_excess,1,13,Lasso,PC6,0.0
sector_excess_return,Energy_excess,1,13,Lasso,PC7,0.0
sector_excess_return,Energy_excess,1,13,Lasso,PC8,0.0
sector_excess_return,Energy_excess,1,13,Lasso,PC9,0.0
sector_excess_return,Energy_excess,1,13,Lasso,PC10,0.0
sector_excess_return,Energy_excess,1,13,Lasso,PC11,0.0
sector_excess_return,Energy_excess,1,13,Lasso,PC12,-0.0
sector_excess_return,Energy_excess,1,13,Lasso,PC13,0.0
sector_excess_return,Energy_excess,1,13,ElasticNet,PC1,-0.0
sector_excess_return,Energy_excess,1,13,ElasticNet,PC2,-0.0
sector_excess_return,Energy_excess,1,13,ElasticNet,PC3,0.0
sector_excess_return,Energy_excess,1,13,ElasticNet,PC4,-0.0
sector_excess_return,Energy_excess,1,13,ElasticNet,PC5,-0.0
sector_excess_return,Energy_excess,1,13,ElasticNet,PC6,0.0
sector_excess_return,Energy_excess,1,13,ElasticNet,PC7,0.0
sector_excess_return,Energy_excess,1,13,ElasticNet,PC8,0.0
sector_excess_return,Energy_excess,1,13,ElasticNet,PC9,0.0
sector_excess_return,Energy_excess,1,13,ElasticNet,PC10,0.0
sector_excess_return,Energy_excess,1,13,ElasticNet,PC11,0.0
sector_excess_return,Energy_excess,1,13,ElasticNet,PC12,-0.0
sector_excess_return,Energy_excess,1,13,ElasticNet,PC13,0.0
sector_excess_return,Financials_excess,1,13,OLS,PC1,0.006361437976066761
sector_excess_return,Financials_excess,1,13,OLS,PC2,0.005997441153867324
sector_excess_return,Financials_excess,1,13,OLS,PC3,-0.0007746711922096733
sector_excess_return,Financials_excess,1,13,OLS,PC4,0.001642191238443757
sector_excess_return,Financials_excess,1,13,OLS,PC5,-0.005843222194269204
sector_excess_return,Financials_excess,1,13,OLS,PC6,0.0035539793208795574
sector_excess_return,Financials_excess,1,13,OLS,PC7,-0.001047037236836144
sector_excess_return,Financials_excess,1,13,OLS,PC8,-0.0034006530291987368
sector_excess_return,Financials_excess,1,13,OLS,PC9,0.008011674694452933
sector_excess_return,Financials_excess,1,13,OLS,PC10,0.0036311572369762397
sector_excess_return,Financials_excess,1,13,OLS,PC11,-0.0017504978094967615
sector_excess_return,Financials_excess,1,13,OLS,PC12,0.0015000483411113904
sector_excess_return,Financials_excess,1,13,OLS,PC13,0.004087884569213293
sector_excess_return,Financials_excess,1,13,Ridge,PC1,0.0001932762498772214
sector_excess_return,Financials_excess,1,13,Ridge,PC2,0.00015864369818594792
sector_excess_return,Financials_excess,1,13,Ridge,PC3,-0.0007845507357921091
sector_excess_return,Financials_excess,1,13,Ridge,PC4,0.00028623015283403536
sector_excess_return,Financials_excess,1,13,Ridge,PC5,-0.0008452825015487291
sector_excess_return,Financials_excess,1,13,Ridge,PC6,0.0004673397811123571
sector_excess_return,Financials_excess,1,13,Ridge,PC7,-0.00011959382415681719
sector_excess_return,Financials_excess,1,13,Ridge,PC8,-0.0005212509449531536
sector_excess_return,Financials_excess,1,13,Ridge,PC9,0.0008093702507202769
sector_excess_return,Financials_excess,1,13,Ridge,PC10,0.0002723911225382273
sector_excess_return,Financials_excess,1,13,Ridge,PC11,-0.00047888652983049017
sector_excess_return,Financials_excess,1,13,Ridge,PC12,0.00022137159072950564
sector_excess_return,Financials_excess,1,13,Ridge,PC13,0.0002739549333379455
sector_excess_return,Financials_excess,1,13,Lasso,PC1,0.0
sector_excess_return,Financials_excess,1,13,Lasso,PC2,0.0
sector_excess_return,Financials_excess,1,13,Lasso,PC3,-0.0
sector_excess_return,Financials_excess,1,13,Lasso,PC4,0.0
sector_excess_return,Financials_excess,1,13,Lasso,PC5,-0.0
sector_excess_return,Financials_excess,1,13,Lasso,PC6,0.0
sector_excess_return,Financials_excess,1,13,Lasso,PC7,-0.0
sector_excess_return,Financials_excess,1,13,Lasso,PC8,-0.0
sector_excess_return,Financials_excess,1,13,Lasso,PC9,0.0
sector_excess_return,Financials_excess,1,13,Lasso,PC10,0.0
sector_excess_return,Financials_excess,1,13,Lasso,PC11,-0.0
sector_excess_return,Financials_excess,1,13,Lasso,PC12,0.0
sector_excess_return,Financials_excess,1,13,Lasso,PC13,0.0
sector_excess_return,Financials_excess,1,13,ElasticNet,PC1,0.0
sector_excess_return,Financials_excess,1,13,ElasticNet,PC2,0.0
sector_excess_return,Financials_excess,1,13,ElasticNet,PC3,-0.0
sector_excess_return,Financials_excess,1,13,ElasticNet,PC4,0.0
sector_excess_return,Financials_excess,1,13,ElasticNet,PC5,-0.0
sector_excess_return,Financials_excess,1,13,ElasticNet,PC6,0.0
sector_excess_return,Financials_excess,1,13,ElasticNet,PC7,-0.0
sector_excess_return,Financials_excess,1,13,ElasticNet,PC8,-0.0
sector_excess_return,Financials_excess,1,13,ElasticNet,PC9,0.0
sector_excess_return,Financials_excess,1,13,ElasticNet,PC10,0.0
sector_excess_return,Financials_excess,1,13,ElasticNet,PC11,-0.0
sector_excess_return,Financials_excess,1,13,ElasticNet,PC12,0.0
sector_excess_return,Financials_excess,1,13,ElasticNet,PC13,0.0
sector_excess_return,Industrials_excess,1,13,OLS,PC1,-0.0013578873656944976
sector_excess_return,Industrials_excess,1,13,OLS,PC2,0.0018435355674491375
sector_excess_return,Industrials_excess,1,13,OLS,PC3,-0.00012727223227140816
sector_excess_return,Industrials_excess,1,13,OLS,PC4,0.0011527836741874766
sector_excess_return,Industrials_excess,1,13,OLS,PC5,-0.0005795451171769363
sector_excess_return,Industrials_excess,1,13,OLS,PC6,0.005583553308773385
sector_excess_return,Industrials_excess,1,13,OLS,PC7,-0.0018256319761911113
sector_excess_return,Industrials_excess,1,13,OLS,PC8,-1.0062199515744623e-05
sector_excess_return,Industrials_excess,1,13,OLS,PC9,0.0020624896329549543
sector_excess_return,Industrials_excess,1,13,OLS,PC10,0.006567798486040764
sector_excess_return,Industrials_excess,1,13,OLS,PC11,0.003295456698910307
sector_excess_return,Industrials_excess,1,13,OLS,PC12,0.004851414395668092
sector_excess_return,Industrials_excess,1,13,OLS,PC13,0.0013325998098836706
sector_excess_return,Industrials_excess,1,13,Ridge,PC1,-0.00027450982982705205
sector_excess_return,Industrials_excess,1,13,Ridge,PC2,1.604578967461658e-05
sector_excess_return,Industrials_excess,1,13,Ridge,PC3,-2.6852181535593327e-05
sector_excess_return,Industrials_excess,1,13,Ridge,PC4,5.1797965156388396e-05
sector_excess_return,Industrials_excess,1,13,Ridge,PC5,2.633316602088403e-05
sector_excess_return,Industrials_excess,1,13,Ridge,PC6,0.00038930218217284377
sector_excess_return,Industrials_excess,1,13,Ridge,PC7,-0.0001739427389312801
sector_excess_return,Industrials_excess,1,13,Ridge,PC8,-0.0001057365262783041
sector_excess_return,Industrials_excess,1,13,Ridge,PC9,0.00017945289981519406
sector_excess_return,Industrials_excess,1,13,Ridge,PC10,0.0004976054725756917
sector_excess_return,Industrials_excess,1,13,Ridge,PC11,0.00020413874314398274
sector_excess_return,Industrials_excess,1,13,Ridge,PC12,0.00045689483605796744
sector_excess_return,Industrials_excess,1,13,Ridge,PC13,0.00010457335972815882
sector_excess_return,Industrials_excess,1,13,Lasso,PC1,-0.0
sector_excess_return,Industrials_excess,1,13,Lasso,PC2,0.0
sector_excess_return,Industrials_excess,1,13,Lasso,PC3,-0.0
sector_excess_return,Industrials_excess,1,13,Lasso,PC4,0.0
sector_excess_return,Industrials_excess,1,13,Lasso,PC5,0.0
sector_excess_return,Industrials_excess,1,13,Lasso,PC6,0.0
sector_excess_return,Industrials_excess,1,13,Lasso,PC7,-0.0
sector_excess_return,Industrials_excess,1,13,Lasso,PC8,-0.0
sector_excess_return,Industrials_excess,1,13,Lasso,PC9,0.0
sector_excess_return,Industrials_excess,1,13,Lasso,PC10,0.0
sector_excess_return,Industrials_excess,1,13,Lasso,PC11,0.0
sector_excess_return,Industrials_excess,1,13,Lasso,PC12,0.0
sector_excess_return,Industrials_excess,1,13,Lasso,PC13,0.0
sector_excess_return,Industrials_excess,1,13,ElasticNet,PC1,-0.0
sector_excess_return,Industrials_excess,1,13,ElasticNet,PC2,0.0
sector_excess_return,Industrials_excess,1,13,ElasticNet,PC3,-0.0
sector_excess_return,Industrials_excess,1,13,ElasticNet,PC4,0.0
sector_excess_return,Industrials_excess,1,13,ElasticNet,PC5,0.0
sector_excess_return,Industrials_excess,1,13,ElasticNet,PC6,0.0
sector_excess_return,Industrials_excess,1,13,ElasticNet,PC7,-0.0
sector_excess_return,Industrials_excess,1,13,ElasticNet,PC8,-0.0
sector_excess_return,Industrials_excess,1,13,ElasticNet,PC9,0.0
sector_excess_return,Industrials_excess,1,13,ElasticNet,PC10,0.0
sector_excess_return,Industrials_excess,1,13,ElasticNet,PC11,0.0
sector_excess_return,Industrials_excess,1,13,ElasticNet,PC12,0.0
sector_excess_return,Industrials_excess,1,13,ElasticNet,PC13,0.0
sector_excess_return,Technology_excess,1,13,OLS,PC1,0.0009622296322874132
sector_excess_return,Technology_excess,1,13,OLS,PC2,-0.000590516933999082
sector_excess_return,Technology_excess,1,13,OLS,PC3,0.004862392977221023
sector_excess_return,Technology_excess,1,13,OLS,PC4,-0.0041928223855973315
sector_excess_return,Technology_excess,1,13,OLS,PC5,0.0071774477772405965
sector_excess_return,Technology_excess,1,13,OLS,PC6,-0.008319505139489166
sector_excess_return,Technology_excess,1,13,OLS,PC7,0.0036942246066899655
sector_excess_return,Technology_excess,1,13,OLS,PC8,-0.005487719396610443
sector_excess_return,Technology_excess,1,13,OLS,PC9,0.0009010512281476983
sector_excess_return,Technology_excess,1,13,OLS,PC10,-0.005435423247059433
sector_excess_return,Technology_excess,1,13,OLS,PC11,0.003081141587605475
sector_excess_return,Technology_excess,1,13,OLS,PC12,-0.005567511360228219
sector_excess_return,Technology_excess,1,13,OLS,PC13,-0.004009039160905156
sector_excess_return,Technology_excess,1,13,Ridge,PC1,-0.000142742544773025
sector_excess_return,Technology_excess,1,13,Ridge,PC2,-0.0006430419039971731
sector_excess_return,Technology_excess,1,13,Ridge,PC3,0.002756764256776854
sector_excess_return,Technology_excess,1,13,Ridge,PC4,-0.0018811356153413694
sector_excess_return,Technology_excess,1,13,Ridge,PC5,0.0034336963889139848
sector_excess_return,Technology_excess,1,13,Ridge,PC6,-0.0050449085310182665
sector_excess_return,Technology_excess,1,13,Ridge,PC7,0.0018788569925322605
sector_excess_return,Technology_excess,1,13,Ridge,PC8,-0.002526555060522856
sector_excess_return,Technology_excess,1,13,Ridge,PC9,-0.0007712220592040193
sector_excess_return,Technology_excess,1,13,Ridge,PC10,-0.003060272679188024
sector_excess_return,Technology_excess,1,13,Ridge,PC11,0.001667111138069821
sector_excess_return,Technology_excess,1,13,Ridge,PC12,-0.002843539508070855
sector_excess_return,Technology_excess,1,13,Ridge,PC13,-0.0023458014586786977
sector_excess_return,Technology_excess,1,13,Lasso,PC1,-0.0
sector_excess_return,Technology_excess,1,13,Lasso,PC2,-0.0
sector_excess_return,Technology_excess,1,13,Lasso,PC3,0.0
sector_excess_return,Technology_excess,1,13,Lasso,PC4,-0.0
sector_excess_return,Technology_excess,1,13,Lasso,PC5,0.0
sector_excess_return,Technology_excess,1,13,Lasso,PC6,-0.0
sector_excess_return,Technology_excess,1,13,Lasso,PC7,0.0
sector_excess_return,Technology_excess,1,13,Lasso,PC8,-0.0
sector_excess_return,Technology_excess,1,13,Lasso,PC9,-0.0
sector_excess_return,Technology_excess,1,13,Lasso,PC10,-0.0
sector_excess_return,Technology_excess,1,13,Lasso,PC11,0.0
sector_excess_return,Technology_excess,1,13,Lasso,PC12,-0.0
sector_excess_return,Technology_excess,1,13,Lasso,PC13,-0.0
sector_excess_return,Technology_excess,1,13,ElasticNet,PC1,-0.0
sector_excess_return,Technology_excess,1,13,ElasticNet,PC2,-0.0
sector_excess_return,Technology_excess,1,13,ElasticNet,PC3,0.0
sector_excess_return,Technology_excess,1,13,ElasticNet,PC4,-0.0
sector_excess_return,Technology_excess,1,13,ElasticNet,PC5,0.0
sector_excess_return,Technology_excess,1,13,ElasticNet,PC6,-0.0
sector_excess_return,Technology_excess,1,13,ElasticNet,PC7,0.0
sector_excess_return,Technology_excess,1,13,ElasticNet,PC8,-0.0
sector_excess_return,Technology_excess,1,13,ElasticNet,PC9,-0.0
sector_excess_return,Technology_excess,1,13,ElasticNet,PC10,-0.0
sector_excess_return,Technology_excess,1,13,ElasticNet,PC11,0.0
sector_excess_return,Technology_excess,1,13,ElasticNet,PC12,-0.0
sector_excess_return,Technology_excess,1,13,ElasticNet,PC13,-0.0
sector_excess_return,Consumer Staples_excess,1,13,OLS,PC1,0.005572318075403903
sector_excess_return,Consumer Staples_excess,1,13,OLS,PC2,0.006394255024603405
sector_excess_return,Consumer Staples_excess,1,13,OLS,PC3,0.0027149339503425964
sector_excess_return,Consumer Staples_excess,1,13,OLS,PC4,0.0010966757273197776
sector_excess_return,Consumer Staples_excess,1,13,OLS,PC5,-0.005137681840554788
sector_excess_return,Consumer Staples_excess,1,13,OLS,PC6,0.0012040524287260687
sector_excess_return,Consumer Staples_excess,1,13,OLS,PC7,-0.004088368601982599
sector_excess_return,Consumer Staples_excess,1,13,OLS,PC8,0.0076920489248038315
sector_excess_return,Consumer Staples_excess,1,13,OLS,PC9,-0.0015504854754311832
sector_excess_return,Consumer Staples_excess,1,13,OLS,PC10,0.0064738599191180085
sector_excess_return,Consumer Staples_excess,1,13,OLS,PC11,-0.001597742913591214
sector_excess_return,Consumer Staples_excess,1,13,OLS,PC12,0.006164169879017397
sector_excess_return,Consumer Staples_excess,1,13,OLS,PC13,-0.001135376632194669
sector_excess_return,Consumer Staples_excess,1,13,Ridge,PC1,0.00022060939548532686
sector_excess_return,Consumer Staples_excess,1,13,Ridge,PC2,0.00019242897973846722
sector_excess_return,Consumer Staples_excess,1,13,Ridge,PC3,-1.8518114520930968e-05
sector_excess_return,Consumer Staples_excess,1,13,Ridge,PC4,-4.236753829838961e-06
sector_excess_return,Consumer Staples_excess,1,13,Ridge,PC5,-0.00025181272245532974
sector_excess_return,Consumer Staples_excess,1,13,Ridge,PC6,4.886382172051258e-05
sector_excess_return,Consumer Staples_excess,1,13,Ridge,PC7,-0.00032398791640116765
sector_excess_return,Consumer Staples_excess,1,13,Ridge,PC8,0.0004114296175342019
sector_excess_return,Consumer Staples_excess,1,13,Ridge,PC9,-0.0002623803623894805
sector_excess_return,Consumer Staples_excess,1,13,Ridge,PC10,0.0004680334587145555
sector_excess_return,Consumer Staples_excess,1,13,Ridge,PC11,-9.50085028550662e-05
sector_excess_return,Consumer Staples_excess,1,13,Ridge,PC12,0.00023607891158020731
sector_excess_return,Consumer Staples_excess,1,13,Ridge,PC13,-0.00024088420418523084
sector_excess_return,Consumer Staples_excess,1,13,Lasso,PC1,0.0
sector_excess_return,Consumer Staples_excess,1,13,Lasso,PC2,0.0
sector_excess_return,Consumer Staples_excess,1,13,Lasso,PC3,-0.0
sector_excess_return,Consumer Staples_excess,1,13,Lasso,PC4,-0.0
sector_excess_return,Consumer Staples_excess,1,13,Lasso,PC5,-0.0
sector_excess_return,Consumer Staples_excess,1,13,Lasso,PC6,0.0
sector_excess_return,Consumer Staples_excess,1,13,Lasso,PC7,-0.0
sector_excess_return,Consumer Staples_excess,1,13,Lasso,PC8,0.0
sector_excess_return,Consumer Staples_excess,1,13,Lasso,PC9,-0.0
sector_excess_return,Consumer Staples_excess,1,13,Lasso,PC10,0.0
sector_excess_return,Consumer Staples_excess,1,13,Lasso,PC11,-0.0
sector_excess_return,Consumer Staples_excess,1,13,Lasso,PC12,0.0
sector_excess_return,Consumer Staples_excess,1,13,Lasso,PC13,-0.0
sector_excess_return,Consumer Staples_excess,1,13,ElasticNet,PC1,0.0
sector_excess_return,Consumer Staples_excess,1,13,ElasticNet,PC2,0.0
sector_excess_return,Consumer Staples_excess,1,13,ElasticNet,PC3,-0.0
sector_excess_return,Consumer Staples_excess,1,13,ElasticNet,PC4,-0.0
sector_excess_return,Consumer Staples_excess,1,13,ElasticNet,PC5,-0.0
sector_excess_return,Consumer Staples_excess,1,13,ElasticNet,PC6,0.0
sector_excess_return,Consumer Staples_excess,1,13,ElasticNet,PC7,-0.0
sector_excess_return,Consumer Staples_excess,1,13,ElasticNet,PC8,0.0
sector_excess_return,Consumer Staples_excess,1,13,ElasticNet,PC9,-0.0
sector_excess_return,Consumer Staples_excess,1,13,ElasticNet,PC10,0.0
sector_excess_return,Consumer Staples_excess,1,13,ElasticNet,PC11,-0.0
sector_excess_return,Consumer Staples_excess,1,13,ElasticNet,PC12,0.0
sector_excess_return,Consumer Staples_excess,1,13,ElasticNet,PC13,-0.0
sector_excess_return,Real Estate_excess,1,13,OLS,PC1,0.010419859824366759
sector_excess_return,Real Estate_excess,1,13,OLS,PC2,0.010655679359622704
sector_excess_return,Real Estate_excess,1,13,OLS,PC3,0.006744182275789559
sector_excess_return,Real Estate_excess,1,13,OLS,PC4,-0.003481390679483508
sector_excess_return,Real Estate_excess,1,13,OLS,PC5,-0.004650111194559283
sector_excess_return,Real Estate_excess,1,13,OLS,PC6,8.665574918577036e-05
sector_excess_return,Real Estate_excess,1,13,OLS,PC7,-0.003509173793084468
sector_excess_return,Real Estate_excess,1,13,OLS,PC8,0.0063993246272935475
sector_excess_return,Real Estate_excess,1,13,OLS,PC9,0.006337091153563551
sector_excess_return,Real Estate_excess,1,13,OLS,PC10,0.0021301528749016964
sector_excess_return,Real Estate_excess,1,13,OLS,PC11,0.0005269598647811336
sector_excess_return,Real Estate_excess,1,13,OLS,PC12,0.003976325249219225
sector_excess_return,Real Estate_excess,1,13,OLS,PC13,0.0014551638324660561
sector_excess_return,Real Estate_excess,1,13,Ridge,PC1,0.00015341141050182543
sector_excess_return,Real Estate_excess,1,13,Ridge,PC2,0.00013610943149220574
sector_excess_return,Real Estate_excess,1,13,Ridge,PC3,1.7319162048385576e-05
sector_excess_return,Real Estate_excess,1,13,Ridge,PC4,-0.0002911107744540796
sector_excess_return,Real Estate_excess,1,13,Ridge,PC5,-0.0004185226047323141
sector_excess_return,Real Estate_excess,1,13,Ridge,PC6,-2.6147592643995838e-05
sector_excess_return,Real Estate_excess,1,13,Ridge,PC7,-0.00024862122238094366
sector_excess_return,Real Estate_excess,1,13,Ridge,PC8,0.00042752035324851835
sector_excess_return,Real Estate_excess,1,13,Ridge,PC9,6.248850628154749e-05
sector_excess_return,Real Estate_excess,1,13,Ridge,PC10,7.959897719762159e-05
sector_excess_return,Real Estate_excess,1,13,Ridge,PC11,-4.135192962211175e-05
sector_excess_return,Real Estate_excess,1,13,Ridge,PC12,9.246909981473062e-05
sector_excess_return,Real Estate_excess,1,13,Ridge,PC13,-0.0001103384637696388
sector_excess_return,Real Estate_excess,1,13,Lasso,PC1,0.0
sector_excess_return,Real Estate_excess,1,13,Lasso,PC2,0.0
sector_excess_return,Real Estate_excess,1,13,Lasso,PC3,0.0
sector_excess_return,Real Estate_excess,1,13,Lasso,PC4,-0.0
sector_excess_return,Real Estate_excess,1,13,Lasso,PC5,-0.0
sector_excess_return,Real Estate_excess,1,13,Lasso,PC6,-0.0
sector_excess_return,Real Estate_excess,1,13,Lasso,PC7,-0.0
sector_excess_return,Real Estate_excess,1,13,Lasso,PC8,0.0
sector_excess_return,Real Estate_excess,1,13,Lasso,PC9,0.0
sector_excess_return,Real Estate_excess,1,13,Lasso,PC10,0.0
sector_excess_return,Real Estate_excess,1,13,Lasso,PC11,-0.0
sector_excess_return,Real Estate_excess,1,13,Lasso,PC12,0.0
sector_excess_return,Real Estate_excess,1,13,Lasso,PC13,-0.0
sector_excess_return,Real Estate_excess,1,13,ElasticNet,PC1,0.0
sector_excess_return,Real Estate_excess,1,13,ElasticNet,PC2,0.0
sector_excess_return,Real Estate_excess,1,13,ElasticNet,PC3,0.0
sector_excess_return,Real Estate_excess,1,13,ElasticNet,PC4,-0.0
sector_excess_return,Real Estate_excess,1,13,ElasticNet,PC5,-0.0
sector_excess_return,Real Estate_excess,1,13,ElasticNet,PC6,-0.0
sector_excess_return,Real Estate_excess,1,13,ElasticNet,PC7,-0.0
sector_excess_return,Real Estate_excess,1,13,ElasticNet,PC8,0.0
sector_excess_return,Real Estate_excess,1,13,ElasticNet,PC9,0.0
sector_excess_return,Real Estate_excess,1,13,ElasticNet,PC10,0.0
sector_excess_return,Real Estate_excess,1,13,ElasticNet,PC11,-0.0
sector_excess_return,Real Estate_excess,1,13,ElasticNet,PC12,0.0
sector_excess_return,Real Estate_excess,1,13,ElasticNet,PC13,-0.0
sector_excess_return,Utilities_excess,1,13,OLS,PC1,0.005166116153346441
sector_excess_return,Utilities_excess,1,13,OLS,PC2,0.0042702257510281874
sector_excess_return,Utilities_excess,1,13,OLS,PC3,0.0032260247334017105
sector_excess_return,Utilities_excess,1,13,OLS,PC4,0.004861109965889005
sector_excess_return,Utilities_excess,1,13,OLS,PC5,-0.00972513564132508
sector_excess_return,Utilities_excess,1,13,OLS,PC6,0.0036958345001740817
sector_excess_return,Utilities_excess,1,13,OLS,PC7,-0.0026812485906368556
sector_excess_return,Utilities_excess,1,13,OLS,PC8,0.01042741946796648
sector_excess_return,Utilities_excess,1,13,OLS,PC9,-0.005460754152937806
sector_excess_return,Utilities_excess,1,13,OLS,PC10,0.003457790451560994
sector_excess_return,Utilities_excess,1,13,OLS,PC11,-0.006153455803353495
sector_excess_return,Utilities_excess,1,13,OLS,PC12,0.0064059259673687014
sector_excess_return,Utilities_excess,1,13,OLS,PC13,0.007396289665452777
sector_excess_return,Utilities_excess,1,13,Ridge,PC1,0.00035775016258129705
sector_excess_return,Utilities_excess,1,13,Ridge,PC2,1.902281852802586e-05
sector_excess_return,Utilities_excess,1,13,Ridge,PC3,7.837760482567689e-05
sector_excess_return,Utilities_excess,1,13,Ridge,PC4,0.00016946166271136615
sector_excess_return,Utilities_excess,1,13,Ridge,PC5,-0.00046496342447745534
sector_excess_return,Utilities_excess,1,13,Ridge,PC6,0.00032895067139212256
sector_excess_return,Utilities_excess,1,13,Ridge,PC7,-6.290789685365452e-05
sector_excess_return,Utilities_excess,1,13,Ridge,PC8,0.0005908478694627475
sector_excess_return,Utilities_excess,1,13,Ridge,PC9,-0.0004042456790218063
sector_excess_return,Utilities_excess,1,13,Ridge,PC10,0.00017889350697783646
sector_excess_return,Utilities_excess,1,13,Ridge,PC11,-0.0003746594350552413
sector_excess_return,Utilities_excess,1,13,Ridge,PC12,0.00017690051613418402
sector_excess_return,Utilities_excess,1,13,Ridge,PC13,0.0004745553583853438
sector_excess_return,Utilities_excess,1,13,Lasso,PC1,0.0
sector_excess_return,Utilities_excess,1,13,Lasso,PC2,-0.0
sector_excess_return,Utilities_excess,1,13,Lasso,PC3,0.0
sector_excess_return,Utilities_excess,1,13,Lasso,PC4,0.0
sector_excess_return,Utilities_excess,1,13,Lasso,PC5,-0.0
sector_excess_return,Utilities_excess,1,13,Lasso,PC6,0.0
sector_excess_return,Utilities_excess,1,13,Lasso,PC7,-0.0
sector_excess_return,Utilities_excess,1,13,Lasso,PC8,0.0
sector_excess_return,Utilities_excess,1,13,Lasso,PC9,-0.0
sector_excess_return,Utilities_excess,1,13,Lasso,PC10,0.0
sector_excess_return,Utilities_excess,1,13,Lasso,PC11,-0.0
sector_excess_return,Utilities_excess,1,13,Lasso,PC12,0.0
sector_excess_return,Utilities_excess,1,13,Lasso,PC13,0.0
sector_excess_return,Utilities_excess,1,13,ElasticNet,PC1,0.0
sector_excess_return,Utilities_excess,1,13,ElasticNet,PC2,-0.0
sector_excess_return,Utilities_excess,1,13,ElasticNet,PC3,0.0
sector_excess_return,Utilities_excess,1,13,ElasticNet,PC4,0.0
sector_excess_return,Utilities_excess,1,13,ElasticNet,PC5,-0.0
sector_excess_return,Utilities_excess,1,13,ElasticNet,PC6,0.0
sector_excess_return,Utilities_excess,1,13,ElasticNet,PC7,-0.0
sector_excess_return,Utilities_excess,1,13,ElasticNet,PC8,0.0
sector_excess_return,Utilities_excess,1,13,ElasticNet,PC9,-0.0
sector_excess_return,Utilities_excess,1,13,ElasticNet,PC10,0.0
sector_excess_return,Utilities_excess,1,13,ElasticNet,PC11,-0.0
sector_excess_return,Utilities_excess,1,13,ElasticNet,PC12,0.0
sector_excess_return,Utilities_excess,1,13,ElasticNet,PC13,0.0
sector_excess_return,Health Care_excess,1,13,OLS,PC1,-0.0013702664056715204
sector_excess_return,Health Care_excess,1,13,OLS,PC2,-0.0007390364514453816
sector_excess_return,Health Care_excess,1,13,OLS,PC3,-0.004894909316447026
sector_excess_return,Health Care_excess,1,13,OLS,PC4,0.001724187342084074
sector_excess_return,Health Care_excess,1,13,OLS,PC5,-0.006497698160589366
sector_excess_return,Health Care_excess,1,13,OLS,PC6,0.00239100732292845
sector_excess_return,Health Care_excess,1,13,OLS,PC7,-0.004406003338172008
sector_excess_return,Health Care_excess,1,13,OLS,PC8,0.007122889051011774
sector_excess_return,Health Care_excess,1,13,OLS,PC9,-0.007971189665793242
sector_excess_return,Health Care_excess,1,13,OLS,PC10,0.001934145241776127
sector_excess_return,Health Care_excess,1,13,OLS,PC11,-0.004888629742484739
sector_excess_return,Health Care_excess,1,13,OLS,PC12,0.004474205378421159
sector_excess_return,Health Care_excess,1,13,OLS,PC13,0.00044272345612882206
sector_excess_return,Health Care_excess,1,13,Ridge,PC1,0.00023569516604828776
sector_excess_return,Health Care_excess,1,13,Ridge,PC2,0.0001929645137569583
sector_excess_return,Health Care_excess,1,13,Ridge,PC3,-0.000260692609430537
sector_excess_return,Health Care_excess,1,13,Ridge,PC4,-2.3995909267353793e-05
sector_excess_return,Health Care_excess,1,13,Ridge,PC5,-0.0003030867580752453
sector_excess_return,Health Care_excess,1,13,Ridge,PC6,0.0002061903721317254
sector_excess_return,Health Care_excess,1,13,Ridge,PC7,-0.00026164159210986625
sector_excess_return,Health Care_excess,1,13,Ridge,PC8,0.0003571282206849421
sector_excess_return,Health Care_excess,1,13,Ridge,PC9,-0.00033355380728127427
sector_excess_return,Health Care_excess,1,13,Ridge,PC10,0.0001416651427220087
sector_excess_return,Health Care_excess,1,13,Ridge,PC11,-0.0002512209189132585
sector_excess_return,Health Care_excess,1,13,Ridge,PC12,0.00014645315472191744
sector_excess_return,Health Care_excess,1,13,Ridge,PC13,1.1463294474456218e-05
sector_excess_return,Health Care_excess,1,13,Lasso,PC1,0.0
sector_excess_return,Health Care_excess,1,13,Lasso,PC2,0.0
sector_excess_return,Health Care_excess,1,13,Lasso,PC3,-0.0
sector_excess_return,Health Care_excess,1,13,Lasso,PC4,-0.0
sector_excess_return,Health Care_excess,1,13,Lasso,PC5,-0.0
sector_excess_return,Health Care_excess,1,13,Lasso,PC6,0.0
sector_excess_return,Health Care_excess,1,13,Lasso,PC7,-0.0
sector_excess_return,Health Care_excess,1,13,Lasso,PC8,0.0
sector_excess_return,Health Care_excess,1,13,Lasso,PC9,-0.0
sector_excess_return,Health Care_excess,1,13,Lasso,PC10,0.0
sector_excess_return,Health Care_excess,1,13,Lasso,PC11,-0.0
sector_excess_return,Health Care_excess,1,13,Lasso,PC12,0.0
sector_excess_return,Health Care_excess,1,13,Lasso,PC13,0.0
sector_excess_return,Health Care_excess,1,13,ElasticNet,PC1,0.0
sector_excess_return,Health Care_excess,1,13,ElasticNet,PC2,0.0
sector_excess_return,Health Care_excess,1,13,ElasticNet,PC3,-0.0
sector_excess_return,Health Care_excess,1,13,ElasticNet,PC4,-0.0
sector_excess_return,Health Care_excess,1,13,ElasticNet,PC5,-0.0
sector_excess_return,Health Care_excess,1,13,ElasticNet,PC6,0.0
sector_excess_return,Health Care_excess,1,13,ElasticNet,PC7,-0.0
sector_excess_return,Health Care_excess,1,13,ElasticNet,PC8,0.0
sector_excess_return,Health Care_excess,1,13,ElasticNet,PC9,-0.0
sector_excess_return,Health Care_excess,1,13,ElasticNet,PC10,0.0
sector_excess_return,Health Care_excess,1,13,ElasticNet,PC11,-0.0
sector_excess_return,Health Care_excess,1,13,ElasticNet,PC12,0.0
sector_excess_return,Health Care_excess,1,13,ElasticNet,PC13,0.0
sector_excess_return,Consumer Discretionary_excess,1,13,OLS,PC1,-0.006552077240381498
sector_excess_return,Consumer Discretionary_excess,1,13,OLS,PC2,-0.0014392668136760333
sector_excess_return,Consumer Discretionary_excess,1,13,OLS,PC3,-0.006500976462991946
sector_excess_return,Consumer Discretionary_excess,1,13,OLS,PC4,-0.0010589906775519311
sector_excess_return,Consumer Discretionary_excess,1,13,OLS,PC5,0.002274054551810437
sector_excess_return,Consumer Discretionary_excess,1,13,OLS,PC6,0.003194474537175496
sector_excess_return,Consumer Discretionary_excess,1,13,OLS,PC7,-0.002040278161846987
sector_excess_return,Consumer Discretionary_excess,1,13,OLS,PC8,-0.0021726009774735403
sector_excess_return,Consumer Discretionary_excess,1,13,OLS,PC9,-0.0017849779116366617
sector_excess_return,Consumer Discretionary_excess,1,13,OLS,PC10,0.00010225912781958141
sector_excess_return,Consumer Discretionary_excess,1,13,OLS,PC11,-0.00012372503005750543
sector_excess_return,Consumer Discretionary_excess,1,13,OLS,PC12,-0.0006043319624065097
sector_excess_return,Consumer Discretionary_excess,1,13,OLS,PC13,-0.00195853653627849
sector_excess_return,Consumer Discretionary_excess,1,13,Ridge,PC1,-0.00032348790158929076
sector_excess_return,Consumer Discretionary_excess,1,13,Ridge,PC2,0.00031441280684886986
sector_excess_return,Consumer Discretionary_excess,1,13,Ridge,PC3,-0.0003002950228242124
sector_excess_return,Consumer Discretionary_excess,1,13,Ridge,PC4,-8.065839385982606e-05
sector_excess_return,Consumer Discretionary_excess,1,13,Ridge,PC5,0.00017787950304448867
sector_excess_return,Consumer Discretionary_excess,1,13,Ridge,PC6,0.00023825607790547372
sector_excess_return,Consumer Discretionary_excess,1,13,Ridge,PC7,-0.00018304007062168548
sector_excess_return,Consumer Discretionary_excess,1,13,Ridge,PC8,-0.00020537676104943574
sector_excess_return,Consumer Discretionary_excess,1,13,Ridge,PC9,0.00010304920764544531
sector_excess_return,Consumer Discretionary_excess,1,13,Ridge,PC10,4.2756633493958986e-05
sector_excess_return,Consumer Discretionary_excess,1,13,Ridge,PC11,-6.686385906894638e-05
sector_excess_return,Consumer Discretionary_excess,1,13,Ridge,PC12,6.96370166069326e-05
sector_excess_return,Consumer Discretionary_excess,1,13,Ridge,PC13,-9.808579885338544e-05
sector_excess_return,Consumer Discretionary_excess,1,13,Lasso,PC1,-0.0
sector_excess_return,Consumer Discretionary_excess,1,13,Lasso,PC2,0.0
sector_excess_return,Consumer Discretionary_excess,1,13,Lasso,PC3,-0.0
sector_excess_return,Consumer Discretionary_excess,1,13,Lasso,PC4,-0.0
sector_excess_return,Consumer Discretionary_excess,1,13,Lasso,PC5,0.0
sector_excess_return,Consumer Discretionary_excess,1,13,Lasso,PC6,0.0
sector_excess_return,Consumer Discretionary_excess,1,13,Lasso,PC7,-0.0
sector_excess_return,Consumer Discretionary_excess,1,13,Lasso,PC8,-0.0
sector_excess_return,Consumer Discretionary_excess,1,13,Lasso,PC9,0.0
sector_excess_return,Consumer Discretionary_excess,1,13,Lasso,PC10,0.0
sector_excess_return,Consumer Discretionary_excess,1,13,Lasso,PC11,-0.0
sector_excess_return,Consumer Discretionary_excess,1,13,Lasso,PC12,0.0
sector_excess_return,Consumer Discretionary_excess,1,13,Lasso,PC13,-0.0
sector_excess_return,Consumer Discretionary_excess,1,13,ElasticNet,PC1,-0.0
sector_excess_return,Consumer Discretionary_excess,1,13,ElasticNet,PC2,0.0
sector_excess_return,Consumer Discretionary_excess,1,13,ElasticNet,PC3,-0.0
sector_excess_return,Consumer Discretionary_excess,1,13,ElasticNet,PC4,-0.0
sector_excess_return,Consumer Discretionary_excess,1,13,ElasticNet,PC5,0.0
sector_excess_return,Consumer Discretionary_excess,1,13,ElasticNet,PC6,0.0
sector_excess_return,Consumer Discretionary_excess,1,13,ElasticNet,PC7,-0.0
sector_excess_return,Consumer Discretionary_excess,1,13,ElasticNet,PC8,-0.0
sector_excess_return,Consumer Discretionary_excess,1,13,ElasticNet,PC9,0.0
sector_excess_return,Consumer Discretionary_excess,1,13,ElasticNet,PC10,0.0
sector_excess_return,Consumer Discretionary_excess,1,13,ElasticNet,PC11,-0.0
sector_excess_return,Consumer Discretionary_excess,1,13,ElasticNet,PC12,0.0
sector_excess_return,Consumer Discretionary_excess,1,13,ElasticNet,PC13,-0.0
sector_excess_return,Materials_excess,2,5,OLS,PC1,-0.006321424413722016
sector_excess_return,Materials_excess,2,5,OLS,PC2,-0.0017712749180979932
sector_excess_return,Materials_excess,2,5,OLS,PC3,-0.004754460145485594
sector_excess_return,Materials_excess,2,5,OLS,PC4,-0.0008792863862415224
sector_excess_return,Materials_excess,2,5,OLS,PC5,-0.0018542486170378604
sector_excess_return,Materials_excess,2,5,Ridge,PC1,-0.0003874916179167513
sector_excess_return,Materials_excess,2,5,Ridge,PC2,0.00016282431888855694
sector_excess_return,Materials_excess,2,5,Ridge,PC3,-0.0002460135268639467
sector_excess_return,Materials_excess,2,5,Ridge,PC4,-0.000183414199368972
sector_excess_return,Materials_excess,2,5,Ridge,PC5,-0.00017531507876445007
sector_excess_return,Materials_excess,2,5,Lasso,PC1,-0.0
sector_excess_return,Materials_excess,2,5,Lasso,PC2,0.0
sector_excess_return,Materials_excess,2,5,Lasso,PC3,-0.0
sector_excess_return,Materials_excess,2,5,Lasso,PC4,-0.0
sector_excess_return,Materials_excess,2,5,Lasso,PC5,-0.0
sector_excess_return,Materials_excess,2,5,ElasticNet,PC1,-0.0
sector_excess_return,Materials_excess,2,5,ElasticNet,PC2,0.0
sector_excess_return,Materials_excess,2,5,ElasticNet,PC3,-0.0
sector_excess_return,Materials_excess,2,5,ElasticNet,PC4,-0.0
sector_excess_return,Materials_excess,2,5,ElasticNet,PC5,-0.0
sector_excess_return,Communication Services_excess,2,5,OLS,PC1,-0.005672130124884533
sector_excess_return,Communication Services_excess,2,5,OLS,PC2,-0.0020092680682000474
sector_excess_return,Communication Services_excess,2,5,OLS,PC3,-0.0021644347110141983
sector_excess_return,Communication Services_excess,2,5,OLS,PC4,0.009993570704054726
sector_excess_return,Communication Services_excess,2,5,OLS,PC5,-0.0018500603267908883
sector_excess_return,Communication Services_excess,2,5,Ridge,PC1,-0.0031940536107493886
sector_excess_return,Communication Services_excess,2,5,Ridge,PC2,-0.000706222206407203
sector_excess_return,Communication Services_excess,2,5,Ridge,PC3,-0.000993546730262167
sector_excess_return,Communication Services_excess,2,5,Ridge,PC4,0.007083555511677684
sector_excess_return,Communication Services_excess,2,5,Ridge,PC5,-0.0008686370975252065
sector_excess_return,Communication Services_excess,2,5,Lasso,PC1,-0.0
sector_excess_return,Communication Services_excess,2,5,Lasso,PC2,0.0
sector_excess_return,Communication Services_excess,2,5,Lasso,PC3,-0.0
sector_excess_return,Communication Services_excess,2,5,Lasso,PC4,0.004081582411196518
sector_excess_return,Communication Services_excess,2,5,Lasso,PC5,-0.0
sector_excess_return,Communication Services_excess,2,5,ElasticNet,PC1,-0.0
sector_excess_return,Communication Services_excess,2,5,ElasticNet,PC2,0.0
sector_excess_return,Communication Services_excess,2,5,ElasticNet,PC3,-0.0
sector_excess_return,Communication Services_excess,2,5,ElasticNet,PC4,0.004275840908861619
sector_excess_return,Communication Services_excess,2,5,ElasticNet,PC5,-0.0
sector_excess_return,Energy_excess,2,5,OLS,PC1,-0.018587587844606027
sector_excess_return,Energy_excess,2,5,OLS,PC2,-0.017495762590740118
sector_excess_return,Energy_excess,2,5,OLS,PC3,-0.013491175120941274
sector_excess_return,Energy_excess,2,5,OLS,PC4,-0.008207305415165686
sector_excess_return,Energy_excess,2,5,OLS,PC5,-0.01124358533519792
sector_excess_return,Energy_excess,2,5,Ridge,PC1,-0.0035409199735706187
sector_excess_return,Energy_excess,2,5,Ridge,PC2,-0.002804767534980124
sector_excess_return,Energy_excess,2,5,Ridge,PC3,-0.0022124722114848544
sector_excess_return,Energy_excess,2,5,Ridge,PC4,-0.0038612815498804197
sector_excess_return,Energy_excess,2,5,Ridge,PC5,-0.004281045867975237
sector_excess_return,Energy_excess,2,5,Lasso,PC1,-0.0015773216695418723
sector_excess_return,Energy_excess,2,5,Lasso,PC2,-0.0
sector_excess_return,Energy_excess,2,5,Lasso,PC3,-0.0
sector_excess_return,Energy_excess,2,5,Lasso,PC4,-0.004068211371351355
sector_excess_return,Energy_excess,2,5,Lasso,PC5,-0.0054547654782834834
sector_excess_return,Energy_excess,2,5,ElasticNet,PC1,-0.0011014720007274997
sector_excess_return,Energy_excess,2,5,ElasticNet,PC2,-0.0
sector_excess_return,Energy_excess,2,5,ElasticNet,PC3,-0.0
sector_excess_return,Energy_excess,2,5,ElasticNet,PC4,-0.003718563680803765
sector_excess_return,Energy_excess,2,5,ElasticNet,PC5,-0.004966809023802613
sector_excess_return,Financials_excess,2,5,OLS,PC1,-0.0012700043984022772
sector_excess_return,Financials_excess,2,5,OLS,PC2,-0.002054965271074089
sector_excess_return,Financials_excess,2,5,OLS,PC3,-0.008516590833593532
sector_excess_return,Financials_excess,2,5,OLS,PC4,0.0006530048019137299
sector_excess_return,Financials_excess,2,5,OLS,PC5,-0.004241751239666634
sector_excess_return,Financials_excess,2,5,Ridge,PC1,0.00043649615530313567
sector_excess_return,Financials_excess,2,5,Ridge,PC2,-0.000136411596566627
sector_excess_return,Financials_excess,2,5,Ridge,PC3,-0.003751678904104111
sector_excess_return,Financials_excess,2,5,Ridge,PC4,4.556584184949301e-05
sector_excess_return,Financials_excess,2,5,Ridge,PC5,-0.00203289643260276
sector_excess_return,Financials_excess,2,5,Lasso,PC1,0.0
sector_excess_return,Financials_excess,2,5,Lasso,PC2,0.0
sector_excess_return,Financials_excess,2,5,Lasso,PC3,-0.0
sector_excess_return,Financials_excess,2,5,Lasso,PC4,-0.0
sector_excess_return,Financials_excess,2,5,Lasso,PC5,-0.0
sector_excess_return,Financials_excess,2,5,ElasticNet,PC1,0.0
sector_excess_return,Financials_excess,2,5,ElasticNet,PC2,0.0
sector_excess_return,Financials_excess,2,5,ElasticNet,PC3,-0.0
sector_excess_return,Financials_excess,2,5,ElasticNet,PC4,-0.0
sector_excess_return,Financials_excess,2,5,ElasticNet,PC5,-0.0
sector_excess_return,Industrials_excess,2,5,OLS,PC1,-0.004545348026612397
sector_excess_return,Industrials_excess,2,5,OLS,PC2,-0.002796478060022202
sector_excess_return,Industrials_excess,2,5,OLS,PC3,-0.0037479842365366186
sector_excess_return,Industrials_excess,2,5,OLS,PC4,0.0017766115067946822
sector_excess_return,Industrials_excess,2,5,OLS,PC5,-0.00032756525306079843
sector_excess_return,Industrials_excess,2,5,Ridge,PC1,-0.00018570540284141833
sector_excess_return,Industrials_excess,2,5,Ridge,PC2,-2.183583603898303e-05
sector_excess_return,Industrials_excess,2,5,Ridge,PC3,-0.00017826893365536448
sector_excess_return,Industrials_excess,2,5,Ridge,PC4,0.00010485562574016292
sector_excess_return,Industrials_excess,2,5,Ridge,PC5,4.529357495318361e-06
sector_excess_return,Industrials_excess,2,5,Lasso,PC1,-0.0
sector_excess_return,Industrials_excess,2,5,Lasso,PC2,-0.0
sector_excess_return,Industrials_excess,2,5,Lasso,PC3,-0.0
sector_excess_return,Industrials_excess,2,5,Lasso,PC4,0.0
sector_excess_return,Industrials_excess,2,5,Lasso,PC5,0.0
sector_excess_return,Industrials_excess,2,5,ElasticNet,PC1,-0.0
sector_excess_return,Industrials_excess,2,5,ElasticNet,PC2,-0.0
sector_excess_return,Industrials_excess,2,5,ElasticNet,PC3,-0.0
sector_excess_return,Industrials_excess,2,5,ElasticNet,PC4,0.0
sector_excess_return,Industrials_excess,2,5,ElasticNet,PC5,0.0
sector_excess_return,Technology_excess,2,5,OLS,PC1,-0.0005943664298497558
sector_excess_return,Technology_excess,2,5,OLS,PC2,0.0019143194958961475
sector_excess_return,Technology_excess,2,5,OLS,PC3,0.008725191969201292
sector_excess_return,Technology_excess,2,5,OLS,PC4,-0.0013535587203531473
sector_excess_return,Technology_excess,2,5,OLS,PC5,0.0025543954390555242
sector_excess_return,Technology_excess,2,5,Ridge,PC1,-0.0007668450105127022
sector_excess_return,Technology_excess,2,5,Ridge,PC2,8.487291206829819e-05
sector_excess_return,Technology_excess,2,5,Ridge,PC3,0.0019222837974430954
sector_excess_return,Technology_excess,2,5,Ridge,PC4,-0.0002703624971410272
sector_excess_return,Technology_excess,2,5,Ridge,PC5,0.0005630814399688168
sector_excess_return,Technology_excess,2,5,Lasso,PC1,-0.0
sector_excess_return,Technology_excess,2,5,Lasso,PC2,0.0
sector_excess_return,Technology_excess,2,5,Lasso,PC3,0.0
sector_excess_return,Technology_excess,2,5,Lasso,PC4,-0.0
sector_excess_return,Technology_excess,2,5,Lasso,PC5,0.0
sector_excess_return,Technology_excess,2,5,ElasticNet,PC1,-0.0
sector_excess_return,Technology_excess,2,5,ElasticNet,PC2,0.0
sector_excess_return,Technology_excess,2,5,ElasticNet,PC3,0.0
sector_excess_return,Technology_excess,2,5,ElasticNet,PC4,-0.0
sector_excess_return,Technology_excess,2,5,ElasticNet,PC5,0.0
sector_excess_return,Consumer Staples_excess,2,5,OLS,PC1,0.006817226791327356
sector_excess_return,Consumer Staples_excess,2,5,OLS,PC2,0.00425646075170536
sector_excess_return,Consumer Staples_excess,2,5,OLS,PC3,-0.0009958594401304262
sector_excess_return,Consumer Staples_excess,2,5,OLS,PC4,-0.0012564945324214593
sector_excess_return,Consumer Staples_excess,2,5,OLS,PC5,-0.0021672626610996486
sector_excess_return,Consumer Staples_excess,2,5,Ridge,PC1,0.00043707941763711445
sector_excess_return,Consumer Staples_excess,2,5,Ridge,PC2,0.00015450104369575438
sector_excess_return,Consumer Staples_excess,2,5,Ridge,PC3,-0.00030878522286347096
sector_excess_return,Consumer Staples_excess,2,5,Ridge,PC4,-7.533197472329883e-05
sector_excess_return,Consumer Staples_excess,2,5,Ridge,PC5,-0.00022064336213367347
sector_excess_return,Consumer Staples_excess,2,5,Lasso,PC1,0.0
sector_excess_return,Consumer Staples_excess,2,5,Lasso,PC2,0.0
sector_excess_return,Consumer Staples_excess,2,5,Lasso,PC3,-0.0
sector_excess_return,Consumer Staples_excess,2,5,Lasso,PC4,-0.0
sector_excess_return,Consumer Staples_excess,2,5,Lasso,PC5,-0.0
sector_excess_return,Consumer Staples_excess,2,5,ElasticNet,PC1,0.0
sector_excess_return,Consumer Staples_excess,2,5,ElasticNet,PC2,0.0
sector_excess_return,Consumer Staples_excess,2,5,ElasticNet,PC3,-0.0
sector_excess_return,Consumer Staples_excess,2,5,ElasticNet,PC4,-0.0
sector_excess_return,Consumer Staples_excess,2,5,ElasticNet,PC5,-0.0
sector_excess_return,Real Estate_excess,2,5,OLS,PC1,0.004570731814360221
sector_excess_return,Real Estate_excess,2,5,OLS,PC2,0.0033301113140953224
sector_excess_return,Real Estate_excess,2,5,OLS,PC3,0.001219935258838941
sector_excess_return,Real Estate_excess,2,5,OLS,PC4,8.639792212996976e-05
sector_excess_return,Real Estate_excess,2,5,OLS,PC5,-0.0069732650088569
sector_excess_return,Real Estate_excess,2,5,Ridge,PC1,0.0004361828006110225
sector_excess_return,Real Estate_excess,2,5,Ridge,PC2,0.0001757326012717989
sector_excess_return,Real Estate_excess,2,5,Ridge,PC3,-9.687917629000017e-05
sector_excess_return,Real Estate_excess,2,5,Ridge,PC4,-0.00012248294975573804
sector_excess_return,Real Estate_excess,2,5,Ridge,PC5,-0.001004816323219958
sector_excess_return,Real Estate_excess,2,5,Lasso,PC1,0.0
sector_excess_return,Real Estate_excess,2,5,Lasso,PC2,0.0
sector_excess_return,Real Estate_excess,2,5,Lasso,PC3,-0.0
sector_excess_return,Real Estate_excess,2,5,Lasso,PC4,-0.0
sector_excess_return,Real Estate_excess,2,5,Lasso,PC5,-0.003827179525084389
sector_excess_return,Real Estate_excess,2,5,ElasticNet,PC1,0.0
sector_excess_return,Real Estate_excess,2,5,ElasticNet,PC2,0.0
sector_excess_return,Real Estate_excess,2,5,ElasticNet,PC3,-0.0
sector_excess_return,Real Estate_excess,2,5,ElasticNet,PC4,-0.0
sector_excess_return,Real Estate_excess,2,5,ElasticNet,PC5,-0.003570832939156075
sector_excess_return,Utilities_excess,2,5,OLS,PC1,0.004985463323101808
sector_excess_return,Utilities_excess,2,5,OLS,PC2,0.0014141150248913885
sector_excess_return,Utilities_excess,2,5,OLS,PC3,-0.002121910437570265
sector_excess_return,Utilities_excess,2,5,OLS,PC4,-0.002962853502671281
sector_excess_return,Utilities_excess,2,5,OLS,PC5,0.0014078000447831924
sector_excess_return,Utilities_excess,2,5,Ridge,PC1,0.00037231756061063283
sector_excess_return,Utilities_excess,2,5,Ridge,PC2,9.897258755535899e-06
sector_excess_return,Utilities_excess,2,5,Ridge,PC3,-0.0003050542725869782
sector_excess_return,Utilities_excess,2,5,Ridge,PC4,-0.0001618875456822502
sector_excess_return,Utilities_excess,2,5,Ridge,PC5,5.637822642912873e-05
sector_excess_return,Utilities_excess,2,5,Lasso,PC1,0.0
sector_excess_return,Utilities_excess,2,5,Lasso,PC2,0.0
sector_excess_return,Utilities_excess,2,5,Lasso,PC3,-0.0
sector_excess_return,Utilities_excess,2,5,Lasso,PC4,-0.0
sector_excess_return,Utilities_excess,2,5,Lasso,PC5,0.0
sector_excess_return,Utilities_excess,2,5,ElasticNet,PC1,0.0
sector_excess_return,Utilities_excess,2,5,ElasticNet,PC2,0.0
sector_excess_return,Utilities_excess,2,5,ElasticNet,PC3,-0.0
sector_excess_return,Utilities_excess,2,5,ElasticNet,PC4,-0.0
sector_excess_return,Utilities_excess,2,5,ElasticNet,PC5,0.0
sector_excess_return,Health Care_excess,2,5,OLS,PC1,0.007816066831379302
sector_excess_return,Health Care_excess,2,5,OLS,PC2,0.005472017434793983
sector_excess_return,Health Care_excess,2,5,OLS,PC3,-0.0031207234256704014
sector_excess_return,Health Care_excess,2,5,OLS,PC4,-0.004397223883509335
sector_excess_return,Health Care_excess,2,5,OLS,PC5,0.0008604007626459087
sector_excess_return,Health Care_excess,2,5,Ridge,PC1,0.0007937554517330191
sector_excess_return,Health Care_excess,2,5,Ridge,PC2,0.00048307333440880776
sector_excess_return,Health Care_excess,2,5,Ridge,PC3,-0.0008576504130235348
sector_excess_return,Health Care_excess,2,5,Ridge,PC4,-0.0004726102893288442
sector_excess_return,Health Care_excess,2,5,Ridge,PC5,-2.8336563602967388e-05
sector_excess_return,Health Care_excess,2,5,Lasso,PC1,0.0
sector_excess_return,Health Care_excess,2,5,Lasso,PC2,0.0
sector_excess_return,Health Care_excess,2,5,Lasso,PC3,-0.0
sector_excess_return,Health Care_excess,2,5,Lasso,PC4,-0.0
sector_excess_return,Health Care_excess,2,5,Lasso,PC5,-0.0
sector_excess_return,Health Care_excess,2,5,ElasticNet,PC1,0.0
sector_excess_return,Health Care_excess,2,5,ElasticNet,PC2,0.0
sector_excess_return,Health Care_excess,2,5,ElasticNet,PC3,-0.00010391557880484656
sector_excess_return,Health Care_excess,2,5,ElasticNet,PC4,-0.0
sector_excess_return,Health Care_excess,2,5,ElasticNet,PC5,-0.0
sector_excess_return,Consumer Discretionary_excess,2,5,OLS,PC1,-0.002542334610198836
sector_excess_return,Consumer Discretionary_excess,2,5,OLS,PC2,0.0012726430245867289
sector_excess_return,Consumer Discretionary_excess,2,5,OLS,PC3,-0.0023762609877380184
sector_excess_return,Consumer Discretionary_excess,2,5,OLS,PC4,0.0032756647354638207
sector_excess_return,Consumer Discretionary_excess,2,5,OLS,PC5,0.0017570504690116472
sector_excess_return,Consumer Discretionary_excess,2,5,Ridge,PC1,-0.00016496373754172405
sector_excess_return,Consumer Discretionary_excess,2,5,Ridge,PC2,0.00021985123720087577
sector_excess_return,Consumer Discretionary_excess,2,5,Ridge,PC3,-0.00017868913870279664
sector_excess_return,Consumer Discretionary_excess,2,5,Ridge,PC4,0.00027267826649411355
sector_excess_return,Consumer Discretionary_excess,2,5,Ridge,PC5,0.0002130754461632671
sector_excess_return,Consumer Discretionary_excess,2,5,Lasso,PC1,-0.0
sector_excess_return,Consumer Discretionary_excess,2,5,Lasso,PC2,0.0
sector_excess_return,Consumer Discretionary_excess,2,5,Lasso,PC3,-0.0
sector_excess_return,Consumer Discretionary_excess,2,5,Lasso,PC4,0.0
sector_excess_return,Consumer Discretionary_excess,2,5,Lasso,PC5,0.0
sector_excess_return,Consumer Discretionary_excess,2,5,ElasticNet,PC1,-0.0
sector_excess_return,Consumer Discretionary_excess,2,5,ElasticNet,PC2,0.0
sector_excess_return,Consumer Discretionary_excess,2,5,ElasticNet,PC3,-0.0
sector_excess_return,Consumer Discretionary_excess,2,5,ElasticNet,PC4,0.0
sector_excess_return,Consumer Discretionary_excess,2,5,ElasticNet,PC5,0.0
sector_excess_return,Materials_excess,2,10,OLS,PC1,-0.003474236340299677
sector_excess_return,Materials_excess,2,10,OLS,PC2,0.0010715208861303142
sector_excess_return,Materials_excess,2,10,OLS,PC3,-0.003430437464401987
sector_excess_return,Materials_excess,2,10,OLS,PC4,-0.0010370509640839863
sector_excess_return,Materials_excess,2,10,OLS,PC5,-0.0018250202249394756
sector_excess_return,Materials_excess,2,10,OLS,PC6,0.0023202007960787725
sector_excess_return,Materials_excess,2,10,OLS,PC7,-0.0017250416961579393
sector_excess_return,Materials_excess,2,10,OLS,PC8,-0.0030818445611904147
sector_excess_return,Materials_excess,2,10,OLS,PC9,0.0031927753567737717
sector_excess_return,Materials_excess,2,10,OLS,PC10,0.0041128119473079015
sector_excess_return,Materials_excess,2,10,Ridge,PC1,-0.0003740938103603931
sector_excess_return,Materials_excess,2,10,Ridge,PC2,0.00017347184160708667
sector_excess_return,Materials_excess,2,10,Ridge,PC3,-0.000241124925922039
sector_excess_return,Materials_excess,2,10,Ridge,PC4,-0.00018633993432479518
sector_excess_return,Materials_excess,2,10,Ridge,PC5,-0.00017343861806868
sector_excess_return,Materials_excess,2,10,Ridge,PC6,0.00011408835362052274
sector_excess_return,Materials_excess,2,10,Ridge,PC7,-0.00016996527429714257
sector_excess_return,Materials_excess,2,10,Ridge,PC8,-0.0002883485860821929
sector_excess_return,Materials_excess,2,10,Ridge,PC9,0.00041170657375321754
sector_excess_return,Materials_excess,2,10,Ridge,PC10,0.0003053467452011915
sector_excess_return,Materials_excess,2,10,Lasso,PC1,-0.0
sector_excess_return,Materials_excess,2,10,Lasso,PC2,0.0
sector_excess_return,Materials_excess,2,10,Lasso,PC3,-0.0
sector_excess_return,Materials_excess,2,10,Lasso,PC4,-0.0
sector_excess_return,Materials_excess,2,10,Lasso,PC5,-0.0
sector_excess_return,Materials_excess,2,10,Lasso,PC6,0.0
sector_excess_return,Materials_excess,2,10,Lasso,PC7,-0.0
sector_excess_return,Materials_excess,2,10,Lasso,PC8,-0.0
sector_excess_return,Materials_excess,2,10,Lasso,PC9,0.0
sector_excess_return,Materials_excess,2,10,Lasso,PC10,0.0
sector_excess_return,Materials_excess,2,10,ElasticNet,PC1,-0.0
sector_excess_return,Materials_excess,2,10,ElasticNet,PC2,0.0
sector_excess_return,Materials_excess,2,10,ElasticNet,PC3,-0.0
sector_excess_return,Materials_excess,2,10,ElasticNet,PC4,-0.0
sector_excess_return,Materials_excess,2,10,ElasticNet,PC5,-0.0
sector_excess_return,Materials_excess,2,10,ElasticNet,PC6,0.0
sector_excess_return,Materials_excess,2,10,ElasticNet,PC7,-0.0
sector_excess_return,Materials_excess,2,10,ElasticNet,PC8,-0.0
sector_excess_return,Materials_excess,2,10,ElasticNet,PC9,0.0
sector_excess_return,Materials_excess,2,10,ElasticNet,PC10,0.0
sector_excess_return,Communication Services_excess,2,10,OLS,PC1,-0.009065951567449606
sector_excess_return,Communication Services_excess,2,10,OLS,PC2,-0.005400216704622674
sector_excess_return,Communication Services_excess,2,10,OLS,PC3,-0.004932855621787813
sector_excess_return,Communication Services_excess,2,10,OLS,PC4,0.009784210314169891
sector_excess_return,Communication Services_excess,2,10,OLS,PC5,-0.001580987065304603
sector_excess_return,Communication Services_excess,2,10,OLS,PC6,0.00284178505751337
sector_excess_return,Communication Services_excess,2,10,OLS,PC7,-0.0031765908508988145
sector_excess_return,Communication Services_excess,2,10,OLS,PC8,-0.0032267207646896104
sector_excess_return,Communication Services_excess,2,10,OLS,PC9,-0.0035529481961089696
sector_excess_return,Communication Services_excess,2,10,OLS,PC10,-0.005332192325571983
sector_excess_return,Communication Services_excess,2,10,Ridge,PC1,-0.0023016642432195675
sector_excess_return,Communication Services_excess,2,10,Ridge,PC2,-0.0006439199973496823
sector_excess_return,Communication Services_excess,2,10,Ridge,PC3,-0.0006247818228632995
sector_excess_return,Communication Services_excess,2,10,Ridge,PC4,0.005215015946479526
sector_excess_return,Communication Services_excess,2,10,Ridge,PC5,-7.212865421357337e-05
sector_excess_return,Communication Services_excess,2,10,Ridge,PC6,0.001405528499065789
sector_excess_return,Communication Services_excess,2,10,Ridge,PC7,-0.0019033247696022921
sector_excess_return,Communication Services_excess,2,10,Ridge,PC8,-0.0027682507135803843
sector_excess_return,Communication Services_excess,2,10,Ridge,PC9,0.0007934846396150986
sector_excess_return,Communication Services_excess,2,10,Ridge,PC10,-0.0036354980879100703
sector_excess_return,Communication Services_excess,2,10,Lasso,PC1,-0.0002084757589138485
sector_excess_return,Communication Services_excess,2,10,Lasso,PC2,-0.0
sector_excess_return,Communication Services_excess,2,10,Lasso,PC3,-0.0
sector_excess_return,Communication Services_excess,2,10,Lasso,PC4,0.005102440742490883
sector_excess_return,Communication Services_excess,2,10,Lasso,PC5,-0.0
sector_excess_return,Communication Services_excess,2,10,Lasso,PC6,0.0
sector_excess_return,Communication Services_excess,2,10,Lasso,PC7,-0.0
sector_excess_return,Communication Services_excess,2,10,Lasso,PC8,-0.0015301111758924233
sector_excess_return,Communication Services_excess,2,10,Lasso,PC9,0.0
sector_excess_return,Communication Services_excess,2,10,Lasso,PC10,-0.0026216922906900177
sector_excess_return,Communication Services_excess,2,10,ElasticNet,PC1,-0.0001762433333731929
sector_excess_return,Communication Services_excess,2,10,ElasticNet,PC2,-0.0
sector_excess_return,Communication Services_excess,2,10,ElasticNet,PC3,-0.0
sector_excess_return,Communication Services_excess,2,10,ElasticNet,PC4,0.004965036388894758
sector_excess_return,Communication Services_excess,2,10,ElasticNet,PC5,-0.0
sector_excess_return,Communication Services_excess,2,10,ElasticNet,PC6,0.0
sector_excess_return,Communication Services_excess,2,10,ElasticNet,PC7,-0.0
sector_excess_return,Communication Services_excess,2,10,ElasticNet,PC8,-0.0015031139880429796
sector_excess_return,Communication Services_excess,2,10,ElasticNet,PC9,0.0
sector_excess_return,Communication Services_excess,2,10,ElasticNet,PC10,-0.0025669910995128487
sector_excess_return,Energy_excess,2,10,OLS,PC1,-0.020357965597634246
sector_excess_return,Energy_excess,2,10,OLS,PC2,-0.018151222010274495
sector_excess_return,Energy_excess,2,10,OLS,PC3,-0.014151611549958708
sector_excess_return,Energy_excess,2,10,OLS,PC4,-0.0072643189017793245
sector_excess_return,Energy_excess,2,10,OLS,PC5,-0.014853073482770148
sector_excess_return,Energy_excess,2,10,OLS,PC6,-0.00800535060916084
sector_excess_return,Energy_excess,2,10,OLS,PC7,-0.014516514264313695
sector_excess_return,Energy_excess,2,10,OLS,PC8,0.00699508299544757
sector_excess_return,Energy_excess,2,10,OLS,PC9,-0.002612224414245674
sector_excess_return,Energy_excess,2,10,OLS,PC10,0.008746523163314923
sector_excess_return,Energy_excess,2,10,Ridge,PC1,-0.0030750736117603284
sector_excess_return,Energy_excess,2,10,Ridge,PC2,-0.0023382659348717564
sector_excess_return,Energy_excess,2,10,Ridge,PC3,-0.0017848172198318565
sector_excess_return,Energy_excess,2,10,Ridge,PC4,-0.004009151360561254
sector_excess_return,Energy_excess,2,10,Ridge,PC5,-0.0045143392568933426
sector_excess_return,Energy_excess,2,10,Ridge,PC6,-0.002982371105063301
sector_excess_return,Energy_excess,2,10,Ridge,PC7,-0.004294035007256134
sector_excess_return,Energy_excess,2,10,Ridge,PC8,0.00218070660411696
sector_excess_return,Energy_excess,2,10,Ridge,PC9,0.0034740555701759466
sector_excess_return,Energy_excess,2,10,Ridge,PC10,0.004200236580952806
sector_excess_return,Energy_excess,2,10,Lasso,PC1,-0.0
sector_excess_return,Energy_excess,2,10,Lasso,PC2,-0.0
sector_excess_return,Energy_excess,2,10,Lasso,PC3,-0.0
sector_excess_return,Energy_excess,2,10,Lasso,PC4,-0.0015444303522670908
sector_excess_return,Energy_excess,2,10,Lasso,PC5,-0.0032306779895754775
sector_excess_return,Energy_excess,2,10,Lasso,PC6,-0.0
sector_excess_return,Energy_excess,2,10,Lasso,PC7,-0.0016523291060714475
sector_excess_return,Energy_excess,2,10,Lasso,PC8,0.0
sector_excess_return,Energy_excess,2,10,Lasso,PC9,0.0016893097131945238
sector_excess_return,Energy_excess,2,10,Lasso,PC10,0.0035929766346159764
sector_excess_return,Energy_excess,2,10,ElasticNet,PC1,-0.0
sector_excess_return,Energy_excess,2,10,ElasticNet,PC2,-0.0
sector_excess_return,Energy_excess,2,10,ElasticNet,PC3,-0.0
sector_excess_return,Energy_excess,2,10,ElasticNet,PC4,-0.0014967324983802383
sector_excess_return,Energy_excess,2,10,ElasticNet,PC5,-0.0029386976703570326
sector_excess_return,Energy_excess,2,10,ElasticNet,PC6,-0.0
sector_excess_return,Energy_excess,2,10,ElasticNet,PC7,-0.0015128447563865937
sector_excess_return,Energy_excess,2,10,ElasticNet,PC8,0.0
sector_excess_return,Energy_excess,2,10,ElasticNet,PC9,0.0015855681150704303
sector_excess_return,Energy_excess,2,10,ElasticNet,PC10,0.0032845899211257604
sector_excess_return,Financials_excess,2,10,OLS,PC1,0.00599559904475405
sector_excess_return,Financials_excess,2,10,OLS,PC2,0.0024935735016569033
sector_excess_return,Financials_excess,2,10,OLS,PC3,-0.0030726361743369985
sector_excess_return,Financials_excess,2,10,OLS,PC4,-0.002863176509523015
sector_excess_return,Financials_excess,2,10,OLS,PC5,-0.001874380930904836
sector_excess_return,Financials_excess,2,10,OLS,PC6,-0.0026287708916067215
sector_excess_return,Financials_excess,2,10,OLS,PC7,-0.001005538240057964
sector_excess_return,Financials_excess,2,10,OLS,PC8,-0.007931243255163426
sector_excess_return,Financials_excess,2,10,OLS,PC9,0.009140148828738077
sector_excess_return,Financials_excess,2,10,OLS,PC10,0.001252783993008771
sector_excess_return,Financials_excess,2,10,Ridge,PC1,0.0011393210978541412
sector_excess_return,Financials_excess,2,10,Ridge,PC2,9.907845411892136e-05
sector_excess_return,Financials_excess,2,10,Ridge,PC3,-0.0032266571504432776
sector_excess_return,Financials_excess,2,10,Ridge,PC4,-0.00040374893052262445
sector_excess_return,Financials_excess,2,10,Ridge,PC5,-0.0017325709301738688
sector_excess_return,Financials_excess,2,10,Ridge,PC6,-0.0008943574776484811
sector_excess_return,Financials_excess,2,10,Ridge,PC7,-0.0006526308843610529
sector_excess_return,Financials_excess,2,10,Ridge,PC8,-0.0033243081816981693
sector_excess_return,Financials_excess,2,10,Ridge,PC9,0.0030055905570848035
sector_excess_return,Financials_excess,2,10,Ridge,PC10,0.0006837673613633613
sector_excess_return,Financials_excess,2,10,Lasso,PC1,0.0
sector_excess_return,Financials_excess,2,10,Lasso,PC2,0.0
sector_excess_return,Financials_excess,2,10,Lasso,PC3,-0.0
sector_excess_return,Financials_excess,2,10,Lasso,PC4,-0.0
sector_excess_return,Financials_excess,2,10,Lasso,PC5,-0.0
sector_excess_return,Financials_excess,2,10,Lasso,PC6,-0.0
sector_excess_return,Financials_excess,2,10,Lasso,PC7,-0.0
sector_excess_return,Financials_excess,2,10,Lasso,PC8,-0.0
sector_excess_return,Financials_excess,2,10,Lasso,PC9,0.0
sector_excess_return,Financials_excess,2,10,Lasso,PC10,0.0
sector_excess_return,Financials_excess,2,10,ElasticNet,PC1,0.0
sector_excess_return,Financials_excess,2,10,ElasticNet,PC2,0.0
sector_excess_return,Financials_excess,2,10,ElasticNet,PC3,-0.0
sector_excess_return,Financials_excess,2,10,ElasticNet,PC4,-0.0
sector_excess_return,Financials_excess,2,10,ElasticNet,PC5,-0.0
sector_excess_return,Financials_excess,2,10,ElasticNet,PC6,-0.0
sector_excess_return,Financials_excess,2,10,ElasticNet,PC7,-0.0
sector_excess_return,Financials_excess,2,10,ElasticNet,PC8,-0.0
sector_excess_return,Financials_excess,2,10,ElasticNet,PC9,0.0
sector_excess_return,Financials_excess,2,10,ElasticNet,PC10,0.0
sector_excess_return,Industrials_excess,2,10,OLS,PC1,-0.001564822631725508
sector_excess_return,Industrials_excess,2,10,OLS,PC2,-0.0007719332191288313
sector_excess_return,Industrials_excess,2,10,OLS,PC3,-0.0014873959129268173
sector_excess_return,Industrials_excess,2,10,OLS,PC4,0.00015762089690481157
sector_excess_return,Industrials_excess,2,10,OLS,PC5,0.0004975842407584522
sector_excess_return,Industrials_excess,2,10,OLS,PC6,-0.0007866165213006763
sector_excess_return,Industrials_excess,2,10,OLS,PC7,-0.0028625383609496304
sector_excess_return,Industrials_excess,2,10,OLS,PC8,-0.00245492008735866
sector_excess_return,Industrials_excess,2,10,OLS,PC9,0.004025955451897761
sector_excess_return,Industrials_excess,2,10,OLS,PC10,-0.00021884323676589463
sector_excess_return,Industrials_excess,2,10,Ridge,PC1,-0.00017489821546672537
sector_excess_return,Industrials_excess,2,10,Ridge,PC2,-1.6002639059408473e-05
sector_excess_return,Industrials_excess,2,10,Ridge,PC3,-0.00016994559661865578
sector_excess_return,Industrials_excess,2,10,Ridge,PC4,9.723013031384223e-05
sector_excess_return,Industrials_excess,2,10,Ridge,PC5,7.65482058262227e-06
sector_excess_return,Industrials_excess,2,10,Ridge,PC6,-2.3240033808884587e-05
sector_excess_return,Industrials_excess,2,10,Ridge,PC7,-0.00026008922413061795
sector_excess_return,Industrials_excess,2,10,Ridge,PC8,-0.0001832506173431739
sector_excess_return,Industrials_excess,2,10,Ridge,PC9,0.0003914716167045965
sector_excess_return,Industrials_excess,2,10,Ridge,PC10,2.960489702349661e-05
sector_excess_return,Industrials_excess,2,10,Lasso,PC1,-0.0
sector_excess_return,Industrials_excess,2,10,Lasso,PC2,-0.0
sector_excess_return,Industrials_excess,2,10,Lasso,PC3,-0.0
sector_excess_return,Industrials_excess,2,10,Lasso,PC4,0.0
sector_excess_return,Industrials_excess,2,10,Lasso,PC5,0.0
sector_excess_return,Industrials_excess,2,10,Lasso,PC6,-0.0
sector_excess_return,Industrials_excess,2,10,Lasso,PC7,-0.0
sector_excess_return,Industrials_excess,2,10,Lasso,PC8,-0.0
sector_excess_return,Industrials_excess,2,10,Lasso,PC9,0.0
sector_excess_return,Industrials_excess,2,10,Lasso,PC10,0.0
sector_excess_return,Industrials_excess,2,10,ElasticNet,PC1,-0.0
sector_excess_return,Industrials_excess,2,10,ElasticNet,PC2,-0.0
sector_excess_return,Industrials_excess,2,10,ElasticNet,PC3,-0.0
sector_excess_return,Industrials_excess,2,10,ElasticNet,PC4,0.0
sector_excess_return,Industrials_excess,2,10,ElasticNet,PC5,0.0
sector_excess_return,Industrials_excess,2,10,ElasticNet,PC6,-0.0
sector_excess_return,Industrials_excess,2,10,ElasticNet,PC7,-0.0
sector_excess_return,Industrials_excess,2,10,ElasticNet,PC8,-0.0
sector_excess_return,Industrials_excess,2,10,ElasticNet,PC9,0.0
sector_excess_return,Industrials_excess,2,10,ElasticNet,PC10,0.0
sector_excess_return,Technology_excess,2,10,OLS,PC1,-0.003320958786876537
sector_excess_return,Technology_excess,2,10,OLS,PC2,-0.0013015322346164857
sector_excess_return,Technology_excess,2,10,OLS,PC3,0.0070866547418495535
sector_excess_return,Technology_excess,2,10,OLS,PC4,-0.0008859749583756507
sector_excess_return,Technology_excess,2,10,OLS,PC5,0.002467128199469516
sector_excess_return,Technology_excess,2,10,OLS,PC6,-0.0031370627137214716
sector_excess_return,Technology_excess,2,10,OLS,PC7,0.0038313476795802126
sector_excess_return,Technology_excess,2,10,OLS,PC8,-0.0013743916548998576
sector_excess_return,Technology_excess,2,10,OLS,PC9,-0.0039025805464934617
sector_excess_return,Technology_excess,2,10,OLS,PC10,0.00014043589861558505
sector_excess_return,Technology_excess,2,10,Ridge,PC1,-0.0005384235435184795
sector_excess_return,Technology_excess,2,10,Ridge,PC2,1.3968761948883071e-05
sector_excess_return,Technology_excess,2,10,Ridge,PC3,0.00119135018735831
sector_excess_return,Technology_excess,2,10,Ridge,PC4,-0.0001548149975067533
sector_excess_return,Technology_excess,2,10,Ridge,PC5,0.000344072820502889
sector_excess_return,Technology_excess,2,10,Ridge,PC6,-0.0002722620598184802
sector_excess_return,Technology_excess,2,10,Ridge,PC7,0.0005217092801593753
sector_excess_return,Technology_excess,2,10,Ridge,PC8,-0.00014206482317371218
sector_excess_return,Technology_excess,2,10,Ridge,PC9,-0.0007287777932216987
sector_excess_return,Technology_excess,2,10,Ridge,PC10,0.00020783099427526482
sector_excess_return,Technology_excess,2,10,Lasso,PC1,-0.0
sector_excess_return,Technology_excess,2,10,Lasso,PC2,0.0
sector_excess_return,Technology_excess,2,10,Lasso,PC3,0.0
sector_excess_return,Technology_excess,2,10,Lasso,PC4,-0.0
sector_excess_return,Technology_excess,2,10,Lasso,PC5,0.0
sector_excess_return,Technology_excess,2,10,Lasso,PC6,-0.0
sector_excess_return,Technology_excess,2,10,Lasso,PC7,0.0
sector_excess_return,Technology_excess,2,10,Lasso,PC8,-0.0
sector_excess_return,Technology_excess,2,10,Lasso,PC9,-0.0
sector_excess_return,Technology_excess,2,10,Lasso,PC10,0.0
sector_excess_return,Technology_excess,2,10,ElasticNet,PC1,-0.0
sector_excess_return,Technology_excess,2,10,ElasticNet,PC2,0.0
sector_excess_return,Technology_excess,2,10,ElasticNet,PC3,0.0
sector_excess_return,Technology_excess,2,10,ElasticNet,PC4,-0.0
sector_excess_return,Technology_excess,2,10,ElasticNet,PC5,0.0
sector_excess_return,Technology_excess,2,10,ElasticNet,PC6,-0.0
sector_excess_return,Technology_excess,2,10,ElasticNet,PC7,0.0
sector_excess_return,Technology_excess,2,10,ElasticNet,PC8,-0.0
sector_excess_return,Technology_excess,2,10,ElasticNet,PC9,-0.0
sector_excess_return,Technology_excess,2,10,ElasticNet,PC10,0.0
sector_excess_return,Consumer Staples_excess,2,10,OLS,PC1,0.006987224693489499
sector_excess_return,Consumer Staples_excess,2,10,OLS,PC2,0.006338831489191931
sector_excess_return,Consumer Staples_excess,2,10,OLS,PC3,-0.0010112781637482398
sector_excess_return,Consumer Staples_excess,2,10,OLS,PC4,-0.0001534882171645837
sector_excess_return,Consumer Staples_excess,2,10,OLS,PC5,-0.0035331851911134756
sector_excess_return,Consumer Staples_excess,2,10,OLS,PC6,0.002876696699944128
sector_excess_return,Consumer Staples_excess,2,10,OLS,PC7,-0.004761478188083432
sector_excess_return,Consumer Staples_excess,2,10,OLS,PC8,0.007664065018335171
sector_excess_return,Consumer Staples_excess,2,10,OLS,PC9,0.000724129524165084
sector_excess_return,Consumer Staples_excess,2,10,OLS,PC10,0.0002750120831927848
sector_excess_return,Consumer Staples_excess,2,10,Ridge,PC1,0.00043057504158430993
sector_excess_return,Consumer Staples_excess,2,10,Ridge,PC2,0.00016054600967692486
sector_excess_return,Consumer Staples_excess,2,10,Ridge,PC3,-0.0003121973836557409
sector_excess_return,Consumer Staples_excess,2,10,Ridge,PC4,-7.280287796546479e-05
sector_excess_return,Consumer Staples_excess,2,10,Ridge,PC5,-0.0002275619431875217
sector_excess_return,Consumer Staples_excess,2,10,Ridge,PC6,9.613087136174424e-05
sector_excess_return,Consumer Staples_excess,2,10,Ridge,PC7,-0.0003541200468862266
sector_excess_return,Consumer Staples_excess,2,10,Ridge,PC8,0.0005603244552091719
sector_excess_return,Consumer Staples_excess,2,10,Ridge,PC9,-6.546543680591811e-05
sector_excess_return,Consumer Staples_excess,2,10,Ridge,PC10,-0.00011070817917933989
sector_excess_return,Consumer Staples_excess,2,10,Lasso,PC1,0.00028322718686900794
sector_excess_return,Consumer Staples_excess,2,10,Lasso,PC2,0.0
sector_excess_return,Consumer Staples_excess,2,10,Lasso,PC3,-0.0
sector_excess_return,Consumer Staples_excess,2,10,Lasso,PC4,-0.0
sector_excess_return,Consumer Staples_excess,2,10,Lasso,PC5,-0.0
sector_excess_return,Consumer Staples_excess,2,10,Lasso,PC6,0.0
sector_excess_return,Consumer Staples_excess,2,10,Lasso,PC7,-0.0
sector_excess_return,Consumer Staples_excess,2,10,Lasso,PC8,0.0017385226594973924
sector_excess_return,Consumer Staples_excess,2,10,Lasso,PC9,-0.0
sector_excess_return,Consumer Staples_excess,2,10,Lasso,PC10,-0.0
sector_excess_return,Consumer Staples_excess,2,10,ElasticNet,PC1,0.0007186737849118548
sector_excess_return,Consumer Staples_excess,2,10,ElasticNet,PC2,0.0
sector_excess_return,Consumer Staples_excess,2,10,ElasticNet,PC3,-0.0
sector_excess_return,Consumer Staples_excess,2,10,ElasticNet,PC4,-0.0
sector_excess_return,Consumer Staples_excess,2,10,ElasticNet,PC5,-0.0
sector_excess_return,Consumer Staples_excess,2,10,ElasticNet,PC6,0.0
sector_excess_return,Consumer Staples_excess,2,10,ElasticNet,PC7,-0.0
sector_excess_return,Consumer Staples_excess,2,10,ElasticNet,PC8,0.0021732469502631383
sector_excess_return,Consumer Staples_excess,2,10,ElasticNet,PC9,-0.0
sector_excess_return,Consumer Staples_excess,2,10,ElasticNet,PC10,-0.0
sector_excess_return,Real Estate_excess,2,10,OLS,PC1,0.008767534874795037
sector_excess_return,Real Estate_excess,2,10,OLS,PC2,0.007927641138463426
sector_excess_return,Real Estate_excess,2,10,OLS,PC3,0.004434581533917791
sector_excess_return,Real Estate_excess,2,10,OLS,PC4,-0.0010580982405828498
sector_excess_return,Real Estate_excess,2,10,OLS,PC5,-0.00653608163272102
sector_excess_return,Real Estate_excess,2,10,OLS,PC6,0.0021701520140192344
sector_excess_return,Real Estate_excess,2,10,OLS,PC7,-0.004182272588014145
sector_excess_return,Real Estate_excess,2,10,OLS,PC8,0.004562472594164364
sector_excess_return,Real Estate_excess,2,10,OLS,PC9,0.006218616711524046
sector_excess_return,Real Estate_excess,2,10,OLS,PC10,-0.0021896301590523877
sector_excess_return,Real Estate_excess,2,10,Ridge,PC1,0.00026012175463886034
sector_excess_return,Real Estate_excess,2,10,Ridge,PC2,0.00010772861137999052
sector_excess_return,Real Estate_excess,2,10,Ridge,PC3,-6.219277695723305e-05
sector_excess_return,Real Estate_excess,2,10,Ridge,PC4,-8.23003199343925e-05
sector_excess_return,Real Estate_excess,2,10,Ridge,PC5,-0.0006040528518830947
sector_excess_return,Real Estate_excess,2,10,Ridge,PC6,0.00020931845268021718
sector_excess_return,Real Estate_excess,2,10,Ridge,PC7,-0.0002955230628365284
sector_excess_return,Real Estate_excess,2,10,Ridge,PC8,0.0003311255752312135
sector_excess_return,Real Estate_excess,2,10,Ridge,PC9,0.0001929948914827646
sector_excess_return,Real Estate_excess,2,10,Ridge,PC10,-0.000319161835167168
sector_excess_return,Real Estate_excess,2,10,Lasso,PC1,0.0
sector_excess_return,Real Estate_excess,2,10,Lasso,PC2,0.0
sector_excess_return,Real Estate_excess,2,10,Lasso,PC3,-0.0
sector_excess_return,Real Estate_excess,2,10,Lasso,PC4,-0.0
sector_excess_return,Real Estate_excess,2,10,Lasso,PC5,-0.003949714424014093
sector_excess_return,Real Estate_excess,2,10,Lasso,PC6,0.0
sector_excess_return,Real Estate_excess,2,10,Lasso,PC7,-0.0006210205974701017
sector_excess_return,Real Estate_excess,2,10,Lasso,PC8,0.000996646780190769
sector_excess_return,Real Estate_excess,2,10,Lasso,PC9,0.0
sector_excess_return,Real Estate_excess,2,10,Lasso,PC10,-0.00022245029011626943
sector_excess_return,Real Estate_excess,2,10,ElasticNet,PC1,0.0
sector_excess_return,Real Estate_excess,2,10,ElasticNet,PC2,0.0
sector_excess_return,Real Estate_excess,2,10,ElasticNet,PC3,-0.0
sector_excess_return,Real Estate_excess,2,10,ElasticNet,PC4,-0.0
sector_excess_return,Real Estate_excess,2,10,ElasticNet,PC5,-0.0038335757163132796
sector_excess_return,Real Estate_excess,2,10,ElasticNet,PC6,0.0
sector_excess_return,Real Estate_excess,2,10,ElasticNet,PC7,-0.000589944873616426
sector_excess_return,Real Estate_excess,2,10,ElasticNet,PC8,0.0009564057283699978
sector_excess_return,Real Estate_excess,2,10,ElasticNet,PC9,0.0
sector_excess_return,Real Estate_excess,2,10,ElasticNet,PC10,-0.000225873967841221
sector_excess_return,Utilities_excess,2,10,OLS,PC1,0.0030741245756148155
sector_excess_return,Utilities_excess,2,10,OLS,PC2,0.0038526628851775963
sector_excess_return,Utilities_excess,2,10,OLS,PC3,-0.004799541407697699
sector_excess_return,Utilities_excess,2,10,OLS,PC4,0.0006245320462810967
sector_excess_return,Utilities_excess,2,10,OLS,PC5,-0.0016046706868920275
sector_excess_return,Utilities_excess,2,10,OLS,PC6,0.00982844441214928
sector_excess_return,Utilities_excess,2,10,OLS,PC7,-0.00687985811801361
sector_excess_return,Utilities_excess,2,10,OLS,PC8,0.01097313484215903
sector_excess_return,Utilities_excess,2,10,OLS,PC9,-0.0019739305707534775
sector_excess_return,Utilities_excess,2,10,OLS,PC10,0.0022901560470412453
sector_excess_return,Utilities_excess,2,10,Ridge,PC1,0.0003657980885275014
sector_excess_return,Utilities_excess,2,10,Ridge,PC2,3.0024434425128767e-05
sector_excess_return,Utilities_excess,2,10,Ridge,PC3,-0.0003166267117518749
sector_excess_return,Utilities_excess,2,10,Ridge,PC4,-0.0001523652476172814
sector_excess_return,Utilities_excess,2,10,Ridge,PC5,4.549801333316009e-05
sector_excess_return,Utilities_excess,2,10,Ridge,PC6,0.000587792018146108
sector_excess_return,Utilities_excess,2,10,Ridge,PC7,-0.0005513287826019419
sector_excess_return,Utilities_excess,2,10,Ridge,PC8,0.0007723047207867196
sector_excess_return,Utilities_excess,2,10,Ridge,PC9,3.757010085656317e-06
sector_excess_return,Utilities_excess,2,10,Ridge,PC10,-4.489549628374637e-06
sector_excess_return,Utilities_excess,2,10,Lasso,PC1,0.0
sector_excess_return,Utilities_excess,2,10,Lasso,PC2,0.0
sector_excess_return,Utilities_excess,2,10,Lasso,PC3,-0.0
sector_excess_return,Utilities_excess,2,10,Lasso,PC4,-0.0
sector_excess_return,Utilities_excess,2,10,Lasso,PC5,0.0
sector_excess_return,Utilities_excess,2,10,Lasso,PC6,0.0
sector_excess_return,Utilities_excess,2,10,Lasso,PC7,-0.0
sector_excess_return,Utilities_excess,2,10,Lasso,PC8,0.0
sector_excess_return,Utilities_excess,2,10,Lasso,PC9,0.0
sector_excess_return,Utilities_excess,2,10,Lasso,PC10,-0.0
sector_excess_return,Utilities_excess,2,10,ElasticNet,PC1,0.0
sector_excess_return,Utilities_excess,2,10,ElasticNet,PC2,0.0
sector_excess_return,Utilities_excess,2,10,ElasticNet,PC3,-0.0
sector_excess_return,Utilities_excess,2,10,ElasticNet,PC4,-0.0
sector_excess_return,Utilities_excess,2,10,ElasticNet,PC5,0.0
sector_excess_return,Utilities_excess,2,10,ElasticNet,PC6,0.0
sector_excess_return,Utilities_excess,2,10,ElasticNet,PC7,-0.0
sector_excess_return,Utilities_excess,2,10,ElasticNet,PC8,0.0
sector_excess_return,Utilities_excess,2,10,ElasticNet,PC9,0.0
sector_excess_return,Utilities_excess,2,10,ElasticNet,PC10,-0.0
sector_excess_return,Health Care_excess,2,10,OLS,PC1,0.009386625122437152
sector_excess_return,Health Care_excess,2,10,OLS,PC2,0.007242681512271746
sector_excess_return,Health Care_excess,2,10,OLS,PC3,-0.0014854561681966693
sector_excess_return,Health Care_excess,2,10,OLS,PC4,-0.004876911399593244
sector_excess_return,Health Care_excess,2,10,OLS,PC5,0.0006422394571934414
sector_excess_return,Health Care_excess,2,10,OLS,PC6,-0.001533210241962156
sector_excess_return,Health Care_excess,2,10,OLS,PC7,-0.002722255824132166
sector_excess_return,Health Care_excess,2,10,OLS,PC8,0.004324270542189271
sector_excess_return,Health Care_excess,2,10,OLS,PC9,0.0023793278790736525
sector_excess_return,Health Care_excess,2,10,OLS,PC10,-0.0004062432660538463
sector_excess_return,Health Care_excess,2,10,Ridge,PC1,0.0004666082117665749
sector_excess_return,Health Care_excess,2,10,Ridge,PC2,0.00028411714657773597
sector_excess_return,Health Care_excess,2,10,Ridge,PC3,-0.0005255980206657977
sector_excess_return,Health Care_excess,2,10,Ridge,PC4,-0.000279029435653504
sector_excess_return,Health Care_excess,2,10,Ridge,PC5,-2.7646427164617598e-05
sector_excess_return,Health Care_excess,2,10,Ridge,PC6,-0.0002007302184385738
sector_excess_return,Health Care_excess,2,10,Ridge,PC7,-0.00018934289046571072
sector_excess_return,Health Care_excess,2,10,Ridge,PC8,0.00040044667296168095
sector_excess_return,Health Care_excess,2,10,Ridge,PC9,-0.00015016713971346336
sector_excess_return,Health Care_excess,2,10,Ridge,PC10,-4.294440820508812e-05
sector_excess_return,Health Care_excess,2,10,Lasso,PC1,0.0
sector_excess_return,Health Care_excess,2,10,Lasso,PC2,0.0
sector_excess_return,Health Care_excess,2,10,Lasso,PC3,-0.0
sector_excess_return,Health Care_excess,2,10,Lasso,PC4,-0.0
sector_excess_return,Health Care_excess,2,10,Lasso,PC5,-0.0
sector_excess_return,Health Care_excess,2,10,Lasso,PC6,-0.0
sector_excess_return,Health Care_excess,2,10,Lasso,PC7,-0.0
sector_excess_return,Health Care_excess,2,10,Lasso,PC8,0.0
sector_excess_return,Health Care_excess,2,10,Lasso,PC9,-0.0
sector_excess_return,Health Care_excess,2,10,Lasso,PC10,-0.0
sector_excess_return,Health Care_excess,2,10,ElasticNet,PC1,0.0
sector_excess_return,Health Care_excess,2,10,ElasticNet,PC2,0.0
sector_excess_return,Health Care_excess,2,10,ElasticNet,PC3,-0.0
sector_excess_return,Health Care_excess,2,10,ElasticNet,PC4,-0.0
sector_excess_return,Health Care_excess,2,10,ElasticNet,PC5,-0.0
sector_excess_return,Health Care_excess,2,10,ElasticNet,PC6,-0.0
sector_excess_return,Health Care_excess,2,10,ElasticNet,PC7,-0.0
sector_excess_return,Health Care_excess,2,10,ElasticNet,PC8,0.0
sector_excess_return,Health Care_excess,2,10,ElasticNet,PC9,-0.0
sector_excess_return,Health Care_excess,2,10,ElasticNet,PC10,-0.0
sector_excess_return,Consumer Discretionary_excess,2,10,OLS,PC1,-0.0024491970007762824
sector_excess_return,Consumer Discretionary_excess,2,10,OLS,PC2,0.0015509179723979818
sector_excess_return,Consumer Discretionary_excess,2,10,OLS,PC3,-0.0030692697652029287
sector_excess_return,Consumer Discretionary_excess,2,10,OLS,PC4,0.003555366373513543
sector_excess_return,Consumer Discretionary_excess,2,10,OLS,PC5,0.002260333574100484
sector_excess_return,Consumer Discretionary_excess,2,10,OLS,PC6,0.004483824376216324
sector_excess_return,Consumer Discretionary_excess,2,10,OLS,PC7,0.0018423792025390026
sector_excess_return,Consumer Discretionary_excess,2,10,OLS,PC8,-0.003350373383877072
sector_excess_return,Consumer Discretionary_excess,2,10,OLS,PC9,7.108140702194632e-05
sector_excess_return,Consumer Discretionary_excess,2,10,OLS,PC10,-0.0006475510872018879
sector_excess_return,Consumer Discretionary_excess,2,10,Ridge,PC1,-0.0001611572995041314
sector_excess_return,Consumer Discretionary_excess,2,10,Ridge,PC2,0.00022079546203888627
sector_excess_return,Consumer Discretionary_excess,2,10,Ridge,PC3,-0.00017966230035660385
sector_excess_return,Consumer Discretionary_excess,2,10,Ridge,PC4,0.00027065451563903803
sector_excess_return,Consumer Discretionary_excess,2,10,Ridge,PC5,0.00021988063187301028
sector_excess_return,Consumer Discretionary_excess,2,10,Ridge,PC6,0.0002947198472890938
sector_excess_return,Consumer Discretionary_excess,2,10,Ridge,PC7,0.00010401506172668625
sector_excess_return,Consumer Discretionary_excess,2,10,Ridge,PC8,-0.0003483892992395354
sector_excess_return,Consumer Discretionary_excess,2,10,Ridge,PC9,0.00011371118777733952
sector_excess_return,Consumer Discretionary_excess,2,10,Ridge,PC10,-0.00019575797679746468
sector_excess_return,Consumer Discretionary_excess,2,10,Lasso,PC1,-0.0
sector_excess_return,Consumer Discretionary_excess,2,10,Lasso,PC2,0.0
sector_excess_return,Consumer Discretionary_excess,2,10,Lasso,PC3,-0.0
sector_excess_return,Consumer Discretionary_excess,2,10,Lasso,PC4,0.0
sector_excess_return,Consumer Discretionary_excess,2,10,Lasso,PC5,0.0
sector_excess_return,Consumer Discretionary_excess,2,10,Lasso,PC6,0.0
sector_excess_return,Consumer Discretionary_excess,2,10,Lasso,PC7,0.0
sector_excess_return,Consumer Discretionary_excess,2,10,Lasso,PC8,-0.0
sector_excess_return,Consumer Discretionary_excess,2,10,Lasso,PC9,0.0
sector_excess_return,Consumer Discretionary_excess,2,10,Lasso,PC10,-0.0
sector_excess_return,Consumer Discretionary_excess,2,10,ElasticNet,PC1,-0.0
sector_excess_return,Consumer Discretionary_excess,2,10,ElasticNet,PC2,0.0
sector_excess_return,Consumer Discretionary_excess,2,10,ElasticNet,PC3,-0.0
sector_excess_return,Consumer Discretionary_excess,2,10,ElasticNet,PC4,0.0
sector_excess_return,Consumer Discretionary_excess,2,10,ElasticNet,PC5,0.0
sector_excess_return,Consumer Discretionary_excess,2,10,ElasticNet,PC6,0.0
sector_excess_return,Consumer Discretionary_excess,2,10,ElasticNet,PC7,0.0
sector_excess_return,Consumer Discretionary_excess,2,10,ElasticNet,PC8,-0.0
sector_excess_return,Consumer Discretionary_excess,2,10,ElasticNet,PC9,0.0
sector_excess_return,Consumer Discretionary_excess,2,10,ElasticNet,PC10,-0.0
sector_excess_return,Materials_excess,2,13,OLS,PC1,-0.0027211287815031475
sector_excess_return,Materials_excess,2,13,OLS,PC2,0.0014490665250793226
sector_excess_return,Materials_excess,2,13,OLS,PC3,-0.0026696642180682032
sector_excess_return,Materials_excess,2,13,OLS,PC4,-0.0014556069321082442
sector_excess_return,Materials_excess,2,13,OLS,PC5,-0.0021486592969890183
sector_excess_return,Materials_excess,2,13,OLS,PC6,0.0016573342515390922
sector_excess_return,Materials_excess,2,13,OLS,PC7,-0.001784787076504446
sector_excess_return,Materials_excess,2,13,OLS,PC8,-0.0009968877561730522
sector_excess_return,Materials_excess,2,13,OLS,PC9,0.003646185512688775
sector_excess_return,Materials_excess,2,13,OLS,PC10,0.004228453159585492
sector_excess_return,Materials_excess,2,13,OLS,PC11,0.0017527972649989687
sector_excess_return,Materials_excess,2,13,OLS,PC12,0.00825034297343789
sector_excess_return,Materials_excess,2,13,OLS,PC13,-0.002920557513388013
sector_excess_return,Materials_excess,2,13,Ridge,PC1,-0.0003716813732461339
sector_excess_return,Materials_excess,2,13,Ridge,PC2,0.0001706151925130581
sector_excess_return,Materials_excess,2,13,Ridge,PC3,-0.00023889811658701863
sector_excess_return,Materials_excess,2,13,Ridge,PC4,-0.00018976420538964253
sector_excess_return,Materials_excess,2,13,Ridge,PC5,-0.0001758192733247383
sector_excess_return,Materials_excess,2,13,Ridge,PC6,0.00010828233957212127
sector_excess_return,Materials_excess,2,13,Ridge,PC7,-0.00016892145422779372
sector_excess_return,Materials_excess,2,13,Ridge,PC8,-0.0002712732241730188
sector_excess_return,Materials_excess,2,13,Ridge,PC9,0.00041254508581551545
sector_excess_return,Materials_excess,2,13,Ridge,PC10,0.0003076080236421008
sector_excess_return,Materials_excess,2,13,Ridge,PC11,0.000125737441336779
sector_excess_return,Materials_excess,2,13,Ridge,PC12,0.000738267140003749
sector_excess_return,Materials_excess,2,13,Ridge,PC13,-0.0002629894815391041
sector_excess_return,Materials_excess,2,13,Lasso,PC1,-0.0
sector_excess_return,Materials_excess,2,13,Lasso,PC2,0.0
sector_excess_return,Materials_excess,2,13,Lasso,PC3,-0.0
sector_excess_return,Materials_excess,2,13,Lasso,PC4,-0.0
sector_excess_return,Materials_excess,2,13,Lasso,PC5,-0.0
sector_excess_return,Materials_excess,2,13,Lasso,PC6,0.0
sector_excess_return,Materials_excess,2,13,Lasso,PC7,-0.0
sector_excess_return,Materials_excess,2,13,Lasso,PC8,-0.0
sector_excess_return,Materials_excess,2,13,Lasso,PC9,0.00014715425091335876
sector_excess_return,Materials_excess,2,13,Lasso,PC10,0.0
sector_excess_return,Materials_excess,2,13,Lasso,PC11,0.0
sector_excess_return,Materials_excess,2,13,Lasso,PC12,0.003950161648548268
sector_excess_return,Materials_excess,2,13,Lasso,PC13,-0.0
sector_excess_return,Materials_excess,2,13,ElasticNet,PC1,-0.0
sector_excess_return,Materials_excess,2,13,ElasticNet,PC2,0.0
sector_excess_return,Materials_excess,2,13,ElasticNet,PC3,-0.0
sector_excess_return,Materials_excess,2,13,ElasticNet,PC4,-0.0
sector_excess_return,Materials_excess,2,13,ElasticNet,PC5,-0.0
sector_excess_return,Materials_excess,2,13,ElasticNet,PC6,0.0
sector_excess_return,Materials_excess,2,13,ElasticNet,PC7,-0.0
sector_excess_return,Materials_excess,2,13,ElasticNet,PC8,-0.0
sector_excess_return,Materials_excess,2,13,ElasticNet,PC9,0.00014390125940854205
sector_excess_return,Materials_excess,2,13,ElasticNet,PC10,0.0
sector_excess_return,Materials_excess,2,13,ElasticNet,PC11,0.0
sector_excess_return,Materials_excess,2,13,ElasticNet,PC12,0.0037918177845646505
sector_excess_return,Materials_excess,2,13,ElasticNet,PC13,-0.0
sector_excess_return,Communication Services_excess,2,13,OLS,PC1,-0.007890992038634224
sector_excess_return,Communication Services_excess,2,13,OLS,PC2,-0.0038735225427643373
sector_excess_return,Communication Services_excess,2,13,OLS,PC3,-0.004298428057218366
sector_excess_return,Communication Services_excess,2,13,OLS,PC4,0.00989359628471956
sector_excess_return,Communication Services_excess,2,13,OLS,PC5,-0.001547416182822188
sector_excess_return,Communication Services_excess,2,13,OLS,PC6,0.003493754264816252
sector_excess_return,Communication Services_excess,2,13,OLS,PC7,-0.003190803570234791
sector_excess_return,Communication Services_excess,2,13,OLS,PC8,-0.003066631130457383
sector_excess_return,Communication Services_excess,2,13,OLS,PC9,-0.0026255916426796374
sector_excess_return,Communication Services_excess,2,13,OLS,PC10,-0.004887006342193603
sector_excess_return,Communication Services_excess,2,13,OLS,PC11,0.001909820769026739
sector_excess_return,Communication Services_excess,2,13,OLS,PC12,0.0007709015851719978
sector_excess_return,Communication Services_excess,2,13,OLS,PC13,0.0008771514759058735
sector_excess_return,Communication Services_excess,2,13,Ridge,PC1,-0.001480622676655041
sector_excess_return,Communication Services_excess,2,13,Ridge,PC2,-0.00015447549108023475
sector_excess_return,Communication Services_excess,2,13,Ridge,PC3,-0.00034971447098080117
sector_excess_return,Communication Services_excess,2,13,Ridge,PC4,0.004083063127241396
sector_excess_return,Communication Services_excess,2,13,Ridge,PC5,2.1979733122191007e-05
sector_excess_return,Communication Services_excess,2,13,Ridge,PC6,0.0012296668018715112
sector_excess_return,Communication Services_excess,2,13,Ridge,PC7,-0.0015218010623686867
sector_excess_return,Communication Services_excess,2,13,Ridge,PC8,-0.0021487320025784257
sector_excess_return,Communication Services_excess,2,13,Ridge,PC9,0.000905596928523558
sector_excess_return,Communication Services_excess,2,13,Ridge,PC10,-0.0028324135692127336
sector_excess_return,Communication Services_excess,2,13,Ridge,PC11,0.0010991648011026403
sector_excess_return,Communication Services_excess,2,13,Ridge,PC12,0.0008809954396842291
sector_excess_return,Communication Services_excess,2,13,Ridge,PC13,0.0003123831974024805
sector_excess_return,Communication Services_excess,2,13,Lasso,PC1,-0.0002084757589138485
sector_excess_return,Communication Services_excess,2,13,Lasso,PC2,-0.0
sector_excess_return,Communication Services_excess,2,13,Lasso,PC3,-0.0
sector_excess_return,Communication Services_excess,2,13,Lasso,PC4,0.005102440742490883
sector_excess_return,Communication Services_excess,2,13,Lasso,PC5,-0.0
sector_excess_return,Communication Services_excess,2,13,Lasso,PC6,0.0
sector_excess_return,Communication Services_excess,2,13,Lasso,PC7,-0.0
sector_excess_return,Communication Services_excess,2,13,Lasso,PC8,-0.0015301111758924233
sector_excess_return,Communication Services_excess,2,13,Lasso,PC9,0.0
sector_excess_return,Communication Services_excess,2,13,Lasso,PC10,-0.0026216922906900177
sector_excess_return,Communication Services_excess,2,13,Lasso,PC11,0.0
sector_excess_return,Communication Services_excess,2,13,Lasso,PC12,0.0
sector_excess_return,Communication Services_excess,2,13,Lasso,PC13,0.0
sector_excess_return,Communication Services_excess,2,13,ElasticNet,PC1,-0.00010339951646783573
sector_excess_return,Communication Services_excess,2,13,ElasticNet,PC2,-0.0
sector_excess_return,Communication Services_excess,2,13,ElasticNet,PC3,-0.0
sector_excess_return,Communication Services_excess,2,13,ElasticNet,PC4,0.005006181169267692
sector_excess_return,Communication Services_excess,2,13,ElasticNet,PC5,-0.0
sector_excess_return,Communication Services_excess,2,13,ElasticNet,PC6,0.0
sector_excess_return,Communication Services_excess,2,13,ElasticNet,PC7,-0.0
sector_excess_return,Communication Services_excess,2,13,ElasticNet,PC8,-0.001459199026421015
sector_excess_return,Communication Services_excess,2,13,ElasticNet,PC9,0.0
sector_excess_return,Communication Services_excess,2,13,ElasticNet,PC10,-0.0025412852660272266
sector_excess_return,Communication Services_excess,2,13,ElasticNet,PC11,0.0
sector_excess_return,Communication Services_excess,2,13,ElasticNet,PC12,0.0
sector_excess_return,Communication Services_excess,2,13,ElasticNet,PC13,0.0
sector_excess_return,Energy_excess,2,13,OLS,PC1,-0.017418527398110437
sector_excess_return,Energy_excess,2,13,OLS,PC2,-0.014891799384907653
sector_excess_return,Energy_excess,2,13,OLS,PC3,-0.012190986847028438
sector_excess_return,Energy_excess,2,13,OLS,PC4,-0.005806292890553368
sector_excess_return,Energy_excess,2,13,OLS,PC5,-0.01817912796265684
sector_excess_return,Energy_excess,2,13,OLS,PC6,-0.008051080977045018
sector_excess_return,Energy_excess,2,13,OLS,PC7,-0.01590624353654724
sector_excess_return,Energy_excess,2,13,OLS,PC8,0.010819671942475427
sector_excess_return,Energy_excess,2,13,OLS,PC9,-0.00252332978712087
sector_excess_return,Energy_excess,2,13,OLS,PC10,0.010075763650836555
sector_excess_return,Energy_excess,2,13,OLS,PC11,-0.0032077783862093953
sector_excess_return,Energy_excess,2,13,OLS,PC12,0.013123229312140822
sector_excess_return,Energy_excess,2,13,OLS,PC13,0.006745774312987398
sector_excess_return,Energy_excess,2,13,Ridge,PC1,-0.0019475691198586464
sector_excess_return,Energy_excess,2,13,Ridge,PC2,-0.0013288116656955942
sector_excess_return,Energy_excess,2,13,Ridge,PC3,-0.001136944569346494
sector_excess_return,Energy_excess,2,13,Ridge,PC4,-0.0026685128202802635
sector_excess_return,Energy_excess,2,13,Ridge,PC5,-0.003102748384303156
sector_excess_return,Energy_excess,2,13,Ridge,PC6,-0.0019128963686855897
sector_excess_return,Energy_excess,2,13,Ridge,PC7,-0.002856056719948413
sector_excess_return,Energy_excess,2,13,Ridge,PC8,0.0015897727635761946
sector_excess_return,Energy_excess,2,13,Ridge,PC9,0.0024704038543381644
sector_excess_return,Energy_excess,2,13,Ridge,PC10,0.002952520854782439
sector_excess_return,Energy_excess,2,13,Ridge,PC11,0.0006766458404218159
sector_excess_return,Energy_excess,2,13,Ridge,PC12,0.0021599082073754587
sector_excess_return,Energy_excess,2,13,Ridge,PC13,0.0020750750517808106
sector_excess_return,Energy_excess,2,13,Lasso,PC1,-0.0
sector_excess_return,Energy_excess,2,13,Lasso,PC2,-0.0
sector_excess_return,Energy_excess,2,13,Lasso,PC3,-0.0
sector_excess_return,Energy_excess,2,13,Lasso,PC4,-0.0
sector_excess_return,Energy_excess,2,13,Lasso,PC5,-0.0
sector_excess_return,Energy_excess,2,13,Lasso,PC6,-0.0
sector_excess_return,Energy_excess,2,13,Lasso,PC7,-0.0
sector_excess_return,Energy_excess,2,13,Lasso,PC8,0.0
sector_excess_return,Energy_excess,2,13,Lasso,PC9,0.0
sector_excess_return,Energy_excess,2,13,Lasso,PC10,0.0
sector_excess_return,Energy_excess,2,13,Lasso,PC11,0.0
sector_excess_return,Energy_excess,2,13,Lasso,PC12,0.0
sector_excess_return,Energy_excess,2,13,Lasso,PC13,0.0
sector_excess_return,Energy_excess,2,13,ElasticNet,PC1,-0.0
sector_excess_return,Energy_excess,2,13,ElasticNet,PC2,-0.0
sector_excess_return,Energy_excess,2,13,ElasticNet,PC3,-0.0
sector_excess_return,Energy_excess,2,13,ElasticNet,PC4,-0.0
sector_excess_return,Energy_excess,2,13,ElasticNet,PC5,-0.0
sector_excess_return,Energy_excess,2,13,ElasticNet,PC6,-0.0
sector_excess_return,Energy_excess,2,13,ElasticNet,PC7,-0.0
sector_excess_return,Energy_excess,2,13,ElasticNet,PC8,0.0
sector_excess_return,Energy_excess,2,13,ElasticNet,PC9,0.0
sector_excess_return,Energy_excess,2,13,ElasticNet,PC10,0.0
sector_excess_return,Energy_excess,2,13,ElasticNet,PC11,0.0
sector_excess_return,Energy_excess,2,13,ElasticNet,PC12,0.0
sector_excess_return,Energy_excess,2,13,ElasticNet,PC13,0.0
sector_excess_return,Financials_excess,2,13,OLS,PC1,0.007612490880993309
sector_excess_return,Financials_excess,2,13,OLS,PC2,0.004498147684181648
sector_excess_return,Financials_excess,2,13,OLS,PC3,-0.0021081145513027165
sector_excess_return,Financials_excess,2,13,OLS,PC4,-0.0014834706036571778
sector_excess_return,Financials_excess,2,13,OLS,PC5,-0.0043463415714368745
sector_excess_return,Financials_excess,2,13,OLS,PC6,-0.0024389896896081474
sector_excess_return,Financials_excess,2,13,OLS,PC7,-0.0020754506857493618
sector_excess_return,Financials_excess,2,13,OLS,PC8,-0.006135494770339211
sector_excess_return,Financials_excess,2,13,OLS,PC9,0.008719308435885958
sector_excess_return,Financials_excess,2,13,OLS,PC10,0.0021361447384052423
sector_excess_return,Financials_excess,2,13,OLS,PC11,-0.004047865352637028
sector_excess_return,Financials_excess,2,13,OLS,PC12,0.0054685914613352635
sector_excess_return,Financials_excess,2,13,OLS,PC13,0.006865725914723435
sector_excess_return,Financials_excess,2,13,Ridge,PC1,0.0013438987212031268
sector_excess_return,Financials_excess,2,13,Ridge,PC2,0.0002236389202083845
sector_excess_return,Financials_excess,2,13,Ridge,PC3,-0.0031211632698268017
sector_excess_return,Financials_excess,2,13,Ridge,PC4,-0.0002443835033546328
sector_excess_return,Financials_excess,2,13,Ridge,PC5,-0.002177608926992193
sector_excess_return,Financials_excess,2,13,Ridge,PC6,-0.0010499474058117938
sector_excess_return,Financials_excess,2,13,Ridge,PC7,-0.0008625967980141097
sector_excess_return,Financials_excess,2,13,Ridge,PC8,-0.0029843343358196936
sector_excess_return,Financials_excess,2,13,Ridge,PC9,0.002809693870191788
sector_excess_return,Financials_excess,2,13,Ridge,PC10,0.0007432484626751817
sector_excess_return,Financials_excess,2,13,Ridge,PC11,-0.0022275991234035216
sector_excess_return,Financials_excess,2,13,Ridge,PC12,0.0026981003634499972
sector_excess_return,Financials_excess,2,13,Ridge,PC13,0.00270319856835884
sector_excess_return,Financials_excess,2,13,Lasso,PC1,0.0
sector_excess_return,Financials_excess,2,13,Lasso,PC2,0.0
sector_excess_return,Financials_excess,2,13,Lasso,PC3,-0.0
sector_excess_return,Financials_excess,2,13,Lasso,PC4,-0.0
sector_excess_return,Financials_excess,2,13,Lasso,PC5,-0.0
sector_excess_return,Financials_excess,2,13,Lasso,PC6,-0.0
sector_excess_return,Financials_excess,2,13,Lasso,PC7,-0.0
sector_excess_return,Financials_excess,2,13,Lasso,PC8,-0.0
sector_excess_return,Financials_excess,2,13,Lasso,PC9,0.0
sector_excess_return,Financials_excess,2,13,Lasso,PC10,0.0
sector_excess_return,Financials_excess,2,13,Lasso,PC11,-0.0
sector_excess_return,Financials_excess,2,13,Lasso,PC12,0.0
sector_excess_return,Financials_excess,2,13,Lasso,PC13,0.0
sector_excess_return,Financials_excess,2,13,ElasticNet,PC1,0.0
sector_excess_return,Financials_excess,2,13,ElasticNet,PC2,0.0
sector_excess_return,Financials_excess,2,13,ElasticNet,PC3,-0.0
sector_excess_return,Financials_excess,2,13,ElasticNet,PC4,-0.0
sector_excess_return,Financials_excess,2,13,ElasticNet,PC5,-0.0
sector_excess_return,Financials_excess,2,13,ElasticNet,PC6,-0.0
sector_excess_return,Financials_excess,2,13,ElasticNet,PC7,-0.0
sector_excess_return,Financials_excess,2,13,ElasticNet,PC8,-0.0
sector_excess_return,Financials_excess,2,13,ElasticNet,PC9,0.0
sector_excess_return,Financials_excess,2,13,ElasticNet,PC10,0.0
sector_excess_return,Financials_excess,2,13,ElasticNet,PC11,-0.0
sector_excess_return,Financials_excess,2,13,ElasticNet,PC12,0.0
sector_excess_return,Financials_excess,2,13,ElasticNet,PC13,0.0
sector_excess_return,Industrials_excess,2,13,OLS,PC1,0.002838235237906906
sector_excess_return,Industrials_excess,2,13,OLS,PC2,0.004766798236449878
sector_excess_return,Industrials_excess,2,13,OLS,PC3,0.0010204827262637651
sector_excess_return,Industrials_excess,2,13,OLS,PC4,0.0012832827510089846
sector_excess_return,Industrials_excess,2,13,OLS,PC5,-0.0011089298550743317
sector_excess_return,Industrials_excess,2,13,OLS,PC6,0.000975551653066476
sector_excess_return,Industrials_excess,2,13,OLS,PC7,-0.0036199287820013553
sector_excess_return,Industrials_excess,2,13,OLS,PC8,-0.0004221913325707262
sector_excess_return,Industrials_excess,2,13,OLS,PC9,0.006351825711760779
sector_excess_return,Industrials_excess,2,13,OLS,PC10,0.0015948318616786671
sector_excess_return,Industrials_excess,2,13,OLS,PC11,0.0028495050980515855
sector_excess_return,Industrials_excess,2,13,OLS,PC12,0.007334223258129696
sector_excess_return,Industrials_excess,2,13,OLS,PC13,0.006338426006741178
sector_excess_return,Industrials_excess,2,13,Ridge,PC1,-0.00026563639547697216
sector_excess_return,Industrials_excess,2,13,Ridge,PC2,-3.500767450776954e-06
sector_excess_return,Industrials_excess,2,13,Ridge,PC3,-0.0002756044130435493
sector_excess_return,Industrials_excess,2,13,Ridge,PC4,0.0001679961585945399
sector_excess_return,Industrials_excess,2,13,Ridge,PC5,-1.002612761722973e-05
sector_excess_return,Industrials_excess,2,13,Ridge,PC6,-3.0747263708110364e-05
sector_excess_return,Industrials_excess,2,13,Ridge,PC7,-0.00044766310664721027
sector_excess_return,Industrials_excess,2,13,Ridge,PC8,-0.0002709850091377841
sector_excess_return,Industrials_excess,2,13,Ridge,PC9,0.0006445510884898769
sector_excess_return,Industrials_excess,2,13,Ridge,PC10,5.8017830117973435e-05
sector_excess_return,Industrials_excess,2,13,Ridge,PC11,0.00029178134249621733
sector_excess_return,Industrials_excess,2,13,Ridge,PC12,0.0011078331794034722
sector_excess_return,Industrials_excess,2,13,Ridge,PC13,0.0007154891574822774
sector_excess_return,Industrials_excess,2,13,Lasso,PC1,-0.0
sector_excess_return,Industrials_excess,2,13,Lasso,PC2,-0.0
sector_excess_return,Industrials_excess,2,13,Lasso,PC3,-0.0
sector_excess_return,Industrials_excess,2,13,Lasso,PC4,0.0
sector_excess_return,Industrials_excess,2,13,Lasso,PC5,-0.0
sector_excess_return,Industrials_excess,2,13,Lasso,PC6,-0.0
sector_excess_return,Industrials_excess,2,13,Lasso,PC7,-0.0
sector_excess_return,Industrials_excess,2,13,Lasso,PC8,-0.0
sector_excess_return,Industrials_excess,2,13,Lasso,PC9,0.0
sector_excess_return,Industrials_excess,2,13,Lasso,PC10,0.0
sector_excess_return,Industrials_excess,2,13,Lasso,PC11,0.0
sector_excess_return,Industrials_excess,2,13,Lasso,PC12,0.003178807393590165
sector_excess_return,Industrials_excess,2,13,Lasso,PC13,0.00015569913243605252
sector_excess_return,Industrials_excess,2,13,ElasticNet,PC1,-0.0
sector_excess_return,Industrials_excess,2,13,ElasticNet,PC2,-0.0
sector_excess_return,Industrials_excess,2,13,ElasticNet,PC3,-0.0
sector_excess_return,Industrials_excess,2,13,ElasticNet,PC4,0.0
sector_excess_return,Industrials_excess,2,13,ElasticNet,PC5,-0.0
sector_excess_return,Industrials_excess,2,13,ElasticNet,PC6,-0.0
sector_excess_return,Industrials_excess,2,13,ElasticNet,PC7,-0.0
sector_excess_return,Industrials_excess,2,13,ElasticNet,PC8,-0.0
sector_excess_return,Industrials_excess,2,13,ElasticNet,PC9,0.0
sector_excess_return,Industrials_excess,2,13,ElasticNet,PC10,0.0
sector_excess_return,Industrials_excess,2,13,ElasticNet,PC11,0.0
sector_excess_return,Industrials_excess,2,13,ElasticNet,PC12,0.003051322535599219
sector_excess_return,Industrials_excess,2,13,ElasticNet,PC13,0.00015603373414691866
sector_excess_return,Technology_excess,2,13,OLS,PC1,-0.004342661419206768
sector_excess_return,Technology_excess,2,13,OLS,PC2,-0.002226212053285768
sector_excess_return,Technology_excess,2,13,OLS,PC3,0.006269324299808573
sector_excess_return,Technology_excess,2,13,OLS,PC4,-0.0017188196020212554
sector_excess_return,Technology_excess,2,13,OLS,PC5,0.004675892679768941
sector_excess_return,Technology_excess,2,13,OLS,PC6,-0.0025443227987075033
sector_excess_return,Technology_excess,2,13,OLS,PC7,0.004726810885075937
sector_excess_return,Technology_excess,2,13,OLS,PC8,-0.003867106430924358
sector_excess_return,Technology_excess,2,13,OLS,PC9,-0.003250250506460157
sector_excess_return,Technology_excess,2,13,OLS,PC10,-0.0003756634737680211
sector_excess_return,Technology_excess,2,13,OLS,PC11,0.003493236338617359
sector_excess_return,Technology_excess,2,13,OLS,PC12,-0.00844774481342436
sector_excess_return,Technology_excess,2,13,OLS,PC13,-0.003493394930570159
sector_excess_return,Technology_excess,2,13,Ridge,PC1,-0.001307404956978338
sector_excess_return,Technology_excess,2,13,Ridge,PC2,-4.0168166997708934e-05
sector_excess_return,Technology_excess,2,13,Ridge,PC3,0.0027008078089438207
sector_excess_return,Technology_excess,2,13,Ridge,PC4,-0.00032883410586829104
sector_excess_return,Technology_excess,2,13,Ridge,PC5,0.0009826715361961425
sector_excess_return,Technology_excess,2,13,Ridge,PC6,-0.0005957579041974561
sector_excess_return,Technology_excess,2,13,Ridge,PC7,0.0013425572795218667
sector_excess_return,Technology_excess,2,13,Ridge,PC8,-0.0005762209583535085
sector_excess_return,Technology_excess,2,13,Ridge,PC9,-0.0015681529192988015
sector_excess_return,Technology_excess,2,13,Ridge,PC10,0.0003994283017311795
sector_excess_return,Technology_excess,2,13,Ridge,PC11,0.0012329077599534963
sector_excess_return,Technology_excess,2,13,Ridge,PC12,-0.0025136432869855407
sector_excess_return,Technology_excess,2,13,Ridge,PC13,-0.0007038878599641079
sector_excess_return,Technology_excess,2,13,Lasso,PC1,-0.0
sector_excess_return,Technology_excess,2,13,Lasso,PC2,0.0
sector_excess_return,Technology_excess,2,13,Lasso,PC3,0.0037921564909924243
sector_excess_return,Technology_excess,2,13,Lasso,PC4,-0.0
sector_excess_return,Technology_excess,2,13,Lasso,PC5,0.0
sector_excess_return,Technology_excess,2,13,Lasso,PC6,-0.0
sector_excess_return,Technology_excess,2,13,Lasso,PC7,0.0
sector_excess_return,Technology_excess,2,13,Lasso,PC8,-0.0
sector_excess_return,Technology_excess,2,13,Lasso,PC9,-0.0
sector_excess_return,Technology_excess,2,13,Lasso,PC10,0.0
sector_excess_return,Technology_excess,2,13,Lasso,PC11,0.0
sector_excess_return,Technology_excess,2,13,Lasso,PC12,-0.0021891527260273
sector_excess_return,Technology_excess,2,13,Lasso,PC13,-0.0
sector_excess_return,Technology_excess,2,13,ElasticNet,PC1,-0.0003379876479956283
sector_excess_return,Technology_excess,2,13,ElasticNet,PC2,0.0
sector_excess_return,Technology_excess,2,13,ElasticNet,PC3,0.005159712428598358
sector_excess_return,Technology_excess,2,13,ElasticNet,PC4,-0.0
sector_excess_return,Technology_excess,2,13,ElasticNet,PC5,0.0
sector_excess_return,Technology_excess,2,13,ElasticNet,PC6,-0.0
sector_excess_return,Technology_excess,2,13,ElasticNet,PC7,0.0009387486540172506
sector_excess_return,Technology_excess,2,13,ElasticNet,PC8,-0.0
sector_excess_return,Technology_excess,2,13,ElasticNet,PC9,-0.001082644994519321
sector_excess_return,Technology_excess,2,13,ElasticNet,PC10,0.0
sector_excess_return,Technology_excess,2,13,ElasticNet,PC11,0.0007816075672944483
sector_excess_return,Technology_excess,2,13,ElasticNet,PC12,-0.004040101064968228
sector_excess_return,Technology_excess,2,13,ElasticNet,PC13,-0.0
sector_excess_return,Consumer Staples_excess,2,13,OLS,PC1,0.005092728605845117
sector_excess_return,Consumer Staples_excess,2,13,OLS,PC2,0.003258896389959546
sector_excess_return,Consumer Staples_excess,2,13,OLS,PC3,-0.001674669432217773
sector_excess_return,Consumer Staples_excess,2,13,OLS,PC4,-0.0010120323580673485
sector_excess_return,Consumer Staples_excess,2,13,OLS,PC5,-0.0036044079591292994
sector_excess_return,Consumer Staples_excess,2,13,OLS,PC6,0.0007869197861246247
sector_excess_return,Consumer Staples_excess,2,13,OLS,PC7,-0.004647619066817551
sector_excess_return,Consumer Staples_excess,2,13,OLS,PC8,0.00927272327589054
sector_excess_return,Consumer Staples_excess,2,13,OLS,PC9,-0.0006863909067888892
sector_excess_return,Consumer Staples_excess,2,13,OLS,PC10,-0.0006582810696480444
sector_excess_return,Consumer Staples_excess,2,13,OLS,PC11,-0.0016076606316052303
sector_excess_return,Consumer Staples_excess,2,13,OLS,PC12,0.006302132986756185
sector_excess_return,Consumer Staples_excess,2,13,OLS,PC13,-0.005850515831227048
sector_excess_return,Consumer Staples_excess,2,13,Ridge,PC1,0.00042741784551752484
sector_excess_return,Consumer Staples_excess,2,13,Ridge,PC2,0.00014907708616820247
sector_excess_return,Consumer Staples_excess,2,13,Ridge,PC3,-0.0003102679493695971
sector_excess_return,Consumer Staples_excess,2,13,Ridge,PC4,-7.974438028016683e-05
sector_excess_return,Consumer Staples_excess,2,13,Ridge,PC5,-0.00022427426419094852
sector_excess_return,Consumer Staples_excess,2,13,Ridge,PC6,8.613866977212235e-05
sector_excess_return,Consumer Staples_excess,2,13,Ridge,PC7,-0.00034864378976404576
sector_excess_return,Consumer Staples_excess,2,13,Ridge,PC8,0.0005686554946554723
sector_excess_return,Consumer Staples_excess,2,13,Ridge,PC9,-6.555148830930179e-05
sector_excess_return,Consumer Staples_excess,2,13,Ridge,PC10,-0.00011151028833861154
sector_excess_return,Consumer Staples_excess,2,13,Ridge,PC11,-8.89847380202927e-05
sector_excess_return,Consumer Staples_excess,2,13,Ridge,PC12,0.0002621505390852045
sector_excess_return,Consumer Staples_excess,2,13,Ridge,PC13,-0.0006072884363968229
sector_excess_return,Consumer Staples_excess,2,13,Lasso,PC1,0.0
sector_excess_return,Consumer Staples_excess,2,13,Lasso,PC2,0.0
sector_excess_return,Consumer Staples_excess,2,13,Lasso,PC3,-0.0
sector_excess_return,Consumer Staples_excess,2,13,Lasso,PC4,-0.0
sector_excess_return,Consumer Staples_excess,2,13,Lasso,PC5,-0.0
sector_excess_return,Consumer Staples_excess,2,13,Lasso,PC6,0.0
sector_excess_return,Consumer Staples_excess,2,13,Lasso,PC7,-0.0
sector_excess_return,Consumer Staples_excess,2,13,Lasso,PC8,0.0
sector_excess_return,Consumer Staples_excess,2,13,Lasso,PC9,-0.0
sector_excess_return,Consumer Staples_excess,2,13,Lasso,PC10,-0.0
sector_excess_return,Consumer Staples_excess,2,13,Lasso,PC11,-0.0
sector_excess_return,Consumer Staples_excess,2,13,Lasso,PC12,0.0
sector_excess_return,Consumer Staples_excess,2,13,Lasso,PC13,-0.0
sector_excess_return,Consumer Staples_excess,2,13,ElasticNet,PC1,0.0
sector_excess_return,Consumer Staples_excess,2,13,ElasticNet,PC2,0.0
sector_excess_return,Consumer Staples_excess,2,13,ElasticNet,PC3,-0.0
sector_excess_return,Consumer Staples_excess,2,13,ElasticNet,PC4,-0.0
sector_excess_return,Consumer Staples_excess,2,13,ElasticNet,PC5,-0.0
sector_excess_return,Consumer Staples_excess,2,13,ElasticNet,PC6,0.0
sector_excess_return,Consumer Staples_excess,2,13,ElasticNet,PC7,-0.0
sector_excess_return,Consumer Staples_excess,2,13,ElasticNet,PC8,0.0
sector_excess_return,Consumer Staples_excess,2,13,ElasticNet,PC9,-0.0
sector_excess_return,Consumer Staples_excess,2,13,ElasticNet,PC10,-0.0
sector_excess_return,Consumer Staples_excess,2,13,ElasticNet,PC11,-0.0
sector_excess_return,Consumer Staples_excess,2,13,ElasticNet,PC12,0.0
sector_excess_return,Consumer Staples_excess,2,13,ElasticNet,PC13,-0.0
sector_excess_return,Real Estate_excess,2,13,OLS,PC1,0.010709708003493495
sector_excess_return,Real Estate_excess,2,13,OLS,PC2,0.010360308645609866
sector_excess_return,Real Estate_excess,2,13,OLS,PC3,0.005554336504816258
sector_excess_return,Real Estate_excess,2,13,OLS,PC4,-0.000291866166571359
sector_excess_return,Real Estate_excess,2,13,OLS,PC5,-0.007774726099498012
sector_excess_return,Real Estate_excess,2,13,OLS,PC6,0.0028149995204764435
sector_excess_return,Real Estate_excess,2,13,OLS,PC7,-0.004738992323015652
sector_excess_return,Real Estate_excess,2,13,OLS,PC8,0.005761152236774005
sector_excess_return,Real Estate_excess,2,13,OLS,PC9,0.006885836475637139
sector_excess_return,Real Estate_excess,2,13,OLS,PC10,-0.0013291827148001886
sector_excess_return,Real Estate_excess,2,13,OLS,PC11,-0.00017239715905087682
sector_excess_return,Real Estate_excess,2,13,OLS,PC12,0.004043199633390812
sector_excess_return,Real Estate_excess,2,13,OLS,PC13,0.004058108521423914
sector_excess_return,Real Estate_excess,2,13,Ridge,PC1,0.00026128251917906107
sector_excess_return,Real Estate_excess,2,13,Ridge,PC2,0.00010658037951827149
sector_excess_return,Real Estate_excess,2,13,Ridge,PC3,-6.130954753300192e-05
sector_excess_return,Real Estate_excess,2,13,Ridge,PC4,-8.237507218583033e-05
sector_excess_return,Real Estate_excess,2,13,Ridge,PC5,-0.000606639224900998
sector_excess_return,Real Estate_excess,2,13,Ridge,PC6,0.00020636900232849132
sector_excess_return,Real Estate_excess,2,13,Ridge,PC7,-0.00029619364371887664
sector_excess_return,Real Estate_excess,2,13,Ridge,PC8,0.0003343339755795222
sector_excess_return,Real Estate_excess,2,13,Ridge,PC9,0.00019134448332679702
sector_excess_return,Real Estate_excess,2,13,Ridge,PC10,-0.0003190393758788372
sector_excess_return,Real Estate_excess,2,13,Ridge,PC11,-0.00012079198943947762
sector_excess_return,Real Estate_excess,2,13,Ridge,PC12,0.0001386774882924066
sector_excess_return,Real Estate_excess,2,13,Ridge,PC13,3.290463849604269e-05
sector_excess_return,Real Estate_excess,2,13,Lasso,PC1,0.0
sector_excess_return,Real Estate_excess,2,13,Lasso,PC2,0.0
sector_excess_return,Real Estate_excess,2,13,Lasso,PC3,-0.0
sector_excess_return,Real Estate_excess,2,13,Lasso,PC4,-0.0
sector_excess_return,Real Estate_excess,2,13,Lasso,PC5,-0.0
sector_excess_return,Real Estate_excess,2,13,Lasso,PC6,0.0
sector_excess_return,Real Estate_excess,2,13,Lasso,PC7,-0.0
sector_excess_return,Real Estate_excess,2,13,Lasso,PC8,0.0
sector_excess_return,Real Estate_excess,2,13,Lasso,PC9,0.0
sector_excess_return,Real Estate_excess,2,13,Lasso,PC10,-0.0
sector_excess_return,Real Estate_excess,2,13,Lasso,PC11,-0.0
sector_excess_return,Real Estate_excess,2,13,Lasso,PC12,0.0
sector_excess_return,Real Estate_excess,2,13,Lasso,PC13,0.0
sector_excess_return,Real Estate_excess,2,13,ElasticNet,PC1,0.0
sector_excess_return,Real Estate_excess,2,13,ElasticNet,PC2,0.0
sector_excess_return,Real Estate_excess,2,13,ElasticNet,PC3,-0.0
sector_excess_return,Real Estate_excess,2,13,ElasticNet,PC4,-0.0
sector_excess_return,Real Estate_excess,2,13,ElasticNet,PC5,-0.0
sector_excess_return,Real Estate_excess,2,13,ElasticNet,PC6,0.0
sector_excess_return,Real Estate_excess,2,13,ElasticNet,PC7,-0.0
sector_excess_return,Real Estate_excess,2,13,ElasticNet,PC8,0.0
sector_excess_return,Real Estate_excess,2,13,ElasticNet,PC9,0.0
sector_excess_return,Real Estate_excess,2,13,ElasticNet,PC10,-0.0
sector_excess_return,Real Estate_excess,2,13,ElasticNet,PC11,-0.0
sector_excess_return,Real Estate_excess,2,13,ElasticNet,PC12,0.0
sector_excess_return,Real Estate_excess,2,13,ElasticNet,PC13,0.0
sector_excess_return,Utilities_excess,2,13,OLS,PC1,-0.0017074791555573684
sector_excess_return,Utilities_excess,2,13,OLS,PC2,-0.0031114048851079235
sector_excess_return,Utilities_excess,2,13,OLS,PC3,-0.006944956928435697
sector_excess_return,Utilities_excess,2,13,OLS,PC4,-0.000660672408691299
sector_excess_return,Utilities_excess,2,13,OLS,PC5,-0.0017405383926672251
sector_excess_return,Utilities_excess,2,13,OLS,PC6,0.005918351607681725
sector_excess_return,Utilities_excess,2,13,OLS,PC7,-0.006702446183492941
sector_excess_return,Utilities_excess,2,13,OLS,PC8,0.012578213832196745
sector_excess_return,Utilities_excess,2,13,OLS,PC9,-0.005630328473300192
sector_excess_return,Utilities_excess,2,13,OLS,PC10,0.00021408926112292972
sector_excess_return,Utilities_excess,2,13,OLS,PC11,-0.00592544280458653
sector_excess_return,Utilities_excess,2,13,OLS,PC12,0.006000092550716756
sector_excess_return,Utilities_excess,2,13,OLS,PC13,-0.009012567995249875
sector_excess_return,Utilities_excess,2,13,Ridge,PC1,0.0003609393395117464
sector_excess_return,Utilities_excess,2,13,Ridge,PC2,1.0308790589650519e-05
sector_excess_return,Utilities_excess,2,13,Ridge,PC3,-0.00031321187962899847
sector_excess_return,Utilities_excess,2,13,Ridge,PC4,-0.0001620342799677398
sector_excess_return,Utilities_excess,2,13,Ridge,PC5,4.7951041266494916e-05
sector_excess_return,Utilities_excess,2,13,Ridge,PC6,0.0005692617784676442
sector_excess_return,Utilities_excess,2,13,Ridge,PC7,-0.0005439300230147265
sector_excess_return,Utilities_excess,2,13,Ridge,PC8,0.0007809712937680099
sector_excess_return,Utilities_excess,2,13,Ridge,PC9,3.4118640910488666e-08
sector_excess_return,Utilities_excess,2,13,Ridge,PC10,-7.137726347869658e-06
sector_excess_return,Utilities_excess,2,13,Ridge,PC11,-0.00045610060040794496
sector_excess_return,Utilities_excess,2,13,Ridge,PC12,0.00020775588803322617
sector_excess_return,Utilities_excess,2,13,Ridge,PC13,-0.0007981718835414107
sector_excess_return,Utilities_excess,2,13,Lasso,PC1,0.0
sector_excess_return,Utilities_excess,2,13,Lasso,PC2,0.0
sector_excess_return,Utilities_excess,2,13,Lasso,PC3,-0.0
sector_excess_return,Utilities_excess,2,13,Lasso,PC4,-0.0
sector_excess_return,Utilities_excess,2,13,Lasso,PC5,0.0
sector_excess_return,Utilities_excess,2,13,Lasso,PC6,0.0
sector_excess_return,Utilities_excess,2,13,Lasso,PC7,-0.0
sector_excess_return,Utilities_excess,2,13,Lasso,PC8,0.0
sector_excess_return,Utilities_excess,2,13,Lasso,PC9,0.0
sector_excess_return,Utilities_excess,2,13,Lasso,PC10,-0.0
sector_excess_return,Utilities_excess,2,13,Lasso,PC11,-0.0
sector_excess_return,Utilities_excess,2,13,Lasso,PC12,0.0
sector_excess_return,Utilities_excess,2,13,Lasso,PC13,-0.0
sector_excess_return,Utilities_excess,2,13,ElasticNet,PC1,0.0
sector_excess_return,Utilities_excess,2,13,ElasticNet,PC2,0.0
sector_excess_return,Utilities_excess,2,13,ElasticNet,PC3,-0.0
sector_excess_return,Utilities_excess,2,13,ElasticNet,PC4,-0.0
sector_excess_return,Utilities_excess,2,13,ElasticNet,PC5,0.0
sector_excess_return,Utilities_excess,2,13,ElasticNet,PC6,0.0
sector_excess_return,Utilities_excess,2,13,ElasticNet,PC7,-0.0
sector_excess_return,Utilities_excess,2,13,ElasticNet,PC8,0.0
sector_excess_return,Utilities_excess,2,13,ElasticNet,PC9,0.0
sector_excess_return,Utilities_excess,2,13,ElasticNet,PC10,-0.0
sector_excess_return,Utilities_excess,2,13,ElasticNet,PC11,-0.0
sector_excess_return,Utilities_excess,2,13,ElasticNet,PC12,0.0
sector_excess_return,Utilities_excess,2,13,ElasticNet,PC13,-0.0
sector_excess_return,Health Care_excess,2,13,OLS,PC1,0.008128811444700922
sector_excess_return,Health Care_excess,2,13,OLS,PC2,0.005329893696381988
sector_excess_return,Health Care_excess,2,13,OLS,PC3,-0.001997835742472105
sector_excess_return,Health Care_excess,2,13,OLS,PC4,-0.005117698417537574
sector_excess_return,Health Care_excess,2,13,OLS,PC5,0.00025294723026965095
sector_excess_return,Health Care_excess,2,13,OLS,PC6,-0.0027738029489042305
sector_excess_return,Health Care_excess,2,13,OLS,PC7,-0.0028123648109604086
sector_excess_return,Health Care_excess,2,13,OLS,PC8,0.005170058205148458
sector_excess_return,Health Care_excess,2,13,OLS,PC9,0.0011897378602653123
sector_excess_return,Health Care_excess,2,13,OLS,PC10,-0.000938042018999347
sector_excess_return,Health Care_excess,2,13,OLS,PC11,-0.002330617456552692
sector_excess_return,Health Care_excess,2,13,OLS,PC12,0.0030165887013513595
sector_excess_return,Health Care_excess,2,13,OLS,PC13,-0.0020641755840149685
sector_excess_return,Health Care_excess,2,13,Ridge,PC1,0.0004652377449497895
sector_excess_return,Health Care_excess,2,13,Ridge,PC2,0.000277563929509771
sector_excess_return,Health Care_excess,2,13,Ridge,PC3,-0.0005243617328590115
sector_excess_return,Health Care_excess,2,13,Ridge,PC4,-0.00028198349953566584
sector_excess_return,Health Care_excess,2,13,Ridge,PC5,-2.747486137720753e-05
sector_excess_return,Health Care_excess,2,13,Ridge,PC6,-0.0002072588836070694
sector_excess_return,Health Care_excess,2,13,Ridge,PC7,-0.00018720538167046462
sector_excess_return,Health Care_excess,2,13,Ridge,PC8,0.00040321076590989593
sector_excess_return,Health Care_excess,2,13,Ridge,PC9,-0.00015190472659897043
sector_excess_return,Health Care_excess,2,13,Ridge,PC10,-4.389559385160456e-05
sector_excess_return,Health Care_excess,2,13,Ridge,PC11,-0.00019030229431732403
sector_excess_return,Health Care_excess,2,13,Ridge,PC12,6.546639474092009e-05
sector_excess_return,Health Care_excess,2,13,Ridge,PC13,-0.0002335170198671538
sector_excess_return,Health Care_excess,2,13,Lasso,PC1,0.0
sector_excess_return,Health Care_excess,2,13,Lasso,PC2,0.0
sector_excess_return,Health Care_excess,2,13,Lasso,PC3,-0.0
sector_excess_return,Health Care_excess,2,13,Lasso,PC4,-0.0
sector_excess_return,Health Care_excess,2,13,Lasso,PC5,-0.0
sector_excess_return,Health Care_excess,2,13,Lasso,PC6,-0.0
sector_excess_return,Health Care_excess,2,13,Lasso,PC7,-0.0
sector_excess_return,Health Care_excess,2,13,Lasso,PC8,0.0
sector_excess_return,Health Care_excess,2,13,Lasso,PC9,-0.0
sector_excess_return,Health Care_excess,2,13,Lasso,PC10,-0.0
sector_excess_return,Health Care_excess,2,13,Lasso,PC11,-0.0
sector_excess_return,Health Care_excess,2,13,Lasso,PC12,0.0
sector_excess_return,Health Care_excess,2,13,Lasso,PC13,-0.0
sector_excess_return,Health Care_excess,2,13,ElasticNet,PC1,0.0
sector_excess_return,Health Care_excess,2,13,ElasticNet,PC2,0.0
sector_excess_return,Health Care_excess,2,13,ElasticNet,PC3,-0.0
sector_excess_return,Health Care_excess,2,13,ElasticNet,PC4,-0.0
sector_excess_return,Health Care_excess,2,13,ElasticNet,PC5,-0.0
sector_excess_return,Health Care_excess,2,13,ElasticNet,PC6,-0.0
sector_excess_return,Health Care_excess,2,13,ElasticNet,PC7,-0.0
sector_excess_return,Health Care_excess,2,13,ElasticNet,PC8,0.0
sector_excess_return,Health Care_excess,2,13,ElasticNet,PC9,-0.0
sector_excess_return,Health Care_excess,2,13,ElasticNet,PC10,-0.0
sector_excess_return,Health Care_excess,2,13,ElasticNet,PC11,-0.0
sector_excess_return,Health Care_excess,2,13,ElasticNet,PC12,0.0
sector_excess_return,Health Care_excess,2,13,ElasticNet,PC13,-0.0
sector_excess_return,Consumer Discretionary_excess,2,13,OLS,PC1,-0.0007739677308235799
sector_excess_return,Consumer Discretionary_excess,2,13,OLS,PC2,0.00419679445432357
sector_excess_return,Consumer Discretionary_excess,2,13,OLS,PC3,-0.002438211418996354
sector_excess_return,Consumer Discretionary_excess,2,13,OLS,PC4,0.004203579709287901
sector_excess_return,Consumer Discretionary_excess,2,13,OLS,PC5,0.002368933929121593
sector_excess_return,Consumer Discretionary_excess,2,13,OLS,PC6,0.006211766477968058
sector_excess_return,Consumer Discretionary_excess,2,13,OLS,PC7,0.001773324206906624
sector_excess_return,Consumer Discretionary_excess,2,13,OLS,PC8,-0.004562978154143384
sector_excess_return,Consumer Discretionary_excess,2,13,OLS,PC9,0.001361458535280534
sector_excess_return,Consumer Discretionary_excess,2,13,OLS,PC10,0.00014490522338998934
sector_excess_return,Consumer Discretionary_excess,2,13,OLS,PC11,0.0017373998719687276
sector_excess_return,Consumer Discretionary_excess,2,13,OLS,PC12,-0.004687271840715684
sector_excess_return,Consumer Discretionary_excess,2,13,OLS,PC13,0.004496112334472459
sector_excess_return,Consumer Discretionary_excess,2,13,Ridge,PC1,-0.00016047273110523488
sector_excess_return,Consumer Discretionary_excess,2,13,Ridge,PC2,0.000223253386663022
sector_excess_return,Consumer Discretionary_excess,2,13,Ridge,PC3,-0.00018015244040690785
sector_excess_return,Consumer Discretionary_excess,2,13,Ridge,PC4,0.0002731160138309329
sector_excess_return,Consumer Discretionary_excess,2,13,Ridge,PC5,0.00021816533039713737
sector_excess_return,Consumer Discretionary_excess,2,13,Ridge,PC6,0.00029656194107391496
sector_excess_return,Consumer Discretionary_excess,2,13,Ridge,PC7,0.00010209395910169847
sector_excess_return,Consumer Discretionary_excess,2,13,Ridge,PC8,-0.0003533103775072033
sector_excess_return,Consumer Discretionary_excess,2,13,Ridge,PC9,0.00011231036313736614
sector_excess_return,Consumer Discretionary_excess,2,13,Ridge,PC10,-0.00019623075483958397
sector_excess_return,Consumer Discretionary_excess,2,13,Ridge,PC11,-0.00010616934966681622
sector_excess_return,Consumer Discretionary_excess,2,13,Ridge,PC12,-0.00019273834093591958
sector_excess_return,Consumer Discretionary_excess,2,13,Ridge,PC13,0.00023116162819226697
sector_excess_return,Consumer Discretionary_excess,2,13,Lasso,PC1,-0.0
sector_excess_return,Consumer Discretionary_excess,2,13,Lasso,PC2,0.0
sector_excess_return,Consumer Discretionary_excess,2,13,Lasso,PC3,-0.0
sector_excess_return,Consumer Discretionary_excess,2,13,Lasso,PC4,0.0
sector_excess_return,Consumer Discretionary_excess,2,13,Lasso,PC5,0.0
sector_excess_return,Consumer Discretionary_excess,2,13,Lasso,PC6,0.0
sector_excess_return,Consumer Discretionary_excess,2,13,Lasso,PC7,0.0
sector_excess_return,Consumer Discretionary_excess,2,13,Lasso,PC8,-0.0
sector_excess_return,Consumer Discretionary_excess,2,13,Lasso,PC9,0.0
sector_excess_return,Consumer Discretionary_excess,2,13,Lasso,PC10,-0.0
sector_excess_return,Consumer Discretionary_excess,2,13,Lasso,PC11,-0.0
sector_excess_return,Consumer Discretionary_excess,2,13,Lasso,PC12,-0.0
sector_excess_return,Consumer Discretionary_excess,2,13,Lasso,PC13,0.0
sector_excess_return,Consumer Discretionary_excess,2,13,ElasticNet,PC1,-0.0
sector_excess_return,Consumer Discretionary_excess,2,13,ElasticNet,PC2,0.0
sector_excess_return,Consumer Discretionary_excess,2,13,ElasticNet,PC3,-0.0
sector_excess_return,Consumer Discretionary_excess,2,13,ElasticNet,PC4,0.0
sector_excess_return,Consumer Discretionary_excess,2,13,ElasticNet,PC5,0.0
sector_excess_return,Consumer Discretionary_excess,2,13,ElasticNet,PC6,0.0
sector_excess_return,Consumer Discretionary_excess,2,13,ElasticNet,PC7,0.0
sector_excess_return,Consumer Discretionary_excess,2,13,ElasticNet,PC8,-0.0
sector_excess_return,Consumer Discretionary_excess,2,13,ElasticNet,PC9,0.0
sector_excess_return,Consumer Discretionary_excess,2,13,ElasticNet,PC10,-0.0
sector_excess_return,Consumer Discretionary_excess,2,13,ElasticNet,PC11,-0.0
sector_excess_return,Consumer Discretionary_excess,2,13,ElasticNet,PC12,-0.0
sector_excess_return,Consumer Discretionary_excess,2,13,ElasticNet,PC13,0.0
