date,return,turnover,holdings,strategy,cost_bps,net_return
2021-06-01,0.06690781512282595,1.0,Technology,Google/PCA top-1,0,0.06690781512282595
2021-07-01,0.04077714722510306,0.0,Technology,Google/PCA top-1,0,0.04077714722510306
2021-08-01,0.05147891574368413,1.0,Financials,Google/PCA top-1,0,0.05147891574368413
2021-09-01,-0.022656533473188856,0.0,Financials,Google/PCA top-1,0,-0.022656533473188856
2021-10-01,0.11668687061094052,1.0,Energy,Google/PCA top-1,0,0.11668687061094052
2021-11-01,0.04451196197982621,1.0,Technology,Google/PCA top-1,0,0.04451196197982621
2021-12-01,0.03052389701063607,0.0,Technology,Google/PCA top-1,0,0.03052389701063607
2022-01-01,-0.06667958528157314,0.0,Technology,Google/PCA top-1,0,-0.06667958528157314
2022-02-01,-0.04877438395546563,0.0,Technology,Google/PCA top-1,0,-0.04877438395546563
2022-03-01,0.05720831236934276,1.0,Materials,Google/PCA top-1,0,0.05720831236934276
2022-04-01,-0.036581278457395006,1.0,Utilities,Google/PCA top-1,0,-0.036581278457395006
2022-05-01,0.04308186139130776,0.0,Utilities,Google/PCA top-1,0,0.04308186139130776
2022-06-01,-0.03017467974640098,1.0,Health Care,Google/PCA top-1,0,-0.03017467974640098
2022-07-01,0.13746663094756473,1.0,Technology,Google/PCA top-1,0,0.13746663094756473
2022-08-01,0.026524096919708473,1.0,Energy,Google/PCA top-1,0,0.026524096919708473
2022-09-01,-0.029256044503409462,1.0,Health Care,Google/PCA top-1,0,-0.029256044503409462
2022-10-01,0.10048025377977754,0.0,Health Care,Google/PCA top-1,0,0.10048025377977754
2022-11-01,0.04723139335210891,0.0,Health Care,Google/PCA top-1,0,0.04723139335210891
2022-12-01,-0.05811067003002912,1.0,Financials,Google/PCA top-1,0,-0.05811067003002912
2023-01-01,0.07570911924573709,0.0,Financials,Google/PCA top-1,0,0.07570911924573709
2023-02-01,0.0041190337598855375,1.0,Technology,Google/PCA top-1,0,0.0041190337598855375
2023-03-01,0.10613796102867012,0.0,Technology,Google/PCA top-1,0,0.10613796102867012
2023-04-01,0.0010130974822268879,0.0,Technology,Google/PCA top-1,0,0.0010130974822268879
2023-05-01,0.08917306919272616,0.0,Technology,Google/PCA top-1,0,0.08917306919272616
2023-06-01,0.058315205537907255,0.0,Technology,Google/PCA top-1,0,0.058315205537907255
2023-07-01,0.027974108242641904,0.0,Technology,Google/PCA top-1,0,0.027974108242641904
2023-08-01,-0.015082717906830245,0.0,Technology,Google/PCA top-1,0,-0.015082717906830245
2023-09-01,-0.052358554258064904,1.0,Materials,Google/PCA top-1,0,-0.052358554258064904
2023-10-01,0.0026249218118485906,1.0,Technology,Google/PCA top-1,0,0.0026249218118485906
2023-11-01,0.12895568572659766,0.0,Technology,Google/PCA top-1,0,0.12895568572659766
2023-12-01,0.039533274190982404,0.0,Technology,Google/PCA top-1,0,0.039533274190982404
2024-01-01,0.029281718665037593,0.0,Technology,Google/PCA top-1,0,0.029281718665037593
2024-02-01,0.047045745572638964,0.0,Technology,Google/PCA top-1,0,0.047045745572638964
2024-03-01,0.006232399608830708,0.0,Technology,Google/PCA top-1,0,0.006232399608830708
2024-04-01,-0.056061220203576845,0.0,Technology,Google/PCA top-1,0,-0.056061220203576845
2024-05-01,0.07076972036472395,0.0,Technology,Google/PCA top-1,0,0.07076972036472395
2024-06-01,0.02882524807692355,1.0,Communication Services,Google/PCA top-1,0,0.02882524807692355
2024-07-01,-0.031145923141372323,1.0,Technology,Google/PCA top-1,0,-0.031145923141372323
2024-08-01,0.0069927866134096295,0.0,Technology,Google/PCA top-1,0,0.0069927866134096295
2024-09-01,-0.009182227094204798,1.0,Financials,Google/PCA top-1,0,-0.009182227094204798
2024-10-01,0.029315292036276697,0.0,Financials,Google/PCA top-1,0,0.029315292036276697
2024-11-01,0.10456097862346025,0.0,Financials,Google/PCA top-1,0,0.10456097862346025
2024-12-01,-0.005176913053540733,1.0,Technology,Google/PCA top-1,0,-0.005176913053540733
2025-01-01,-0.005727873873666245,0.0,Technology,Google/PCA top-1,0,-0.005727873873666245
2025-02-01,-0.022875909281760642,0.0,Technology,Google/PCA top-1,0,-0.022875909281760642
2025-03-01,-0.08446764369635351,0.0,Technology,Google/PCA top-1,0,-0.08446764369635351
2025-04-01,0.018687853639658414,0.0,Technology,Google/PCA top-1,0,0.018687853639658414
2025-05-01,0.09972846872939423,0.0,Technology,Google/PCA top-1,0,0.09972846872939423
2025-06-01,0.02766867220915259,1.0,Financials,Google/PCA top-1,0,0.02766867220915259
2025-07-01,0.0034271445171532022,0.0,Financials,Google/PCA top-1,0,0.0034271445171532022
2025-08-01,0.030933778483985375,0.0,Financials,Google/PCA top-1,0,0.030933778483985375
2025-09-01,-0.0022226285104356425,0.0,Financials,Google/PCA top-1,0,-0.0022226285104356425
2025-10-01,0.06814171875540165,1.0,Technology,Google/PCA top-1,0,0.06814171875540165
2025-11-01,-0.04809087904861853,0.0,Technology,Google/PCA top-1,0,-0.04809087904861853
2025-12-01,0.020192328295371542,1.0,Communication Services,Google/PCA top-1,0,0.020192328295371542
2026-01-01,0.0008908275056329629,1.0,Technology,Google/PCA top-1,0,0.0008908275056329629
2026-02-01,-0.03558535174154043,0.0,Technology,Google/PCA top-1,0,-0.03558535174154043
2026-03-01,0.09549362861067423,1.0,Energy,Google/PCA top-1,0,0.09549362861067423
2026-04-01,0.20164277902148298,1.0,Technology,Google/PCA top-1,0,0.20164277902148298
2021-06-01,0.06690781512282595,1.0,Technology,Google/PCA top-1,5,0.06640781512282595
2021-07-01,0.04077714722510306,0.0,Technology,Google/PCA top-1,5,0.04077714722510306
2021-08-01,0.05147891574368413,1.0,Financials,Google/PCA top-1,5,0.05097891574368413
2021-09-01,-0.022656533473188856,0.0,Financials,Google/PCA top-1,5,-0.022656533473188856
2021-10-01,0.11668687061094052,1.0,Energy,Google/PCA top-1,5,0.11618687061094052
2021-11-01,0.04451196197982621,1.0,Technology,Google/PCA top-1,5,0.04401196197982621
2021-12-01,0.03052389701063607,0.0,Technology,Google/PCA top-1,5,0.03052389701063607
2022-01-01,-0.06667958528157314,0.0,Technology,Google/PCA top-1,5,-0.06667958528157314
2022-02-01,-0.04877438395546563,0.0,Technology,Google/PCA top-1,5,-0.04877438395546563
2022-03-01,0.05720831236934276,1.0,Materials,Google/PCA top-1,5,0.05670831236934276
2022-04-01,-0.036581278457395006,1.0,Utilities,Google/PCA top-1,5,-0.037081278457395006
2022-05-01,0.04308186139130776,0.0,Utilities,Google/PCA top-1,5,0.04308186139130776
2022-06-01,-0.03017467974640098,1.0,Health Care,Google/PCA top-1,5,-0.03067467974640098
2022-07-01,0.13746663094756473,1.0,Technology,Google/PCA top-1,5,0.13696663094756473
2022-08-01,0.026524096919708473,1.0,Energy,Google/PCA top-1,5,0.026024096919708473
2022-09-01,-0.029256044503409462,1.0,Health Care,Google/PCA top-1,5,-0.029756044503409462
2022-10-01,0.10048025377977754,0.0,Health Care,Google/PCA top-1,5,0.10048025377977754
2022-11-01,0.04723139335210891,0.0,Health Care,Google/PCA top-1,5,0.04723139335210891
2022-12-01,-0.05811067003002912,1.0,Financials,Google/PCA top-1,5,-0.05861067003002912
2023-01-01,0.07570911924573709,0.0,Financials,Google/PCA top-1,5,0.07570911924573709
2023-02-01,0.0041190337598855375,1.0,Technology,Google/PCA top-1,5,0.0036190337598855375
2023-03-01,0.10613796102867012,0.0,Technology,Google/PCA top-1,5,0.10613796102867012
2023-04-01,0.0010130974822268879,0.0,Technology,Google/PCA top-1,5,0.0010130974822268879
2023-05-01,0.08917306919272616,0.0,Technology,Google/PCA top-1,5,0.08917306919272616
2023-06-01,0.058315205537907255,0.0,Technology,Google/PCA top-1,5,0.058315205537907255
2023-07-01,0.027974108242641904,0.0,Technology,Google/PCA top-1,5,0.027974108242641904
2023-08-01,-0.015082717906830245,0.0,Technology,Google/PCA top-1,5,-0.015082717906830245
2023-09-01,-0.052358554258064904,1.0,Materials,Google/PCA top-1,5,-0.052858554258064905
2023-10-01,0.0026249218118485906,1.0,Technology,Google/PCA top-1,5,0.0021249218118485906
2023-11-01,0.12895568572659766,0.0,Technology,Google/PCA top-1,5,0.12895568572659766
2023-12-01,0.039533274190982404,0.0,Technology,Google/PCA top-1,5,0.039533274190982404
2024-01-01,0.029281718665037593,0.0,Technology,Google/PCA top-1,5,0.029281718665037593
2024-02-01,0.047045745572638964,0.0,Technology,Google/PCA top-1,5,0.047045745572638964
2024-03-01,0.006232399608830708,0.0,Technology,Google/PCA top-1,5,0.006232399608830708
2024-04-01,-0.056061220203576845,0.0,Technology,Google/PCA top-1,5,-0.056061220203576845
2024-05-01,0.07076972036472395,0.0,Technology,Google/PCA top-1,5,0.07076972036472395
2024-06-01,0.02882524807692355,1.0,Communication Services,Google/PCA top-1,5,0.028325248076923548
2024-07-01,-0.031145923141372323,1.0,Technology,Google/PCA top-1,5,-0.03164592314137232
2024-08-01,0.0069927866134096295,0.0,Technology,Google/PCA top-1,5,0.0069927866134096295
2024-09-01,-0.009182227094204798,1.0,Financials,Google/PCA top-1,5,-0.009682227094204798
2024-10-01,0.029315292036276697,0.0,Financials,Google/PCA top-1,5,0.029315292036276697
2024-11-01,0.10456097862346025,0.0,Financials,Google/PCA top-1,5,0.10456097862346025
2024-12-01,-0.005176913053540733,1.0,Technology,Google/PCA top-1,5,-0.005676913053540733
2025-01-01,-0.005727873873666245,0.0,Technology,Google/PCA top-1,5,-0.005727873873666245
2025-02-01,-0.022875909281760642,0.0,Technology,Google/PCA top-1,5,-0.022875909281760642
2025-03-01,-0.08446764369635351,0.0,Technology,Google/PCA top-1,5,-0.08446764369635351
2025-04-01,0.018687853639658414,0.0,Technology,Google/PCA top-1,5,0.018687853639658414
2025-05-01,0.09972846872939423,0.0,Technology,Google/PCA top-1,5,0.09972846872939423
2025-06-01,0.02766867220915259,1.0,Financials,Google/PCA top-1,5,0.02716867220915259
2025-07-01,0.0034271445171532022,0.0,Financials,Google/PCA top-1,5,0.0034271445171532022
2025-08-01,0.030933778483985375,0.0,Financials,Google/PCA top-1,5,0.030933778483985375
2025-09-01,-0.0022226285104356425,0.0,Financials,Google/PCA top-1,5,-0.0022226285104356425
2025-10-01,0.06814171875540165,1.0,Technology,Google/PCA top-1,5,0.06764171875540165
2025-11-01,-0.04809087904861853,0.0,Technology,Google/PCA top-1,5,-0.04809087904861853
2025-12-01,0.020192328295371542,1.0,Communication Services,Google/PCA top-1,5,0.01969232829537154
2026-01-01,0.0008908275056329629,1.0,Technology,Google/PCA top-1,5,0.00039082750563296286
2026-02-01,-0.03558535174154043,0.0,Technology,Google/PCA top-1,5,-0.03558535174154043
2026-03-01,0.09549362861067423,1.0,Energy,Google/PCA top-1,5,0.09499362861067423
2026-04-01,0.20164277902148298,1.0,Technology,Google/PCA top-1,5,0.20114277902148298
2021-06-01,0.06690781512282595,1.0,Technology,Google/PCA top-1,10,0.06590781512282595
2021-07-01,0.04077714722510306,0.0,Technology,Google/PCA top-1,10,0.04077714722510306
2021-08-01,0.05147891574368413,1.0,Financials,Google/PCA top-1,10,0.05047891574368413
2021-09-01,-0.022656533473188856,0.0,Financials,Google/PCA top-1,10,-0.022656533473188856
2021-10-01,0.11668687061094052,1.0,Energy,Google/PCA top-1,10,0.11568687061094052
2021-11-01,0.04451196197982621,1.0,Technology,Google/PCA top-1,10,0.04351196197982621
2021-12-01,0.03052389701063607,0.0,Technology,Google/PCA top-1,10,0.03052389701063607
2022-01-01,-0.06667958528157314,0.0,Technology,Google/PCA top-1,10,-0.06667958528157314
2022-02-01,-0.04877438395546563,0.0,Technology,Google/PCA top-1,10,-0.04877438395546563
2022-03-01,0.05720831236934276,1.0,Materials,Google/PCA top-1,10,0.05620831236934276
2022-04-01,-0.036581278457395006,1.0,Utilities,Google/PCA top-1,10,-0.037581278457395006
2022-05-01,0.04308186139130776,0.0,Utilities,Google/PCA top-1,10,0.04308186139130776
2022-06-01,-0.03017467974640098,1.0,Health Care,Google/PCA top-1,10,-0.03117467974640098
2022-07-01,0.13746663094756473,1.0,Technology,Google/PCA top-1,10,0.13646663094756473
2022-08-01,0.026524096919708473,1.0,Energy,Google/PCA top-1,10,0.025524096919708472
2022-09-01,-0.029256044503409462,1.0,Health Care,Google/PCA top-1,10,-0.030256044503409463
2022-10-01,0.10048025377977754,0.0,Health Care,Google/PCA top-1,10,0.10048025377977754
2022-11-01,0.04723139335210891,0.0,Health Care,Google/PCA top-1,10,0.04723139335210891
2022-12-01,-0.05811067003002912,1.0,Financials,Google/PCA top-1,10,-0.05911067003002912
2023-01-01,0.07570911924573709,0.0,Financials,Google/PCA top-1,10,0.07570911924573709
2023-02-01,0.0041190337598855375,1.0,Technology,Google/PCA top-1,10,0.0031190337598855375
2023-03-01,0.10613796102867012,0.0,Technology,Google/PCA top-1,10,0.10613796102867012
2023-04-01,0.0010130974822268879,0.0,Technology,Google/PCA top-1,10,0.0010130974822268879
2023-05-01,0.08917306919272616,0.0,Technology,Google/PCA top-1,10,0.08917306919272616
2023-06-01,0.058315205537907255,0.0,Technology,Google/PCA top-1,10,0.058315205537907255
2023-07-01,0.027974108242641904,0.0,Technology,Google/PCA top-1,10,0.027974108242641904
2023-08-01,-0.015082717906830245,0.0,Technology,Google/PCA top-1,10,-0.015082717906830245
2023-09-01,-0.052358554258064904,1.0,Materials,Google/PCA top-1,10,-0.053358554258064905
2023-10-01,0.0026249218118485906,1.0,Technology,Google/PCA top-1,10,0.0016249218118485906
2023-11-01,0.12895568572659766,0.0,Technology,Google/PCA top-1,10,0.12895568572659766
2023-12-01,0.039533274190982404,0.0,Technology,Google/PCA top-1,10,0.039533274190982404
2024-01-01,0.029281718665037593,0.0,Technology,Google/PCA top-1,10,0.029281718665037593
2024-02-01,0.047045745572638964,0.0,Technology,Google/PCA top-1,10,0.047045745572638964
2024-03-01,0.006232399608830708,0.0,Technology,Google/PCA top-1,10,0.006232399608830708
2024-04-01,-0.056061220203576845,0.0,Technology,Google/PCA top-1,10,-0.056061220203576845
2024-05-01,0.07076972036472395,0.0,Technology,Google/PCA top-1,10,0.07076972036472395
2024-06-01,0.02882524807692355,1.0,Communication Services,Google/PCA top-1,10,0.027825248076923548
2024-07-01,-0.031145923141372323,1.0,Technology,Google/PCA top-1,10,-0.03214592314137232
2024-08-01,0.0069927866134096295,0.0,Technology,Google/PCA top-1,10,0.0069927866134096295
2024-09-01,-0.009182227094204798,1.0,Financials,Google/PCA top-1,10,-0.010182227094204799
2024-10-01,0.029315292036276697,0.0,Financials,Google/PCA top-1,10,0.029315292036276697
2024-11-01,0.10456097862346025,0.0,Financials,Google/PCA top-1,10,0.10456097862346025
2024-12-01,-0.005176913053540733,1.0,Technology,Google/PCA top-1,10,-0.006176913053540733
2025-01-01,-0.005727873873666245,0.0,Technology,Google/PCA top-1,10,-0.005727873873666245
2025-02-01,-0.022875909281760642,0.0,Technology,Google/PCA top-1,10,-0.022875909281760642
2025-03-01,-0.08446764369635351,0.0,Technology,Google/PCA top-1,10,-0.08446764369635351
2025-04-01,0.018687853639658414,0.0,Technology,Google/PCA top-1,10,0.018687853639658414
2025-05-01,0.09972846872939423,0.0,Technology,Google/PCA top-1,10,0.09972846872939423
2025-06-01,0.02766867220915259,1.0,Financials,Google/PCA top-1,10,0.02666867220915259
2025-07-01,0.0034271445171532022,0.0,Financials,Google/PCA top-1,10,0.0034271445171532022
2025-08-01,0.030933778483985375,0.0,Financials,Google/PCA top-1,10,0.030933778483985375
2025-09-01,-0.0022226285104356425,0.0,Financials,Google/PCA top-1,10,-0.0022226285104356425
2025-10-01,0.06814171875540165,1.0,Technology,Google/PCA top-1,10,0.06714171875540165
2025-11-01,-0.04809087904861853,0.0,Technology,Google/PCA top-1,10,-0.04809087904861853
2025-12-01,0.020192328295371542,1.0,Communication Services,Google/PCA top-1,10,0.01919232829537154
2026-01-01,0.0008908275056329629,1.0,Technology,Google/PCA top-1,10,-0.00010917249436703715
2026-02-01,-0.03558535174154043,0.0,Technology,Google/PCA top-1,10,-0.03558535174154043
2026-03-01,0.09549362861067423,1.0,Energy,Google/PCA top-1,10,0.09449362861067423
2026-04-01,0.20164277902148298,1.0,Technology,Google/PCA top-1,10,0.20064277902148298
2021-06-01,0.06690781512282595,1.0,Technology,Google/PCA top-1,25,0.06440781512282595
2021-07-01,0.04077714722510306,0.0,Technology,Google/PCA top-1,25,0.04077714722510306
2021-08-01,0.05147891574368413,1.0,Financials,Google/PCA top-1,25,0.048978915743684126
2021-09-01,-0.022656533473188856,0.0,Financials,Google/PCA top-1,25,-0.022656533473188856
2021-10-01,0.11668687061094052,1.0,Energy,Google/PCA top-1,25,0.11418687061094052
2021-11-01,0.04451196197982621,1.0,Technology,Google/PCA top-1,25,0.04201196197982621
2021-12-01,0.03052389701063607,0.0,Technology,Google/PCA top-1,25,0.03052389701063607
2022-01-01,-0.06667958528157314,0.0,Technology,Google/PCA top-1,25,-0.06667958528157314
2022-02-01,-0.04877438395546563,0.0,Technology,Google/PCA top-1,25,-0.04877438395546563
2022-03-01,0.05720831236934276,1.0,Materials,Google/PCA top-1,25,0.05470831236934276
2022-04-01,-0.036581278457395006,1.0,Utilities,Google/PCA top-1,25,-0.03908127845739501
2022-05-01,0.04308186139130776,0.0,Utilities,Google/PCA top-1,25,0.04308186139130776
2022-06-01,-0.03017467974640098,1.0,Health Care,Google/PCA top-1,25,-0.03267467974640098
2022-07-01,0.13746663094756473,1.0,Technology,Google/PCA top-1,25,0.13496663094756473
2022-08-01,0.026524096919708473,1.0,Energy,Google/PCA top-1,25,0.024024096919708474
2022-09-01,-0.029256044503409462,1.0,Health Care,Google/PCA top-1,25,-0.031756044503409464
2022-10-01,0.10048025377977754,0.0,Health Care,Google/PCA top-1,25,0.10048025377977754
2022-11-01,0.04723139335210891,0.0,Health Care,Google/PCA top-1,25,0.04723139335210891
2022-12-01,-0.05811067003002912,1.0,Financials,Google/PCA top-1,25,-0.06061067003002912
2023-01-01,0.07570911924573709,0.0,Financials,Google/PCA top-1,25,0.07570911924573709
2023-02-01,0.0041190337598855375,1.0,Technology,Google/PCA top-1,25,0.0016190337598855375
2023-03-01,0.10613796102867012,0.0,Technology,Google/PCA top-1,25,0.10613796102867012
2023-04-01,0.0010130974822268879,0.0,Technology,Google/PCA top-1,25,0.0010130974822268879
2023-05-01,0.08917306919272616,0.0,Technology,Google/PCA top-1,25,0.08917306919272616
2023-06-01,0.058315205537907255,0.0,Technology,Google/PCA top-1,25,0.058315205537907255
2023-07-01,0.027974108242641904,0.0,Technology,Google/PCA top-1,25,0.027974108242641904
2023-08-01,-0.015082717906830245,0.0,Technology,Google/PCA top-1,25,-0.015082717906830245
2023-09-01,-0.052358554258064904,1.0,Materials,Google/PCA top-1,25,-0.05485855425806491
2023-10-01,0.0026249218118485906,1.0,Technology,Google/PCA top-1,25,0.00012492181184859058
2023-11-01,0.12895568572659766,0.0,Technology,Google/PCA top-1,25,0.12895568572659766
2023-12-01,0.039533274190982404,0.0,Technology,Google/PCA top-1,25,0.039533274190982404
2024-01-01,0.029281718665037593,0.0,Technology,Google/PCA top-1,25,0.029281718665037593
2024-02-01,0.047045745572638964,0.0,Technology,Google/PCA top-1,25,0.047045745572638964
2024-03-01,0.006232399608830708,0.0,Technology,Google/PCA top-1,25,0.006232399608830708
2024-04-01,-0.056061220203576845,0.0,Technology,Google/PCA top-1,25,-0.056061220203576845
2024-05-01,0.07076972036472395,0.0,Technology,Google/PCA top-1,25,0.07076972036472395
2024-06-01,0.02882524807692355,1.0,Communication Services,Google/PCA top-1,25,0.02632524807692355
2024-07-01,-0.031145923141372323,1.0,Technology,Google/PCA top-1,25,-0.033645923141372325
2024-08-01,0.0069927866134096295,0.0,Technology,Google/PCA top-1,25,0.0069927866134096295
2024-09-01,-0.009182227094204798,1.0,Financials,Google/PCA top-1,25,-0.011682227094204798
2024-10-01,0.029315292036276697,0.0,Financials,Google/PCA top-1,25,0.029315292036276697
2024-11-01,0.10456097862346025,0.0,Financials,Google/PCA top-1,25,0.10456097862346025
2024-12-01,-0.005176913053540733,1.0,Technology,Google/PCA top-1,25,-0.007676913053540733
2025-01-01,-0.005727873873666245,0.0,Technology,Google/PCA top-1,25,-0.005727873873666245
2025-02-01,-0.022875909281760642,0.0,Technology,Google/PCA top-1,25,-0.022875909281760642
2025-03-01,-0.08446764369635351,0.0,Technology,Google/PCA top-1,25,-0.08446764369635351
2025-04-01,0.018687853639658414,0.0,Technology,Google/PCA top-1,25,0.018687853639658414
2025-05-01,0.09972846872939423,0.0,Technology,Google/PCA top-1,25,0.09972846872939423
2025-06-01,0.02766867220915259,1.0,Financials,Google/PCA top-1,25,0.02516867220915259
2025-07-01,0.0034271445171532022,0.0,Financials,Google/PCA top-1,25,0.0034271445171532022
2025-08-01,0.030933778483985375,0.0,Financials,Google/PCA top-1,25,0.030933778483985375
2025-09-01,-0.0022226285104356425,0.0,Financials,Google/PCA top-1,25,-0.0022226285104356425
2025-10-01,0.06814171875540165,1.0,Technology,Google/PCA top-1,25,0.06564171875540165
2025-11-01,-0.04809087904861853,0.0,Technology,Google/PCA top-1,25,-0.04809087904861853
2025-12-01,0.020192328295371542,1.0,Communication Services,Google/PCA top-1,25,0.017692328295371543
2026-01-01,0.0008908275056329629,1.0,Technology,Google/PCA top-1,25,-0.0016091724943670372
2026-02-01,-0.03558535174154043,0.0,Technology,Google/PCA top-1,25,-0.03558535174154043
2026-03-01,0.09549362861067423,1.0,Energy,Google/PCA top-1,25,0.09299362861067423
2026-04-01,0.20164277902148298,1.0,Technology,Google/PCA top-1,25,0.19914277902148297
2021-06-01,0.021908226503599543,1.0,"Technology, Consumer Discretionary, Financials",Google/PCA top-3,0,0.021908226503599543
2021-07-01,0.03555479768704265,0.6666666666666666,"Technology, Industrials, Health Care",Google/PCA top-3,0,0.03555479768704265
2021-08-01,0.02234260151916508,0.6666666666666666,"Financials, Technology, Energy",Google/PCA top-3,0,0.02234260151916508
2021-09-01,-0.0021566202002558286,0.0,"Financials, Energy, Technology",Google/PCA top-3,0,-0.0021566202002558286
2021-10-01,0.09258225339898922,0.0,"Energy, Financials, Technology",Google/PCA top-3,0,0.09258225339898922
2021-11-01,0.0012463352537701589,0.3333333333333333,"Technology, Consumer Discretionary, Financials",Google/PCA top-3,0,0.0012463352537701589
2021-12-01,0.03364377274223259,0.3333333333333333,"Technology, Consumer Discretionary, Materials",Google/PCA top-3,0,0.03364377274223259
2022-01-01,-0.061868492485167424,0.3333333333333333,"Technology, Utilities, Consumer Discretionary",Google/PCA top-3,0,-0.061868492485167424
2022-02-01,-0.03450611708309633,0.3333333333333333,"Technology, Consumer Discretionary, Consumer Staples",Google/PCA top-3,0,-0.03450611708309633
2022-03-01,0.04380560273046985,0.3333333333333333,"Materials, Technology, Consumer Discretionary",Google/PCA top-3,0,0.04380560273046985
2022-04-01,-0.05895771291447446,0.3333333333333333,"Utilities, Materials, Technology",Google/PCA top-3,0,-0.05895771291447446
2022-05-01,0.015994428614216145,0.0,"Utilities, Materials, Technology",Google/PCA top-3,0,0.015994428614216145
2022-06-01,-0.08887034327612764,0.6666666666666666,"Health Care, Energy, Utilities",Google/PCA top-3,0,-0.08887034327612764
2022-07-01,0.12046458953392632,0.6666666666666666,"Technology, Health Care, Consumer Discretionary",Google/PCA top-3,0,0.12046458953392632
2022-08-01,-0.031102425960202112,0.3333333333333333,"Energy, Technology, Health Care",Google/PCA top-3,0,-0.031102425960202112
2022-09-01,-0.08547909173967276,0.0,"Health Care, Technology, Energy",Google/PCA top-3,0,-0.08547909173967276
2022-10-01,0.14764818805919044,0.0,"Health Care, Energy, Technology",Google/PCA top-3,0,0.14764818805919044
2022-11-01,0.07761233222747317,0.6666666666666666,"Health Care, Materials, Financials",Google/PCA top-3,0,0.07761233222747317
2022-12-01,-0.05521456797761674,0.3333333333333333,"Financials, Health Care, Technology",Google/PCA top-3,0,-0.05521456797761674
2023-01-01,0.08940255446616534,0.3333333333333333,"Financials, Materials, Technology",Google/PCA top-3,0,0.08940255446616534
2023-02-01,-0.017390246938128923,0.0,"Technology, Financials, Materials",Google/PCA top-3,0,-0.017390246938128923
2023-03-01,0.04523369599262569,0.6666666666666666,"Technology, Consumer Discretionary, Industrials",Google/PCA top-3,0,0.04523369599262569
2023-04-01,0.00941907504384576,0.3333333333333333,"Technology, Health Care, Consumer Discretionary",Google/PCA top-3,0,0.00941907504384576
2023-05-01,0.023949288138593983,0.0,"Technology, Consumer Discretionary, Health Care",Google/PCA top-3,0,0.023949288138593983
2023-06-01,0.09548846978187231,0.3333333333333333,"Technology, Consumer Discretionary, Industrials",Google/PCA top-3,0,0.09548846978187231
2023-07-01,0.02872526562356296,0.0,"Technology, Consumer Discretionary, Industrials",Google/PCA top-3,0,0.02872526562356296
2023-08-01,-0.005353877203460182,0.3333333333333333,"Technology, Consumer Discretionary, Energy",Google/PCA top-3,0,-0.005353877203460182
2023-09-01,-0.023673920388110965,0.6666666666666666,"Materials, Financials, Energy",Google/PCA top-3,0,-0.023673920388110965
2023-10-01,-0.02499351712769345,0.3333333333333333,"Technology, Materials, Energy",Google/PCA top-3,0,-0.02499351712769345
2023-11-01,0.11600493521169881,0.6666666666666666,"Technology, Financials, Consumer Discretionary",Google/PCA top-3,0,0.11600493521169881
2023-12-01,0.04679378181569375,0.3333333333333333,"Technology, Consumer Discretionary, Communication Services",Google/PCA top-3,0,0.04679378181569375
2024-01-01,0.011249277172715807,0.0,"Technology, Communication Services, Consumer Discretionary",Google/PCA top-3,0,0.011249277172715807
2024-02-01,0.05727774244428696,0.0,"Technology, Consumer Discretionary, Communication Services",Google/PCA top-3,0,0.05727774244428696
2024-03-01,0.025402003076679797,0.3333333333333333,"Technology, Communication Services, Industrials",Google/PCA top-3,0,0.025402003076679797
2024-04-01,-0.04763579429329664,0.3333333333333333,"Technology, Communication Services, Consumer Discretionary",Google/PCA top-3,0,-0.04763579429329664
2024-05-01,0.0521669819184134,0.3333333333333333,"Technology, Communication Services, Industrials",Google/PCA top-3,0,0.0521669819184134
2024-06-01,0.04727697889114668,0.3333333333333333,"Communication Services, Technology, Consumer Discretionary",Google/PCA top-3,0,0.04727697889114668
2024-07-01,0.013735761415797096,0.3333333333333333,"Technology, Financials, Communication Services",Google/PCA top-3,0,0.013735761415797096
2024-08-01,0.0031708798560727836,0.6666666666666666,"Technology, Energy, Materials",Google/PCA top-3,0,0.0031708798560727836
2024-09-01,0.012578762390072681,0.3333333333333333,"Financials, Technology, Materials",Google/PCA top-3,0,0.012578762390072681
2024-10-01,0.012241199031347572,0.3333333333333333,"Financials, Technology, Communication Services",Google/PCA top-3,0,0.012241199031347572
2024-11-01,0.07512069282545826,0.0,"Financials, Technology, Communication Services",Google/PCA top-3,0,0.07512069282545826
2024-12-01,-0.02665467297725303,0.0,"Technology, Communication Services, Financials",Google/PCA top-3,0,-0.02665467297725303
2025-01-01,0.04135614613503317,0.0,"Technology, Financials, Communication Services",Google/PCA top-3,0,0.04135614613503317
2025-02-01,-0.004264410854587619,0.0,"Technology, Communication Services, Financials",Google/PCA top-3,0,-0.004264410854587619
2025-03-01,-0.03731875972478834,0.3333333333333333,"Technology, Communication Services, Energy",Google/PCA top-3,0,-0.03731875972478834
2025-04-01,0.00821471005470927,0.6666666666666666,"Technology, Industrials, Consumer Discretionary",Google/PCA top-3,0,0.00821471005470927
2025-05-01,0.0777496300121403,0.3333333333333333,"Technology, Financials, Industrials",Google/PCA top-3,0,0.0777496300121403
2025-06-01,0.052412733465255545,0.0,"Financials, Technology, Industrials",Google/PCA top-3,0,0.052412733465255545
2025-07-01,0.025424740099035354,0.0,"Financials, Technology, Industrials",Google/PCA top-3,0,0.025424740099035354
2025-08-01,0.009943317880173627,0.0,"Financials, Technology, Industrials",Google/PCA top-3,0,0.009943317880173627
2025-09-01,0.035274742062354036,0.3333333333333333,"Financials, Technology, Consumer Discretionary",Google/PCA top-3,0,0.035274742062354036
2025-10-01,0.026884355713219527,0.3333333333333333,"Technology, Consumer Discretionary, Industrials",Google/PCA top-3,0,0.026884355713219527
2025-11-01,0.01011362300439241,0.3333333333333333,"Technology, Consumer Discretionary, Health Care",Google/PCA top-3,0,0.01011362300439241
2025-12-01,0.012060707325305101,0.3333333333333333,"Communication Services, Technology, Consumer Discretionary",Google/PCA top-3,0,0.012060707325305101
2026-01-01,0.03147428285287742,0.3333333333333333,"Technology, Communication Services, Industrials",Google/PCA top-3,0,0.03147428285287742
2026-02-01,0.04351058094161101,0.3333333333333333,"Technology, Energy, Industrials",Google/PCA top-3,0,0.04351058094161101
2026-03-01,-0.0037149717863329914,0.3333333333333333,"Energy, Technology, Materials",Google/PCA top-3,0,-0.0037149717863329914
2026-04-01,0.08806999310121695,0.3333333333333333,"Technology, Energy, Industrials",Google/PCA top-3,0,0.08806999310121695
2021-06-01,0.021908226503599543,1.0,"Technology, Consumer Discretionary, Financials",Google/PCA top-3,5,0.021408226503599543
2021-07-01,0.03555479768704265,0.6666666666666666,"Technology, Industrials, Health Care",Google/PCA top-3,5,0.03522146435370932
2021-08-01,0.02234260151916508,0.6666666666666666,"Financials, Technology, Energy",Google/PCA top-3,5,0.022009268185831744
2021-09-01,-0.0021566202002558286,0.0,"Financials, Energy, Technology",Google/PCA top-3,5,-0.0021566202002558286
2021-10-01,0.09258225339898922,0.0,"Energy, Financials, Technology",Google/PCA top-3,5,0.09258225339898922
2021-11-01,0.0012463352537701589,0.3333333333333333,"Technology, Consumer Discretionary, Financials",Google/PCA top-3,5,0.0010796685871034921
2021-12-01,0.03364377274223259,0.3333333333333333,"Technology, Consumer Discretionary, Materials",Google/PCA top-3,5,0.03347710607556592
2022-01-01,-0.061868492485167424,0.3333333333333333,"Technology, Utilities, Consumer Discretionary",Google/PCA top-3,5,-0.06203515915183409
2022-02-01,-0.03450611708309633,0.3333333333333333,"Technology, Consumer Discretionary, Consumer Staples",Google/PCA top-3,5,-0.034672783749763
2022-03-01,0.04380560273046985,0.3333333333333333,"Materials, Technology, Consumer Discretionary",Google/PCA top-3,5,0.04363893606380318
2022-04-01,-0.05895771291447446,0.3333333333333333,"Utilities, Materials, Technology",Google/PCA top-3,5,-0.059124379581141126
2022-05-01,0.015994428614216145,0.0,"Utilities, Materials, Technology",Google/PCA top-3,5,0.015994428614216145
2022-06-01,-0.08887034327612764,0.6666666666666666,"Health Care, Energy, Utilities",Google/PCA top-3,5,-0.08920367660946098
2022-07-01,0.12046458953392632,0.6666666666666666,"Technology, Health Care, Consumer Discretionary",Google/PCA top-3,5,0.12013125620059298
2022-08-01,-0.031102425960202112,0.3333333333333333,"Energy, Technology, Health Care",Google/PCA top-3,5,-0.03126909262686878
2022-09-01,-0.08547909173967276,0.0,"Health Care, Technology, Energy",Google/PCA top-3,5,-0.08547909173967276
2022-10-01,0.14764818805919044,0.0,"Health Care, Energy, Technology",Google/PCA top-3,5,0.14764818805919044
2022-11-01,0.07761233222747317,0.6666666666666666,"Health Care, Materials, Financials",Google/PCA top-3,5,0.07727899889413983
2022-12-01,-0.05521456797761674,0.3333333333333333,"Financials, Health Care, Technology",Google/PCA top-3,5,-0.055381234644283406
2023-01-01,0.08940255446616534,0.3333333333333333,"Financials, Materials, Technology",Google/PCA top-3,5,0.08923588779949868
2023-02-01,-0.017390246938128923,0.0,"Technology, Financials, Materials",Google/PCA top-3,5,-0.017390246938128923
2023-03-01,0.04523369599262569,0.6666666666666666,"Technology, Consumer Discretionary, Industrials",Google/PCA top-3,5,0.044900362659292356
2023-04-01,0.00941907504384576,0.3333333333333333,"Technology, Health Care, Consumer Discretionary",Google/PCA top-3,5,0.009252408377179092
2023-05-01,0.023949288138593983,0.0,"Technology, Consumer Discretionary, Health Care",Google/PCA top-3,5,0.023949288138593983
2023-06-01,0.09548846978187231,0.3333333333333333,"Technology, Consumer Discretionary, Industrials",Google/PCA top-3,5,0.09532180311520565
2023-07-01,0.02872526562356296,0.0,"Technology, Consumer Discretionary, Industrials",Google/PCA top-3,5,0.02872526562356296
2023-08-01,-0.005353877203460182,0.3333333333333333,"Technology, Consumer Discretionary, Energy",Google/PCA top-3,5,-0.005520543870126848
2023-09-01,-0.023673920388110965,0.6666666666666666,"Materials, Financials, Energy",Google/PCA top-3,5,-0.0240072537214443
2023-10-01,-0.02499351712769345,0.3333333333333333,"Technology, Materials, Energy",Google/PCA top-3,5,-0.025160183794360115
2023-11-01,0.11600493521169881,0.6666666666666666,"Technology, Financials, Consumer Discretionary",Google/PCA top-3,5,0.11567160187836548
2023-12-01,0.04679378181569375,0.3333333333333333,"Technology, Consumer Discretionary, Communication Services",Google/PCA top-3,5,0.04662711514902708
2024-01-01,0.011249277172715807,0.0,"Technology, Communication Services, Consumer Discretionary",Google/PCA top-3,5,0.011249277172715807
2024-02-01,0.05727774244428696,0.0,"Technology, Consumer Discretionary, Communication Services",Google/PCA top-3,5,0.05727774244428696
2024-03-01,0.025402003076679797,0.3333333333333333,"Technology, Communication Services, Industrials",Google/PCA top-3,5,0.02523533641001313
2024-04-01,-0.04763579429329664,0.3333333333333333,"Technology, Communication Services, Consumer Discretionary",Google/PCA top-3,5,-0.04780246095996331
2024-05-01,0.0521669819184134,0.3333333333333333,"Technology, Communication Services, Industrials",Google/PCA top-3,5,0.05200031525174673
2024-06-01,0.04727697889114668,0.3333333333333333,"Communication Services, Technology, Consumer Discretionary",Google/PCA top-3,5,0.04711031222448001
2024-07-01,0.013735761415797096,0.3333333333333333,"Technology, Financials, Communication Services",Google/PCA top-3,5,0.013569094749130428
2024-08-01,0.0031708798560727836,0.6666666666666666,"Technology, Energy, Materials",Google/PCA top-3,5,0.00283754652273945
2024-09-01,0.012578762390072681,0.3333333333333333,"Financials, Technology, Materials",Google/PCA top-3,5,0.012412095723406014
2024-10-01,0.012241199031347572,0.3333333333333333,"Financials, Technology, Communication Services",Google/PCA top-3,5,0.012074532364680904
2024-11-01,0.07512069282545826,0.0,"Financials, Technology, Communication Services",Google/PCA top-3,5,0.07512069282545826
2024-12-01,-0.02665467297725303,0.0,"Technology, Communication Services, Financials",Google/PCA top-3,5,-0.02665467297725303
2025-01-01,0.04135614613503317,0.0,"Technology, Financials, Communication Services",Google/PCA top-3,5,0.04135614613503317
2025-02-01,-0.004264410854587619,0.0,"Technology, Communication Services, Financials",Google/PCA top-3,5,-0.004264410854587619
2025-03-01,-0.03731875972478834,0.3333333333333333,"Technology, Communication Services, Energy",Google/PCA top-3,5,-0.03748542639145501
2025-04-01,0.00821471005470927,0.6666666666666666,"Technology, Industrials, Consumer Discretionary",Google/PCA top-3,5,0.007881376721375937
2025-05-01,0.0777496300121403,0.3333333333333333,"Technology, Financials, Industrials",Google/PCA top-3,5,0.07758296334547364
2025-06-01,0.052412733465255545,0.0,"Financials, Technology, Industrials",Google/PCA top-3,5,0.052412733465255545
2025-07-01,0.025424740099035354,0.0,"Financials, Technology, Industrials",Google/PCA top-3,5,0.025424740099035354
2025-08-01,0.009943317880173627,0.0,"Financials, Technology, Industrials",Google/PCA top-3,5,0.009943317880173627
2025-09-01,0.035274742062354036,0.3333333333333333,"Financials, Technology, Consumer Discretionary",Google/PCA top-3,5,0.03510807539568737
2025-10-01,0.026884355713219527,0.3333333333333333,"Technology, Consumer Discretionary, Industrials",Google/PCA top-3,5,0.02671768904655286
2025-11-01,0.01011362300439241,0.3333333333333333,"Technology, Consumer Discretionary, Health Care",Google/PCA top-3,5,0.009946956337725743
2025-12-01,0.012060707325305101,0.3333333333333333,"Communication Services, Technology, Consumer Discretionary",Google/PCA top-3,5,0.011894040658638434
2026-01-01,0.03147428285287742,0.3333333333333333,"Technology, Communication Services, Industrials",Google/PCA top-3,5,0.03130761618621075
2026-02-01,0.04351058094161101,0.3333333333333333,"Technology, Energy, Industrials",Google/PCA top-3,5,0.04334391427494434
2026-03-01,-0.0037149717863329914,0.3333333333333333,"Energy, Technology, Materials",Google/PCA top-3,5,-0.003881638452999658
2026-04-01,0.08806999310121695,0.3333333333333333,"Technology, Energy, Industrials",Google/PCA top-3,5,0.08790332643455029
2021-06-01,0.021908226503599543,1.0,"Technology, Consumer Discretionary, Financials",Google/PCA top-3,10,0.020908226503599543
2021-07-01,0.03555479768704265,0.6666666666666666,"Technology, Industrials, Health Care",Google/PCA top-3,10,0.03488813102037598
2021-08-01,0.02234260151916508,0.6666666666666666,"Financials, Technology, Energy",Google/PCA top-3,10,0.021675934852498413
2021-09-01,-0.0021566202002558286,0.0,"Financials, Energy, Technology",Google/PCA top-3,10,-0.0021566202002558286
2021-10-01,0.09258225339898922,0.0,"Energy, Financials, Technology",Google/PCA top-3,10,0.09258225339898922
2021-11-01,0.0012463352537701589,0.3333333333333333,"Technology, Consumer Discretionary, Financials",Google/PCA top-3,10,0.0009130019204368256
2021-12-01,0.03364377274223259,0.3333333333333333,"Technology, Consumer Discretionary, Materials",Google/PCA top-3,10,0.03331043940889926
2022-01-01,-0.061868492485167424,0.3333333333333333,"Technology, Utilities, Consumer Discretionary",Google/PCA top-3,10,-0.062201825818500756
2022-02-01,-0.03450611708309633,0.3333333333333333,"Technology, Consumer Discretionary, Consumer Staples",Google/PCA top-3,10,-0.03483945041642966
2022-03-01,0.04380560273046985,0.3333333333333333,"Materials, Technology, Consumer Discretionary",Google/PCA top-3,10,0.04347226939713652
2022-04-01,-0.05895771291447446,0.3333333333333333,"Utilities, Materials, Technology",Google/PCA top-3,10,-0.05929104624780779
2022-05-01,0.015994428614216145,0.0,"Utilities, Materials, Technology",Google/PCA top-3,10,0.015994428614216145
2022-06-01,-0.08887034327612764,0.6666666666666666,"Health Care, Energy, Utilities",Google/PCA top-3,10,-0.0895370099427943
2022-07-01,0.12046458953392632,0.6666666666666666,"Technology, Health Care, Consumer Discretionary",Google/PCA top-3,10,0.11979792286725965
2022-08-01,-0.031102425960202112,0.3333333333333333,"Energy, Technology, Health Care",Google/PCA top-3,10,-0.03143575929353545
2022-09-01,-0.08547909173967276,0.0,"Health Care, Technology, Energy",Google/PCA top-3,10,-0.08547909173967276
2022-10-01,0.14764818805919044,0.0,"Health Care, Energy, Technology",Google/PCA top-3,10,0.14764818805919044
2022-11-01,0.07761233222747317,0.6666666666666666,"Health Care, Materials, Financials",Google/PCA top-3,10,0.07694566556080651
2022-12-01,-0.05521456797761674,0.3333333333333333,"Financials, Health Care, Technology",Google/PCA top-3,10,-0.05554790131095007
2023-01-01,0.08940255446616534,0.3333333333333333,"Financials, Materials, Technology",Google/PCA top-3,10,0.089069221132832
2023-02-01,-0.017390246938128923,0.0,"Technology, Financials, Materials",Google/PCA top-3,10,-0.017390246938128923
2023-03-01,0.04523369599262569,0.6666666666666666,"Technology, Consumer Discretionary, Industrials",Google/PCA top-3,10,0.04456702932595902
2023-04-01,0.00941907504384576,0.3333333333333333,"Technology, Health Care, Consumer Discretionary",Google/PCA top-3,10,0.009085741710512426
2023-05-01,0.023949288138593983,0.0,"Technology, Consumer Discretionary, Health Care",Google/PCA top-3,10,0.023949288138593983
2023-06-01,0.09548846978187231,0.3333333333333333,"Technology, Consumer Discretionary, Industrials",Google/PCA top-3,10,0.09515513644853897
2023-07-01,0.02872526562356296,0.0,"Technology, Consumer Discretionary, Industrials",Google/PCA top-3,10,0.02872526562356296
2023-08-01,-0.005353877203460182,0.3333333333333333,"Technology, Consumer Discretionary, Energy",Google/PCA top-3,10,-0.005687210536793515
2023-09-01,-0.023673920388110965,0.6666666666666666,"Materials, Financials, Energy",Google/PCA top-3,10,-0.02434058705477763
2023-10-01,-0.02499351712769345,0.3333333333333333,"Technology, Materials, Energy",Google/PCA top-3,10,-0.025326850461026784
2023-11-01,0.11600493521169881,0.6666666666666666,"Technology, Financials, Consumer Discretionary",Google/PCA top-3,10,0.11533826854503215
2023-12-01,0.04679378181569375,0.3333333333333333,"Technology, Consumer Discretionary, Communication Services",Google/PCA top-3,10,0.04646044848236042
2024-01-01,0.011249277172715807,0.0,"Technology, Communication Services, Consumer Discretionary",Google/PCA top-3,10,0.011249277172715807
2024-02-01,0.05727774244428696,0.0,"Technology, Consumer Discretionary, Communication Services",Google/PCA top-3,10,0.05727774244428696
2024-03-01,0.025402003076679797,0.3333333333333333,"Technology, Communication Services, Industrials",Google/PCA top-3,10,0.025068669743346463
2024-04-01,-0.04763579429329664,0.3333333333333333,"Technology, Communication Services, Consumer Discretionary",Google/PCA top-3,10,-0.04796912762662997
2024-05-01,0.0521669819184134,0.3333333333333333,"Technology, Communication Services, Industrials",Google/PCA top-3,10,0.05183364858508007
2024-06-01,0.04727697889114668,0.3333333333333333,"Communication Services, Technology, Consumer Discretionary",Google/PCA top-3,10,0.04694364555781335
2024-07-01,0.013735761415797096,0.3333333333333333,"Technology, Financials, Communication Services",Google/PCA top-3,10,0.013402428082463762
2024-08-01,0.0031708798560727836,0.6666666666666666,"Technology, Energy, Materials",Google/PCA top-3,10,0.002504213189406117
2024-09-01,0.012578762390072681,0.3333333333333333,"Financials, Technology, Materials",Google/PCA top-3,10,0.012245429056739348
2024-10-01,0.012241199031347572,0.3333333333333333,"Financials, Technology, Communication Services",Google/PCA top-3,10,0.011907865698014239
2024-11-01,0.07512069282545826,0.0,"Financials, Technology, Communication Services",Google/PCA top-3,10,0.07512069282545826
2024-12-01,-0.02665467297725303,0.0,"Technology, Communication Services, Financials",Google/PCA top-3,10,-0.02665467297725303
2025-01-01,0.04135614613503317,0.0,"Technology, Financials, Communication Services",Google/PCA top-3,10,0.04135614613503317
2025-02-01,-0.004264410854587619,0.0,"Technology, Communication Services, Financials",Google/PCA top-3,10,-0.004264410854587619
2025-03-01,-0.03731875972478834,0.3333333333333333,"Technology, Communication Services, Energy",Google/PCA top-3,10,-0.03765209305812167
2025-04-01,0.00821471005470927,0.6666666666666666,"Technology, Industrials, Consumer Discretionary",Google/PCA top-3,10,0.007548043388042603
2025-05-01,0.0777496300121403,0.3333333333333333,"Technology, Financials, Industrials",Google/PCA top-3,10,0.07741629667880696
2025-06-01,0.052412733465255545,0.0,"Financials, Technology, Industrials",Google/PCA top-3,10,0.052412733465255545
2025-07-01,0.025424740099035354,0.0,"Financials, Technology, Industrials",Google/PCA top-3,10,0.025424740099035354
2025-08-01,0.009943317880173627,0.0,"Financials, Technology, Industrials",Google/PCA top-3,10,0.009943317880173627
2025-09-01,0.035274742062354036,0.3333333333333333,"Financials, Technology, Consumer Discretionary",Google/PCA top-3,10,0.034941408729020705
2025-10-01,0.026884355713219527,0.3333333333333333,"Technology, Consumer Discretionary, Industrials",Google/PCA top-3,10,0.026551022379886192
2025-11-01,0.01011362300439241,0.3333333333333333,"Technology, Consumer Discretionary, Health Care",Google/PCA top-3,10,0.009780289671059077
2025-12-01,0.012060707325305101,0.3333333333333333,"Communication Services, Technology, Consumer Discretionary",Google/PCA top-3,10,0.011727373991971768
2026-01-01,0.03147428285287742,0.3333333333333333,"Technology, Communication Services, Industrials",Google/PCA top-3,10,0.031140949519544086
2026-02-01,0.04351058094161101,0.3333333333333333,"Technology, Energy, Industrials",Google/PCA top-3,10,0.04317724760827768
2026-03-01,-0.0037149717863329914,0.3333333333333333,"Energy, Technology, Materials",Google/PCA top-3,10,-0.004048305119666325
2026-04-01,0.08806999310121695,0.3333333333333333,"Technology, Energy, Industrials",Google/PCA top-3,10,0.08773665976788361
2021-06-01,0.021908226503599543,1.0,"Technology, Consumer Discretionary, Financials",Google/PCA top-3,25,0.019408226503599545
2021-07-01,0.03555479768704265,0.6666666666666666,"Technology, Industrials, Health Care",Google/PCA top-3,25,0.03388813102037599
2021-08-01,0.02234260151916508,0.6666666666666666,"Financials, Technology, Energy",Google/PCA top-3,25,0.020675934852498412
2021-09-01,-0.0021566202002558286,0.0,"Financials, Energy, Technology",Google/PCA top-3,25,-0.0021566202002558286
2021-10-01,0.09258225339898922,0.0,"Energy, Financials, Technology",Google/PCA top-3,25,0.09258225339898922
2021-11-01,0.0012463352537701589,0.3333333333333333,"Technology, Consumer Discretionary, Financials",Google/PCA top-3,25,0.0004130019204368256
2021-12-01,0.03364377274223259,0.3333333333333333,"Technology, Consumer Discretionary, Materials",Google/PCA top-3,25,0.03281043940889926
2022-01-01,-0.061868492485167424,0.3333333333333333,"Technology, Utilities, Consumer Discretionary",Google/PCA top-3,25,-0.06270182581850076
2022-02-01,-0.03450611708309633,0.3333333333333333,"Technology, Consumer Discretionary, Consumer Staples",Google/PCA top-3,25,-0.03533945041642966
2022-03-01,0.04380560273046985,0.3333333333333333,"Materials, Technology, Consumer Discretionary",Google/PCA top-3,25,0.04297226939713652
2022-04-01,-0.05895771291447446,0.3333333333333333,"Utilities, Materials, Technology",Google/PCA top-3,25,-0.05979104624780779
2022-05-01,0.015994428614216145,0.0,"Utilities, Materials, Technology",Google/PCA top-3,25,0.015994428614216145
2022-06-01,-0.08887034327612764,0.6666666666666666,"Health Care, Energy, Utilities",Google/PCA top-3,25,-0.0905370099427943
2022-07-01,0.12046458953392632,0.6666666666666666,"Technology, Health Care, Consumer Discretionary",Google/PCA top-3,25,0.11879792286725965
2022-08-01,-0.031102425960202112,0.3333333333333333,"Energy, Technology, Health Care",Google/PCA top-3,25,-0.03193575929353545
2022-09-01,-0.08547909173967276,0.0,"Health Care, Technology, Energy",Google/PCA top-3,25,-0.08547909173967276
2022-10-01,0.14764818805919044,0.0,"Health Care, Energy, Technology",Google/PCA top-3,25,0.14764818805919044
2022-11-01,0.07761233222747317,0.6666666666666666,"Health Care, Materials, Financials",Google/PCA top-3,25,0.07594566556080651
2022-12-01,-0.05521456797761674,0.3333333333333333,"Financials, Health Care, Technology",Google/PCA top-3,25,-0.05604790131095007
2023-01-01,0.08940255446616534,0.3333333333333333,"Financials, Materials, Technology",Google/PCA top-3,25,0.088569221132832
2023-02-01,-0.017390246938128923,0.0,"Technology, Financials, Materials",Google/PCA top-3,25,-0.017390246938128923
2023-03-01,0.04523369599262569,0.6666666666666666,"Technology, Consumer Discretionary, Industrials",Google/PCA top-3,25,0.043567029325959024
2023-04-01,0.00941907504384576,0.3333333333333333,"Technology, Health Care, Consumer Discretionary",Google/PCA top-3,25,0.008585741710512426
2023-05-01,0.023949288138593983,0.0,"Technology, Consumer Discretionary, Health Care",Google/PCA top-3,25,0.023949288138593983
2023-06-01,0.09548846978187231,0.3333333333333333,"Technology, Consumer Discretionary, Industrials",Google/PCA top-3,25,0.09465513644853897
2023-07-01,0.02872526562356296,0.0,"Technology, Consumer Discretionary, Industrials",Google/PCA top-3,25,0.02872526562356296
2023-08-01,-0.005353877203460182,0.3333333333333333,"Technology, Consumer Discretionary, Energy",Google/PCA top-3,25,-0.006187210536793515
2023-09-01,-0.023673920388110965,0.6666666666666666,"Materials, Financials, Energy",Google/PCA top-3,25,-0.02534058705477763
2023-10-01,-0.02499351712769345,0.3333333333333333,"Technology, Materials, Energy",Google/PCA top-3,25,-0.02582685046102678
2023-11-01,0.11600493521169881,0.6666666666666666,"Technology, Financials, Consumer Discretionary",Google/PCA top-3,25,0.11433826854503215
2023-12-01,0.04679378181569375,0.3333333333333333,"Technology, Consumer Discretionary, Communication Services",Google/PCA top-3,25,0.045960448482360416
2024-01-01,0.011249277172715807,0.0,"Technology, Communication Services, Consumer Discretionary",Google/PCA top-3,25,0.011249277172715807
2024-02-01,0.05727774244428696,0.0,"Technology, Consumer Discretionary, Communication Services",Google/PCA top-3,25,0.05727774244428696
2024-03-01,0.025402003076679797,0.3333333333333333,"Technology, Communication Services, Industrials",Google/PCA top-3,25,0.024568669743346466
2024-04-01,-0.04763579429329664,0.3333333333333333,"Technology, Communication Services, Consumer Discretionary",Google/PCA top-3,25,-0.04846912762662997
2024-05-01,0.0521669819184134,0.3333333333333333,"Technology, Communication Services, Industrials",Google/PCA top-3,25,0.05133364858508007
2024-06-01,0.04727697889114668,0.3333333333333333,"Communication Services, Technology, Consumer Discretionary",Google/PCA top-3,25,0.04644364555781335
2024-07-01,0.013735761415797096,0.3333333333333333,"Technology, Financials, Communication Services",Google/PCA top-3,25,0.012902428082463762
2024-08-01,0.0031708798560727836,0.6666666666666666,"Technology, Energy, Materials",Google/PCA top-3,25,0.001504213189406117
2024-09-01,0.012578762390072681,0.3333333333333333,"Financials, Technology, Materials",Google/PCA top-3,25,0.011745429056739348
2024-10-01,0.012241199031347572,0.3333333333333333,"Financials, Technology, Communication Services",Google/PCA top-3,25,0.011407865698014238
2024-11-01,0.07512069282545826,0.0,"Financials, Technology, Communication Services",Google/PCA top-3,25,0.07512069282545826
2024-12-01,-0.02665467297725303,0.0,"Technology, Communication Services, Financials",Google/PCA top-3,25,-0.02665467297725303
2025-01-01,0.04135614613503317,0.0,"Technology, Financials, Communication Services",Google/PCA top-3,25,0.04135614613503317
2025-02-01,-0.004264410854587619,0.0,"Technology, Communication Services, Financials",Google/PCA top-3,25,-0.004264410854587619
2025-03-01,-0.03731875972478834,0.3333333333333333,"Technology, Communication Services, Energy",Google/PCA top-3,25,-0.03815209305812167
2025-04-01,0.00821471005470927,0.6666666666666666,"Technology, Industrials, Consumer Discretionary",Google/PCA top-3,25,0.006548043388042603
2025-05-01,0.0777496300121403,0.3333333333333333,"Technology, Financials, Industrials",Google/PCA top-3,25,0.07691629667880696
2025-06-01,0.052412733465255545,0.0,"Financials, Technology, Industrials",Google/PCA top-3,25,0.052412733465255545
2025-07-01,0.025424740099035354,0.0,"Financials, Technology, Industrials",Google/PCA top-3,25,0.025424740099035354
2025-08-01,0.009943317880173627,0.0,"Financials, Technology, Industrials",Google/PCA top-3,25,0.009943317880173627
2025-09-01,0.035274742062354036,0.3333333333333333,"Financials, Technology, Consumer Discretionary",Google/PCA top-3,25,0.034441408729020705
2025-10-01,0.026884355713219527,0.3333333333333333,"Technology, Consumer Discretionary, Industrials",Google/PCA top-3,25,0.026051022379886195
2025-11-01,0.01011362300439241,0.3333333333333333,"Technology, Consumer Discretionary, Health Care",Google/PCA top-3,25,0.009280289671059077
2025-12-01,0.012060707325305101,0.3333333333333333,"Communication Services, Technology, Consumer Discretionary",Google/PCA top-3,25,0.011227373991971767
2026-01-01,0.03147428285287742,0.3333333333333333,"Technology, Communication Services, Industrials",Google/PCA top-3,25,0.03064094951954409
2026-02-01,0.04351058094161101,0.3333333333333333,"Technology, Energy, Industrials",Google/PCA top-3,25,0.04267724760827768
2026-03-01,-0.0037149717863329914,0.3333333333333333,"Energy, Technology, Materials",Google/PCA top-3,25,-0.0045483051196663245
2026-04-01,0.08806999310121695,0.3333333333333333,"Technology, Energy, Industrials",Google/PCA top-3,25,0.08723665976788361
2021-06-01,0.011772459544586233,1.0,"Technology, Consumer Discretionary, Financials, Industrials, Health Care",Google/PCA top-5,0,0.011772459544586233
2021-07-01,0.026236124838302243,0.2,"Technology, Industrials, Health Care, Materials, Financials",Google/PCA top-5,0,0.026236124838302243
2021-08-01,0.020759582433298986,0.4,"Financials, Technology, Energy, Consumer Discretionary, Materials",Google/PCA top-5,0,0.020759582433298986
2021-09-01,-0.018632202032404677,0.2,"Financials, Energy, Technology, Consumer Discretionary, Industrials",Google/PCA top-5,0,-0.018632202032404677
2021-10-01,0.09435316982062303,0.0,"Energy, Financials, Technology, Consumer Discretionary, Industrials",Google/PCA top-5,0,0.09435316982062303
2021-11-01,-0.010379209758805352,0.2,"Technology, Consumer Discretionary, Financials, Energy, Materials",Google/PCA top-5,0,-0.010379209758805352
2021-12-01,0.047394173321514854,0.4,"Technology, Consumer Discretionary, Materials, Health Care, Industrials",Google/PCA top-5,0,0.047394173321514854
2022-01-01,-0.051724084714851834,0.4,"Technology, Utilities, Consumer Discretionary, Consumer Staples, Health Care",Google/PCA top-5,0,-0.051724084714851834
2022-02-01,-0.008500797517597247,0.2,"Technology, Consumer Discretionary, Consumer Staples, Health Care, Energy",Google/PCA top-5,0,-0.008500797517597247
2022-03-01,0.0432888920334936,0.4,"Materials, Technology, Consumer Discretionary, Health Care, Industrials",Google/PCA top-5,0,0.0432888920334936
2022-04-01,-0.06820598562778066,0.2,"Utilities, Materials, Technology, Health Care, Consumer Discretionary",Google/PCA top-5,0,-0.06820598562778066
2022-05-01,0.044643797181528576,0.2,"Utilities, Materials, Technology, Energy, Health Care",Google/PCA top-5,0,0.044643797181528576
2022-06-01,-0.10120090574225626,0.0,"Health Care, Energy, Utilities, Technology, Materials",Google/PCA top-5,0,-0.10120090574225626
2022-07-01,0.10664610579258116,0.2,"Technology, Health Care, Consumer Discretionary, Energy, Utilities",Google/PCA top-5,0,0.10664610579258116
2022-08-01,-0.02659767384926639,0.0,"Energy, Technology, Health Care, Utilities, Consumer Discretionary",Google/PCA top-5,0,-0.02659767384926639
2022-09-01,-0.08770991519049813,0.2,"Health Care, Technology, Energy, Consumer Discretionary, Materials",Google/PCA top-5,0,-0.08770991519049813
2022-10-01,0.1424925982605128,0.4,"Health Care, Energy, Technology, Financials, Industrials",Google/PCA top-5,0,0.1424925982605128
2022-11-01,0.06177639055153712,0.2,"Health Care, Materials, Financials, Technology, Energy",Google/PCA top-5,0,0.06177639055153712
2022-12-01,-0.048104634864202064,0.2,"Financials, Health Care, Technology, Energy, Industrials",Google/PCA top-5,0,-0.048104634864202064
2023-01-01,0.0697867431741666,0.2,"Financials, Materials, Technology, Energy, Industrials",Google/PCA top-5,0,0.0697867431741666
2023-02-01,-0.016412260645639186,0.2,"Technology, Financials, Materials, Industrials, Consumer Discretionary",Google/PCA top-5,0,-0.016412260645639186
2023-03-01,0.03901863486087627,0.4,"Technology, Consumer Discretionary, Industrials, Health Care, Utilities",Google/PCA top-5,0,0.03901863486087627
2023-04-01,0.011828780205205369,0.2,"Technology, Health Care, Consumer Discretionary, Industrials, Energy",Google/PCA top-5,0,0.011828780205205369
2023-05-01,-0.003673010606801741,0.2,"Technology, Consumer Discretionary, Health Care, Industrials, Utilities",Google/PCA top-5,0,-0.003673010606801741
2023-06-01,0.07691929983575667,0.2,"Technology, Consumer Discretionary, Industrials, Health Care, Energy",Google/PCA top-5,0,0.07691929983575667
2023-07-01,0.04642598458747447,0.2,"Technology, Consumer Discretionary, Industrials, Energy, Communication Services",Google/PCA top-5,0,0.04642598458747447
2023-08-01,-0.010260842327752973,0.0,"Technology, Consumer Discretionary, Energy, Industrials, Communication Services",Google/PCA top-5,0,-0.010260842327752973
2023-09-01,-0.04021795083878514,0.4,"Materials, Financials, Energy, Technology, Industrials",Google/PCA top-5,0,-0.04021795083878514
2023-10-01,-0.02417516734897147,0.0,"Technology, Materials, Energy, Financials, Industrials",Google/PCA top-5,0,-0.02417516734897147
2023-11-01,0.10287844283659923,0.4,"Technology, Financials, Consumer Discretionary, Communication Services, Industrials",Google/PCA top-5,0,0.10287844283659923
2023-12-01,0.05051293325474706,0.0,"Technology, Consumer Discretionary, Communication Services, Industrials, Financials",Google/PCA top-5,0,0.05051293325474706
2024-01-01,0.012690908995450823,0.2,"Technology, Communication Services, Consumer Discretionary, Industrials, Health Care",Google/PCA top-5,0,0.012690908995450823
2024-02-01,0.05506034726727638,0.0,"Technology, Consumer Discretionary, Communication Services, Industrials, Health Care",Google/PCA top-5,0,0.05506034726727638
2024-03-01,0.026851691798567123,0.2,"Technology, Communication Services, Industrials, Consumer Discretionary, Materials",Google/PCA top-5,0,0.026851691798567123
2024-04-01,-0.04352166999590408,0.0,"Technology, Communication Services, Consumer Discretionary, Industrials, Materials",Google/PCA top-5,0,-0.04352166999590408
2024-05-01,0.03824286716955139,0.0,"Technology, Communication Services, Industrials, Consumer Discretionary, Materials",Google/PCA top-5,0,0.03824286716955139
2024-06-01,0.018674573707059806,0.0,"Communication Services, Technology, Consumer Discretionary, Industrials, Materials",Google/PCA top-5,0,0.018674573707059806
2024-07-01,0.024954856076559718,0.4,"Technology, Financials, Communication Services, Industrials, Energy",Google/PCA top-5,0,0.024954856076559718
2024-08-01,0.016678660798285127,0.2,"Technology, Energy, Materials, Industrials, Financials",Google/PCA top-5,0,0.016678660798285127
2024-09-01,0.020656805330250362,0.2,"Financials, Technology, Materials, Industrials, Communication Services",Google/PCA top-5,0,0.020656805330250362
2024-10-01,0.00026935953971392036,0.0,"Financials, Technology, Communication Services, Materials, Industrials",Google/PCA top-5,0,0.00026935953971392036
2024-11-01,0.08606728264787163,0.2,"Financials, Technology, Communication Services, Consumer Discretionary, Industrials",Google/PCA top-5,0,0.08606728264787163
2024-12-01,-0.031135769884357022,0.0,"Technology, Communication Services, Financials, Consumer Discretionary, Industrials",Google/PCA top-5,0,-0.031135769884357022
2025-01-01,0.04323695097836644,0.0,"Technology, Financials, Communication Services, Consumer Discretionary, Industrials",Google/PCA top-5,0,0.04323695097836644
2025-02-01,-0.019442702227217425,0.0,"Technology, Communication Services, Financials, Consumer Discretionary, Industrials",Google/PCA top-5,0,-0.019442702227217425
2025-03-01,-0.045788129474173656,0.4,"Technology, Communication Services, Energy, Consumer Discretionary, Materials",Google/PCA top-5,0,-0.045788129474173656
2025-04-01,-0.025374239931859964,0.2,"Technology, Industrials, Consumer Discretionary, Energy, Materials",Google/PCA top-5,0,-0.025374239931859964
2025-05-01,0.07590907764974526,0.4,"Technology, Financials, Industrials, Consumer Discretionary, Communication Services",Google/PCA top-5,0,0.07590907764974526
2025-06-01,0.048812895103835754,0.0,"Financials, Technology, Industrials, Communication Services, Consumer Discretionary",Google/PCA top-5,0,0.048812895103835754
2025-07-01,0.026793854909893965,0.2,"Financials, Technology, Industrials, Consumer Discretionary, Energy",Google/PCA top-5,0,0.026793854909893965
2025-08-01,0.025650936164355053,0.2,"Financials, Technology, Industrials, Consumer Discretionary, Materials",Google/PCA top-5,0,0.025650936164355053
2025-09-01,0.036618257882881575,0.2,"Financials, Technology, Consumer Discretionary, Communication Services, Industrials",Google/PCA top-5,0,0.036618257882881575
2025-10-01,0.01650188639461838,0.2,"Technology, Consumer Discretionary, Industrials, Communication Services, Utilities",Google/PCA top-5,0,0.01650188639461838
2025-11-01,0.007735462931084092,0.2,"Technology, Consumer Discretionary, Health Care, Industrials, Utilities",Google/PCA top-5,0,0.007735462931084092
2025-12-01,0.00902116287023993,0.4,"Communication Services, Technology, Consumer Discretionary, Financials, Health Care",Google/PCA top-5,0,0.00902116287023993
2026-01-01,0.040644002659422404,0.4,"Technology, Communication Services, Industrials, Materials, Consumer Discretionary",Google/PCA top-5,0,0.040644002659422404
2026-02-01,0.06362845957219651,0.4,"Technology, Energy, Industrials, Materials, Utilities",Google/PCA top-5,0,0.06362845957219651
2026-03-01,-0.03311386544584538,0.2,"Energy, Technology, Materials, Industrials, Consumer Discretionary",Google/PCA top-5,0,-0.03311386544584538
2026-04-01,0.07739382907379302,0.0,"Technology, Energy, Industrials, Consumer Discretionary, Materials",Google/PCA top-5,0,0.07739382907379302
2021-06-01,0.011772459544586233,1.0,"Technology, Consumer Discretionary, Financials, Industrials, Health Care",Google/PCA top-5,5,0.011272459544586232
2021-07-01,0.026236124838302243,0.2,"Technology, Industrials, Health Care, Materials, Financials",Google/PCA top-5,5,0.026136124838302244
2021-08-01,0.020759582433298986,0.4,"Financials, Technology, Energy, Consumer Discretionary, Materials",Google/PCA top-5,5,0.020559582433298987
2021-09-01,-0.018632202032404677,0.2,"Financials, Energy, Technology, Consumer Discretionary, Industrials",Google/PCA top-5,5,-0.018732202032404676
2021-10-01,0.09435316982062303,0.0,"Energy, Financials, Technology, Consumer Discretionary, Industrials",Google/PCA top-5,5,0.09435316982062303
2021-11-01,-0.010379209758805352,0.2,"Technology, Consumer Discretionary, Financials, Energy, Materials",Google/PCA top-5,5,-0.010479209758805352
2021-12-01,0.047394173321514854,0.4,"Technology, Consumer Discretionary, Materials, Health Care, Industrials",Google/PCA top-5,5,0.047194173321514855
2022-01-01,-0.051724084714851834,0.4,"Technology, Utilities, Consumer Discretionary, Consumer Staples, Health Care",Google/PCA top-5,5,-0.05192408471485183
2022-02-01,-0.008500797517597247,0.2,"Technology, Consumer Discretionary, Consumer Staples, Health Care, Energy",Google/PCA top-5,5,-0.008600797517597247
2022-03-01,0.0432888920334936,0.4,"Materials, Technology, Consumer Discretionary, Health Care, Industrials",Google/PCA top-5,5,0.0430888920334936
2022-04-01,-0.06820598562778066,0.2,"Utilities, Materials, Technology, Health Care, Consumer Discretionary",Google/PCA top-5,5,-0.06830598562778066
2022-05-01,0.044643797181528576,0.2,"Utilities, Materials, Technology, Energy, Health Care",Google/PCA top-5,5,0.04454379718152857
2022-06-01,-0.10120090574225626,0.0,"Health Care, Energy, Utilities, Technology, Materials",Google/PCA top-5,5,-0.10120090574225626
2022-07-01,0.10664610579258116,0.2,"Technology, Health Care, Consumer Discretionary, Energy, Utilities",Google/PCA top-5,5,0.10654610579258116
2022-08-01,-0.02659767384926639,0.0,"Energy, Technology, Health Care, Utilities, Consumer Discretionary",Google/PCA top-5,5,-0.02659767384926639
2022-09-01,-0.08770991519049813,0.2,"Health Care, Technology, Energy, Consumer Discretionary, Materials",Google/PCA top-5,5,-0.08780991519049813
2022-10-01,0.1424925982605128,0.4,"Health Care, Energy, Technology, Financials, Industrials",Google/PCA top-5,5,0.1422925982605128
2022-11-01,0.06177639055153712,0.2,"Health Care, Materials, Financials, Technology, Energy",Google/PCA top-5,5,0.06167639055153712
2022-12-01,-0.048104634864202064,0.2,"Financials, Health Care, Technology, Energy, Industrials",Google/PCA top-5,5,-0.04820463486420207
2023-01-01,0.0697867431741666,0.2,"Financials, Materials, Technology, Energy, Industrials",Google/PCA top-5,5,0.0696867431741666
2023-02-01,-0.016412260645639186,0.2,"Technology, Financials, Materials, Industrials, Consumer Discretionary",Google/PCA top-5,5,-0.016512260645639185
2023-03-01,0.03901863486087627,0.4,"Technology, Consumer Discretionary, Industrials, Health Care, Utilities",Google/PCA top-5,5,0.03881863486087627
2023-04-01,0.011828780205205369,0.2,"Technology, Health Care, Consumer Discretionary, Industrials, Energy",Google/PCA top-5,5,0.01172878020520537
2023-05-01,-0.003673010606801741,0.2,"Technology, Consumer Discretionary, Health Care, Industrials, Utilities",Google/PCA top-5,5,-0.0037730106068017406
2023-06-01,0.07691929983575667,0.2,"Technology, Consumer Discretionary, Industrials, Health Care, Energy",Google/PCA top-5,5,0.07681929983575667
2023-07-01,0.04642598458747447,0.2,"Technology, Consumer Discretionary, Industrials, Energy, Communication Services",Google/PCA top-5,5,0.046325984587474466
2023-08-01,-0.010260842327752973,0.0,"Technology, Consumer Discretionary, Energy, Industrials, Communication Services",Google/PCA top-5,5,-0.010260842327752973
2023-09-01,-0.04021795083878514,0.4,"Materials, Financials, Energy, Technology, Industrials",Google/PCA top-5,5,-0.04041795083878514
2023-10-01,-0.02417516734897147,0.0,"Technology, Materials, Energy, Financials, Industrials",Google/PCA top-5,5,-0.02417516734897147
2023-11-01,0.10287844283659923,0.4,"Technology, Financials, Consumer Discretionary, Communication Services, Industrials",Google/PCA top-5,5,0.10267844283659923
2023-12-01,0.05051293325474706,0.0,"Technology, Consumer Discretionary, Communication Services, Industrials, Financials",Google/PCA top-5,5,0.05051293325474706
2024-01-01,0.012690908995450823,0.2,"Technology, Communication Services, Consumer Discretionary, Industrials, Health Care",Google/PCA top-5,5,0.012590908995450824
2024-02-01,0.05506034726727638,0.0,"Technology, Consumer Discretionary, Communication Services, Industrials, Health Care",Google/PCA top-5,5,0.05506034726727638
2024-03-01,0.026851691798567123,0.2,"Technology, Communication Services, Industrials, Consumer Discretionary, Materials",Google/PCA top-5,5,0.026751691798567123
2024-04-01,-0.04352166999590408,0.0,"Technology, Communication Services, Consumer Discretionary, Industrials, Materials",Google/PCA top-5,5,-0.04352166999590408
2024-05-01,0.03824286716955139,0.0,"Technology, Communication Services, Industrials, Consumer Discretionary, Materials",Google/PCA top-5,5,0.03824286716955139
2024-06-01,0.018674573707059806,0.0,"Communication Services, Technology, Consumer Discretionary, Industrials, Materials",Google/PCA top-5,5,0.018674573707059806
2024-07-01,0.024954856076559718,0.4,"Technology, Financials, Communication Services, Industrials, Energy",Google/PCA top-5,5,0.02475485607655972
2024-08-01,0.016678660798285127,0.2,"Technology, Energy, Materials, Industrials, Financials",Google/PCA top-5,5,0.016578660798285128
2024-09-01,0.020656805330250362,0.2,"Financials, Technology, Materials, Industrials, Communication Services",Google/PCA top-5,5,0.020556805330250363
2024-10-01,0.00026935953971392036,0.0,"Financials, Technology, Communication Services, Materials, Industrials",Google/PCA top-5,5,0.00026935953971392036
2024-11-01,0.08606728264787163,0.2,"Financials, Technology, Communication Services, Consumer Discretionary, Industrials",Google/PCA top-5,5,0.08596728264787162
2024-12-01,-0.031135769884357022,0.0,"Technology, Communication Services, Financials, Consumer Discretionary, Industrials",Google/PCA top-5,5,-0.031135769884357022
2025-01-01,0.04323695097836644,0.0,"Technology, Financials, Communication Services, Consumer Discretionary, Industrials",Google/PCA top-5,5,0.04323695097836644
2025-02-01,-0.019442702227217425,0.0,"Technology, Communication Services, Financials, Consumer Discretionary, Industrials",Google/PCA top-5,5,-0.019442702227217425
2025-03-01,-0.045788129474173656,0.4,"Technology, Communication Services, Energy, Consumer Discretionary, Materials",Google/PCA top-5,5,-0.045988129474173654
2025-04-01,-0.025374239931859964,0.2,"Technology, Industrials, Consumer Discretionary, Energy, Materials",Google/PCA top-5,5,-0.025474239931859963
2025-05-01,0.07590907764974526,0.4,"Technology, Financials, Industrials, Consumer Discretionary, Communication Services",Google/PCA top-5,5,0.07570907764974526
2025-06-01,0.048812895103835754,0.0,"Financials, Technology, Industrials, Communication Services, Consumer Discretionary",Google/PCA top-5,5,0.048812895103835754
2025-07-01,0.026793854909893965,0.2,"Financials, Technology, Industrials, Consumer Discretionary, Energy",Google/PCA top-5,5,0.026693854909893965
2025-08-01,0.025650936164355053,0.2,"Financials, Technology, Industrials, Consumer Discretionary, Materials",Google/PCA top-5,5,0.025550936164355054
2025-09-01,0.036618257882881575,0.2,"Financials, Technology, Consumer Discretionary, Communication Services, Industrials",Google/PCA top-5,5,0.03651825788288157
2025-10-01,0.01650188639461838,0.2,"Technology, Consumer Discretionary, Industrials, Communication Services, Utilities",Google/PCA top-5,5,0.01640188639461838
2025-11-01,0.007735462931084092,0.2,"Technology, Consumer Discretionary, Health Care, Industrials, Utilities",Google/PCA top-5,5,0.007635462931084092
2025-12-01,0.00902116287023993,0.4,"Communication Services, Technology, Consumer Discretionary, Financials, Health Care",Google/PCA top-5,5,0.00882116287023993
2026-01-01,0.040644002659422404,0.4,"Technology, Communication Services, Industrials, Materials, Consumer Discretionary",Google/PCA top-5,5,0.040444002659422405
2026-02-01,0.06362845957219651,0.4,"Technology, Energy, Industrials, Materials, Utilities",Google/PCA top-5,5,0.0634284595721965
2026-03-01,-0.03311386544584538,0.2,"Energy, Technology, Materials, Industrials, Consumer Discretionary",Google/PCA top-5,5,-0.033213865445845384
2026-04-01,0.07739382907379302,0.0,"Technology, Energy, Industrials, Consumer Discretionary, Materials",Google/PCA top-5,5,0.07739382907379302
2021-06-01,0.011772459544586233,1.0,"Technology, Consumer Discretionary, Financials, Industrials, Health Care",Google/PCA top-5,10,0.010772459544586232
2021-07-01,0.026236124838302243,0.2,"Technology, Industrials, Health Care, Materials, Financials",Google/PCA top-5,10,0.026036124838302244
2021-08-01,0.020759582433298986,0.4,"Financials, Technology, Energy, Consumer Discretionary, Materials",Google/PCA top-5,10,0.020359582433298985
2021-09-01,-0.018632202032404677,0.2,"Financials, Energy, Technology, Consumer Discretionary, Industrials",Google/PCA top-5,10,-0.018832202032404675
2021-10-01,0.09435316982062303,0.0,"Energy, Financials, Technology, Consumer Discretionary, Industrials",Google/PCA top-5,10,0.09435316982062303
2021-11-01,-0.010379209758805352,0.2,"Technology, Consumer Discretionary, Financials, Energy, Materials",Google/PCA top-5,10,-0.010579209758805353
2021-12-01,0.047394173321514854,0.4,"Technology, Consumer Discretionary, Materials, Health Care, Industrials",Google/PCA top-5,10,0.04699417332151486
2022-01-01,-0.051724084714851834,0.4,"Technology, Utilities, Consumer Discretionary, Consumer Staples, Health Care",Google/PCA top-5,10,-0.05212408471485183
2022-02-01,-0.008500797517597247,0.2,"Technology, Consumer Discretionary, Consumer Staples, Health Care, Energy",Google/PCA top-5,10,-0.008700797517597248
2022-03-01,0.0432888920334936,0.4,"Materials, Technology, Consumer Discretionary, Health Care, Industrials",Google/PCA top-5,10,0.0428888920334936
2022-04-01,-0.06820598562778066,0.2,"Utilities, Materials, Technology, Health Care, Consumer Discretionary",Google/PCA top-5,10,-0.06840598562778066
2022-05-01,0.044643797181528576,0.2,"Utilities, Materials, Technology, Energy, Health Care",Google/PCA top-5,10,0.04444379718152858
2022-06-01,-0.10120090574225626,0.0,"Health Care, Energy, Utilities, Technology, Materials",Google/PCA top-5,10,-0.10120090574225626
2022-07-01,0.10664610579258116,0.2,"Technology, Health Care, Consumer Discretionary, Energy, Utilities",Google/PCA top-5,10,0.10644610579258115
2022-08-01,-0.02659767384926639,0.0,"Energy, Technology, Health Care, Utilities, Consumer Discretionary",Google/PCA top-5,10,-0.02659767384926639
2022-09-01,-0.08770991519049813,0.2,"Health Care, Technology, Energy, Consumer Discretionary, Materials",Google/PCA top-5,10,-0.08790991519049814
2022-10-01,0.1424925982605128,0.4,"Health Care, Energy, Technology, Financials, Industrials",Google/PCA top-5,10,0.1420925982605128
2022-11-01,0.06177639055153712,0.2,"Health Care, Materials, Financials, Technology, Energy",Google/PCA top-5,10,0.06157639055153712
2022-12-01,-0.048104634864202064,0.2,"Financials, Health Care, Technology, Energy, Industrials",Google/PCA top-5,10,-0.04830463486420206
2023-01-01,0.0697867431741666,0.2,"Financials, Materials, Technology, Energy, Industrials",Google/PCA top-5,10,0.06958674317416659
2023-02-01,-0.016412260645639186,0.2,"Technology, Financials, Materials, Industrials, Consumer Discretionary",Google/PCA top-5,10,-0.016612260645639185
2023-03-01,0.03901863486087627,0.4,"Technology, Consumer Discretionary, Industrials, Health Care, Utilities",Google/PCA top-5,10,0.03861863486087627
2023-04-01,0.011828780205205369,0.2,"Technology, Health Care, Consumer Discretionary, Industrials, Energy",Google/PCA top-5,10,0.011628780205205368
2023-05-01,-0.003673010606801741,0.2,"Technology, Consumer Discretionary, Health Care, Industrials, Utilities",Google/PCA top-5,10,-0.003873010606801741
2023-06-01,0.07691929983575667,0.2,"Technology, Consumer Discretionary, Industrials, Health Care, Energy",Google/PCA top-5,10,0.07671929983575666
2023-07-01,0.04642598458747447,0.2,"Technology, Consumer Discretionary, Industrials, Energy, Communication Services",Google/PCA top-5,10,0.04622598458747447
2023-08-01,-0.010260842327752973,0.0,"Technology, Consumer Discretionary, Energy, Industrials, Communication Services",Google/PCA top-5,10,-0.010260842327752973
2023-09-01,-0.04021795083878514,0.4,"Materials, Financials, Energy, Technology, Industrials",Google/PCA top-5,10,-0.04061795083878514
2023-10-01,-0.02417516734897147,0.0,"Technology, Materials, Energy, Financials, Industrials",Google/PCA top-5,10,-0.02417516734897147
2023-11-01,0.10287844283659923,0.4,"Technology, Financials, Consumer Discretionary, Communication Services, Industrials",Google/PCA top-5,10,0.10247844283659924
2023-12-01,0.05051293325474706,0.0,"Technology, Consumer Discretionary, Communication Services, Industrials, Financials",Google/PCA top-5,10,0.05051293325474706
2024-01-01,0.012690908995450823,0.2,"Technology, Communication Services, Consumer Discretionary, Industrials, Health Care",Google/PCA top-5,10,0.012490908995450823
2024-02-01,0.05506034726727638,0.0,"Technology, Consumer Discretionary, Communication Services, Industrials, Health Care",Google/PCA top-5,10,0.05506034726727638
2024-03-01,0.026851691798567123,0.2,"Technology, Communication Services, Industrials, Consumer Discretionary, Materials",Google/PCA top-5,10,0.026651691798567124
2024-04-01,-0.04352166999590408,0.0,"Technology, Communication Services, Consumer Discretionary, Industrials, Materials",Google/PCA top-5,10,-0.04352166999590408
2024-05-01,0.03824286716955139,0.0,"Technology, Communication Services, Industrials, Consumer Discretionary, Materials",Google/PCA top-5,10,0.03824286716955139
2024-06-01,0.018674573707059806,0.0,"Communication Services, Technology, Consumer Discretionary, Industrials, Materials",Google/PCA top-5,10,0.018674573707059806
2024-07-01,0.024954856076559718,0.4,"Technology, Financials, Communication Services, Industrials, Energy",Google/PCA top-5,10,0.024554856076559717
2024-08-01,0.016678660798285127,0.2,"Technology, Energy, Materials, Industrials, Financials",Google/PCA top-5,10,0.016478660798285128
2024-09-01,0.020656805330250362,0.2,"Financials, Technology, Materials, Industrials, Communication Services",Google/PCA top-5,10,0.020456805330250363
2024-10-01,0.00026935953971392036,0.0,"Financials, Technology, Communication Services, Materials, Industrials",Google/PCA top-5,10,0.00026935953971392036
2024-11-01,0.08606728264787163,0.2,"Financials, Technology, Communication Services, Consumer Discretionary, Industrials",Google/PCA top-5,10,0.08586728264787162
2024-12-01,-0.031135769884357022,0.0,"Technology, Communication Services, Financials, Consumer Discretionary, Industrials",Google/PCA top-5,10,-0.031135769884357022
2025-01-01,0.04323695097836644,0.0,"Technology, Financials, Communication Services, Consumer Discretionary, Industrials",Google/PCA top-5,10,0.04323695097836644
2025-02-01,-0.019442702227217425,0.0,"Technology, Communication Services, Financials, Consumer Discretionary, Industrials",Google/PCA top-5,10,-0.019442702227217425
2025-03-01,-0.045788129474173656,0.4,"Technology, Communication Services, Energy, Consumer Discretionary, Materials",Google/PCA top-5,10,-0.04618812947417365
2025-04-01,-0.025374239931859964,0.2,"Technology, Industrials, Consumer Discretionary, Energy, Materials",Google/PCA top-5,10,-0.025574239931859963
2025-05-01,0.07590907764974526,0.4,"Technology, Financials, Industrials, Consumer Discretionary, Communication Services",Google/PCA top-5,10,0.07550907764974527
2025-06-01,0.048812895103835754,0.0,"Financials, Technology, Industrials, Communication Services, Consumer Discretionary",Google/PCA top-5,10,0.048812895103835754
2025-07-01,0.026793854909893965,0.2,"Financials, Technology, Industrials, Consumer Discretionary, Energy",Google/PCA top-5,10,0.026593854909893966
2025-08-01,0.025650936164355053,0.2,"Financials, Technology, Industrials, Consumer Discretionary, Materials",Google/PCA top-5,10,0.025450936164355054
2025-09-01,0.036618257882881575,0.2,"Financials, Technology, Consumer Discretionary, Communication Services, Industrials",Google/PCA top-5,10,0.036418257882881576
2025-10-01,0.01650188639461838,0.2,"Technology, Consumer Discretionary, Industrials, Communication Services, Utilities",Google/PCA top-5,10,0.01630188639461838
2025-11-01,0.007735462931084092,0.2,"Technology, Consumer Discretionary, Health Care, Industrials, Utilities",Google/PCA top-5,10,0.007535462931084092
2025-12-01,0.00902116287023993,0.4,"Communication Services, Technology, Consumer Discretionary, Financials, Health Care",Google/PCA top-5,10,0.00862116287023993
2026-01-01,0.040644002659422404,0.4,"Technology, Communication Services, Industrials, Materials, Consumer Discretionary",Google/PCA top-5,10,0.040244002659422407
2026-02-01,0.06362845957219651,0.4,"Technology, Energy, Industrials, Materials, Utilities",Google/PCA top-5,10,0.06322845957219651
2026-03-01,-0.03311386544584538,0.2,"Energy, Technology, Materials, Industrials, Consumer Discretionary",Google/PCA top-5,10,-0.03331386544584538
2026-04-01,0.07739382907379302,0.0,"Technology, Energy, Industrials, Consumer Discretionary, Materials",Google/PCA top-5,10,0.07739382907379302
2021-06-01,0.011772459544586233,1.0,"Technology, Consumer Discretionary, Financials, Industrials, Health Care",Google/PCA top-5,25,0.009272459544586232
2021-07-01,0.026236124838302243,0.2,"Technology, Industrials, Health Care, Materials, Financials",Google/PCA top-5,25,0.025736124838302243
2021-08-01,0.020759582433298986,0.4,"Financials, Technology, Energy, Consumer Discretionary, Materials",Google/PCA top-5,25,0.019759582433298985
2021-09-01,-0.018632202032404677,0.2,"Financials, Energy, Technology, Consumer Discretionary, Industrials",Google/PCA top-5,25,-0.019132202032404677
2021-10-01,0.09435316982062303,0.0,"Energy, Financials, Technology, Consumer Discretionary, Industrials",Google/PCA top-5,25,0.09435316982062303
2021-11-01,-0.010379209758805352,0.2,"Technology, Consumer Discretionary, Financials, Energy, Materials",Google/PCA top-5,25,-0.010879209758805353
2021-12-01,0.047394173321514854,0.4,"Technology, Consumer Discretionary, Materials, Health Care, Industrials",Google/PCA top-5,25,0.04639417332151485
2022-01-01,-0.051724084714851834,0.4,"Technology, Utilities, Consumer Discretionary, Consumer Staples, Health Care",Google/PCA top-5,25,-0.052724084714851835
2022-02-01,-0.008500797517597247,0.2,"Technology, Consumer Discretionary, Consumer Staples, Health Care, Energy",Google/PCA top-5,25,-0.009000797517597248
2022-03-01,0.0432888920334936,0.4,"Materials, Technology, Consumer Discretionary, Health Care, Industrials",Google/PCA top-5,25,0.0422888920334936
2022-04-01,-0.06820598562778066,0.2,"Utilities, Materials, Technology, Health Care, Consumer Discretionary",Google/PCA top-5,25,-0.06870598562778066
2022-05-01,0.044643797181528576,0.2,"Utilities, Materials, Technology, Energy, Health Care",Google/PCA top-5,25,0.044143797181528575
2022-06-01,-0.10120090574225626,0.0,"Health Care, Energy, Utilities, Technology, Materials",Google/PCA top-5,25,-0.10120090574225626
2022-07-01,0.10664610579258116,0.2,"Technology, Health Care, Consumer Discretionary, Energy, Utilities",Google/PCA top-5,25,0.10614610579258116
2022-08-01,-0.02659767384926639,0.0,"Energy, Technology, Health Care, Utilities, Consumer Discretionary",Google/PCA top-5,25,-0.02659767384926639
2022-09-01,-0.08770991519049813,0.2,"Health Care, Technology, Energy, Consumer Discretionary, Materials",Google/PCA top-5,25,-0.08820991519049813
2022-10-01,0.1424925982605128,0.4,"Health Care, Energy, Technology, Financials, Industrials",Google/PCA top-5,25,0.1414925982605128
2022-11-01,0.06177639055153712,0.2,"Health Care, Materials, Financials, Technology, Energy",Google/PCA top-5,25,0.06127639055153712
2022-12-01,-0.048104634864202064,0.2,"Financials, Health Care, Technology, Energy, Industrials",Google/PCA top-5,25,-0.048604634864202065
2023-01-01,0.0697867431741666,0.2,"Financials, Materials, Technology, Energy, Industrials",Google/PCA top-5,25,0.0692867431741666
2023-02-01,-0.016412260645639186,0.2,"Technology, Financials, Materials, Industrials, Consumer Discretionary",Google/PCA top-5,25,-0.016912260645639186
2023-03-01,0.03901863486087627,0.4,"Technology, Consumer Discretionary, Industrials, Health Care, Utilities",Google/PCA top-5,25,0.03801863486087627
2023-04-01,0.011828780205205369,0.2,"Technology, Health Care, Consumer Discretionary, Industrials, Energy",Google/PCA top-5,25,0.011328780205205368
2023-05-01,-0.003673010606801741,0.2,"Technology, Consumer Discretionary, Health Care, Industrials, Utilities",Google/PCA top-5,25,-0.00417301060680174
2023-06-01,0.07691929983575667,0.2,"Technology, Consumer Discretionary, Industrials, Health Care, Energy",Google/PCA top-5,25,0.07641929983575667
2023-07-01,0.04642598458747447,0.2,"Technology, Consumer Discretionary, Industrials, Energy, Communication Services",Google/PCA top-5,25,0.04592598458747447
2023-08-01,-0.010260842327752973,0.0,"Technology, Consumer Discretionary, Energy, Industrials, Communication Services",Google/PCA top-5,25,-0.010260842327752973
2023-09-01,-0.04021795083878514,0.4,"Materials, Financials, Energy, Technology, Industrials",Google/PCA top-5,25,-0.04121795083878514
2023-10-01,-0.02417516734897147,0.0,"Technology, Materials, Energy, Financials, Industrials",Google/PCA top-5,25,-0.02417516734897147
2023-11-01,0.10287844283659923,0.4,"Technology, Financials, Consumer Discretionary, Communication Services, Industrials",Google/PCA top-5,25,0.10187844283659923
2023-12-01,0.05051293325474706,0.0,"Technology, Consumer Discretionary, Communication Services, Industrials, Financials",Google/PCA top-5,25,0.05051293325474706
2024-01-01,0.012690908995450823,0.2,"Technology, Communication Services, Consumer Discretionary, Industrials, Health Care",Google/PCA top-5,25,0.012190908995450823
2024-02-01,0.05506034726727638,0.0,"Technology, Consumer Discretionary, Communication Services, Industrials, Health Care",Google/PCA top-5,25,0.05506034726727638
2024-03-01,0.026851691798567123,0.2,"Technology, Communication Services, Industrials, Consumer Discretionary, Materials",Google/PCA top-5,25,0.026351691798567122
2024-04-01,-0.04352166999590408,0.0,"Technology, Communication Services, Consumer Discretionary, Industrials, Materials",Google/PCA top-5,25,-0.04352166999590408
2024-05-01,0.03824286716955139,0.0,"Technology, Communication Services, Industrials, Consumer Discretionary, Materials",Google/PCA top-5,25,0.03824286716955139
2024-06-01,0.018674573707059806,0.0,"Communication Services, Technology, Consumer Discretionary, Industrials, Materials",Google/PCA top-5,25,0.018674573707059806
2024-07-01,0.024954856076559718,0.4,"Technology, Financials, Communication Services, Industrials, Energy",Google/PCA top-5,25,0.023954856076559717
2024-08-01,0.016678660798285127,0.2,"Technology, Energy, Materials, Industrials, Financials",Google/PCA top-5,25,0.016178660798285126
2024-09-01,0.020656805330250362,0.2,"Financials, Technology, Materials, Industrials, Communication Services",Google/PCA top-5,25,0.02015680533025036
2024-10-01,0.00026935953971392036,0.0,"Financials, Technology, Communication Services, Materials, Industrials",Google/PCA top-5,25,0.00026935953971392036
2024-11-01,0.08606728264787163,0.2,"Financials, Technology, Communication Services, Consumer Discretionary, Industrials",Google/PCA top-5,25,0.08556728264787163
2024-12-01,-0.031135769884357022,0.0,"Technology, Communication Services, Financials, Consumer Discretionary, Industrials",Google/PCA top-5,25,-0.031135769884357022
2025-01-01,0.04323695097836644,0.0,"Technology, Financials, Communication Services, Consumer Discretionary, Industrials",Google/PCA top-5,25,0.04323695097836644
2025-02-01,-0.019442702227217425,0.0,"Technology, Communication Services, Financials, Consumer Discretionary, Industrials",Google/PCA top-5,25,-0.019442702227217425
2025-03-01,-0.045788129474173656,0.4,"Technology, Communication Services, Energy, Consumer Discretionary, Materials",Google/PCA top-5,25,-0.046788129474173656
2025-04-01,-0.025374239931859964,0.2,"Technology, Industrials, Consumer Discretionary, Energy, Materials",Google/PCA top-5,25,-0.025874239931859964
2025-05-01,0.07590907764974526,0.4,"Technology, Financials, Industrials, Consumer Discretionary, Communication Services",Google/PCA top-5,25,0.07490907764974526
2025-06-01,0.048812895103835754,0.0,"Financials, Technology, Industrials, Communication Services, Consumer Discretionary",Google/PCA top-5,25,0.048812895103835754
2025-07-01,0.026793854909893965,0.2,"Financials, Technology, Industrials, Consumer Discretionary, Energy",Google/PCA top-5,25,0.026293854909893964
2025-08-01,0.025650936164355053,0.2,"Financials, Technology, Industrials, Consumer Discretionary, Materials",Google/PCA top-5,25,0.025150936164355053
2025-09-01,0.036618257882881575,0.2,"Financials, Technology, Consumer Discretionary, Communication Services, Industrials",Google/PCA top-5,25,0.036118257882881574
2025-10-01,0.01650188639461838,0.2,"Technology, Consumer Discretionary, Industrials, Communication Services, Utilities",Google/PCA top-5,25,0.01600188639461838
2025-11-01,0.007735462931084092,0.2,"Technology, Consumer Discretionary, Health Care, Industrials, Utilities",Google/PCA top-5,25,0.007235462931084092
2025-12-01,0.00902116287023993,0.4,"Communication Services, Technology, Consumer Discretionary, Financials, Health Care",Google/PCA top-5,25,0.00802116287023993
2026-01-01,0.040644002659422404,0.4,"Technology, Communication Services, Industrials, Materials, Consumer Discretionary",Google/PCA top-5,25,0.0396440026594224
2026-02-01,0.06362845957219651,0.4,"Technology, Energy, Industrials, Materials, Utilities",Google/PCA top-5,25,0.06262845957219651
2026-03-01,-0.03311386544584538,0.2,"Energy, Technology, Materials, Industrials, Consumer Discretionary",Google/PCA top-5,25,-0.03361386544584538
2026-04-01,0.07739382907379302,0.0,"Technology, Energy, Industrials, Consumer Discretionary, Materials",Google/PCA top-5,25,0.07739382907379302
2021-06-01,-0.01971734601715906,1.0,"Energy, Materials, Financials",Momentum top-3,0,-0.01971734601715906
2021-07-01,-0.006995978880442381,0.6666666666666666,"Technology, Consumer Discretionary, Energy",Momentum top-3,0,-0.006995978880442381
2021-08-01,0.030047405266749132,1.0,"Health Care, Real Estate, Utilities",Momentum top-3,0,0.030047405266749132
2021-09-01,-0.051666697764157256,0.6666666666666666,"Financials, Communication Services, Utilities",Momentum top-3,0,-0.051666697764157256
2021-10-01,0.1055582997721285,0.6666666666666666,"Energy, Financials, Consumer Discretionary",Momentum top-3,0,0.1055582997721285
2021-11-01,0.0035848463045093926,0.3333333333333333,"Consumer Discretionary, Energy, Technology",Momentum top-3,0,0.0035848463045093926
2021-12-01,0.03364377274223259,0.3333333333333333,"Technology, Consumer Discretionary, Materials",Momentum top-3,0,0.03364377274223259
2022-01-01,-0.037142875855565416,1.0,"Consumer Staples, Real Estate, Utilities",Momentum top-3,0,-0.037142875855565416
2022-02-01,0.014260881199254468,0.6666666666666666,"Energy, Financials, Consumer Staples",Momentum top-3,0,0.014260881199254468
2022-03-01,0.05601798977561856,0.6666666666666666,"Energy, Industrials, Health Care",Momentum top-3,0,0.05601798977561856
2022-04-01,-0.024708250015794946,0.6666666666666666,"Utilities, Energy, Real Estate",Momentum top-3,0,-0.024708250015794946
2022-05-01,0.022814482622537564,0.3333333333333333,"Consumer Staples, Energy, Real Estate",Momentum top-3,0,0.022814482622537564
2022-06-01,-0.11659052616158867,0.6666666666666666,"Energy, Utilities, Financials",Momentum top-3,0,-0.11659052616158867
2022-07-01,0.046486475879709145,0.6666666666666666,"Health Care, Consumer Staples, Utilities",Momentum top-3,0,0.046486475879709145
2022-08-01,-0.026852666841955714,1.0,"Consumer Discretionary, Technology, Energy",Momentum top-3,0,-0.026852666841955714
2022-09-01,-0.10379528493696939,0.6666666666666666,"Energy, Utilities, Consumer Staples",Momentum top-3,0,-0.10379528493696939
2022-10-01,0.07960423214283008,1.0,"Health Care, Financials, Consumer Discretionary",Momentum top-3,0,0.07960423214283008
2022-11-01,0.05315359717034459,0.6666666666666666,"Energy, Industrials, Financials",Momentum top-3,0,0.05315359717034459
2022-12-01,-0.036264958093619626,0.6666666666666666,"Materials, Industrials, Utilities",Momentum top-3,0,-0.036264958093619626
2023-01-01,-0.010013060017569889,0.6666666666666666,"Utilities, Health Care, Consumer Staples",Momentum top-3,0,-0.010013060017569889
2023-02-01,-0.03619052198995506,1.0,"Consumer Discretionary, Communication Services, Real Estate",Momentum top-3,0,-0.03619052198995506
2023-03-01,0.04523369599262569,0.6666666666666666,"Technology, Industrials, Consumer Discretionary",Momentum top-3,0,0.04523369599262569
2023-04-01,0.02123338103153956,0.6666666666666666,"Technology, Communication Services, Utilities",Momentum top-3,0,0.02123338103153956
2023-05-01,-0.06814051584271463,1.0,"Consumer Staples, Energy, Financials",Momentum top-3,0,-0.06814051584271463
2023-06-01,0.0746632789393092,1.0,"Technology, Communication Services, Consumer Discretionary",Momentum top-3,0,0.0746632789393092
2023-07-01,0.032555352347145794,0.6666666666666666,"Consumer Discretionary, Industrials, Materials",Momentum top-3,0,0.032555352347145794
2023-08-01,-0.00861257194838235,1.0,"Energy, Communication Services, Financials",Momentum top-3,0,-0.00861257194838235
2023-09-01,-0.027933640240133967,0.6666666666666666,"Energy, Health Care, Technology",Momentum top-3,0,-0.027933640240133967
2023-10-01,-0.029910192231863603,0.3333333333333333,"Energy, Communication Services, Health Care",Momentum top-3,0,-0.029910192231863603
2023-11-01,0.07388318363918282,1.0,"Utilities, Technology, Consumer Staples",Momentum top-3,0,0.07388318363918282
2023-12-01,0.05832449395014624,0.6666666666666666,"Technology, Real Estate, Consumer Discretionary",Momentum top-3,0,0.05832449395014624
2024-01-01,-0.0282332944198523,0.3333333333333333,"Real Estate, Industrials, Consumer Discretionary",Momentum top-3,0,-0.0282332944198523
2024-02-01,0.03941800079732194,1.0,"Communication Services, Financials, Health Care",Momentum top-3,0,0.03941800079732194
2024-03-01,0.03301471314317147,1.0,"Consumer Discretionary, Industrials, Materials",Momentum top-3,0,0.03301471314317147
2024-04-01,-0.006284327728939128,0.6666666666666666,"Energy, Materials, Utilities",Momentum top-3,0,-0.006284327728939128
2024-05-01,0.03685018073371904,0.3333333333333333,"Utilities, Energy, Consumer Staples",Momentum top-3,0,0.03685018073371904
2024-06-01,0.014103116502203195,0.6666666666666666,"Utilities, Technology, Communication Services",Momentum top-3,0,0.014103116502203195
2024-07-01,0.0010456258926684336,0.3333333333333333,"Technology, Consumer Discretionary, Communication Services",Momentum top-3,0,0.0010456258926684336
2024-08-01,0.05036792362870868,1.0,"Real Estate, Utilities, Financials",Momentum top-3,0,0.05036792362870868
2024-09-01,0.003809046671543359,0.6666666666666666,"Consumer Staples, Real Estate, Health Care",Momentum top-3,0,0.003809046671543359
2024-10-01,0.0006083142565233013,1.0,"Consumer Discretionary, Utilities, Communication Services",Momentum top-3,0,0.0006083142565233013
2024-11-01,0.08399988993294934,0.6666666666666666,"Financials, Communication Services, Energy",Momentum top-3,0,0.08399988993294934
2024-12-01,-0.0509083041087001,0.3333333333333333,"Consumer Discretionary, Financials, Energy",Momentum top-3,0,-0.0509083041087001
2025-01-01,0.030458078484457658,0.6666666666666666,"Consumer Discretionary, Technology, Communication Services",Momentum top-3,0,0.030458078484457658
2025-02-01,0.009160835089128646,1.0,"Health Care, Financials, Materials",Momentum top-3,0,0.009160835089128646
2025-03-01,-0.006725286224219307,1.0,"Consumer Staples, Real Estate, Energy",Momentum top-3,0,-0.006725286224219307
2025-04-01,-0.03895189745486568,0.3333333333333333,"Energy, Utilities, Consumer Staples",Momentum top-3,0,-0.03895189745486568
2025-05-01,0.05007507754736892,0.3333333333333333,"Technology, Utilities, Consumer Staples",Momentum top-3,0,0.05007507754736892
2025-06-01,0.04869343029453469,0.6666666666666666,"Technology, Industrials, Consumer Discretionary",Momentum top-3,0,0.04869343029453469
2025-07-01,0.02267342440015489,0.6666666666666666,"Technology, Communication Services, Energy",Momentum top-3,0,0.02267342440015489
2025-08-01,0.0065339410124060455,0.3333333333333333,"Utilities, Technology, Energy",Momentum top-3,0,0.0065339410124060455
2025-09-01,0.005975219235397122,1.0,"Health Care, Materials, Consumer Discretionary",Momentum top-3,0,0.005975219235397122
2025-10-01,0.023332694529611658,1.0,"Technology, Communication Services, Utilities",Momentum top-3,0,0.023332694529611658
2025-11-01,0.020658356820593287,0.3333333333333333,"Technology, Health Care, Utilities",Momentum top-3,0,0.020658356820593287
2025-12-01,-0.00827644222595958,0.6666666666666666,"Health Care, Materials, Consumer Staples",Momentum top-3,0,-0.00827644222595958
2026-01-01,0.031507904457311074,0.6666666666666666,"Financials, Communication Services, Materials",Momentum top-3,0,0.031507904457311074
2026-02-01,0.08575279669400304,0.6666666666666666,"Energy, Materials, Consumer Staples",Momentum top-3,0,0.08575279669400304
2026-03-01,-0.0024879659389367426,0.3333333333333333,"Utilities, Energy, Materials",Momentum top-3,0,-0.0024879659389367426
2026-04-01,0.023156673881572536,0.3333333333333333,"Energy, Utilities, Financials",Momentum top-3,0,0.023156673881572536
2021-06-01,-0.01971734601715906,1.0,"Energy, Materials, Financials",Momentum top-3,5,-0.02021734601715906
2021-07-01,-0.006995978880442381,0.6666666666666666,"Technology, Consumer Discretionary, Energy",Momentum top-3,5,-0.007329312213775714
2021-08-01,0.030047405266749132,1.0,"Health Care, Real Estate, Utilities",Momentum top-3,5,0.029547405266749132
2021-09-01,-0.051666697764157256,0.6666666666666666,"Financials, Communication Services, Utilities",Momentum top-3,5,-0.05200003109749059
2021-10-01,0.1055582997721285,0.6666666666666666,"Energy, Financials, Consumer Discretionary",Momentum top-3,5,0.10522496643879516
2021-11-01,0.0035848463045093926,0.3333333333333333,"Consumer Discretionary, Energy, Technology",Momentum top-3,5,0.003418179637842726
2021-12-01,0.03364377274223259,0.3333333333333333,"Technology, Consumer Discretionary, Materials",Momentum top-3,5,0.03347710607556592
2022-01-01,-0.037142875855565416,1.0,"Consumer Staples, Real Estate, Utilities",Momentum top-3,5,-0.037642875855565416
2022-02-01,0.014260881199254468,0.6666666666666666,"Energy, Financials, Consumer Staples",Momentum top-3,5,0.013927547865921135
2022-03-01,0.05601798977561856,0.6666666666666666,"Energy, Industrials, Health Care",Momentum top-3,5,0.05568465644228523
2022-04-01,-0.024708250015794946,0.6666666666666666,"Utilities, Energy, Real Estate",Momentum top-3,5,-0.02504158334912828
2022-05-01,0.022814482622537564,0.3333333333333333,"Consumer Staples, Energy, Real Estate",Momentum top-3,5,0.022647815955870898
2022-06-01,-0.11659052616158867,0.6666666666666666,"Energy, Utilities, Financials",Momentum top-3,5,-0.11692385949492201
2022-07-01,0.046486475879709145,0.6666666666666666,"Health Care, Consumer Staples, Utilities",Momentum top-3,5,0.046153142546375814
2022-08-01,-0.026852666841955714,1.0,"Consumer Discretionary, Technology, Energy",Momentum top-3,5,-0.027352666841955715
2022-09-01,-0.10379528493696939,0.6666666666666666,"Energy, Utilities, Consumer Staples",Momentum top-3,5,-0.10412861827030273
2022-10-01,0.07960423214283008,1.0,"Health Care, Financials, Consumer Discretionary",Momentum top-3,5,0.07910423214283008
2022-11-01,0.05315359717034459,0.6666666666666666,"Energy, Industrials, Financials",Momentum top-3,5,0.05282026383701126
2022-12-01,-0.036264958093619626,0.6666666666666666,"Materials, Industrials, Utilities",Momentum top-3,5,-0.03659829142695296
2023-01-01,-0.010013060017569889,0.6666666666666666,"Utilities, Health Care, Consumer Staples",Momentum top-3,5,-0.010346393350903222
2023-02-01,-0.03619052198995506,1.0,"Consumer Discretionary, Communication Services, Real Estate",Momentum top-3,5,-0.03669052198995506
2023-03-01,0.04523369599262569,0.6666666666666666,"Technology, Industrials, Consumer Discretionary",Momentum top-3,5,0.044900362659292356
2023-04-01,0.02123338103153956,0.6666666666666666,"Technology, Communication Services, Utilities",Momentum top-3,5,0.020900047698206227
2023-05-01,-0.06814051584271463,1.0,"Consumer Staples, Energy, Financials",Momentum top-3,5,-0.06864051584271463
2023-06-01,0.0746632789393092,1.0,"Technology, Communication Services, Consumer Discretionary",Momentum top-3,5,0.0741632789393092
2023-07-01,0.032555352347145794,0.6666666666666666,"Consumer Discretionary, Industrials, Materials",Momentum top-3,5,0.03222201901381246
2023-08-01,-0.00861257194838235,1.0,"Energy, Communication Services, Financials",Momentum top-3,5,-0.00911257194838235
2023-09-01,-0.027933640240133967,0.6666666666666666,"Energy, Health Care, Technology",Momentum top-3,5,-0.028266973573467302
2023-10-01,-0.029910192231863603,0.3333333333333333,"Energy, Communication Services, Health Care",Momentum top-3,5,-0.03007685889853027
2023-11-01,0.07388318363918282,1.0,"Utilities, Technology, Consumer Staples",Momentum top-3,5,0.07338318363918282
2023-12-01,0.05832449395014624,0.6666666666666666,"Technology, Real Estate, Consumer Discretionary",Momentum top-3,5,0.057991160616812906
2024-01-01,-0.0282332944198523,0.3333333333333333,"Real Estate, Industrials, Consumer Discretionary",Momentum top-3,5,-0.028399961086518967
2024-02-01,0.03941800079732194,1.0,"Communication Services, Financials, Health Care",Momentum top-3,5,0.03891800079732194
2024-03-01,0.03301471314317147,1.0,"Consumer Discretionary, Industrials, Materials",Momentum top-3,5,0.03251471314317147
2024-04-01,-0.006284327728939128,0.6666666666666666,"Energy, Materials, Utilities",Momentum top-3,5,-0.006617661062272461
2024-05-01,0.03685018073371904,0.3333333333333333,"Utilities, Energy, Consumer Staples",Momentum top-3,5,0.03668351406705237
2024-06-01,0.014103116502203195,0.6666666666666666,"Utilities, Technology, Communication Services",Momentum top-3,5,0.013769783168869862
2024-07-01,0.0010456258926684336,0.3333333333333333,"Technology, Consumer Discretionary, Communication Services",Momentum top-3,5,0.000878959226001767
2024-08-01,0.05036792362870868,1.0,"Real Estate, Utilities, Financials",Momentum top-3,5,0.04986792362870868
2024-09-01,0.003809046671543359,0.6666666666666666,"Consumer Staples, Real Estate, Health Care",Momentum top-3,5,0.0034757133382100256
2024-10-01,0.0006083142565233013,1.0,"Consumer Discretionary, Utilities, Communication Services",Momentum top-3,5,0.00010831425652330128
2024-11-01,0.08399988993294934,0.6666666666666666,"Financials, Communication Services, Energy",Momentum top-3,5,0.083666556599616
2024-12-01,-0.0509083041087001,0.3333333333333333,"Consumer Discretionary, Financials, Energy",Momentum top-3,5,-0.05107497077536677
2025-01-01,0.030458078484457658,0.6666666666666666,"Consumer Discretionary, Technology, Communication Services",Momentum top-3,5,0.030124745151124323
2025-02-01,0.009160835089128646,1.0,"Health Care, Financials, Materials",Momentum top-3,5,0.008660835089128646
2025-03-01,-0.006725286224219307,1.0,"Consumer Staples, Real Estate, Energy",Momentum top-3,5,-0.007225286224219307
2025-04-01,-0.03895189745486568,0.3333333333333333,"Energy, Utilities, Consumer Staples",Momentum top-3,5,-0.03911856412153235
2025-05-01,0.05007507754736892,0.3333333333333333,"Technology, Utilities, Consumer Staples",Momentum top-3,5,0.04990841088070225
2025-06-01,0.04869343029453469,0.6666666666666666,"Technology, Industrials, Consumer Discretionary",Momentum top-3,5,0.04836009696120136
2025-07-01,0.02267342440015489,0.6666666666666666,"Technology, Communication Services, Energy",Momentum top-3,5,0.022340091066821555
2025-08-01,0.0065339410124060455,0.3333333333333333,"Utilities, Technology, Energy",Momentum top-3,5,0.006367274345739379
2025-09-01,0.005975219235397122,1.0,"Health Care, Materials, Consumer Discretionary",Momentum top-3,5,0.005475219235397122
2025-10-01,0.023332694529611658,1.0,"Technology, Communication Services, Utilities",Momentum top-3,5,0.022832694529611657
2025-11-01,0.020658356820593287,0.3333333333333333,"Technology, Health Care, Utilities",Momentum top-3,5,0.02049169015392662
2025-12-01,-0.00827644222595958,0.6666666666666666,"Health Care, Materials, Consumer Staples",Momentum top-3,5,-0.008609775559292912
2026-01-01,0.031507904457311074,0.6666666666666666,"Financials, Communication Services, Materials",Momentum top-3,5,0.03117457112397774
2026-02-01,0.08575279669400304,0.6666666666666666,"Energy, Materials, Consumer Staples",Momentum top-3,5,0.0854194633606697
2026-03-01,-0.0024879659389367426,0.3333333333333333,"Utilities, Energy, Materials",Momentum top-3,5,-0.002654632605603409
2026-04-01,0.023156673881572536,0.3333333333333333,"Energy, Utilities, Financials",Momentum top-3,5,0.02299000721490587
2021-06-01,-0.01971734601715906,1.0,"Energy, Materials, Financials",Momentum top-3,10,-0.02071734601715906
2021-07-01,-0.006995978880442381,0.6666666666666666,"Technology, Consumer Discretionary, Energy",Momentum top-3,10,-0.007662645547109048
2021-08-01,0.030047405266749132,1.0,"Health Care, Real Estate, Utilities",Momentum top-3,10,0.02904740526674913
2021-09-01,-0.051666697764157256,0.6666666666666666,"Financials, Communication Services, Utilities",Momentum top-3,10,-0.052333364430823925
2021-10-01,0.1055582997721285,0.6666666666666666,"Energy, Financials, Consumer Discretionary",Momentum top-3,10,0.10489163310546183
2021-11-01,0.0035848463045093926,0.3333333333333333,"Consumer Discretionary, Energy, Technology",Momentum top-3,10,0.003251512971176059
2021-12-01,0.03364377274223259,0.3333333333333333,"Technology, Consumer Discretionary, Materials",Momentum top-3,10,0.03331043940889926
2022-01-01,-0.037142875855565416,1.0,"Consumer Staples, Real Estate, Utilities",Momentum top-3,10,-0.03814287585556542
2022-02-01,0.014260881199254468,0.6666666666666666,"Energy, Financials, Consumer Staples",Momentum top-3,10,0.013594214532587802
2022-03-01,0.05601798977561856,0.6666666666666666,"Energy, Industrials, Health Care",Momentum top-3,10,0.05535132310895189
2022-04-01,-0.024708250015794946,0.6666666666666666,"Utilities, Energy, Real Estate",Momentum top-3,10,-0.025374916682461612
2022-05-01,0.022814482622537564,0.3333333333333333,"Consumer Staples, Energy, Real Estate",Momentum top-3,10,0.02248114928920423
2022-06-01,-0.11659052616158867,0.6666666666666666,"Energy, Utilities, Financials",Momentum top-3,10,-0.11725719282825534
2022-07-01,0.046486475879709145,0.6666666666666666,"Health Care, Consumer Staples, Utilities",Momentum top-3,10,0.045819809213042476
2022-08-01,-0.026852666841955714,1.0,"Consumer Discretionary, Technology, Energy",Momentum top-3,10,-0.027852666841955715
2022-09-01,-0.10379528493696939,0.6666666666666666,"Energy, Utilities, Consumer Staples",Momentum top-3,10,-0.10446195160363606
2022-10-01,0.07960423214283008,1.0,"Health Care, Financials, Consumer Discretionary",Momentum top-3,10,0.07860423214283008
2022-11-01,0.05315359717034459,0.6666666666666666,"Energy, Industrials, Financials",Momentum top-3,10,0.05248693050367792
2022-12-01,-0.036264958093619626,0.6666666666666666,"Materials, Industrials, Utilities",Momentum top-3,10,-0.036931624760286295
2023-01-01,-0.010013060017569889,0.6666666666666666,"Utilities, Health Care, Consumer Staples",Momentum top-3,10,-0.010679726684236555
2023-02-01,-0.03619052198995506,1.0,"Consumer Discretionary, Communication Services, Real Estate",Momentum top-3,10,-0.03719052198995506
2023-03-01,0.04523369599262569,0.6666666666666666,"Technology, Industrials, Consumer Discretionary",Momentum top-3,10,0.04456702932595902
2023-04-01,0.02123338103153956,0.6666666666666666,"Technology, Communication Services, Utilities",Momentum top-3,10,0.020566714364872896
2023-05-01,-0.06814051584271463,1.0,"Consumer Staples, Energy, Financials",Momentum top-3,10,-0.06914051584271463
2023-06-01,0.0746632789393092,1.0,"Technology, Communication Services, Consumer Discretionary",Momentum top-3,10,0.0736632789393092
2023-07-01,0.032555352347145794,0.6666666666666666,"Consumer Discretionary, Industrials, Materials",Momentum top-3,10,0.031888685680479124
2023-08-01,-0.00861257194838235,1.0,"Energy, Communication Services, Financials",Momentum top-3,10,-0.009612571948382349
2023-09-01,-0.027933640240133967,0.6666666666666666,"Energy, Health Care, Technology",Momentum top-3,10,-0.028600306906800634
2023-10-01,-0.029910192231863603,0.3333333333333333,"Energy, Communication Services, Health Care",Momentum top-3,10,-0.030243525565196938
2023-11-01,0.07388318363918282,1.0,"Utilities, Technology, Consumer Staples",Momentum top-3,10,0.07288318363918282
2023-12-01,0.05832449395014624,0.6666666666666666,"Technology, Real Estate, Consumer Discretionary",Momentum top-3,10,0.05765782728347957
2024-01-01,-0.0282332944198523,0.3333333333333333,"Real Estate, Industrials, Consumer Discretionary",Momentum top-3,10,-0.028566627753185636
2024-02-01,0.03941800079732194,1.0,"Communication Services, Financials, Health Care",Momentum top-3,10,0.03841800079732194
2024-03-01,0.03301471314317147,1.0,"Consumer Discretionary, Industrials, Materials",Momentum top-3,10,0.03201471314317147
2024-04-01,-0.006284327728939128,0.6666666666666666,"Energy, Materials, Utilities",Momentum top-3,10,-0.006950994395605795
2024-05-01,0.03685018073371904,0.3333333333333333,"Utilities, Energy, Consumer Staples",Momentum top-3,10,0.03651684740038571
2024-06-01,0.014103116502203195,0.6666666666666666,"Utilities, Technology, Communication Services",Momentum top-3,10,0.013436449835536528
2024-07-01,0.0010456258926684336,0.3333333333333333,"Technology, Consumer Discretionary, Communication Services",Momentum top-3,10,0.0007122925593351004
2024-08-01,0.05036792362870868,1.0,"Real Estate, Utilities, Financials",Momentum top-3,10,0.049367923628708676
2024-09-01,0.003809046671543359,0.6666666666666666,"Consumer Staples, Real Estate, Health Care",Momentum top-3,10,0.0031423800048766925
2024-10-01,0.0006083142565233013,1.0,"Consumer Discretionary, Utilities, Communication Services",Momentum top-3,10,-0.00039168574347669873
2024-11-01,0.08399988993294934,0.6666666666666666,"Financials, Communication Services, Energy",Momentum top-3,10,0.08333322326628267
2024-12-01,-0.0509083041087001,0.3333333333333333,"Consumer Discretionary, Financials, Energy",Momentum top-3,10,-0.05124163744203343
2025-01-01,0.030458078484457658,0.6666666666666666,"Consumer Discretionary, Technology, Communication Services",Momentum top-3,10,0.02979141181779099
2025-02-01,0.009160835089128646,1.0,"Health Care, Financials, Materials",Momentum top-3,10,0.008160835089128647
2025-03-01,-0.006725286224219307,1.0,"Consumer Staples, Real Estate, Energy",Momentum top-3,10,-0.007725286224219307
2025-04-01,-0.03895189745486568,0.3333333333333333,"Energy, Utilities, Consumer Staples",Momentum top-3,10,-0.03928523078819901
2025-05-01,0.05007507754736892,0.3333333333333333,"Technology, Utilities, Consumer Staples",Momentum top-3,10,0.049741744214035585
2025-06-01,0.04869343029453469,0.6666666666666666,"Technology, Industrials, Consumer Discretionary",Momentum top-3,10,0.04802676362786802
2025-07-01,0.02267342440015489,0.6666666666666666,"Technology, Communication Services, Energy",Momentum top-3,10,0.022006757733488223
2025-08-01,0.0065339410124060455,0.3333333333333333,"Utilities, Technology, Energy",Momentum top-3,10,0.0062006076790727125
2025-09-01,0.005975219235397122,1.0,"Health Care, Materials, Consumer Discretionary",Momentum top-3,10,0.004975219235397122
2025-10-01,0.023332694529611658,1.0,"Technology, Communication Services, Utilities",Momentum top-3,10,0.022332694529611657
2025-11-01,0.020658356820593287,0.3333333333333333,"Technology, Health Care, Utilities",Momentum top-3,10,0.020325023487259952
2025-12-01,-0.00827644222595958,0.6666666666666666,"Health Care, Materials, Consumer Staples",Momentum top-3,10,-0.008943108892626245
2026-01-01,0.031507904457311074,0.6666666666666666,"Financials, Communication Services, Materials",Momentum top-3,10,0.030841237790644408
2026-02-01,0.08575279669400304,0.6666666666666666,"Energy, Materials, Consumer Staples",Momentum top-3,10,0.08508613002733638
2026-03-01,-0.0024879659389367426,0.3333333333333333,"Utilities, Energy, Materials",Momentum top-3,10,-0.002821299272270076
2026-04-01,0.023156673881572536,0.3333333333333333,"Energy, Utilities, Financials",Momentum top-3,10,0.0228233405482392
2021-06-01,-0.01971734601715906,1.0,"Energy, Materials, Financials",Momentum top-3,25,-0.022217346017159058
2021-07-01,-0.006995978880442381,0.6666666666666666,"Technology, Consumer Discretionary, Energy",Momentum top-3,25,-0.008662645547109047
2021-08-01,0.030047405266749132,1.0,"Health Care, Real Estate, Utilities",Momentum top-3,25,0.027547405266749134
2021-09-01,-0.051666697764157256,0.6666666666666666,"Financials, Communication Services, Utilities",Momentum top-3,25,-0.05333336443082392
2021-10-01,0.1055582997721285,0.6666666666666666,"Energy, Financials, Consumer Discretionary",Momentum top-3,25,0.10389163310546183
2021-11-01,0.0035848463045093926,0.3333333333333333,"Consumer Discretionary, Energy, Technology",Momentum top-3,25,0.002751512971176059
2021-12-01,0.03364377274223259,0.3333333333333333,"Technology, Consumer Discretionary, Materials",Momentum top-3,25,0.03281043940889926
2022-01-01,-0.037142875855565416,1.0,"Consumer Staples, Real Estate, Utilities",Momentum top-3,25,-0.03964287585556542
2022-02-01,0.014260881199254468,0.6666666666666666,"Energy, Financials, Consumer Staples",Momentum top-3,25,0.012594214532587801
2022-03-01,0.05601798977561856,0.6666666666666666,"Energy, Industrials, Health Care",Momentum top-3,25,0.054351323108951896
2022-04-01,-0.024708250015794946,0.6666666666666666,"Utilities, Energy, Real Estate",Momentum top-3,25,-0.026374916682461613
2022-05-01,0.022814482622537564,0.3333333333333333,"Consumer Staples, Energy, Real Estate",Momentum top-3,25,0.021981149289204232
2022-06-01,-0.11659052616158867,0.6666666666666666,"Energy, Utilities, Financials",Momentum top-3,25,-0.11825719282825534
2022-07-01,0.046486475879709145,0.6666666666666666,"Health Care, Consumer Staples, Utilities",Momentum top-3,25,0.04481980921304248
2022-08-01,-0.026852666841955714,1.0,"Consumer Discretionary, Technology, Energy",Momentum top-3,25,-0.029352666841955713
2022-09-01,-0.10379528493696939,0.6666666666666666,"Energy, Utilities, Consumer Staples",Momentum top-3,25,-0.10546195160363606
2022-10-01,0.07960423214283008,1.0,"Health Care, Financials, Consumer Discretionary",Momentum top-3,25,0.07710423214283008
2022-11-01,0.05315359717034459,0.6666666666666666,"Energy, Industrials, Financials",Momentum top-3,25,0.051486930503677926
2022-12-01,-0.036264958093619626,0.6666666666666666,"Materials, Industrials, Utilities",Momentum top-3,25,-0.03793162476028629
2023-01-01,-0.010013060017569889,0.6666666666666666,"Utilities, Health Care, Consumer Staples",Momentum top-3,25,-0.011679726684236556
2023-02-01,-0.03619052198995506,1.0,"Consumer Discretionary, Communication Services, Real Estate",Momentum top-3,25,-0.03869052198995506
2023-03-01,0.04523369599262569,0.6666666666666666,"Technology, Industrials, Consumer Discretionary",Momentum top-3,25,0.043567029325959024
2023-04-01,0.02123338103153956,0.6666666666666666,"Technology, Communication Services, Utilities",Momentum top-3,25,0.019566714364872895
2023-05-01,-0.06814051584271463,1.0,"Consumer Staples, Energy, Financials",Momentum top-3,25,-0.07064051584271464
2023-06-01,0.0746632789393092,1.0,"Technology, Communication Services, Consumer Discretionary",Momentum top-3,25,0.0721632789393092
2023-07-01,0.032555352347145794,0.6666666666666666,"Consumer Discretionary, Industrials, Materials",Momentum top-3,25,0.030888685680479127
2023-08-01,-0.00861257194838235,1.0,"Energy, Communication Services, Financials",Momentum top-3,25,-0.01111257194838235
2023-09-01,-0.027933640240133967,0.6666666666666666,"Energy, Health Care, Technology",Momentum top-3,25,-0.029600306906800634
2023-10-01,-0.029910192231863603,0.3333333333333333,"Energy, Communication Services, Health Care",Momentum top-3,25,-0.030743525565196935
2023-11-01,0.07388318363918282,1.0,"Utilities, Technology, Consumer Staples",Momentum top-3,25,0.07138318363918282
2023-12-01,0.05832449395014624,0.6666666666666666,"Technology, Real Estate, Consumer Discretionary",Momentum top-3,25,0.056657827283479574
2024-01-01,-0.0282332944198523,0.3333333333333333,"Real Estate, Industrials, Consumer Discretionary",Momentum top-3,25,-0.029066627753185633
2024-02-01,0.03941800079732194,1.0,"Communication Services, Financials, Health Care",Momentum top-3,25,0.03691800079732194
2024-03-01,0.03301471314317147,1.0,"Consumer Discretionary, Industrials, Materials",Momentum top-3,25,0.03051471314317147
2024-04-01,-0.006284327728939128,0.6666666666666666,"Energy, Materials, Utilities",Momentum top-3,25,-0.007950994395605794
2024-05-01,0.03685018073371904,0.3333333333333333,"Utilities, Energy, Consumer Staples",Momentum top-3,25,0.03601684740038571
2024-06-01,0.014103116502203195,0.6666666666666666,"Utilities, Technology, Communication Services",Momentum top-3,25,0.012436449835536528
2024-07-01,0.0010456258926684336,0.3333333333333333,"Technology, Consumer Discretionary, Communication Services",Momentum top-3,25,0.00021229255933510036
2024-08-01,0.05036792362870868,1.0,"Real Estate, Utilities, Financials",Momentum top-3,25,0.047867923628708675
2024-09-01,0.003809046671543359,0.6666666666666666,"Consumer Staples, Real Estate, Health Care",Momentum top-3,25,0.0021423800048766925
2024-10-01,0.0006083142565233013,1.0,"Consumer Discretionary, Utilities, Communication Services",Momentum top-3,25,-0.0018916857434766988
2024-11-01,0.08399988993294934,0.6666666666666666,"Financials, Communication Services, Energy",Momentum top-3,25,0.08233322326628267
2024-12-01,-0.0509083041087001,0.3333333333333333,"Consumer Discretionary, Financials, Energy",Momentum top-3,25,-0.05174163744203343
2025-01-01,0.030458078484457658,0.6666666666666666,"Consumer Discretionary, Technology, Communication Services",Momentum top-3,25,0.02879141181779099
2025-02-01,0.009160835089128646,1.0,"Health Care, Financials, Materials",Momentum top-3,25,0.006660835089128646
2025-03-01,-0.006725286224219307,1.0,"Consumer Staples, Real Estate, Energy",Momentum top-3,25,-0.009225286224219307
2025-04-01,-0.03895189745486568,0.3333333333333333,"Energy, Utilities, Consumer Staples",Momentum top-3,25,-0.03978523078819901
2025-05-01,0.05007507754736892,0.3333333333333333,"Technology, Utilities, Consumer Staples",Momentum top-3,25,0.049241744214035585
2025-06-01,0.04869343029453469,0.6666666666666666,"Technology, Industrials, Consumer Discretionary",Momentum top-3,25,0.04702676362786803
2025-07-01,0.02267342440015489,0.6666666666666666,"Technology, Communication Services, Energy",Momentum top-3,25,0.021006757733488222
2025-08-01,0.0065339410124060455,0.3333333333333333,"Utilities, Technology, Energy",Momentum top-3,25,0.005700607679072712
2025-09-01,0.005975219235397122,1.0,"Health Care, Materials, Consumer Discretionary",Momentum top-3,25,0.0034752192353971222
2025-10-01,0.023332694529611658,1.0,"Technology, Communication Services, Utilities",Momentum top-3,25,0.02083269452961166
2025-11-01,0.020658356820593287,0.3333333333333333,"Technology, Health Care, Utilities",Momentum top-3,25,0.019825023487259955
2025-12-01,-0.00827644222595958,0.6666666666666666,"Health Care, Materials, Consumer Staples",Momentum top-3,25,-0.009943108892626246
2026-01-01,0.031507904457311074,0.6666666666666666,"Financials, Communication Services, Materials",Momentum top-3,25,0.029841237790644407
2026-02-01,0.08575279669400304,0.6666666666666666,"Energy, Materials, Consumer Staples",Momentum top-3,25,0.08408613002733638
2026-03-01,-0.0024879659389367426,0.3333333333333333,"Utilities, Energy, Materials",Momentum top-3,25,-0.003321299272270076
2026-04-01,0.023156673881572536,0.3333333333333333,"Energy, Utilities, Financials",Momentum top-3,25,0.022323340548239205
